rebalance_date,fund,ticker,weight
2021-12-31,Equity Equal Weight,ABBV,0.02
2021-12-31,Equity Equal Weight,ABT,0.02
2021-12-31,Equity Equal Weight,ADBE,0.02
2021-12-31,Equity Equal Weight,AEP,0.02
2021-12-31,Equity Equal Weight,AMD,0.02
2021-12-31,Equity Equal Weight,AMGN,0.02
2021-12-31,Equity Equal Weight,AMT,0.02
2021-12-31,Equity Equal Weight,BA,0.02
2021-12-31,Equity Equal Weight,CAT,0.02
2021-12-31,Equity Equal Weight,CCI,0.02
2021-12-31,Equity Equal Weight,CMCSA,0.02
2021-12-31,Equity Equal Weight,COP,0.02
2021-12-31,Equity Equal Weight,CVX,0.02
2021-12-31,Equity Equal Weight,D,0.02
2021-12-31,Equity Equal Weight,DD,0.02
2021-12-31,Equity Equal Weight,DIS,0.02
2021-12-31,Equity Equal Weight,DOW,0.02
2021-12-31,Equity Equal Weight,DUK,0.02
2021-12-31,Equity Equal Weight,EA,0.02
2021-12-31,Equity Equal Weight,GE,0.02
2021-12-31,Equity Equal Weight,GILD,0.02
2021-12-31,Equity Equal Weight,GS,0.02
2021-12-31,Equity Equal Weight,INTC,0.02
2021-12-31,Equity Equal Weight,KO,0.02
2021-12-31,Equity Equal Weight,MMM,0.02
2021-12-31,Equity Equal Weight,MRK,0.02
2021-12-31,Equity Equal Weight,MS,0.02
2021-12-31,Equity Equal Weight,NEE,0.02
2021-12-31,Equity Equal Weight,NEM,0.02
2021-12-31,Equity Equal Weight,NKE,0.02
2021-12-31,Equity Equal Weight,NUE,0.02
2021-12-31,Equity Equal Weight,NVDA,0.02
2021-12-31,Equity Equal Weight,O,0.02
2021-12-31,Equity Equal Weight,OXY,0.02
2021-12-31,Equity Equal Weight,PLD,0.02
2021-12-31,Equity Equal Weight,PSA,0.02
2021-12-31,Equity Equal Weight,QCOM,0.02
2021-12-31,Equity Equal Weight,SBUX,0.02
2021-12-31,Equity Equal Weight,SHW,0.02
2021-12-31,Equity Equal Weight,SLB,0.02
2021-12-31,Equity Equal Weight,SO,0.02
2021-12-31,Equity Equal Weight,T,0.02
2021-12-31,Equity Equal Weight,TMUS,0.02
2021-12-31,Equity Equal Weight,TTWO,0.02
2021-12-31,Equity Equal Weight,UPS,0.02
2021-12-31,Equity Equal Weight,USB,0.02
2021-12-31,Equity Equal Weight,V,0.02
2021-12-31,Equity Equal Weight,WFC,0.02
2021-12-31,Equity Equal Weight,WMT,0.02
2021-12-31,Equity Equal Weight,XOM,0.02
2022-02-01,Equity Equal Weight,ABBV,0.02
2022-02-01,Equity Equal Weight,ABT,0.02
2022-02-01,Equity Equal Weight,ADBE,0.02
2022-02-01,Equity Equal Weight,AEP,0.02
2022-02-01,Equity Equal Weight,AMD,0.02
2022-02-01,Equity Equal Weight,AMGN,0.02
2022-02-01,Equity Equal Weight,AMT,0.02
2022-02-01,Equity Equal Weight,BA,0.02
2022-02-01,Equity Equal Weight,CAT,0.02
2022-02-01,Equity Equal Weight,CCI,0.02
2022-02-01,Equity Equal Weight,CMCSA,0.02
2022-02-01,Equity Equal Weight,COP,0.02
2022-02-01,Equity Equal Weight,CVX,0.02
2022-02-01,Equity Equal Weight,D,0.02
2022-02-01,Equity Equal Weight,DD,0.02
2022-02-01,Equity Equal Weight,DIS,0.02
2022-02-01,Equity Equal Weight,DOW,0.02
2022-02-01,Equity Equal Weight,DUK,0.02
2022-02-01,Equity Equal Weight,EA,0.02
2022-02-01,Equity Equal Weight,GE,0.02
2022-02-01,Equity Equal Weight,GILD,0.02
2022-02-01,Equity Equal Weight,GS,0.02
2022-02-01,Equity Equal Weight,INTC,0.02
2022-02-01,Equity Equal Weight,KO,0.02
2022-02-01,Equity Equal Weight,MMM,0.02
2022-02-01,Equity Equal Weight,MRK,0.02
2022-02-01,Equity Equal Weight,MS,0.02
2022-02-01,Equity Equal Weight,NEE,0.02
2022-02-01,Equity Equal Weight,NEM,0.02
2022-02-01,Equity Equal Weight,NKE,0.02
2022-02-01,Equity Equal Weight,NUE,0.02
2022-02-01,Equity Equal Weight,NVDA,0.02
2022-02-01,Equity Equal Weight,O,0.02
2022-02-01,Equity Equal Weight,OXY,0.02
2022-02-01,Equity Equal Weight,PLD,0.02
2022-02-01,Equity Equal Weight,PSA,0.02
2022-02-01,Equity Equal Weight,QCOM,0.02
2022-02-01,Equity Equal Weight,SBUX,0.02
2022-02-01,Equity Equal Weight,SHW,0.02
2022-02-01,Equity Equal Weight,SLB,0.02
2022-02-01,Equity Equal Weight,SO,0.02
2022-02-01,Equity Equal Weight,T,0.02
2022-02-01,Equity Equal Weight,TMUS,0.02
2022-02-01,Equity Equal Weight,TTWO,0.02
2022-02-01,Equity Equal Weight,UPS,0.02
2022-02-01,Equity Equal Weight,USB,0.02
2022-02-01,Equity Equal Weight,V,0.02
2022-02-01,Equity Equal Weight,WFC,0.02
2022-02-01,Equity Equal Weight,WMT,0.02
2022-02-01,Equity Equal Weight,XOM,0.02
2022-03-03,Equity Equal Weight,ABBV,0.02
2022-03-03,Equity Equal Weight,ABT,0.02
2022-03-03,Equity Equal Weight,ADBE,0.02
2022-03-03,Equity Equal Weight,AEP,0.02
2022-03-03,Equity Equal Weight,AMD,0.02
2022-03-03,Equity Equal Weight,AMGN,0.02
2022-03-03,Equity Equal Weight,AMT,0.02
2022-03-03,Equity Equal Weight,BA,0.02
2022-03-03,Equity Equal Weight,CAT,0.02
2022-03-03,Equity Equal Weight,CCI,0.02
2022-03-03,Equity Equal Weight,CMCSA,0.02
2022-03-03,Equity Equal Weight,COP,0.02
2022-03-03,Equity Equal Weight,CVX,0.02
2022-03-03,Equity Equal Weight,D,0.02
2022-03-03,Equity Equal Weight,DD,0.02
2022-03-03,Equity Equal Weight,DIS,0.02
2022-03-03,Equity Equal Weight,DOW,0.02
2022-03-03,Equity Equal Weight,DUK,0.02
2022-03-03,Equity Equal Weight,EA,0.02
2022-03-03,Equity Equal Weight,GE,0.02
2022-03-03,Equity Equal Weight,GILD,0.02
2022-03-03,Equity Equal Weight,GS,0.02
2022-03-03,Equity Equal Weight,INTC,0.02
2022-03-03,Equity Equal Weight,KO,0.02
2022-03-03,Equity Equal Weight,MMM,0.02
2022-03-03,Equity Equal Weight,MRK,0.02
2022-03-03,Equity Equal Weight,MS,0.02
2022-03-03,Equity Equal Weight,NEE,0.02
2022-03-03,Equity Equal Weight,NEM,0.02
2022-03-03,Equity Equal Weight,NKE,0.02
2022-03-03,Equity Equal Weight,NUE,0.02
2022-03-03,Equity Equal Weight,NVDA,0.02
2022-03-03,Equity Equal Weight,O,0.02
2022-03-03,Equity Equal Weight,OXY,0.02
2022-03-03,Equity Equal Weight,PLD,0.02
2022-03-03,Equity Equal Weight,PSA,0.02
2022-03-03,Equity Equal Weight,QCOM,0.02
2022-03-03,Equity Equal Weight,SBUX,0.02
2022-03-03,Equity Equal Weight,SHW,0.02
2022-03-03,Equity Equal Weight,SLB,0.02
2022-03-03,Equity Equal Weight,SO,0.02
2022-03-03,Equity Equal Weight,T,0.02
2022-03-03,Equity Equal Weight,TMUS,0.02
2022-03-03,Equity Equal Weight,TTWO,0.02
2022-03-03,Equity Equal Weight,UPS,0.02
2022-03-03,Equity Equal Weight,USB,0.02
2022-03-03,Equity Equal Weight,V,0.02
2022-03-03,Equity Equal Weight,WFC,0.02
2022-03-03,Equity Equal Weight,WMT,0.02
2022-03-03,Equity Equal Weight,XOM,0.02
2022-04-01,Equity Equal Weight,ABBV,0.02
2022-04-01,Equity Equal Weight,ABT,0.02
2022-04-01,Equity Equal Weight,ADBE,0.02
2022-04-01,Equity Equal Weight,AEP,0.02
2022-04-01,Equity Equal Weight,AMD,0.02
2022-04-01,Equity Equal Weight,AMGN,0.02
2022-04-01,Equity Equal Weight,AMT,0.02
2022-04-01,Equity Equal Weight,BA,0.02
2022-04-01,Equity Equal Weight,CAT,0.02
2022-04-01,Equity Equal Weight,CCI,0.02
2022-04-01,Equity Equal Weight,CMCSA,0.02
2022-04-01,Equity Equal Weight,COP,0.02
2022-04-01,Equity Equal Weight,CVX,0.02
2022-04-01,Equity Equal Weight,D,0.02
2022-04-01,Equity Equal Weight,DD,0.02
2022-04-01,Equity Equal Weight,DIS,0.02
2022-04-01,Equity Equal Weight,DOW,0.02
2022-04-01,Equity Equal Weight,DUK,0.02
2022-04-01,Equity Equal Weight,EA,0.02
2022-04-01,Equity Equal Weight,GE,0.02
2022-04-01,Equity Equal Weight,GILD,0.02
2022-04-01,Equity Equal Weight,GS,0.02
2022-04-01,Equity Equal Weight,INTC,0.02
2022-04-01,Equity Equal Weight,KO,0.02
2022-04-01,Equity Equal Weight,MMM,0.02
2022-04-01,Equity Equal Weight,MRK,0.02
2022-04-01,Equity Equal Weight,MS,0.02
2022-04-01,Equity Equal Weight,NEE,0.02
2022-04-01,Equity Equal Weight,NEM,0.02
2022-04-01,Equity Equal Weight,NKE,0.02
2022-04-01,Equity Equal Weight,NUE,0.02
2022-04-01,Equity Equal Weight,NVDA,0.02
2022-04-01,Equity Equal Weight,O,0.02
2022-04-01,Equity Equal Weight,OXY,0.02
2022-04-01,Equity Equal Weight,PLD,0.02
2022-04-01,Equity Equal Weight,PSA,0.02
2022-04-01,Equity Equal Weight,QCOM,0.02
2022-04-01,Equity Equal Weight,SBUX,0.02
2022-04-01,Equity Equal Weight,SHW,0.02
2022-04-01,Equity Equal Weight,SLB,0.02
2022-04-01,Equity Equal Weight,SO,0.02
2022-04-01,Equity Equal Weight,T,0.02
2022-04-01,Equity Equal Weight,TMUS,0.02
2022-04-01,Equity Equal Weight,TTWO,0.02
2022-04-01,Equity Equal Weight,UPS,0.02
2022-04-01,Equity Equal Weight,USB,0.02
2022-04-01,Equity Equal Weight,V,0.02
2022-04-01,Equity Equal Weight,WFC,0.02
2022-04-01,Equity Equal Weight,WMT,0.02
2022-04-01,Equity Equal Weight,XOM,0.02
2022-05-03,Equity Equal Weight,ABBV,0.02
2022-05-03,Equity Equal Weight,ABT,0.02
2022-05-03,Equity Equal Weight,ADBE,0.02
2022-05-03,Equity Equal Weight,AEP,0.02
2022-05-03,Equity Equal Weight,AMD,0.02
2022-05-03,Equity Equal Weight,AMGN,0.02
2022-05-03,Equity Equal Weight,AMT,0.02
2022-05-03,Equity Equal Weight,BA,0.02
2022-05-03,Equity Equal Weight,CAT,0.02
2022-05-03,Equity Equal Weight,CCI,0.02
2022-05-03,Equity Equal Weight,CMCSA,0.02
2022-05-03,Equity Equal Weight,COP,0.02
2022-05-03,Equity Equal Weight,CVX,0.02
2022-05-03,Equity Equal Weight,D,0.02
2022-05-03,Equity Equal Weight,DD,0.02
2022-05-03,Equity Equal Weight,DIS,0.02
2022-05-03,Equity Equal Weight,DOW,0.02
2022-05-03,Equity Equal Weight,DUK,0.02
2022-05-03,Equity Equal Weight,EA,0.02
2022-05-03,Equity Equal Weight,GE,0.02
2022-05-03,Equity Equal Weight,GILD,0.02
2022-05-03,Equity Equal Weight,GS,0.02
2022-05-03,Equity Equal Weight,INTC,0.02
2022-05-03,Equity Equal Weight,KO,0.02
2022-05-03,Equity Equal Weight,MMM,0.02
2022-05-03,Equity Equal Weight,MRK,0.02
2022-05-03,Equity Equal Weight,MS,0.02
2022-05-03,Equity Equal Weight,NEE,0.02
2022-05-03,Equity Equal Weight,NEM,0.02
2022-05-03,Equity Equal Weight,NKE,0.02
2022-05-03,Equity Equal Weight,NUE,0.02
2022-05-03,Equity Equal Weight,NVDA,0.02
2022-05-03,Equity Equal Weight,O,0.02
2022-05-03,Equity Equal Weight,OXY,0.02
2022-05-03,Equity Equal Weight,PLD,0.02
2022-05-03,Equity Equal Weight,PSA,0.02
2022-05-03,Equity Equal Weight,QCOM,0.02
2022-05-03,Equity Equal Weight,SBUX,0.02
2022-05-03,Equity Equal Weight,SHW,0.02
2022-05-03,Equity Equal Weight,SLB,0.02
2022-05-03,Equity Equal Weight,SO,0.02
2022-05-03,Equity Equal Weight,T,0.02
2022-05-03,Equity Equal Weight,TMUS,0.02
2022-05-03,Equity Equal Weight,TTWO,0.02
2022-05-03,Equity Equal Weight,UPS,0.02
2022-05-03,Equity Equal Weight,USB,0.02
2022-05-03,Equity Equal Weight,V,0.02
2022-05-03,Equity Equal Weight,WFC,0.02
2022-05-03,Equity Equal Weight,WMT,0.02
2022-05-03,Equity Equal Weight,XOM,0.02
2022-06-02,Equity Equal Weight,ABBV,0.02
2022-06-02,Equity Equal Weight,ABT,0.02
2022-06-02,Equity Equal Weight,ADBE,0.02
2022-06-02,Equity Equal Weight,AEP,0.02
2022-06-02,Equity Equal Weight,AMD,0.02
2022-06-02,Equity Equal Weight,AMGN,0.02
2022-06-02,Equity Equal Weight,AMT,0.02
2022-06-02,Equity Equal Weight,BA,0.02
2022-06-02,Equity Equal Weight,CAT,0.02
2022-06-02,Equity Equal Weight,CCI,0.02
2022-06-02,Equity Equal Weight,CMCSA,0.02
2022-06-02,Equity Equal Weight,COP,0.02
2022-06-02,Equity Equal Weight,CVX,0.02
2022-06-02,Equity Equal Weight,D,0.02
2022-06-02,Equity Equal Weight,DD,0.02
2022-06-02,Equity Equal Weight,DIS,0.02
2022-06-02,Equity Equal Weight,DOW,0.02
2022-06-02,Equity Equal Weight,DUK,0.02
2022-06-02,Equity Equal Weight,EA,0.02
2022-06-02,Equity Equal Weight,GE,0.02
2022-06-02,Equity Equal Weight,GILD,0.02
2022-06-02,Equity Equal Weight,GS,0.02
2022-06-02,Equity Equal Weight,INTC,0.02
2022-06-02,Equity Equal Weight,KO,0.02
2022-06-02,Equity Equal Weight,MMM,0.02
2022-06-02,Equity Equal Weight,MRK,0.02
2022-06-02,Equity Equal Weight,MS,0.02
2022-06-02,Equity Equal Weight,NEE,0.02
2022-06-02,Equity Equal Weight,NEM,0.02
2022-06-02,Equity Equal Weight,NKE,0.02
2022-06-02,Equity Equal Weight,NUE,0.02
2022-06-02,Equity Equal Weight,NVDA,0.02
2022-06-02,Equity Equal Weight,O,0.02
2022-06-02,Equity Equal Weight,OXY,0.02
2022-06-02,Equity Equal Weight,PLD,0.02
2022-06-02,Equity Equal Weight,PSA,0.02
2022-06-02,Equity Equal Weight,QCOM,0.02
2022-06-02,Equity Equal Weight,SBUX,0.02
2022-06-02,Equity Equal Weight,SHW,0.02
2022-06-02,Equity Equal Weight,SLB,0.02
2022-06-02,Equity Equal Weight,SO,0.02
2022-06-02,Equity Equal Weight,T,0.02
2022-06-02,Equity Equal Weight,TMUS,0.02
2022-06-02,Equity Equal Weight,TTWO,0.02
2022-06-02,Equity Equal Weight,UPS,0.02
2022-06-02,Equity Equal Weight,USB,0.02
2022-06-02,Equity Equal Weight,V,0.02
2022-06-02,Equity Equal Weight,WFC,0.02
2022-06-02,Equity Equal Weight,WMT,0.02
2022-06-02,Equity Equal Weight,XOM,0.02
2022-07-05,Equity Equal Weight,ABBV,0.02
2022-07-05,Equity Equal Weight,ABT,0.02
2022-07-05,Equity Equal Weight,ADBE,0.02
2022-07-05,Equity Equal Weight,AEP,0.02
2022-07-05,Equity Equal Weight,AMD,0.02
2022-07-05,Equity Equal Weight,AMGN,0.02
2022-07-05,Equity Equal Weight,AMT,0.02
2022-07-05,Equity Equal Weight,BA,0.02
2022-07-05,Equity Equal Weight,CAT,0.02
2022-07-05,Equity Equal Weight,CCI,0.02
2022-07-05,Equity Equal Weight,CMCSA,0.02
2022-07-05,Equity Equal Weight,COP,0.02
2022-07-05,Equity Equal Weight,CVX,0.02
2022-07-05,Equity Equal Weight,D,0.02
2022-07-05,Equity Equal Weight,DD,0.02
2022-07-05,Equity Equal Weight,DIS,0.02
2022-07-05,Equity Equal Weight,DOW,0.02
2022-07-05,Equity Equal Weight,DUK,0.02
2022-07-05,Equity Equal Weight,EA,0.02
2022-07-05,Equity Equal Weight,GE,0.02
2022-07-05,Equity Equal Weight,GILD,0.02
2022-07-05,Equity Equal Weight,GS,0.02
2022-07-05,Equity Equal Weight,INTC,0.02
2022-07-05,Equity Equal Weight,KO,0.02
2022-07-05,Equity Equal Weight,MMM,0.02
2022-07-05,Equity Equal Weight,MRK,0.02
2022-07-05,Equity Equal Weight,MS,0.02
2022-07-05,Equity Equal Weight,NEE,0.02
2022-07-05,Equity Equal Weight,NEM,0.02
2022-07-05,Equity Equal Weight,NKE,0.02
2022-07-05,Equity Equal Weight,NUE,0.02
2022-07-05,Equity Equal Weight,NVDA,0.02
2022-07-05,Equity Equal Weight,O,0.02
2022-07-05,Equity Equal Weight,OXY,0.02
2022-07-05,Equity Equal Weight,PLD,0.02
2022-07-05,Equity Equal Weight,PSA,0.02
2022-07-05,Equity Equal Weight,QCOM,0.02
2022-07-05,Equity Equal Weight,SBUX,0.02
2022-07-05,Equity Equal Weight,SHW,0.02
2022-07-05,Equity Equal Weight,SLB,0.02
2022-07-05,Equity Equal Weight,SO,0.02
2022-07-05,Equity Equal Weight,T,0.02
2022-07-05,Equity Equal Weight,TMUS,0.02
2022-07-05,Equity Equal Weight,TTWO,0.02
2022-07-05,Equity Equal Weight,UPS,0.02
2022-07-05,Equity Equal Weight,USB,0.02
2022-07-05,Equity Equal Weight,V,0.02
2022-07-05,Equity Equal Weight,WFC,0.02
2022-07-05,Equity Equal Weight,WMT,0.02
2022-07-05,Equity Equal Weight,XOM,0.02
2022-08-03,Equity Equal Weight,ABBV,0.02
2022-08-03,Equity Equal Weight,ABT,0.02
2022-08-03,Equity Equal Weight,ADBE,0.02
2022-08-03,Equity Equal Weight,AEP,0.02
2022-08-03,Equity Equal Weight,AMD,0.02
2022-08-03,Equity Equal Weight,AMGN,0.02
2022-08-03,Equity Equal Weight,AMT,0.02
2022-08-03,Equity Equal Weight,BA,0.02
2022-08-03,Equity Equal Weight,CAT,0.02
2022-08-03,Equity Equal Weight,CCI,0.02
2022-08-03,Equity Equal Weight,CMCSA,0.02
2022-08-03,Equity Equal Weight,COP,0.02
2022-08-03,Equity Equal Weight,CVX,0.02
2022-08-03,Equity Equal Weight,D,0.02
2022-08-03,Equity Equal Weight,DD,0.02
2022-08-03,Equity Equal Weight,DIS,0.02
2022-08-03,Equity Equal Weight,DOW,0.02
2022-08-03,Equity Equal Weight,DUK,0.02
2022-08-03,Equity Equal Weight,EA,0.02
2022-08-03,Equity Equal Weight,GE,0.02
2022-08-03,Equity Equal Weight,GILD,0.02
2022-08-03,Equity Equal Weight,GS,0.02
2022-08-03,Equity Equal Weight,INTC,0.02
2022-08-03,Equity Equal Weight,KO,0.02
2022-08-03,Equity Equal Weight,MMM,0.02
2022-08-03,Equity Equal Weight,MRK,0.02
2022-08-03,Equity Equal Weight,MS,0.02
2022-08-03,Equity Equal Weight,NEE,0.02
2022-08-03,Equity Equal Weight,NEM,0.02
2022-08-03,Equity Equal Weight,NKE,0.02
2022-08-03,Equity Equal Weight,NUE,0.02
2022-08-03,Equity Equal Weight,NVDA,0.02
2022-08-03,Equity Equal Weight,O,0.02
2022-08-03,Equity Equal Weight,OXY,0.02
2022-08-03,Equity Equal Weight,PLD,0.02
2022-08-03,Equity Equal Weight,PSA,0.02
2022-08-03,Equity Equal Weight,QCOM,0.02
2022-08-03,Equity Equal Weight,SBUX,0.02
2022-08-03,Equity Equal Weight,SHW,0.02
2022-08-03,Equity Equal Weight,SLB,0.02
2022-08-03,Equity Equal Weight,SO,0.02
2022-08-03,Equity Equal Weight,T,0.02
2022-08-03,Equity Equal Weight,TMUS,0.02
2022-08-03,Equity Equal Weight,TTWO,0.02
2022-08-03,Equity Equal Weight,UPS,0.02
2022-08-03,Equity Equal Weight,USB,0.02
2022-08-03,Equity Equal Weight,V,0.02
2022-08-03,Equity Equal Weight,WFC,0.02
2022-08-03,Equity Equal Weight,WMT,0.02
2022-08-03,Equity Equal Weight,XOM,0.02
2022-09-01,Equity Equal Weight,ABBV,0.02
2022-09-01,Equity Equal Weight,ABT,0.02
2022-09-01,Equity Equal Weight,ADBE,0.02
2022-09-01,Equity Equal Weight,AEP,0.02
2022-09-01,Equity Equal Weight,AMD,0.02
2022-09-01,Equity Equal Weight,AMGN,0.02
2022-09-01,Equity Equal Weight,AMT,0.02
2022-09-01,Equity Equal Weight,BA,0.02
2022-09-01,Equity Equal Weight,CAT,0.02
2022-09-01,Equity Equal Weight,CCI,0.02
2022-09-01,Equity Equal Weight,CMCSA,0.02
2022-09-01,Equity Equal Weight,COP,0.02
2022-09-01,Equity Equal Weight,CVX,0.02
2022-09-01,Equity Equal Weight,D,0.02
2022-09-01,Equity Equal Weight,DD,0.02
2022-09-01,Equity Equal Weight,DIS,0.02
2022-09-01,Equity Equal Weight,DOW,0.02
2022-09-01,Equity Equal Weight,DUK,0.02
2022-09-01,Equity Equal Weight,EA,0.02
2022-09-01,Equity Equal Weight,GE,0.02
2022-09-01,Equity Equal Weight,GILD,0.02
2022-09-01,Equity Equal Weight,GS,0.02
2022-09-01,Equity Equal Weight,INTC,0.02
2022-09-01,Equity Equal Weight,KO,0.02
2022-09-01,Equity Equal Weight,MMM,0.02
2022-09-01,Equity Equal Weight,MRK,0.02
2022-09-01,Equity Equal Weight,MS,0.02
2022-09-01,Equity Equal Weight,NEE,0.02
2022-09-01,Equity Equal Weight,NEM,0.02
2022-09-01,Equity Equal Weight,NKE,0.02
2022-09-01,Equity Equal Weight,NUE,0.02
2022-09-01,Equity Equal Weight,NVDA,0.02
2022-09-01,Equity Equal Weight,O,0.02
2022-09-01,Equity Equal Weight,OXY,0.02
2022-09-01,Equity Equal Weight,PLD,0.02
2022-09-01,Equity Equal Weight,PSA,0.02
2022-09-01,Equity Equal Weight,QCOM,0.02
2022-09-01,Equity Equal Weight,SBUX,0.02
2022-09-01,Equity Equal Weight,SHW,0.02
2022-09-01,Equity Equal Weight,SLB,0.02
2022-09-01,Equity Equal Weight,SO,0.02
2022-09-01,Equity Equal Weight,T,0.02
2022-09-01,Equity Equal Weight,TMUS,0.02
2022-09-01,Equity Equal Weight,TTWO,0.02
2022-09-01,Equity Equal Weight,UPS,0.02
2022-09-01,Equity Equal Weight,USB,0.02
2022-09-01,Equity Equal Weight,V,0.02
2022-09-01,Equity Equal Weight,WFC,0.02
2022-09-01,Equity Equal Weight,WMT,0.02
2022-09-01,Equity Equal Weight,XOM,0.02
2022-10-03,Equity Equal Weight,ABBV,0.02
2022-10-03,Equity Equal Weight,ABT,0.02
2022-10-03,Equity Equal Weight,ADBE,0.02
2022-10-03,Equity Equal Weight,AEP,0.02
2022-10-03,Equity Equal Weight,AMD,0.02
2022-10-03,Equity Equal Weight,AMGN,0.02
2022-10-03,Equity Equal Weight,AMT,0.02
2022-10-03,Equity Equal Weight,BA,0.02
2022-10-03,Equity Equal Weight,CAT,0.02
2022-10-03,Equity Equal Weight,CCI,0.02
2022-10-03,Equity Equal Weight,CMCSA,0.02
2022-10-03,Equity Equal Weight,COP,0.02
2022-10-03,Equity Equal Weight,CVX,0.02
2022-10-03,Equity Equal Weight,D,0.02
2022-10-03,Equity Equal Weight,DD,0.02
2022-10-03,Equity Equal Weight,DIS,0.02
2022-10-03,Equity Equal Weight,DOW,0.02
2022-10-03,Equity Equal Weight,DUK,0.02
2022-10-03,Equity Equal Weight,EA,0.02
2022-10-03,Equity Equal Weight,GE,0.02
2022-10-03,Equity Equal Weight,GILD,0.02
2022-10-03,Equity Equal Weight,GS,0.02
2022-10-03,Equity Equal Weight,INTC,0.02
2022-10-03,Equity Equal Weight,KO,0.02
2022-10-03,Equity Equal Weight,MMM,0.02
2022-10-03,Equity Equal Weight,MRK,0.02
2022-10-03,Equity Equal Weight,MS,0.02
2022-10-03,Equity Equal Weight,NEE,0.02
2022-10-03,Equity Equal Weight,NEM,0.02
2022-10-03,Equity Equal Weight,NKE,0.02
2022-10-03,Equity Equal Weight,NUE,0.02
2022-10-03,Equity Equal Weight,NVDA,0.02
2022-10-03,Equity Equal Weight,O,0.02
2022-10-03,Equity Equal Weight,OXY,0.02
2022-10-03,Equity Equal Weight,PLD,0.02
2022-10-03,Equity Equal Weight,PSA,0.02
2022-10-03,Equity Equal Weight,QCOM,0.02
2022-10-03,Equity Equal Weight,SBUX,0.02
2022-10-03,Equity Equal Weight,SHW,0.02
2022-10-03,Equity Equal Weight,SLB,0.02
2022-10-03,Equity Equal Weight,SO,0.02
2022-10-03,Equity Equal Weight,T,0.02
2022-10-03,Equity Equal Weight,TMUS,0.02
2022-10-03,Equity Equal Weight,TTWO,0.02
2022-10-03,Equity Equal Weight,UPS,0.02
2022-10-03,Equity Equal Weight,USB,0.02
2022-10-03,Equity Equal Weight,V,0.02
2022-10-03,Equity Equal Weight,WFC,0.02
2022-10-03,Equity Equal Weight,WMT,0.02
2022-10-03,Equity Equal Weight,XOM,0.02
2022-11-01,Equity Equal Weight,ABBV,0.02
2022-11-01,Equity Equal Weight,ABT,0.02
2022-11-01,Equity Equal Weight,ADBE,0.02
2022-11-01,Equity Equal Weight,AEP,0.02
2022-11-01,Equity Equal Weight,AMD,0.02
2022-11-01,Equity Equal Weight,AMGN,0.02
2022-11-01,Equity Equal Weight,AMT,0.02
2022-11-01,Equity Equal Weight,BA,0.02
2022-11-01,Equity Equal Weight,CAT,0.02
2022-11-01,Equity Equal Weight,CCI,0.02
2022-11-01,Equity Equal Weight,CMCSA,0.02
2022-11-01,Equity Equal Weight,COP,0.02
2022-11-01,Equity Equal Weight,CVX,0.02
2022-11-01,Equity Equal Weight,D,0.02
2022-11-01,Equity Equal Weight,DD,0.02
2022-11-01,Equity Equal Weight,DIS,0.02
2022-11-01,Equity Equal Weight,DOW,0.02
2022-11-01,Equity Equal Weight,DUK,0.02
2022-11-01,Equity Equal Weight,EA,0.02
2022-11-01,Equity Equal Weight,GE,0.02
2022-11-01,Equity Equal Weight,GILD,0.02
2022-11-01,Equity Equal Weight,GS,0.02
2022-11-01,Equity Equal Weight,INTC,0.02
2022-11-01,Equity Equal Weight,KO,0.02
2022-11-01,Equity Equal Weight,MMM,0.02
2022-11-01,Equity Equal Weight,MRK,0.02
2022-11-01,Equity Equal Weight,MS,0.02
2022-11-01,Equity Equal Weight,NEE,0.02
2022-11-01,Equity Equal Weight,NEM,0.02
2022-11-01,Equity Equal Weight,NKE,0.02
2022-11-01,Equity Equal Weight,NUE,0.02
2022-11-01,Equity Equal Weight,NVDA,0.02
2022-11-01,Equity Equal Weight,O,0.02
2022-11-01,Equity Equal Weight,OXY,0.02
2022-11-01,Equity Equal Weight,PLD,0.02
2022-11-01,Equity Equal Weight,PSA,0.02
2022-11-01,Equity Equal Weight,QCOM,0.02
2022-11-01,Equity Equal Weight,SBUX,0.02
2022-11-01,Equity Equal Weight,SHW,0.02
2022-11-01,Equity Equal Weight,SLB,0.02
2022-11-01,Equity Equal Weight,SO,0.02
2022-11-01,Equity Equal Weight,T,0.02
2022-11-01,Equity Equal Weight,TMUS,0.02
2022-11-01,Equity Equal Weight,TTWO,0.02
2022-11-01,Equity Equal Weight,UPS,0.02
2022-11-01,Equity Equal Weight,USB,0.02
2022-11-01,Equity Equal Weight,V,0.02
2022-11-01,Equity Equal Weight,WFC,0.02
2022-11-01,Equity Equal Weight,WMT,0.02
2022-11-01,Equity Equal Weight,XOM,0.02
2022-12-01,Equity Equal Weight,ABBV,0.02
2022-12-01,Equity Equal Weight,ABT,0.02
2022-12-01,Equity Equal Weight,ADBE,0.02
2022-12-01,Equity Equal Weight,AEP,0.02
2022-12-01,Equity Equal Weight,AMD,0.02
2022-12-01,Equity Equal Weight,AMGN,0.02
2022-12-01,Equity Equal Weight,AMT,0.02
2022-12-01,Equity Equal Weight,BA,0.02
2022-12-01,Equity Equal Weight,CAT,0.02
2022-12-01,Equity Equal Weight,CCI,0.02
2022-12-01,Equity Equal Weight,CMCSA,0.02
2022-12-01,Equity Equal Weight,COP,0.02
2022-12-01,Equity Equal Weight,CVX,0.02
2022-12-01,Equity Equal Weight,D,0.02
2022-12-01,Equity Equal Weight,DD,0.02
2022-12-01,Equity Equal Weight,DIS,0.02
2022-12-01,Equity Equal Weight,DOW,0.02
2022-12-01,Equity Equal Weight,DUK,0.02
2022-12-01,Equity Equal Weight,EA,0.02
2022-12-01,Equity Equal Weight,GE,0.02
2022-12-01,Equity Equal Weight,GILD,0.02
2022-12-01,Equity Equal Weight,GS,0.02
2022-12-01,Equity Equal Weight,INTC,0.02
2022-12-01,Equity Equal Weight,KO,0.02
2022-12-01,Equity Equal Weight,MMM,0.02
2022-12-01,Equity Equal Weight,MRK,0.02
2022-12-01,Equity Equal Weight,MS,0.02
2022-12-01,Equity Equal Weight,NEE,0.02
2022-12-01,Equity Equal Weight,NEM,0.02
2022-12-01,Equity Equal Weight,NKE,0.02
2022-12-01,Equity Equal Weight,NUE,0.02
2022-12-01,Equity Equal Weight,NVDA,0.02
2022-12-01,Equity Equal Weight,O,0.02
2022-12-01,Equity Equal Weight,OXY,0.02
2022-12-01,Equity Equal Weight,PLD,0.02
2022-12-01,Equity Equal Weight,PSA,0.02
2022-12-01,Equity Equal Weight,QCOM,0.02
2022-12-01,Equity Equal Weight,SBUX,0.02
2022-12-01,Equity Equal Weight,SHW,0.02
2022-12-01,Equity Equal Weight,SLB,0.02
2022-12-01,Equity Equal Weight,SO,0.02
2022-12-01,Equity Equal Weight,T,0.02
2022-12-01,Equity Equal Weight,TMUS,0.02
2022-12-01,Equity Equal Weight,TTWO,0.02
2022-12-01,Equity Equal Weight,UPS,0.02
2022-12-01,Equity Equal Weight,USB,0.02
2022-12-01,Equity Equal Weight,V,0.02
2022-12-01,Equity Equal Weight,WFC,0.02
2022-12-01,Equity Equal Weight,WMT,0.02
2022-12-01,Equity Equal Weight,XOM,0.02
2023-01-03,Equity Equal Weight,ABBV,0.02
2023-01-03,Equity Equal Weight,ABT,0.02
2023-01-03,Equity Equal Weight,ADBE,0.02
2023-01-03,Equity Equal Weight,AEP,0.02
2023-01-03,Equity Equal Weight,AMD,0.02
2023-01-03,Equity Equal Weight,AMGN,0.02
2023-01-03,Equity Equal Weight,AMT,0.02
2023-01-03,Equity Equal Weight,BA,0.02
2023-01-03,Equity Equal Weight,CAT,0.02
2023-01-03,Equity Equal Weight,CCI,0.02
2023-01-03,Equity Equal Weight,CMCSA,0.02
2023-01-03,Equity Equal Weight,COP,0.02
2023-01-03,Equity Equal Weight,CVX,0.02
2023-01-03,Equity Equal Weight,D,0.02
2023-01-03,Equity Equal Weight,DD,0.02
2023-01-03,Equity Equal Weight,DIS,0.02
2023-01-03,Equity Equal Weight,DOW,0.02
2023-01-03,Equity Equal Weight,DUK,0.02
2023-01-03,Equity Equal Weight,EA,0.02
2023-01-03,Equity Equal Weight,GE,0.02
2023-01-03,Equity Equal Weight,GILD,0.02
2023-01-03,Equity Equal Weight,GS,0.02
2023-01-03,Equity Equal Weight,INTC,0.02
2023-01-03,Equity Equal Weight,KO,0.02
2023-01-03,Equity Equal Weight,MMM,0.02
2023-01-03,Equity Equal Weight,MRK,0.02
2023-01-03,Equity Equal Weight,MS,0.02
2023-01-03,Equity Equal Weight,NEE,0.02
2023-01-03,Equity Equal Weight,NEM,0.02
2023-01-03,Equity Equal Weight,NKE,0.02
2023-01-03,Equity Equal Weight,NUE,0.02
2023-01-03,Equity Equal Weight,NVDA,0.02
2023-01-03,Equity Equal Weight,O,0.02
2023-01-03,Equity Equal Weight,OXY,0.02
2023-01-03,Equity Equal Weight,PLD,0.02
2023-01-03,Equity Equal Weight,PSA,0.02
2023-01-03,Equity Equal Weight,QCOM,0.02
2023-01-03,Equity Equal Weight,SBUX,0.02
2023-01-03,Equity Equal Weight,SHW,0.02
2023-01-03,Equity Equal Weight,SLB,0.02
2023-01-03,Equity Equal Weight,SO,0.02
2023-01-03,Equity Equal Weight,T,0.02
2023-01-03,Equity Equal Weight,TMUS,0.02
2023-01-03,Equity Equal Weight,TTWO,0.02
2023-01-03,Equity Equal Weight,UPS,0.02
2023-01-03,Equity Equal Weight,USB,0.02
2023-01-03,Equity Equal Weight,V,0.02
2023-01-03,Equity Equal Weight,WFC,0.02
2023-01-03,Equity Equal Weight,WMT,0.02
2023-01-03,Equity Equal Weight,XOM,0.02
2023-02-02,Equity Equal Weight,ABBV,0.02
2023-02-02,Equity Equal Weight,ABT,0.02
2023-02-02,Equity Equal Weight,ADBE,0.02
2023-02-02,Equity Equal Weight,AEP,0.02
2023-02-02,Equity Equal Weight,AMD,0.02
2023-02-02,Equity Equal Weight,AMGN,0.02
2023-02-02,Equity Equal Weight,AMT,0.02
2023-02-02,Equity Equal Weight,BA,0.02
2023-02-02,Equity Equal Weight,CAT,0.02
2023-02-02,Equity Equal Weight,CCI,0.02
2023-02-02,Equity Equal Weight,CMCSA,0.02
2023-02-02,Equity Equal Weight,COP,0.02
2023-02-02,Equity Equal Weight,CVX,0.02
2023-02-02,Equity Equal Weight,D,0.02
2023-02-02,Equity Equal Weight,DD,0.02
2023-02-02,Equity Equal Weight,DIS,0.02
2023-02-02,Equity Equal Weight,DOW,0.02
2023-02-02,Equity Equal Weight,DUK,0.02
2023-02-02,Equity Equal Weight,EA,0.02
2023-02-02,Equity Equal Weight,GE,0.02
2023-02-02,Equity Equal Weight,GILD,0.02
2023-02-02,Equity Equal Weight,GS,0.02
2023-02-02,Equity Equal Weight,INTC,0.02
2023-02-02,Equity Equal Weight,KO,0.02
2023-02-02,Equity Equal Weight,MMM,0.02
2023-02-02,Equity Equal Weight,MRK,0.02
2023-02-02,Equity Equal Weight,MS,0.02
2023-02-02,Equity Equal Weight,NEE,0.02
2023-02-02,Equity Equal Weight,NEM,0.02
2023-02-02,Equity Equal Weight,NKE,0.02
2023-02-02,Equity Equal Weight,NUE,0.02
2023-02-02,Equity Equal Weight,NVDA,0.02
2023-02-02,Equity Equal Weight,O,0.02
2023-02-02,Equity Equal Weight,OXY,0.02
2023-02-02,Equity Equal Weight,PLD,0.02
2023-02-02,Equity Equal Weight,PSA,0.02
2023-02-02,Equity Equal Weight,QCOM,0.02
2023-02-02,Equity Equal Weight,SBUX,0.02
2023-02-02,Equity Equal Weight,SHW,0.02
2023-02-02,Equity Equal Weight,SLB,0.02
2023-02-02,Equity Equal Weight,SO,0.02
2023-02-02,Equity Equal Weight,T,0.02
2023-02-02,Equity Equal Weight,TMUS,0.02
2023-02-02,Equity Equal Weight,TTWO,0.02
2023-02-02,Equity Equal Weight,UPS,0.02
2023-02-02,Equity Equal Weight,USB,0.02
2023-02-02,Equity Equal Weight,V,0.02
2023-02-02,Equity Equal Weight,WFC,0.02
2023-02-02,Equity Equal Weight,WMT,0.02
2023-02-02,Equity Equal Weight,XOM,0.02
2023-03-06,Equity Equal Weight,ABBV,0.02
2023-03-06,Equity Equal Weight,ABT,0.02
2023-03-06,Equity Equal Weight,ADBE,0.02
2023-03-06,Equity Equal Weight,AEP,0.02
2023-03-06,Equity Equal Weight,AMD,0.02
2023-03-06,Equity Equal Weight,AMGN,0.02
2023-03-06,Equity Equal Weight,AMT,0.02
2023-03-06,Equity Equal Weight,BA,0.02
2023-03-06,Equity Equal Weight,CAT,0.02
2023-03-06,Equity Equal Weight,CCI,0.02
2023-03-06,Equity Equal Weight,CMCSA,0.02
2023-03-06,Equity Equal Weight,COP,0.02
2023-03-06,Equity Equal Weight,CVX,0.02
2023-03-06,Equity Equal Weight,D,0.02
2023-03-06,Equity Equal Weight,DD,0.02
2023-03-06,Equity Equal Weight,DIS,0.02
2023-03-06,Equity Equal Weight,DOW,0.02
2023-03-06,Equity Equal Weight,DUK,0.02
2023-03-06,Equity Equal Weight,EA,0.02
2023-03-06,Equity Equal Weight,GE,0.02
2023-03-06,Equity Equal Weight,GILD,0.02
2023-03-06,Equity Equal Weight,GS,0.02
2023-03-06,Equity Equal Weight,INTC,0.02
2023-03-06,Equity Equal Weight,KO,0.02
2023-03-06,Equity Equal Weight,MMM,0.02
2023-03-06,Equity Equal Weight,MRK,0.02
2023-03-06,Equity Equal Weight,MS,0.02
2023-03-06,Equity Equal Weight,NEE,0.02
2023-03-06,Equity Equal Weight,NEM,0.02
2023-03-06,Equity Equal Weight,NKE,0.02
2023-03-06,Equity Equal Weight,NUE,0.02
2023-03-06,Equity Equal Weight,NVDA,0.02
2023-03-06,Equity Equal Weight,O,0.02
2023-03-06,Equity Equal Weight,OXY,0.02
2023-03-06,Equity Equal Weight,PLD,0.02
2023-03-06,Equity Equal Weight,PSA,0.02
2023-03-06,Equity Equal Weight,QCOM,0.02
2023-03-06,Equity Equal Weight,SBUX,0.02
2023-03-06,Equity Equal Weight,SHW,0.02
2023-03-06,Equity Equal Weight,SLB,0.02
2023-03-06,Equity Equal Weight,SO,0.02
2023-03-06,Equity Equal Weight,T,0.02
2023-03-06,Equity Equal Weight,TMUS,0.02
2023-03-06,Equity Equal Weight,TTWO,0.02
2023-03-06,Equity Equal Weight,UPS,0.02
2023-03-06,Equity Equal Weight,USB,0.02
2023-03-06,Equity Equal Weight,V,0.02
2023-03-06,Equity Equal Weight,WFC,0.02
2023-03-06,Equity Equal Weight,WMT,0.02
2023-03-06,Equity Equal Weight,XOM,0.02
2023-04-04,Equity Equal Weight,ABBV,0.02
2023-04-04,Equity Equal Weight,ABT,0.02
2023-04-04,Equity Equal Weight,ADBE,0.02
2023-04-04,Equity Equal Weight,AEP,0.02
2023-04-04,Equity Equal Weight,AMD,0.02
2023-04-04,Equity Equal Weight,AMGN,0.02
2023-04-04,Equity Equal Weight,AMT,0.02
2023-04-04,Equity Equal Weight,BA,0.02
2023-04-04,Equity Equal Weight,CAT,0.02
2023-04-04,Equity Equal Weight,CCI,0.02
2023-04-04,Equity Equal Weight,CMCSA,0.02
2023-04-04,Equity Equal Weight,COP,0.02
2023-04-04,Equity Equal Weight,CVX,0.02
2023-04-04,Equity Equal Weight,D,0.02
2023-04-04,Equity Equal Weight,DD,0.02
2023-04-04,Equity Equal Weight,DIS,0.02
2023-04-04,Equity Equal Weight,DOW,0.02
2023-04-04,Equity Equal Weight,DUK,0.02
2023-04-04,Equity Equal Weight,EA,0.02
2023-04-04,Equity Equal Weight,GE,0.02
2023-04-04,Equity Equal Weight,GILD,0.02
2023-04-04,Equity Equal Weight,GS,0.02
2023-04-04,Equity Equal Weight,INTC,0.02
2023-04-04,Equity Equal Weight,KO,0.02
2023-04-04,Equity Equal Weight,MMM,0.02
2023-04-04,Equity Equal Weight,MRK,0.02
2023-04-04,Equity Equal Weight,MS,0.02
2023-04-04,Equity Equal Weight,NEE,0.02
2023-04-04,Equity Equal Weight,NEM,0.02
2023-04-04,Equity Equal Weight,NKE,0.02
2023-04-04,Equity Equal Weight,NUE,0.02
2023-04-04,Equity Equal Weight,NVDA,0.02
2023-04-04,Equity Equal Weight,O,0.02
2023-04-04,Equity Equal Weight,OXY,0.02
2023-04-04,Equity Equal Weight,PLD,0.02
2023-04-04,Equity Equal Weight,PSA,0.02
2023-04-04,Equity Equal Weight,QCOM,0.02
2023-04-04,Equity Equal Weight,SBUX,0.02
2023-04-04,Equity Equal Weight,SHW,0.02
2023-04-04,Equity Equal Weight,SLB,0.02
2023-04-04,Equity Equal Weight,SO,0.02
2023-04-04,Equity Equal Weight,T,0.02
2023-04-04,Equity Equal Weight,TMUS,0.02
2023-04-04,Equity Equal Weight,TTWO,0.02
2023-04-04,Equity Equal Weight,UPS,0.02
2023-04-04,Equity Equal Weight,USB,0.02
2023-04-04,Equity Equal Weight,V,0.02
2023-04-04,Equity Equal Weight,WFC,0.02
2023-04-04,Equity Equal Weight,WMT,0.02
2023-04-04,Equity Equal Weight,XOM,0.02
2023-05-04,Equity Equal Weight,ABBV,0.02
2023-05-04,Equity Equal Weight,ABT,0.02
2023-05-04,Equity Equal Weight,ADBE,0.02
2023-05-04,Equity Equal Weight,AEP,0.02
2023-05-04,Equity Equal Weight,AMD,0.02
2023-05-04,Equity Equal Weight,AMGN,0.02
2023-05-04,Equity Equal Weight,AMT,0.02
2023-05-04,Equity Equal Weight,BA,0.02
2023-05-04,Equity Equal Weight,CAT,0.02
2023-05-04,Equity Equal Weight,CCI,0.02
2023-05-04,Equity Equal Weight,CMCSA,0.02
2023-05-04,Equity Equal Weight,COP,0.02
2023-05-04,Equity Equal Weight,CVX,0.02
2023-05-04,Equity Equal Weight,D,0.02
2023-05-04,Equity Equal Weight,DD,0.02
2023-05-04,Equity Equal Weight,DIS,0.02
2023-05-04,Equity Equal Weight,DOW,0.02
2023-05-04,Equity Equal Weight,DUK,0.02
2023-05-04,Equity Equal Weight,EA,0.02
2023-05-04,Equity Equal Weight,GE,0.02
2023-05-04,Equity Equal Weight,GILD,0.02
2023-05-04,Equity Equal Weight,GS,0.02
2023-05-04,Equity Equal Weight,INTC,0.02
2023-05-04,Equity Equal Weight,KO,0.02
2023-05-04,Equity Equal Weight,MMM,0.02
2023-05-04,Equity Equal Weight,MRK,0.02
2023-05-04,Equity Equal Weight,MS,0.02
2023-05-04,Equity Equal Weight,NEE,0.02
2023-05-04,Equity Equal Weight,NEM,0.02
2023-05-04,Equity Equal Weight,NKE,0.02
2023-05-04,Equity Equal Weight,NUE,0.02
2023-05-04,Equity Equal Weight,NVDA,0.02
2023-05-04,Equity Equal Weight,O,0.02
2023-05-04,Equity Equal Weight,OXY,0.02
2023-05-04,Equity Equal Weight,PLD,0.02
2023-05-04,Equity Equal Weight,PSA,0.02
2023-05-04,Equity Equal Weight,QCOM,0.02
2023-05-04,Equity Equal Weight,SBUX,0.02
2023-05-04,Equity Equal Weight,SHW,0.02
2023-05-04,Equity Equal Weight,SLB,0.02
2023-05-04,Equity Equal Weight,SO,0.02
2023-05-04,Equity Equal Weight,T,0.02
2023-05-04,Equity Equal Weight,TMUS,0.02
2023-05-04,Equity Equal Weight,TTWO,0.02
2023-05-04,Equity Equal Weight,UPS,0.02
2023-05-04,Equity Equal Weight,USB,0.02
2023-05-04,Equity Equal Weight,V,0.02
2023-05-04,Equity Equal Weight,WFC,0.02
2023-05-04,Equity Equal Weight,WMT,0.02
2023-05-04,Equity Equal Weight,XOM,0.02
2023-06-05,Equity Equal Weight,ABBV,0.02
2023-06-05,Equity Equal Weight,ABT,0.02
2023-06-05,Equity Equal Weight,ADBE,0.02
2023-06-05,Equity Equal Weight,AEP,0.02
2023-06-05,Equity Equal Weight,AMD,0.02
2023-06-05,Equity Equal Weight,AMGN,0.02
2023-06-05,Equity Equal Weight,AMT,0.02
2023-06-05,Equity Equal Weight,BA,0.02
2023-06-05,Equity Equal Weight,CAT,0.02
2023-06-05,Equity Equal Weight,CCI,0.02
2023-06-05,Equity Equal Weight,CMCSA,0.02
2023-06-05,Equity Equal Weight,COP,0.02
2023-06-05,Equity Equal Weight,CVX,0.02
2023-06-05,Equity Equal Weight,D,0.02
2023-06-05,Equity Equal Weight,DD,0.02
2023-06-05,Equity Equal Weight,DIS,0.02
2023-06-05,Equity Equal Weight,DOW,0.02
2023-06-05,Equity Equal Weight,DUK,0.02
2023-06-05,Equity Equal Weight,EA,0.02
2023-06-05,Equity Equal Weight,GE,0.02
2023-06-05,Equity Equal Weight,GILD,0.02
2023-06-05,Equity Equal Weight,GS,0.02
2023-06-05,Equity Equal Weight,INTC,0.02
2023-06-05,Equity Equal Weight,KO,0.02
2023-06-05,Equity Equal Weight,MMM,0.02
2023-06-05,Equity Equal Weight,MRK,0.02
2023-06-05,Equity Equal Weight,MS,0.02
2023-06-05,Equity Equal Weight,NEE,0.02
2023-06-05,Equity Equal Weight,NEM,0.02
2023-06-05,Equity Equal Weight,NKE,0.02
2023-06-05,Equity Equal Weight,NUE,0.02
2023-06-05,Equity Equal Weight,NVDA,0.02
2023-06-05,Equity Equal Weight,O,0.02
2023-06-05,Equity Equal Weight,OXY,0.02
2023-06-05,Equity Equal Weight,PLD,0.02
2023-06-05,Equity Equal Weight,PSA,0.02
2023-06-05,Equity Equal Weight,QCOM,0.02
2023-06-05,Equity Equal Weight,SBUX,0.02
2023-06-05,Equity Equal Weight,SHW,0.02
2023-06-05,Equity Equal Weight,SLB,0.02
2023-06-05,Equity Equal Weight,SO,0.02
2023-06-05,Equity Equal Weight,T,0.02
2023-06-05,Equity Equal Weight,TMUS,0.02
2023-06-05,Equity Equal Weight,TTWO,0.02
2023-06-05,Equity Equal Weight,UPS,0.02
2023-06-05,Equity Equal Weight,USB,0.02
2023-06-05,Equity Equal Weight,V,0.02
2023-06-05,Equity Equal Weight,WFC,0.02
2023-06-05,Equity Equal Weight,WMT,0.02
2023-06-05,Equity Equal Weight,XOM,0.02
2023-07-06,Equity Equal Weight,ABBV,0.02
2023-07-06,Equity Equal Weight,ABT,0.02
2023-07-06,Equity Equal Weight,ADBE,0.02
2023-07-06,Equity Equal Weight,AEP,0.02
2023-07-06,Equity Equal Weight,AMD,0.02
2023-07-06,Equity Equal Weight,AMGN,0.02
2023-07-06,Equity Equal Weight,AMT,0.02
2023-07-06,Equity Equal Weight,BA,0.02
2023-07-06,Equity Equal Weight,CAT,0.02
2023-07-06,Equity Equal Weight,CCI,0.02
2023-07-06,Equity Equal Weight,CMCSA,0.02
2023-07-06,Equity Equal Weight,COP,0.02
2023-07-06,Equity Equal Weight,CVX,0.02
2023-07-06,Equity Equal Weight,D,0.02
2023-07-06,Equity Equal Weight,DD,0.02
2023-07-06,Equity Equal Weight,DIS,0.02
2023-07-06,Equity Equal Weight,DOW,0.02
2023-07-06,Equity Equal Weight,DUK,0.02
2023-07-06,Equity Equal Weight,EA,0.02
2023-07-06,Equity Equal Weight,GE,0.02
2023-07-06,Equity Equal Weight,GILD,0.02
2023-07-06,Equity Equal Weight,GS,0.02
2023-07-06,Equity Equal Weight,INTC,0.02
2023-07-06,Equity Equal Weight,KO,0.02
2023-07-06,Equity Equal Weight,MMM,0.02
2023-07-06,Equity Equal Weight,MRK,0.02
2023-07-06,Equity Equal Weight,MS,0.02
2023-07-06,Equity Equal Weight,NEE,0.02
2023-07-06,Equity Equal Weight,NEM,0.02
2023-07-06,Equity Equal Weight,NKE,0.02
2023-07-06,Equity Equal Weight,NUE,0.02
2023-07-06,Equity Equal Weight,NVDA,0.02
2023-07-06,Equity Equal Weight,O,0.02
2023-07-06,Equity Equal Weight,OXY,0.02
2023-07-06,Equity Equal Weight,PLD,0.02
2023-07-06,Equity Equal Weight,PSA,0.02
2023-07-06,Equity Equal Weight,QCOM,0.02
2023-07-06,Equity Equal Weight,SBUX,0.02
2023-07-06,Equity Equal Weight,SHW,0.02
2023-07-06,Equity Equal Weight,SLB,0.02
2023-07-06,Equity Equal Weight,SO,0.02
2023-07-06,Equity Equal Weight,T,0.02
2023-07-06,Equity Equal Weight,TMUS,0.02
2023-07-06,Equity Equal Weight,TTWO,0.02
2023-07-06,Equity Equal Weight,UPS,0.02
2023-07-06,Equity Equal Weight,USB,0.02
2023-07-06,Equity Equal Weight,V,0.02
2023-07-06,Equity Equal Weight,WFC,0.02
2023-07-06,Equity Equal Weight,WMT,0.02
2023-07-06,Equity Equal Weight,XOM,0.02
2023-08-04,Equity Equal Weight,ABBV,0.02
2023-08-04,Equity Equal Weight,ABT,0.02
2023-08-04,Equity Equal Weight,ADBE,0.02
2023-08-04,Equity Equal Weight,AEP,0.02
2023-08-04,Equity Equal Weight,AMD,0.02
2023-08-04,Equity Equal Weight,AMGN,0.02
2023-08-04,Equity Equal Weight,AMT,0.02
2023-08-04,Equity Equal Weight,BA,0.02
2023-08-04,Equity Equal Weight,CAT,0.02
2023-08-04,Equity Equal Weight,CCI,0.02
2023-08-04,Equity Equal Weight,CMCSA,0.02
2023-08-04,Equity Equal Weight,COP,0.02
2023-08-04,Equity Equal Weight,CVX,0.02
2023-08-04,Equity Equal Weight,D,0.02
2023-08-04,Equity Equal Weight,DD,0.02
2023-08-04,Equity Equal Weight,DIS,0.02
2023-08-04,Equity Equal Weight,DOW,0.02
2023-08-04,Equity Equal Weight,DUK,0.02
2023-08-04,Equity Equal Weight,EA,0.02
2023-08-04,Equity Equal Weight,GE,0.02
2023-08-04,Equity Equal Weight,GILD,0.02
2023-08-04,Equity Equal Weight,GS,0.02
2023-08-04,Equity Equal Weight,INTC,0.02
2023-08-04,Equity Equal Weight,KO,0.02
2023-08-04,Equity Equal Weight,MMM,0.02
2023-08-04,Equity Equal Weight,MRK,0.02
2023-08-04,Equity Equal Weight,MS,0.02
2023-08-04,Equity Equal Weight,NEE,0.02
2023-08-04,Equity Equal Weight,NEM,0.02
2023-08-04,Equity Equal Weight,NKE,0.02
2023-08-04,Equity Equal Weight,NUE,0.02
2023-08-04,Equity Equal Weight,NVDA,0.02
2023-08-04,Equity Equal Weight,O,0.02
2023-08-04,Equity Equal Weight,OXY,0.02
2023-08-04,Equity Equal Weight,PLD,0.02
2023-08-04,Equity Equal Weight,PSA,0.02
2023-08-04,Equity Equal Weight,QCOM,0.02
2023-08-04,Equity Equal Weight,SBUX,0.02
2023-08-04,Equity Equal Weight,SHW,0.02
2023-08-04,Equity Equal Weight,SLB,0.02
2023-08-04,Equity Equal Weight,SO,0.02
2023-08-04,Equity Equal Weight,T,0.02
2023-08-04,Equity Equal Weight,TMUS,0.02
2023-08-04,Equity Equal Weight,TTWO,0.02
2023-08-04,Equity Equal Weight,UPS,0.02
2023-08-04,Equity Equal Weight,USB,0.02
2023-08-04,Equity Equal Weight,V,0.02
2023-08-04,Equity Equal Weight,WFC,0.02
2023-08-04,Equity Equal Weight,WMT,0.02
2023-08-04,Equity Equal Weight,XOM,0.02
2023-09-05,Equity Equal Weight,ABBV,0.02
2023-09-05,Equity Equal Weight,ABT,0.02
2023-09-05,Equity Equal Weight,ADBE,0.02
2023-09-05,Equity Equal Weight,AEP,0.02
2023-09-05,Equity Equal Weight,AMD,0.02
2023-09-05,Equity Equal Weight,AMGN,0.02
2023-09-05,Equity Equal Weight,AMT,0.02
2023-09-05,Equity Equal Weight,BA,0.02
2023-09-05,Equity Equal Weight,CAT,0.02
2023-09-05,Equity Equal Weight,CCI,0.02
2023-09-05,Equity Equal Weight,CMCSA,0.02
2023-09-05,Equity Equal Weight,COP,0.02
2023-09-05,Equity Equal Weight,CVX,0.02
2023-09-05,Equity Equal Weight,D,0.02
2023-09-05,Equity Equal Weight,DD,0.02
2023-09-05,Equity Equal Weight,DIS,0.02
2023-09-05,Equity Equal Weight,DOW,0.02
2023-09-05,Equity Equal Weight,DUK,0.02
2023-09-05,Equity Equal Weight,EA,0.02
2023-09-05,Equity Equal Weight,GE,0.02
2023-09-05,Equity Equal Weight,GILD,0.02
2023-09-05,Equity Equal Weight,GS,0.02
2023-09-05,Equity Equal Weight,INTC,0.02
2023-09-05,Equity Equal Weight,KO,0.02
2023-09-05,Equity Equal Weight,MMM,0.02
2023-09-05,Equity Equal Weight,MRK,0.02
2023-09-05,Equity Equal Weight,MS,0.02
2023-09-05,Equity Equal Weight,NEE,0.02
2023-09-05,Equity Equal Weight,NEM,0.02
2023-09-05,Equity Equal Weight,NKE,0.02
2023-09-05,Equity Equal Weight,NUE,0.02
2023-09-05,Equity Equal Weight,NVDA,0.02
2023-09-05,Equity Equal Weight,O,0.02
2023-09-05,Equity Equal Weight,OXY,0.02
2023-09-05,Equity Equal Weight,PLD,0.02
2023-09-05,Equity Equal Weight,PSA,0.02
2023-09-05,Equity Equal Weight,QCOM,0.02
2023-09-05,Equity Equal Weight,SBUX,0.02
2023-09-05,Equity Equal Weight,SHW,0.02
2023-09-05,Equity Equal Weight,SLB,0.02
2023-09-05,Equity Equal Weight,SO,0.02
2023-09-05,Equity Equal Weight,T,0.02
2023-09-05,Equity Equal Weight,TMUS,0.02
2023-09-05,Equity Equal Weight,TTWO,0.02
2023-09-05,Equity Equal Weight,UPS,0.02
2023-09-05,Equity Equal Weight,USB,0.02
2023-09-05,Equity Equal Weight,V,0.02
2023-09-05,Equity Equal Weight,WFC,0.02
2023-09-05,Equity Equal Weight,WMT,0.02
2023-09-05,Equity Equal Weight,XOM,0.02
2023-10-04,Equity Equal Weight,ABBV,0.02
2023-10-04,Equity Equal Weight,ABT,0.02
2023-10-04,Equity Equal Weight,ADBE,0.02
2023-10-04,Equity Equal Weight,AEP,0.02
2023-10-04,Equity Equal Weight,AMD,0.02
2023-10-04,Equity Equal Weight,AMGN,0.02
2023-10-04,Equity Equal Weight,AMT,0.02
2023-10-04,Equity Equal Weight,BA,0.02
2023-10-04,Equity Equal Weight,CAT,0.02
2023-10-04,Equity Equal Weight,CCI,0.02
2023-10-04,Equity Equal Weight,CMCSA,0.02
2023-10-04,Equity Equal Weight,COP,0.02
2023-10-04,Equity Equal Weight,CVX,0.02
2023-10-04,Equity Equal Weight,D,0.02
2023-10-04,Equity Equal Weight,DD,0.02
2023-10-04,Equity Equal Weight,DIS,0.02
2023-10-04,Equity Equal Weight,DOW,0.02
2023-10-04,Equity Equal Weight,DUK,0.02
2023-10-04,Equity Equal Weight,EA,0.02
2023-10-04,Equity Equal Weight,GE,0.02
2023-10-04,Equity Equal Weight,GILD,0.02
2023-10-04,Equity Equal Weight,GS,0.02
2023-10-04,Equity Equal Weight,INTC,0.02
2023-10-04,Equity Equal Weight,KO,0.02
2023-10-04,Equity Equal Weight,MMM,0.02
2023-10-04,Equity Equal Weight,MRK,0.02
2023-10-04,Equity Equal Weight,MS,0.02
2023-10-04,Equity Equal Weight,NEE,0.02
2023-10-04,Equity Equal Weight,NEM,0.02
2023-10-04,Equity Equal Weight,NKE,0.02
2023-10-04,Equity Equal Weight,NUE,0.02
2023-10-04,Equity Equal Weight,NVDA,0.02
2023-10-04,Equity Equal Weight,O,0.02
2023-10-04,Equity Equal Weight,OXY,0.02
2023-10-04,Equity Equal Weight,PLD,0.02
2023-10-04,Equity Equal Weight,PSA,0.02
2023-10-04,Equity Equal Weight,QCOM,0.02
2023-10-04,Equity Equal Weight,SBUX,0.02
2023-10-04,Equity Equal Weight,SHW,0.02
2023-10-04,Equity Equal Weight,SLB,0.02
2023-10-04,Equity Equal Weight,SO,0.02
2023-10-04,Equity Equal Weight,T,0.02
2023-10-04,Equity Equal Weight,TMUS,0.02
2023-10-04,Equity Equal Weight,TTWO,0.02
2023-10-04,Equity Equal Weight,UPS,0.02
2023-10-04,Equity Equal Weight,USB,0.02
2023-10-04,Equity Equal Weight,V,0.02
2023-10-04,Equity Equal Weight,WFC,0.02
2023-10-04,Equity Equal Weight,WMT,0.02
2023-10-04,Equity Equal Weight,XOM,0.02
2023-11-02,Equity Equal Weight,ABBV,0.02
2023-11-02,Equity Equal Weight,ABT,0.02
2023-11-02,Equity Equal Weight,ADBE,0.02
2023-11-02,Equity Equal Weight,AEP,0.02
2023-11-02,Equity Equal Weight,AMD,0.02
2023-11-02,Equity Equal Weight,AMGN,0.02
2023-11-02,Equity Equal Weight,AMT,0.02
2023-11-02,Equity Equal Weight,BA,0.02
2023-11-02,Equity Equal Weight,CAT,0.02
2023-11-02,Equity Equal Weight,CCI,0.02
2023-11-02,Equity Equal Weight,CMCSA,0.02
2023-11-02,Equity Equal Weight,COP,0.02
2023-11-02,Equity Equal Weight,CVX,0.02
2023-11-02,Equity Equal Weight,D,0.02
2023-11-02,Equity Equal Weight,DD,0.02
2023-11-02,Equity Equal Weight,DIS,0.02
2023-11-02,Equity Equal Weight,DOW,0.02
2023-11-02,Equity Equal Weight,DUK,0.02
2023-11-02,Equity Equal Weight,EA,0.02
2023-11-02,Equity Equal Weight,GE,0.02
2023-11-02,Equity Equal Weight,GILD,0.02
2023-11-02,Equity Equal Weight,GS,0.02
2023-11-02,Equity Equal Weight,INTC,0.02
2023-11-02,Equity Equal Weight,KO,0.02
2023-11-02,Equity Equal Weight,MMM,0.02
2023-11-02,Equity Equal Weight,MRK,0.02
2023-11-02,Equity Equal Weight,MS,0.02
2023-11-02,Equity Equal Weight,NEE,0.02
2023-11-02,Equity Equal Weight,NEM,0.02
2023-11-02,Equity Equal Weight,NKE,0.02
2023-11-02,Equity Equal Weight,NUE,0.02
2023-11-02,Equity Equal Weight,NVDA,0.02
2023-11-02,Equity Equal Weight,O,0.02
2023-11-02,Equity Equal Weight,OXY,0.02
2023-11-02,Equity Equal Weight,PLD,0.02
2023-11-02,Equity Equal Weight,PSA,0.02
2023-11-02,Equity Equal Weight,QCOM,0.02
2023-11-02,Equity Equal Weight,SBUX,0.02
2023-11-02,Equity Equal Weight,SHW,0.02
2023-11-02,Equity Equal Weight,SLB,0.02
2023-11-02,Equity Equal Weight,SO,0.02
2023-11-02,Equity Equal Weight,T,0.02
2023-11-02,Equity Equal Weight,TMUS,0.02
2023-11-02,Equity Equal Weight,TTWO,0.02
2023-11-02,Equity Equal Weight,UPS,0.02
2023-11-02,Equity Equal Weight,USB,0.02
2023-11-02,Equity Equal Weight,V,0.02
2023-11-02,Equity Equal Weight,WFC,0.02
2023-11-02,Equity Equal Weight,WMT,0.02
2023-11-02,Equity Equal Weight,XOM,0.02
2023-12-04,Equity Equal Weight,ABBV,0.02
2023-12-04,Equity Equal Weight,ABT,0.02
2023-12-04,Equity Equal Weight,ADBE,0.02
2023-12-04,Equity Equal Weight,AEP,0.02
2023-12-04,Equity Equal Weight,AMD,0.02
2023-12-04,Equity Equal Weight,AMGN,0.02
2023-12-04,Equity Equal Weight,AMT,0.02
2023-12-04,Equity Equal Weight,BA,0.02
2023-12-04,Equity Equal Weight,CAT,0.02
2023-12-04,Equity Equal Weight,CCI,0.02
2023-12-04,Equity Equal Weight,CMCSA,0.02
2023-12-04,Equity Equal Weight,COP,0.02
2023-12-04,Equity Equal Weight,CVX,0.02
2023-12-04,Equity Equal Weight,D,0.02
2023-12-04,Equity Equal Weight,DD,0.02
2023-12-04,Equity Equal Weight,DIS,0.02
2023-12-04,Equity Equal Weight,DOW,0.02
2023-12-04,Equity Equal Weight,DUK,0.02
2023-12-04,Equity Equal Weight,EA,0.02
2023-12-04,Equity Equal Weight,GE,0.02
2023-12-04,Equity Equal Weight,GILD,0.02
2023-12-04,Equity Equal Weight,GS,0.02
2023-12-04,Equity Equal Weight,INTC,0.02
2023-12-04,Equity Equal Weight,KO,0.02
2023-12-04,Equity Equal Weight,MMM,0.02
2023-12-04,Equity Equal Weight,MRK,0.02
2023-12-04,Equity Equal Weight,MS,0.02
2023-12-04,Equity Equal Weight,NEE,0.02
2023-12-04,Equity Equal Weight,NEM,0.02
2023-12-04,Equity Equal Weight,NKE,0.02
2023-12-04,Equity Equal Weight,NUE,0.02
2023-12-04,Equity Equal Weight,NVDA,0.02
2023-12-04,Equity Equal Weight,O,0.02
2023-12-04,Equity Equal Weight,OXY,0.02
2023-12-04,Equity Equal Weight,PLD,0.02
2023-12-04,Equity Equal Weight,PSA,0.02
2023-12-04,Equity Equal Weight,QCOM,0.02
2023-12-04,Equity Equal Weight,SBUX,0.02
2023-12-04,Equity Equal Weight,SHW,0.02
2023-12-04,Equity Equal Weight,SLB,0.02
2023-12-04,Equity Equal Weight,SO,0.02
2023-12-04,Equity Equal Weight,T,0.02
2023-12-04,Equity Equal Weight,TMUS,0.02
2023-12-04,Equity Equal Weight,TTWO,0.02
2023-12-04,Equity Equal Weight,UPS,0.02
2023-12-04,Equity Equal Weight,USB,0.02
2023-12-04,Equity Equal Weight,V,0.02
2023-12-04,Equity Equal Weight,WFC,0.02
2023-12-04,Equity Equal Weight,WMT,0.02
2023-12-04,Equity Equal Weight,XOM,0.02
2021-12-31,Equity Minimum Variance,ABBV,0.103551
2021-12-31,Equity Minimum Variance,ABT,0.0
2021-12-31,Equity Minimum Variance,ADBE,0.0
2021-12-31,Equity Minimum Variance,AEP,0.018802
2021-12-31,Equity Minimum Variance,AMD,0.0
2021-12-31,Equity Minimum Variance,AMGN,0.0
2021-12-31,Equity Minimum Variance,AMT,0.0
2021-12-31,Equity Minimum Variance,BA,0.0
2021-12-31,Equity Minimum Variance,CAT,0.0
2021-12-31,Equity Minimum Variance,CCI,0.0
2021-12-31,Equity Minimum Variance,CMCSA,0.0
2021-12-31,Equity Minimum Variance,COP,0.0
2021-12-31,Equity Minimum Variance,CVX,0.0
2021-12-31,Equity Minimum Variance,D,0.0
2021-12-31,Equity Minimum Variance,DD,0.0
2021-12-31,Equity Minimum Variance,DIS,0.002794
2021-12-31,Equity Minimum Variance,DOW,0.0
2021-12-31,Equity Minimum Variance,DUK,0.0
2021-12-31,Equity Minimum Variance,EA,0.077226
2021-12-31,Equity Minimum Variance,GE,0.0
2021-12-31,Equity Minimum Variance,GILD,0.128785
2021-12-31,Equity Minimum Variance,GS,0.0
2021-12-31,Equity Minimum Variance,INTC,0.0
2021-12-31,Equity Minimum Variance,KO,0.038905
2021-12-31,Equity Minimum Variance,MMM,0.073883
2021-12-31,Equity Minimum Variance,MRK,0.080785
2021-12-31,Equity Minimum Variance,MS,0.0
2021-12-31,Equity Minimum Variance,NEE,0.0
2021-12-31,Equity Minimum Variance,NEM,0.104385
2021-12-31,Equity Minimum Variance,NKE,0.020595
2021-12-31,Equity Minimum Variance,NUE,0.0
2021-12-31,Equity Minimum Variance,NVDA,0.0
2021-12-31,Equity Minimum Variance,O,0.0
2021-12-31,Equity Minimum Variance,OXY,0.0
2021-12-31,Equity Minimum Variance,PLD,0.0
2021-12-31,Equity Minimum Variance,PSA,0.087299
2021-12-31,Equity Minimum Variance,QCOM,0.0
2021-12-31,Equity Minimum Variance,SBUX,0.0
2021-12-31,Equity Minimum Variance,SHW,0.0
2021-12-31,Equity Minimum Variance,SLB,0.0
2021-12-31,Equity Minimum Variance,SO,0.0
2021-12-31,Equity Minimum Variance,T,0.024927
2021-12-31,Equity Minimum Variance,TMUS,0.0
2021-12-31,Equity Minimum Variance,TTWO,0.045408
2021-12-31,Equity Minimum Variance,UPS,0.025617
2021-12-31,Equity Minimum Variance,USB,0.0
2021-12-31,Equity Minimum Variance,V,0.0
2021-12-31,Equity Minimum Variance,WFC,0.0
2021-12-31,Equity Minimum Variance,WMT,0.167036
2021-12-31,Equity Minimum Variance,XOM,0.0
2022-02-01,Equity Minimum Variance,ABBV,0.108957
2022-02-01,Equity Minimum Variance,ABT,0.0
2022-02-01,Equity Minimum Variance,ADBE,0.0
2022-02-01,Equity Minimum Variance,AEP,0.018121
2022-02-01,Equity Minimum Variance,AMD,0.0
2022-02-01,Equity Minimum Variance,AMGN,0.0
2022-02-01,Equity Minimum Variance,AMT,0.0
2022-02-01,Equity Minimum Variance,BA,0.0
2022-02-01,Equity Minimum Variance,CAT,0.0
2022-02-01,Equity Minimum Variance,CCI,0.0
2022-02-01,Equity Minimum Variance,CMCSA,0.0
2022-02-01,Equity Minimum Variance,COP,0.0
2022-02-01,Equity Minimum Variance,CVX,0.0
2022-02-01,Equity Minimum Variance,D,0.0
2022-02-01,Equity Minimum Variance,DD,0.0
2022-02-01,Equity Minimum Variance,DIS,0.002876
2022-02-01,Equity Minimum Variance,DOW,0.0
2022-02-01,Equity Minimum Variance,DUK,0.0
2022-02-01,Equity Minimum Variance,EA,0.079381
2022-02-01,Equity Minimum Variance,GE,0.0
2022-02-01,Equity Minimum Variance,GILD,0.128034
2022-02-01,Equity Minimum Variance,GS,0.0
2022-02-01,Equity Minimum Variance,INTC,0.0
2022-02-01,Equity Minimum Variance,KO,0.04078
2022-02-01,Equity Minimum Variance,MMM,0.075213
2022-02-01,Equity Minimum Variance,MRK,0.086839
2022-02-01,Equity Minimum Variance,MS,0.0
2022-02-01,Equity Minimum Variance,NEE,0.0
2022-02-01,Equity Minimum Variance,NEM,0.098376
2022-02-01,Equity Minimum Variance,NKE,0.023588
2022-02-01,Equity Minimum Variance,NUE,0.0
2022-02-01,Equity Minimum Variance,NVDA,0.0
2022-02-01,Equity Minimum Variance,O,0.0
2022-02-01,Equity Minimum Variance,OXY,0.0
2022-02-01,Equity Minimum Variance,PLD,0.0
2022-02-01,Equity Minimum Variance,PSA,0.085585
2022-02-01,Equity Minimum Variance,QCOM,0.0
2022-02-01,Equity Minimum Variance,SBUX,0.0
2022-02-01,Equity Minimum Variance,SHW,0.0
2022-02-01,Equity Minimum Variance,SLB,0.0
2022-02-01,Equity Minimum Variance,SO,0.0
2022-02-01,Equity Minimum Variance,T,0.01105
2022-02-01,Equity Minimum Variance,TMUS,0.008626
2022-02-01,Equity Minimum Variance,TTWO,0.038221
2022-02-01,Equity Minimum Variance,UPS,0.027287
2022-02-01,Equity Minimum Variance,USB,0.0
2022-02-01,Equity Minimum Variance,V,0.0
2022-02-01,Equity Minimum Variance,WFC,0.0
2022-02-01,Equity Minimum Variance,WMT,0.167068
2022-02-01,Equity Minimum Variance,XOM,0.0
2022-03-03,Equity Minimum Variance,ABBV,0.102032
2022-03-03,Equity Minimum Variance,ABT,0.0
2022-03-03,Equity Minimum Variance,ADBE,0.0
2022-03-03,Equity Minimum Variance,AEP,0.024909
2022-03-03,Equity Minimum Variance,AMD,0.0
2022-03-03,Equity Minimum Variance,AMGN,0.0
2022-03-03,Equity Minimum Variance,AMT,0.0
2022-03-03,Equity Minimum Variance,BA,0.0
2022-03-03,Equity Minimum Variance,CAT,0.0
2022-03-03,Equity Minimum Variance,CCI,0.0
2022-03-03,Equity Minimum Variance,CMCSA,0.0
2022-03-03,Equity Minimum Variance,COP,0.0
2022-03-03,Equity Minimum Variance,CVX,0.0
2022-03-03,Equity Minimum Variance,D,0.0
2022-03-03,Equity Minimum Variance,DD,0.0
2022-03-03,Equity Minimum Variance,DIS,0.006519
2022-03-03,Equity Minimum Variance,DOW,0.0
2022-03-03,Equity Minimum Variance,DUK,0.0
2022-03-03,Equity Minimum Variance,EA,0.076338
2022-03-03,Equity Minimum Variance,GE,0.0
2022-03-03,Equity Minimum Variance,GILD,0.142689
2022-03-03,Equity Minimum Variance,GS,0.0
2022-03-03,Equity Minimum Variance,INTC,0.0
2022-03-03,Equity Minimum Variance,KO,0.045452
2022-03-03,Equity Minimum Variance,MMM,0.057655
2022-03-03,Equity Minimum Variance,MRK,0.086616
2022-03-03,Equity Minimum Variance,MS,0.0
2022-03-03,Equity Minimum Variance,NEE,0.0
2022-03-03,Equity Minimum Variance,NEM,0.091759
2022-03-03,Equity Minimum Variance,NKE,0.017975
2022-03-03,Equity Minimum Variance,NUE,0.0
2022-03-03,Equity Minimum Variance,NVDA,0.0
2022-03-03,Equity Minimum Variance,O,0.0
2022-03-03,Equity Minimum Variance,OXY,0.0
2022-03-03,Equity Minimum Variance,PLD,0.0
2022-03-03,Equity Minimum Variance,PSA,0.086805
2022-03-03,Equity Minimum Variance,QCOM,0.0
2022-03-03,Equity Minimum Variance,SBUX,0.0
2022-03-03,Equity Minimum Variance,SHW,0.0
2022-03-03,Equity Minimum Variance,SLB,0.0
2022-03-03,Equity Minimum Variance,SO,0.0
2022-03-03,Equity Minimum Variance,T,0.016779
2022-03-03,Equity Minimum Variance,TMUS,0.005492
2022-03-03,Equity Minimum Variance,TTWO,0.04596
2022-03-03,Equity Minimum Variance,UPS,0.022394
2022-03-03,Equity Minimum Variance,USB,0.0
2022-03-03,Equity Minimum Variance,V,0.0
2022-03-03,Equity Minimum Variance,WFC,0.0
2022-03-03,Equity Minimum Variance,WMT,0.170625
2022-03-03,Equity Minimum Variance,XOM,0.0
2022-04-01,Equity Minimum Variance,ABBV,0.089614
2022-04-01,Equity Minimum Variance,ABT,0.000746
2022-04-01,Equity Minimum Variance,ADBE,0.0
2022-04-01,Equity Minimum Variance,AEP,0.03725
2022-04-01,Equity Minimum Variance,AMD,0.0
2022-04-01,Equity Minimum Variance,AMGN,0.012428
2022-04-01,Equity Minimum Variance,AMT,0.0
2022-04-01,Equity Minimum Variance,BA,0.0
2022-04-01,Equity Minimum Variance,CAT,0.021904
2022-04-01,Equity Minimum Variance,CCI,0.0
2022-04-01,Equity Minimum Variance,CMCSA,0.0
2022-04-01,Equity Minimum Variance,COP,0.0
2022-04-01,Equity Minimum Variance,CVX,0.000197
2022-04-01,Equity Minimum Variance,D,0.031408
2022-04-01,Equity Minimum Variance,DD,0.0
2022-04-01,Equity Minimum Variance,DIS,0.024351
2022-04-01,Equity Minimum Variance,DOW,0.0
2022-04-01,Equity Minimum Variance,DUK,0.027924
2022-04-01,Equity Minimum Variance,EA,0.089462
2022-04-01,Equity Minimum Variance,GE,0.0
2022-04-01,Equity Minimum Variance,GILD,0.092972
2022-04-01,Equity Minimum Variance,GS,0.0
2022-04-01,Equity Minimum Variance,INTC,0.0
2022-04-01,Equity Minimum Variance,KO,0.026112
2022-04-01,Equity Minimum Variance,MMM,0.06233
2022-04-01,Equity Minimum Variance,MRK,0.070821
2022-04-01,Equity Minimum Variance,MS,0.0
2022-04-01,Equity Minimum Variance,NEE,0.000264
2022-04-01,Equity Minimum Variance,NEM,0.024417
2022-04-01,Equity Minimum Variance,NKE,0.023168
2022-04-01,Equity Minimum Variance,NUE,0.0
2022-04-01,Equity Minimum Variance,NVDA,0.0
2022-04-01,Equity Minimum Variance,O,0.0
2022-04-01,Equity Minimum Variance,OXY,0.0
2022-04-01,Equity Minimum Variance,PLD,0.0
2022-04-01,Equity Minimum Variance,PSA,0.078421
2022-04-01,Equity Minimum Variance,QCOM,0.0
2022-04-01,Equity Minimum Variance,SBUX,0.0
2022-04-01,Equity Minimum Variance,SHW,0.0
2022-04-01,Equity Minimum Variance,SLB,0.0
2022-04-01,Equity Minimum Variance,SO,0.0
2022-04-01,Equity Minimum Variance,T,0.043634
2022-04-01,Equity Minimum Variance,TMUS,0.000601
2022-04-01,Equity Minimum Variance,TTWO,0.059925
2022-04-01,Equity Minimum Variance,UPS,0.0
2022-04-01,Equity Minimum Variance,USB,0.0
2022-04-01,Equity Minimum Variance,V,0.0
2022-04-01,Equity Minimum Variance,WFC,0.0
2022-04-01,Equity Minimum Variance,WMT,0.175081
2022-04-01,Equity Minimum Variance,XOM,0.006969
2022-05-03,Equity Minimum Variance,ABBV,0.068365
2022-05-03,Equity Minimum Variance,ABT,0.0
2022-05-03,Equity Minimum Variance,ADBE,0.008582
2022-05-03,Equity Minimum Variance,AEP,0.049923
2022-05-03,Equity Minimum Variance,AMD,0.0
2022-05-03,Equity Minimum Variance,AMGN,0.012517
2022-05-03,Equity Minimum Variance,AMT,0.0
2022-05-03,Equity Minimum Variance,BA,0.0
2022-05-03,Equity Minimum Variance,CAT,0.021817
2022-05-03,Equity Minimum Variance,CCI,0.0
2022-05-03,Equity Minimum Variance,CMCSA,0.0
2022-05-03,Equity Minimum Variance,COP,0.0
2022-05-03,Equity Minimum Variance,CVX,0.000747
2022-05-03,Equity Minimum Variance,D,0.048319
2022-05-03,Equity Minimum Variance,DD,0.0
2022-05-03,Equity Minimum Variance,DIS,0.020363
2022-05-03,Equity Minimum Variance,DOW,0.0
2022-05-03,Equity Minimum Variance,DUK,0.054932
2022-05-03,Equity Minimum Variance,EA,0.070663
2022-05-03,Equity Minimum Variance,GE,0.0
2022-05-03,Equity Minimum Variance,GILD,0.07948
2022-05-03,Equity Minimum Variance,GS,0.0
2022-05-03,Equity Minimum Variance,INTC,0.00051
2022-05-03,Equity Minimum Variance,KO,0.031499
2022-05-03,Equity Minimum Variance,MMM,0.03983
2022-05-03,Equity Minimum Variance,MRK,0.081762
2022-05-03,Equity Minimum Variance,MS,0.0
2022-05-03,Equity Minimum Variance,NEE,0.0
2022-05-03,Equity Minimum Variance,NEM,0.031722
2022-05-03,Equity Minimum Variance,NKE,0.028548
2022-05-03,Equity Minimum Variance,NUE,0.0
2022-05-03,Equity Minimum Variance,NVDA,0.0
2022-05-03,Equity Minimum Variance,O,0.002042
2022-05-03,Equity Minimum Variance,OXY,0.0
2022-05-03,Equity Minimum Variance,PLD,0.0
2022-05-03,Equity Minimum Variance,PSA,0.038521
2022-05-03,Equity Minimum Variance,QCOM,0.0
2022-05-03,Equity Minimum Variance,SBUX,0.0
2022-05-03,Equity Minimum Variance,SHW,0.03643
2022-05-03,Equity Minimum Variance,SLB,0.0
2022-05-03,Equity Minimum Variance,SO,0.021849
2022-05-03,Equity Minimum Variance,T,0.057435
2022-05-03,Equity Minimum Variance,TMUS,0.0
2022-05-03,Equity Minimum Variance,TTWO,0.050572
2022-05-03,Equity Minimum Variance,UPS,0.0
2022-05-03,Equity Minimum Variance,USB,0.0
2022-05-03,Equity Minimum Variance,V,0.0
2022-05-03,Equity Minimum Variance,WFC,0.0
2022-05-03,Equity Minimum Variance,WMT,0.140881
2022-05-03,Equity Minimum Variance,XOM,0.00269
2022-06-02,Equity Minimum Variance,ABBV,0.064131
2022-06-02,Equity Minimum Variance,ABT,0.0
2022-06-02,Equity Minimum Variance,ADBE,0.002097
2022-06-02,Equity Minimum Variance,AEP,0.066092
2022-06-02,Equity Minimum Variance,AMD,0.0
2022-06-02,Equity Minimum Variance,AMGN,0.018872
2022-06-02,Equity Minimum Variance,AMT,0.0
2022-06-02,Equity Minimum Variance,BA,0.0
2022-06-02,Equity Minimum Variance,CAT,0.016418
2022-06-02,Equity Minimum Variance,CCI,0.000829
2022-06-02,Equity Minimum Variance,CMCSA,0.007341
2022-06-02,Equity Minimum Variance,COP,0.0
2022-06-02,Equity Minimum Variance,CVX,0.003585
2022-06-02,Equity Minimum Variance,D,0.044915
2022-06-02,Equity Minimum Variance,DD,0.0
2022-06-02,Equity Minimum Variance,DIS,0.024521
2022-06-02,Equity Minimum Variance,DOW,0.0
2022-06-02,Equity Minimum Variance,DUK,0.061511
2022-06-02,Equity Minimum Variance,EA,0.07477
2022-06-02,Equity Minimum Variance,GE,0.0
2022-06-02,Equity Minimum Variance,GILD,0.090612
2022-06-02,Equity Minimum Variance,GS,0.004391
2022-06-02,Equity Minimum Variance,INTC,0.0
2022-06-02,Equity Minimum Variance,KO,0.012852
2022-06-02,Equity Minimum Variance,MMM,0.046804
2022-06-02,Equity Minimum Variance,MRK,0.084519
2022-06-02,Equity Minimum Variance,MS,0.0
2022-06-02,Equity Minimum Variance,NEE,0.0
2022-06-02,Equity Minimum Variance,NEM,0.028632
2022-06-02,Equity Minimum Variance,NKE,0.016856
2022-06-02,Equity Minimum Variance,NUE,0.0
2022-06-02,Equity Minimum Variance,NVDA,0.0
2022-06-02,Equity Minimum Variance,O,0.003873
2022-06-02,Equity Minimum Variance,OXY,0.0
2022-06-02,Equity Minimum Variance,PLD,0.0
2022-06-02,Equity Minimum Variance,PSA,0.038237
2022-06-02,Equity Minimum Variance,QCOM,0.0
2022-06-02,Equity Minimum Variance,SBUX,0.0
2022-06-02,Equity Minimum Variance,SHW,0.026978
2022-06-02,Equity Minimum Variance,SLB,0.0
2022-06-02,Equity Minimum Variance,SO,0.040362
2022-06-02,Equity Minimum Variance,T,0.056352
2022-06-02,Equity Minimum Variance,TMUS,0.0
2022-06-02,Equity Minimum Variance,TTWO,0.043673
2022-06-02,Equity Minimum Variance,UPS,0.002645
2022-06-02,Equity Minimum Variance,USB,0.0
2022-06-02,Equity Minimum Variance,V,0.0
2022-06-02,Equity Minimum Variance,WFC,0.0
2022-06-02,Equity Minimum Variance,WMT,0.117992
2022-06-02,Equity Minimum Variance,XOM,0.000139
2022-07-05,Equity Minimum Variance,ABBV,0.06157
2022-07-05,Equity Minimum Variance,ABT,0.0
2022-07-05,Equity Minimum Variance,ADBE,0.000721
2022-07-05,Equity Minimum Variance,AEP,0.057054
2022-07-05,Equity Minimum Variance,AMD,0.0
2022-07-05,Equity Minimum Variance,AMGN,0.042822
2022-07-05,Equity Minimum Variance,AMT,0.0
2022-07-05,Equity Minimum Variance,BA,0.0
2022-07-05,Equity Minimum Variance,CAT,0.025113
2022-07-05,Equity Minimum Variance,CCI,0.001064
2022-07-05,Equity Minimum Variance,CMCSA,0.0
2022-07-05,Equity Minimum Variance,COP,0.0
2022-07-05,Equity Minimum Variance,CVX,0.006285
2022-07-05,Equity Minimum Variance,D,0.039689
2022-07-05,Equity Minimum Variance,DD,0.0
2022-07-05,Equity Minimum Variance,DIS,0.0215
2022-07-05,Equity Minimum Variance,DOW,0.0
2022-07-05,Equity Minimum Variance,DUK,0.05298
2022-07-05,Equity Minimum Variance,EA,0.068315
2022-07-05,Equity Minimum Variance,GE,0.0
2022-07-05,Equity Minimum Variance,GILD,0.076441
2022-07-05,Equity Minimum Variance,GS,0.009387
2022-07-05,Equity Minimum Variance,INTC,0.0
2022-07-05,Equity Minimum Variance,KO,0.034994
2022-07-05,Equity Minimum Variance,MMM,0.05942
2022-07-05,Equity Minimum Variance,MRK,0.086426
2022-07-05,Equity Minimum Variance,MS,0.0
2022-07-05,Equity Minimum Variance,NEE,0.0
2022-07-05,Equity Minimum Variance,NEM,0.03076
2022-07-05,Equity Minimum Variance,NKE,0.015937
2022-07-05,Equity Minimum Variance,NUE,0.0
2022-07-05,Equity Minimum Variance,NVDA,0.0
2022-07-05,Equity Minimum Variance,O,0.008015
2022-07-05,Equity Minimum Variance,OXY,0.0
2022-07-05,Equity Minimum Variance,PLD,0.0
2022-07-05,Equity Minimum Variance,PSA,0.035562
2022-07-05,Equity Minimum Variance,QCOM,0.0
2022-07-05,Equity Minimum Variance,SBUX,0.0
2022-07-05,Equity Minimum Variance,SHW,0.019829
2022-07-05,Equity Minimum Variance,SLB,0.0
2022-07-05,Equity Minimum Variance,SO,0.037139
2022-07-05,Equity Minimum Variance,T,0.056277
2022-07-05,Equity Minimum Variance,TMUS,0.0
2022-07-05,Equity Minimum Variance,TTWO,0.035476
2022-07-05,Equity Minimum Variance,UPS,0.013503
2022-07-05,Equity Minimum Variance,USB,0.0
2022-07-05,Equity Minimum Variance,V,0.0
2022-07-05,Equity Minimum Variance,WFC,0.0
2022-07-05,Equity Minimum Variance,WMT,0.102136
2022-07-05,Equity Minimum Variance,XOM,0.001584
2022-08-03,Equity Minimum Variance,ABBV,0.061341
2022-08-03,Equity Minimum Variance,ABT,0.0
2022-08-03,Equity Minimum Variance,ADBE,0.0
2022-08-03,Equity Minimum Variance,AEP,0.056059
2022-08-03,Equity Minimum Variance,AMD,0.0
2022-08-03,Equity Minimum Variance,AMGN,0.041532
2022-08-03,Equity Minimum Variance,AMT,0.0
2022-08-03,Equity Minimum Variance,BA,0.0
2022-08-03,Equity Minimum Variance,CAT,0.020651
2022-08-03,Equity Minimum Variance,CCI,0.001236
2022-08-03,Equity Minimum Variance,CMCSA,0.004321
2022-08-03,Equity Minimum Variance,COP,0.0
2022-08-03,Equity Minimum Variance,CVX,0.00926
2022-08-03,Equity Minimum Variance,D,0.03969
2022-08-03,Equity Minimum Variance,DD,0.0
2022-08-03,Equity Minimum Variance,DIS,0.017652
2022-08-03,Equity Minimum Variance,DOW,0.0
2022-08-03,Equity Minimum Variance,DUK,0.053675
2022-08-03,Equity Minimum Variance,EA,0.06728
2022-08-03,Equity Minimum Variance,GE,0.0
2022-08-03,Equity Minimum Variance,GILD,0.07218
2022-08-03,Equity Minimum Variance,GS,0.005658
2022-08-03,Equity Minimum Variance,INTC,0.002217
2022-08-03,Equity Minimum Variance,KO,0.039609
2022-08-03,Equity Minimum Variance,MMM,0.059055
2022-08-03,Equity Minimum Variance,MRK,0.087264
2022-08-03,Equity Minimum Variance,MS,0.0
2022-08-03,Equity Minimum Variance,NEE,0.0
2022-08-03,Equity Minimum Variance,NEM,0.035039
2022-08-03,Equity Minimum Variance,NKE,0.009662
2022-08-03,Equity Minimum Variance,NUE,0.0
2022-08-03,Equity Minimum Variance,NVDA,0.0
2022-08-03,Equity Minimum Variance,O,0.012026
2022-08-03,Equity Minimum Variance,OXY,0.0
2022-08-03,Equity Minimum Variance,PLD,0.0
2022-08-03,Equity Minimum Variance,PSA,0.027622
2022-08-03,Equity Minimum Variance,QCOM,0.0
2022-08-03,Equity Minimum Variance,SBUX,0.0
2022-08-03,Equity Minimum Variance,SHW,0.030023
2022-08-03,Equity Minimum Variance,SLB,0.0
2022-08-03,Equity Minimum Variance,SO,0.037904
2022-08-03,Equity Minimum Variance,T,0.054751
2022-08-03,Equity Minimum Variance,TMUS,0.0
2022-08-03,Equity Minimum Variance,TTWO,0.038553
2022-08-03,Equity Minimum Variance,UPS,0.004906
2022-08-03,Equity Minimum Variance,USB,0.0
2022-08-03,Equity Minimum Variance,V,0.0
2022-08-03,Equity Minimum Variance,WFC,0.0
2022-08-03,Equity Minimum Variance,WMT,0.104717
2022-08-03,Equity Minimum Variance,XOM,0.006115
2022-09-01,Equity Minimum Variance,ABBV,0.056428
2022-09-01,Equity Minimum Variance,ABT,0.0
2022-09-01,Equity Minimum Variance,ADBE,0.0
2022-09-01,Equity Minimum Variance,AEP,0.056874
2022-09-01,Equity Minimum Variance,AMD,0.0
2022-09-01,Equity Minimum Variance,AMGN,0.037582
2022-09-01,Equity Minimum Variance,AMT,0.0
2022-09-01,Equity Minimum Variance,BA,0.0
2022-09-01,Equity Minimum Variance,CAT,0.016659
2022-09-01,Equity Minimum Variance,CCI,0.008553
2022-09-01,Equity Minimum Variance,CMCSA,9e-06
2022-09-01,Equity Minimum Variance,COP,0.0
2022-09-01,Equity Minimum Variance,CVX,0.0173
2022-09-01,Equity Minimum Variance,D,0.03573
2022-09-01,Equity Minimum Variance,DD,0.0
2022-09-01,Equity Minimum Variance,DIS,0.013741
2022-09-01,Equity Minimum Variance,DOW,0.0
2022-09-01,Equity Minimum Variance,DUK,0.054967
2022-09-01,Equity Minimum Variance,EA,0.07276
2022-09-01,Equity Minimum Variance,GE,0.0
2022-09-01,Equity Minimum Variance,GILD,0.0745
2022-09-01,Equity Minimum Variance,GS,0.008377
2022-09-01,Equity Minimum Variance,INTC,0.0
2022-09-01,Equity Minimum Variance,KO,0.040704
2022-09-01,Equity Minimum Variance,MMM,0.044048
2022-09-01,Equity Minimum Variance,MRK,0.082416
2022-09-01,Equity Minimum Variance,MS,0.0
2022-09-01,Equity Minimum Variance,NEE,0.0
2022-09-01,Equity Minimum Variance,NEM,0.035195
2022-09-01,Equity Minimum Variance,NKE,0.004644
2022-09-01,Equity Minimum Variance,NUE,0.0
2022-09-01,Equity Minimum Variance,NVDA,0.0
2022-09-01,Equity Minimum Variance,O,0.024907
2022-09-01,Equity Minimum Variance,OXY,0.0
2022-09-01,Equity Minimum Variance,PLD,0.0
2022-09-01,Equity Minimum Variance,PSA,0.025849
2022-09-01,Equity Minimum Variance,QCOM,0.0
2022-09-01,Equity Minimum Variance,SBUX,0.0
2022-09-01,Equity Minimum Variance,SHW,0.026541
2022-09-01,Equity Minimum Variance,SLB,0.0
2022-09-01,Equity Minimum Variance,SO,0.038843
2022-09-01,Equity Minimum Variance,T,0.055524
2022-09-01,Equity Minimum Variance,TMUS,0.0
2022-09-01,Equity Minimum Variance,TTWO,0.039184
2022-09-01,Equity Minimum Variance,UPS,0.013682
2022-09-01,Equity Minimum Variance,USB,0.0
2022-09-01,Equity Minimum Variance,V,0.0
2022-09-01,Equity Minimum Variance,WFC,0.0
2022-09-01,Equity Minimum Variance,WMT,0.109097
2022-09-01,Equity Minimum Variance,XOM,0.005885
2022-10-03,Equity Minimum Variance,ABBV,0.054131
2022-10-03,Equity Minimum Variance,ABT,0.004649
2022-10-03,Equity Minimum Variance,ADBE,0.0
2022-10-03,Equity Minimum Variance,AEP,0.040613
2022-10-03,Equity Minimum Variance,AMD,0.0
2022-10-03,Equity Minimum Variance,AMGN,0.058639
2022-10-03,Equity Minimum Variance,AMT,0.0
2022-10-03,Equity Minimum Variance,BA,0.0
2022-10-03,Equity Minimum Variance,CAT,0.007896
2022-10-03,Equity Minimum Variance,CCI,0.004776
2022-10-03,Equity Minimum Variance,CMCSA,0.0
2022-10-03,Equity Minimum Variance,COP,0.0
2022-10-03,Equity Minimum Variance,CVX,0.024301
2022-10-03,Equity Minimum Variance,D,0.02073
2022-10-03,Equity Minimum Variance,DD,0.0
2022-10-03,Equity Minimum Variance,DIS,0.001091
2022-10-03,Equity Minimum Variance,DOW,0.0
2022-10-03,Equity Minimum Variance,DUK,0.053547
2022-10-03,Equity Minimum Variance,EA,0.08187
2022-10-03,Equity Minimum Variance,GE,0.0
2022-10-03,Equity Minimum Variance,GILD,0.065472
2022-10-03,Equity Minimum Variance,GS,0.01204
2022-10-03,Equity Minimum Variance,INTC,0.0
2022-10-03,Equity Minimum Variance,KO,0.058918
2022-10-03,Equity Minimum Variance,MMM,0.049877
2022-10-03,Equity Minimum Variance,MRK,0.099019
2022-10-03,Equity Minimum Variance,MS,0.0
2022-10-03,Equity Minimum Variance,NEE,0.0
2022-10-03,Equity Minimum Variance,NEM,0.037212
2022-10-03,Equity Minimum Variance,NKE,0.0
2022-10-03,Equity Minimum Variance,NUE,0.0
2022-10-03,Equity Minimum Variance,NVDA,0.0
2022-10-03,Equity Minimum Variance,O,0.033046
2022-10-03,Equity Minimum Variance,OXY,0.0
2022-10-03,Equity Minimum Variance,PLD,0.0
2022-10-03,Equity Minimum Variance,PSA,0.02892
2022-10-03,Equity Minimum Variance,QCOM,0.0
2022-10-03,Equity Minimum Variance,SBUX,0.0
2022-10-03,Equity Minimum Variance,SHW,0.016154
2022-10-03,Equity Minimum Variance,SLB,0.0
2022-10-03,Equity Minimum Variance,SO,0.023774
2022-10-03,Equity Minimum Variance,T,0.046647
2022-10-03,Equity Minimum Variance,TMUS,0.002245
2022-10-03,Equity Minimum Variance,TTWO,0.033772
2022-10-03,Equity Minimum Variance,UPS,0.018637
2022-10-03,Equity Minimum Variance,USB,0.003026
2022-10-03,Equity Minimum Variance,V,0.0
2022-10-03,Equity Minimum Variance,WFC,0.0
2022-10-03,Equity Minimum Variance,WMT,0.118998
2022-10-03,Equity Minimum Variance,XOM,0.0
2022-11-01,Equity Minimum Variance,ABBV,0.069375
2022-11-01,Equity Minimum Variance,ABT,0.003948
2022-11-01,Equity Minimum Variance,ADBE,0.0
2022-11-01,Equity Minimum Variance,AEP,0.026475
2022-11-01,Equity Minimum Variance,AMD,0.0
2022-11-01,Equity Minimum Variance,AMGN,0.070984
2022-11-01,Equity Minimum Variance,AMT,0.0
2022-11-01,Equity Minimum Variance,BA,0.0
2022-11-01,Equity Minimum Variance,CAT,0.0
2022-11-01,Equity Minimum Variance,CCI,0.002785
2022-11-01,Equity Minimum Variance,CMCSA,0.0
2022-11-01,Equity Minimum Variance,COP,0.0
2022-11-01,Equity Minimum Variance,CVX,0.023748
2022-11-01,Equity Minimum Variance,D,0.01227
2022-11-01,Equity Minimum Variance,DD,0.0
2022-11-01,Equity Minimum Variance,DIS,0.0
2022-11-01,Equity Minimum Variance,DOW,0.0
2022-11-01,Equity Minimum Variance,DUK,0.045161
2022-11-01,Equity Minimum Variance,EA,0.086691
2022-11-01,Equity Minimum Variance,GE,0.0
2022-11-01,Equity Minimum Variance,GILD,0.046751
2022-11-01,Equity Minimum Variance,GS,0.004054
2022-11-01,Equity Minimum Variance,INTC,0.0
2022-11-01,Equity Minimum Variance,KO,0.073626
2022-11-01,Equity Minimum Variance,MMM,0.037
2022-11-01,Equity Minimum Variance,MRK,0.107241
2022-11-01,Equity Minimum Variance,MS,0.0
2022-11-01,Equity Minimum Variance,NEE,0.0
2022-11-01,Equity Minimum Variance,NEM,0.045494
2022-11-01,Equity Minimum Variance,NKE,0.0
2022-11-01,Equity Minimum Variance,NUE,0.0
2022-11-01,Equity Minimum Variance,NVDA,0.0
2022-11-01,Equity Minimum Variance,O,0.039251
2022-11-01,Equity Minimum Variance,OXY,0.0
2022-11-01,Equity Minimum Variance,PLD,0.0
2022-11-01,Equity Minimum Variance,PSA,0.02866
2022-11-01,Equity Minimum Variance,QCOM,0.0
2022-11-01,Equity Minimum Variance,SBUX,0.0
2022-11-01,Equity Minimum Variance,SHW,0.001248
2022-11-01,Equity Minimum Variance,SLB,0.0
2022-11-01,Equity Minimum Variance,SO,0.020562
2022-11-01,Equity Minimum Variance,T,0.040121
2022-11-01,Equity Minimum Variance,TMUS,0.006402
2022-11-01,Equity Minimum Variance,TTWO,0.039835
2022-11-01,Equity Minimum Variance,UPS,0.032209
2022-11-01,Equity Minimum Variance,USB,0.007366
2022-11-01,Equity Minimum Variance,V,0.0
2022-11-01,Equity Minimum Variance,WFC,0.0
2022-11-01,Equity Minimum Variance,WMT,0.12274
2022-11-01,Equity Minimum Variance,XOM,0.006003
2022-12-01,Equity Minimum Variance,ABBV,0.077136
2022-12-01,Equity Minimum Variance,ABT,0.0
2022-12-01,Equity Minimum Variance,ADBE,0.0
2022-12-01,Equity Minimum Variance,AEP,0.016945
2022-12-01,Equity Minimum Variance,AMD,0.0
2022-12-01,Equity Minimum Variance,AMGN,0.082961
2022-12-01,Equity Minimum Variance,AMT,0.0
2022-12-01,Equity Minimum Variance,BA,0.0
2022-12-01,Equity Minimum Variance,CAT,0.0
2022-12-01,Equity Minimum Variance,CCI,0.0
2022-12-01,Equity Minimum Variance,CMCSA,0.0
2022-12-01,Equity Minimum Variance,COP,0.0
2022-12-01,Equity Minimum Variance,CVX,0.037129
2022-12-01,Equity Minimum Variance,D,0.017861
2022-12-01,Equity Minimum Variance,DD,0.0
2022-12-01,Equity Minimum Variance,DIS,0.0
2022-12-01,Equity Minimum Variance,DOW,0.0
2022-12-01,Equity Minimum Variance,DUK,0.051211
2022-12-01,Equity Minimum Variance,EA,0.089718
2022-12-01,Equity Minimum Variance,GE,0.0
2022-12-01,Equity Minimum Variance,GILD,0.049456
2022-12-01,Equity Minimum Variance,GS,0.006705
2022-12-01,Equity Minimum Variance,INTC,0.0
2022-12-01,Equity Minimum Variance,KO,0.078043
2022-12-01,Equity Minimum Variance,MMM,0.034784
2022-12-01,Equity Minimum Variance,MRK,0.113394
2022-12-01,Equity Minimum Variance,MS,0.0
2022-12-01,Equity Minimum Variance,NEE,0.0
2022-12-01,Equity Minimum Variance,NEM,0.021833
2022-12-01,Equity Minimum Variance,NKE,0.0
2022-12-01,Equity Minimum Variance,NUE,0.0
2022-12-01,Equity Minimum Variance,NVDA,0.0
2022-12-01,Equity Minimum Variance,O,0.056372
2022-12-01,Equity Minimum Variance,OXY,0.0
2022-12-01,Equity Minimum Variance,PLD,0.0
2022-12-01,Equity Minimum Variance,PSA,0.006617
2022-12-01,Equity Minimum Variance,QCOM,0.0
2022-12-01,Equity Minimum Variance,SBUX,0.0
2022-12-01,Equity Minimum Variance,SHW,0.0
2022-12-01,Equity Minimum Variance,SLB,0.0
2022-12-01,Equity Minimum Variance,SO,0.025249
2022-12-01,Equity Minimum Variance,T,0.039681
2022-12-01,Equity Minimum Variance,TMUS,0.007961
2022-12-01,Equity Minimum Variance,TTWO,0.033825
2022-12-01,Equity Minimum Variance,UPS,0.014178
2022-12-01,Equity Minimum Variance,USB,0.009066
2022-12-01,Equity Minimum Variance,V,0.0
2022-12-01,Equity Minimum Variance,WFC,0.0
2022-12-01,Equity Minimum Variance,WMT,0.116389
2022-12-01,Equity Minimum Variance,XOM,0.013487
2023-01-03,Equity Minimum Variance,ABBV,0.07821
2023-01-03,Equity Minimum Variance,ABT,0.0
2023-01-03,Equity Minimum Variance,ADBE,0.0
2023-01-03,Equity Minimum Variance,AEP,0.011287
2023-01-03,Equity Minimum Variance,AMD,0.0
2023-01-03,Equity Minimum Variance,AMGN,0.088156
2023-01-03,Equity Minimum Variance,AMT,0.0
2023-01-03,Equity Minimum Variance,BA,0.0
2023-01-03,Equity Minimum Variance,CAT,0.0
2023-01-03,Equity Minimum Variance,CCI,0.0
2023-01-03,Equity Minimum Variance,CMCSA,0.0
2023-01-03,Equity Minimum Variance,COP,0.0
2023-01-03,Equity Minimum Variance,CVX,0.038871
2023-01-03,Equity Minimum Variance,D,0.012331
2023-01-03,Equity Minimum Variance,DD,0.0
2023-01-03,Equity Minimum Variance,DIS,0.0
2023-01-03,Equity Minimum Variance,DOW,0.0
2023-01-03,Equity Minimum Variance,DUK,0.05914
2023-01-03,Equity Minimum Variance,EA,0.088845
2023-01-03,Equity Minimum Variance,GE,0.0
2023-01-03,Equity Minimum Variance,GILD,0.04986
2023-01-03,Equity Minimum Variance,GS,0.00214
2023-01-03,Equity Minimum Variance,INTC,0.0
2023-01-03,Equity Minimum Variance,KO,0.088546
2023-01-03,Equity Minimum Variance,MMM,0.033451
2023-01-03,Equity Minimum Variance,MRK,0.110399
2023-01-03,Equity Minimum Variance,MS,0.0
2023-01-03,Equity Minimum Variance,NEE,0.0
2023-01-03,Equity Minimum Variance,NEM,0.02116
2023-01-03,Equity Minimum Variance,NKE,0.0
2023-01-03,Equity Minimum Variance,NUE,0.0
2023-01-03,Equity Minimum Variance,NVDA,0.0
2023-01-03,Equity Minimum Variance,O,0.072719
2023-01-03,Equity Minimum Variance,OXY,0.0
2023-01-03,Equity Minimum Variance,PLD,0.0
2023-01-03,Equity Minimum Variance,PSA,0.0
2023-01-03,Equity Minimum Variance,QCOM,0.0
2023-01-03,Equity Minimum Variance,SBUX,0.0
2023-01-03,Equity Minimum Variance,SHW,0.0
2023-01-03,Equity Minimum Variance,SLB,0.0
2023-01-03,Equity Minimum Variance,SO,0.025567
2023-01-03,Equity Minimum Variance,T,0.042395
2023-01-03,Equity Minimum Variance,TMUS,0.007065
2023-01-03,Equity Minimum Variance,TTWO,0.030647
2023-01-03,Equity Minimum Variance,UPS,0.005542
2023-01-03,Equity Minimum Variance,USB,0.002476
2023-01-03,Equity Minimum Variance,V,0.0
2023-01-03,Equity Minimum Variance,WFC,0.0
2023-01-03,Equity Minimum Variance,WMT,0.116012
2023-01-03,Equity Minimum Variance,XOM,0.015178
2023-02-02,Equity Minimum Variance,ABBV,0.086243
2023-02-02,Equity Minimum Variance,ABT,0.0
2023-02-02,Equity Minimum Variance,ADBE,0.0
2023-02-02,Equity Minimum Variance,AEP,0.009467
2023-02-02,Equity Minimum Variance,AMD,0.0
2023-02-02,Equity Minimum Variance,AMGN,0.093497
2023-02-02,Equity Minimum Variance,AMT,0.0
2023-02-02,Equity Minimum Variance,BA,0.0
2023-02-02,Equity Minimum Variance,CAT,0.0
2023-02-02,Equity Minimum Variance,CCI,0.0
2023-02-02,Equity Minimum Variance,CMCSA,0.0
2023-02-02,Equity Minimum Variance,COP,0.0
2023-02-02,Equity Minimum Variance,CVX,0.048532
2023-02-02,Equity Minimum Variance,D,0.00903
2023-02-02,Equity Minimum Variance,DD,0.0
2023-02-02,Equity Minimum Variance,DIS,0.0
2023-02-02,Equity Minimum Variance,DOW,0.0
2023-02-02,Equity Minimum Variance,DUK,0.050113
2023-02-02,Equity Minimum Variance,EA,0.08319
2023-02-02,Equity Minimum Variance,GE,0.0
2023-02-02,Equity Minimum Variance,GILD,0.044062
2023-02-02,Equity Minimum Variance,GS,0.016679
2023-02-02,Equity Minimum Variance,INTC,0.0
2023-02-02,Equity Minimum Variance,KO,0.080614
2023-02-02,Equity Minimum Variance,MMM,0.0067
2023-02-02,Equity Minimum Variance,MRK,0.115453
2023-02-02,Equity Minimum Variance,MS,0.0
2023-02-02,Equity Minimum Variance,NEE,0.012168
2023-02-02,Equity Minimum Variance,NEM,0.015787
2023-02-02,Equity Minimum Variance,NKE,0.0
2023-02-02,Equity Minimum Variance,NUE,0.0
2023-02-02,Equity Minimum Variance,NVDA,0.0
2023-02-02,Equity Minimum Variance,O,0.076545
2023-02-02,Equity Minimum Variance,OXY,0.0
2023-02-02,Equity Minimum Variance,PLD,0.0
2023-02-02,Equity Minimum Variance,PSA,0.003726
2023-02-02,Equity Minimum Variance,QCOM,0.0
2023-02-02,Equity Minimum Variance,SBUX,0.0
2023-02-02,Equity Minimum Variance,SHW,0.0
2023-02-02,Equity Minimum Variance,SLB,0.0
2023-02-02,Equity Minimum Variance,SO,0.034458
2023-02-02,Equity Minimum Variance,T,0.03572
2023-02-02,Equity Minimum Variance,TMUS,0.010107
2023-02-02,Equity Minimum Variance,TTWO,0.038168
2023-02-02,Equity Minimum Variance,UPS,0.010179
2023-02-02,Equity Minimum Variance,USB,0.0
2023-02-02,Equity Minimum Variance,V,0.0
2023-02-02,Equity Minimum Variance,WFC,0.0
2023-02-02,Equity Minimum Variance,WMT,0.110352
2023-02-02,Equity Minimum Variance,XOM,0.009213
2023-03-06,Equity Minimum Variance,ABBV,0.086184
2023-03-06,Equity Minimum Variance,ABT,0.0
2023-03-06,Equity Minimum Variance,ADBE,0.0
2023-03-06,Equity Minimum Variance,AEP,0.0
2023-03-06,Equity Minimum Variance,AMD,0.0
2023-03-06,Equity Minimum Variance,AMGN,0.090647
2023-03-06,Equity Minimum Variance,AMT,0.0
2023-03-06,Equity Minimum Variance,BA,0.0
2023-03-06,Equity Minimum Variance,CAT,0.0
2023-03-06,Equity Minimum Variance,CCI,0.0
2023-03-06,Equity Minimum Variance,CMCSA,0.0
2023-03-06,Equity Minimum Variance,COP,0.0
2023-03-06,Equity Minimum Variance,CVX,0.045429
2023-03-06,Equity Minimum Variance,D,0.012698
2023-03-06,Equity Minimum Variance,DD,0.0
2023-03-06,Equity Minimum Variance,DIS,0.0
2023-03-06,Equity Minimum Variance,DOW,0.0
2023-03-06,Equity Minimum Variance,DUK,0.050417
2023-03-06,Equity Minimum Variance,EA,0.087413
2023-03-06,Equity Minimum Variance,GE,0.0
2023-03-06,Equity Minimum Variance,GILD,0.05364
2023-03-06,Equity Minimum Variance,GS,0.01058
2023-03-06,Equity Minimum Variance,INTC,0.0
2023-03-06,Equity Minimum Variance,KO,0.086
2023-03-06,Equity Minimum Variance,MMM,8e-06
2023-03-06,Equity Minimum Variance,MRK,0.10822
2023-03-06,Equity Minimum Variance,MS,0.0
2023-03-06,Equity Minimum Variance,NEE,0.007463
2023-03-06,Equity Minimum Variance,NEM,0.018244
2023-03-06,Equity Minimum Variance,NKE,0.0
2023-03-06,Equity Minimum Variance,NUE,0.0
2023-03-06,Equity Minimum Variance,NVDA,0.0
2023-03-06,Equity Minimum Variance,O,0.080942
2023-03-06,Equity Minimum Variance,OXY,0.0
2023-03-06,Equity Minimum Variance,PLD,0.0
2023-03-06,Equity Minimum Variance,PSA,0.005507
2023-03-06,Equity Minimum Variance,QCOM,0.0
2023-03-06,Equity Minimum Variance,SBUX,0.0
2023-03-06,Equity Minimum Variance,SHW,0.0
2023-03-06,Equity Minimum Variance,SLB,0.0
2023-03-06,Equity Minimum Variance,SO,0.028586
2023-03-06,Equity Minimum Variance,T,0.03932
2023-03-06,Equity Minimum Variance,TMUS,0.005197
2023-03-06,Equity Minimum Variance,TTWO,0.034712
2023-03-06,Equity Minimum Variance,UPS,0.010753
2023-03-06,Equity Minimum Variance,USB,0.011074
2023-03-06,Equity Minimum Variance,V,0.0
2023-03-06,Equity Minimum Variance,WFC,0.0
2023-03-06,Equity Minimum Variance,WMT,0.114916
2023-03-06,Equity Minimum Variance,XOM,0.012049
2023-04-04,Equity Minimum Variance,ABBV,0.086313
2023-04-04,Equity Minimum Variance,ABT,0.0
2023-04-04,Equity Minimum Variance,ADBE,0.0
2023-04-04,Equity Minimum Variance,AEP,0.0
2023-04-04,Equity Minimum Variance,AMD,0.0
2023-04-04,Equity Minimum Variance,AMGN,0.089736
2023-04-04,Equity Minimum Variance,AMT,0.0
2023-04-04,Equity Minimum Variance,BA,0.0
2023-04-04,Equity Minimum Variance,CAT,7.1e-05
2023-04-04,Equity Minimum Variance,CCI,0.0
2023-04-04,Equity Minimum Variance,CMCSA,0.0
2023-04-04,Equity Minimum Variance,COP,0.0
2023-04-04,Equity Minimum Variance,CVX,0.045941
2023-04-04,Equity Minimum Variance,D,0.011014
2023-04-04,Equity Minimum Variance,DD,0.0
2023-04-04,Equity Minimum Variance,DIS,0.0
2023-04-04,Equity Minimum Variance,DOW,0.0
2023-04-04,Equity Minimum Variance,DUK,0.045764
2023-04-04,Equity Minimum Variance,EA,0.090521
2023-04-04,Equity Minimum Variance,GE,0.0
2023-04-04,Equity Minimum Variance,GILD,0.053024
2023-04-04,Equity Minimum Variance,GS,0.0
2023-04-04,Equity Minimum Variance,INTC,0.0
2023-04-04,Equity Minimum Variance,KO,0.094999
2023-04-04,Equity Minimum Variance,MMM,0.001124
2023-04-04,Equity Minimum Variance,MRK,0.107732
2023-04-04,Equity Minimum Variance,MS,0.0
2023-04-04,Equity Minimum Variance,NEE,0.012247
2023-04-04,Equity Minimum Variance,NEM,0.023904
2023-04-04,Equity Minimum Variance,NKE,0.0
2023-04-04,Equity Minimum Variance,NUE,0.0
2023-04-04,Equity Minimum Variance,NVDA,0.0
2023-04-04,Equity Minimum Variance,O,0.074266
2023-04-04,Equity Minimum Variance,OXY,0.0
2023-04-04,Equity Minimum Variance,PLD,0.0
2023-04-04,Equity Minimum Variance,PSA,0.0
2023-04-04,Equity Minimum Variance,QCOM,0.0
2023-04-04,Equity Minimum Variance,SBUX,0.0
2023-04-04,Equity Minimum Variance,SHW,0.0
2023-04-04,Equity Minimum Variance,SLB,0.0
2023-04-04,Equity Minimum Variance,SO,0.028992
2023-04-04,Equity Minimum Variance,T,0.039919
2023-04-04,Equity Minimum Variance,TMUS,0.013208
2023-04-04,Equity Minimum Variance,TTWO,0.031286
2023-04-04,Equity Minimum Variance,UPS,0.020967
2023-04-04,Equity Minimum Variance,USB,0.0
2023-04-04,Equity Minimum Variance,V,0.0
2023-04-04,Equity Minimum Variance,WFC,0.0
2023-04-04,Equity Minimum Variance,WMT,0.118373
2023-04-04,Equity Minimum Variance,XOM,0.0106
2023-05-04,Equity Minimum Variance,ABBV,0.089477
2023-05-04,Equity Minimum Variance,ABT,0.0
2023-05-04,Equity Minimum Variance,ADBE,0.0
2023-05-04,Equity Minimum Variance,AEP,0.001662
2023-05-04,Equity Minimum Variance,AMD,0.0
2023-05-04,Equity Minimum Variance,AMGN,0.090759
2023-05-04,Equity Minimum Variance,AMT,0.0
2023-05-04,Equity Minimum Variance,BA,0.0
2023-05-04,Equity Minimum Variance,CAT,0.000499
2023-05-04,Equity Minimum Variance,CCI,0.0
2023-05-04,Equity Minimum Variance,CMCSA,0.0
2023-05-04,Equity Minimum Variance,COP,0.0
2023-05-04,Equity Minimum Variance,CVX,0.045351
2023-05-04,Equity Minimum Variance,D,0.008339
2023-05-04,Equity Minimum Variance,DD,0.0
2023-05-04,Equity Minimum Variance,DIS,0.0
2023-05-04,Equity Minimum Variance,DOW,0.0
2023-05-04,Equity Minimum Variance,DUK,0.04287
2023-05-04,Equity Minimum Variance,EA,0.090768
2023-05-04,Equity Minimum Variance,GE,0.0
2023-05-04,Equity Minimum Variance,GILD,0.053028
2023-05-04,Equity Minimum Variance,GS,0.000351
2023-05-04,Equity Minimum Variance,INTC,0.0
2023-05-04,Equity Minimum Variance,KO,0.103701
2023-05-04,Equity Minimum Variance,MMM,0.0
2023-05-04,Equity Minimum Variance,MRK,0.108331
2023-05-04,Equity Minimum Variance,MS,0.0
2023-05-04,Equity Minimum Variance,NEE,0.0
2023-05-04,Equity Minimum Variance,NEM,0.028887
2023-05-04,Equity Minimum Variance,NKE,0.0
2023-05-04,Equity Minimum Variance,NUE,0.0
2023-05-04,Equity Minimum Variance,NVDA,0.0
2023-05-04,Equity Minimum Variance,O,0.083166
2023-05-04,Equity Minimum Variance,OXY,0.0
2023-05-04,Equity Minimum Variance,PLD,0.0
2023-05-04,Equity Minimum Variance,PSA,0.000842
2023-05-04,Equity Minimum Variance,QCOM,0.0
2023-05-04,Equity Minimum Variance,SBUX,0.0
2023-05-04,Equity Minimum Variance,SHW,0.0
2023-05-04,Equity Minimum Variance,SLB,0.0
2023-05-04,Equity Minimum Variance,SO,0.025162
2023-05-04,Equity Minimum Variance,T,0.026841
2023-05-04,Equity Minimum Variance,TMUS,0.015119
2023-05-04,Equity Minimum Variance,TTWO,0.02809
2023-05-04,Equity Minimum Variance,UPS,0.023266
2023-05-04,Equity Minimum Variance,USB,0.0
2023-05-04,Equity Minimum Variance,V,0.0
2023-05-04,Equity Minimum Variance,WFC,0.0
2023-05-04,Equity Minimum Variance,WMT,0.126236
2023-05-04,Equity Minimum Variance,XOM,0.007253
2023-06-05,Equity Minimum Variance,ABBV,0.085559
2023-06-05,Equity Minimum Variance,ABT,0.000661
2023-06-05,Equity Minimum Variance,ADBE,0.0
2023-06-05,Equity Minimum Variance,AEP,0.0
2023-06-05,Equity Minimum Variance,AMD,0.0
2023-06-05,Equity Minimum Variance,AMGN,0.086582
2023-06-05,Equity Minimum Variance,AMT,0.0
2023-06-05,Equity Minimum Variance,BA,0.0
2023-06-05,Equity Minimum Variance,CAT,0.0
2023-06-05,Equity Minimum Variance,CCI,0.0
2023-06-05,Equity Minimum Variance,CMCSA,0.0
2023-06-05,Equity Minimum Variance,COP,0.0
2023-06-05,Equity Minimum Variance,CVX,0.043062
2023-06-05,Equity Minimum Variance,D,0.004831
2023-06-05,Equity Minimum Variance,DD,0.0
2023-06-05,Equity Minimum Variance,DIS,0.0
2023-06-05,Equity Minimum Variance,DOW,0.0
2023-06-05,Equity Minimum Variance,DUK,0.040936
2023-06-05,Equity Minimum Variance,EA,0.094125
2023-06-05,Equity Minimum Variance,GE,0.0
2023-06-05,Equity Minimum Variance,GILD,0.054487
2023-06-05,Equity Minimum Variance,GS,0.005617
2023-06-05,Equity Minimum Variance,INTC,0.0
2023-06-05,Equity Minimum Variance,KO,0.097814
2023-06-05,Equity Minimum Variance,MMM,0.006968
2023-06-05,Equity Minimum Variance,MRK,0.112624
2023-06-05,Equity Minimum Variance,MS,0.0
2023-06-05,Equity Minimum Variance,NEE,0.0
2023-06-05,Equity Minimum Variance,NEM,0.030168
2023-06-05,Equity Minimum Variance,NKE,0.0
2023-06-05,Equity Minimum Variance,NUE,0.0
2023-06-05,Equity Minimum Variance,NVDA,0.0
2023-06-05,Equity Minimum Variance,O,0.074191
2023-06-05,Equity Minimum Variance,OXY,0.0
2023-06-05,Equity Minimum Variance,PLD,0.0
2023-06-05,Equity Minimum Variance,PSA,0.0
2023-06-05,Equity Minimum Variance,QCOM,0.0
2023-06-05,Equity Minimum Variance,SBUX,0.0
2023-06-05,Equity Minimum Variance,SHW,0.0
2023-06-05,Equity Minimum Variance,SLB,0.0
2023-06-05,Equity Minimum Variance,SO,0.028218
2023-06-05,Equity Minimum Variance,T,0.025447
2023-06-05,Equity Minimum Variance,TMUS,0.02514
2023-06-05,Equity Minimum Variance,TTWO,0.02667
2023-06-05,Equity Minimum Variance,UPS,0.026135
2023-06-05,Equity Minimum Variance,USB,0.0
2023-06-05,Equity Minimum Variance,V,0.0
2023-06-05,Equity Minimum Variance,WFC,0.0
2023-06-05,Equity Minimum Variance,WMT,0.123293
2023-06-05,Equity Minimum Variance,XOM,0.007471
2023-07-06,Equity Minimum Variance,ABBV,0.088022
2023-07-06,Equity Minimum Variance,ABT,0.0
2023-07-06,Equity Minimum Variance,ADBE,0.0
2023-07-06,Equity Minimum Variance,AEP,0.0
2023-07-06,Equity Minimum Variance,AMD,0.0
2023-07-06,Equity Minimum Variance,AMGN,0.084656
2023-07-06,Equity Minimum Variance,AMT,0.0
2023-07-06,Equity Minimum Variance,BA,0.0
2023-07-06,Equity Minimum Variance,CAT,0.0
2023-07-06,Equity Minimum Variance,CCI,0.0
2023-07-06,Equity Minimum Variance,CMCSA,0.0
2023-07-06,Equity Minimum Variance,COP,0.0
2023-07-06,Equity Minimum Variance,CVX,0.045544
2023-07-06,Equity Minimum Variance,D,0.010767
2023-07-06,Equity Minimum Variance,DD,0.0
2023-07-06,Equity Minimum Variance,DIS,0.0
2023-07-06,Equity Minimum Variance,DOW,0.0
2023-07-06,Equity Minimum Variance,DUK,0.042394
2023-07-06,Equity Minimum Variance,EA,0.091593
2023-07-06,Equity Minimum Variance,GE,0.0
2023-07-06,Equity Minimum Variance,GILD,0.053098
2023-07-06,Equity Minimum Variance,GS,0.003043
2023-07-06,Equity Minimum Variance,INTC,0.0
2023-07-06,Equity Minimum Variance,KO,0.100494
2023-07-06,Equity Minimum Variance,MMM,0.004686
2023-07-06,Equity Minimum Variance,MRK,0.111583
2023-07-06,Equity Minimum Variance,MS,0.00258
2023-07-06,Equity Minimum Variance,NEE,0.0
2023-07-06,Equity Minimum Variance,NEM,0.031751
2023-07-06,Equity Minimum Variance,NKE,0.0
2023-07-06,Equity Minimum Variance,NUE,0.0
2023-07-06,Equity Minimum Variance,NVDA,0.0
2023-07-06,Equity Minimum Variance,O,0.076858
2023-07-06,Equity Minimum Variance,OXY,0.0
2023-07-06,Equity Minimum Variance,PLD,0.0
2023-07-06,Equity Minimum Variance,PSA,0.0
2023-07-06,Equity Minimum Variance,QCOM,0.0
2023-07-06,Equity Minimum Variance,SBUX,0.0
2023-07-06,Equity Minimum Variance,SHW,0.001045
2023-07-06,Equity Minimum Variance,SLB,0.0
2023-07-06,Equity Minimum Variance,SO,0.029228
2023-07-06,Equity Minimum Variance,T,0.024709
2023-07-06,Equity Minimum Variance,TMUS,0.018109
2023-07-06,Equity Minimum Variance,TTWO,0.02839
2023-07-06,Equity Minimum Variance,UPS,0.020822
2023-07-06,Equity Minimum Variance,USB,0.0
2023-07-06,Equity Minimum Variance,V,0.0
2023-07-06,Equity Minimum Variance,WFC,0.0
2023-07-06,Equity Minimum Variance,WMT,0.12711
2023-07-06,Equity Minimum Variance,XOM,0.00352
2023-08-04,Equity Minimum Variance,ABBV,0.089262
2023-08-04,Equity Minimum Variance,ABT,0.0
2023-08-04,Equity Minimum Variance,ADBE,0.0
2023-08-04,Equity Minimum Variance,AEP,0.0
2023-08-04,Equity Minimum Variance,AMD,0.0
2023-08-04,Equity Minimum Variance,AMGN,0.085
2023-08-04,Equity Minimum Variance,AMT,0.0
2023-08-04,Equity Minimum Variance,BA,0.0
2023-08-04,Equity Minimum Variance,CAT,0.0
2023-08-04,Equity Minimum Variance,CCI,0.0
2023-08-04,Equity Minimum Variance,CMCSA,0.002531
2023-08-04,Equity Minimum Variance,COP,0.0
2023-08-04,Equity Minimum Variance,CVX,0.04617
2023-08-04,Equity Minimum Variance,D,0.004218
2023-08-04,Equity Minimum Variance,DD,0.0
2023-08-04,Equity Minimum Variance,DIS,0.0
2023-08-04,Equity Minimum Variance,DOW,0.0
2023-08-04,Equity Minimum Variance,DUK,0.04005
2023-08-04,Equity Minimum Variance,EA,0.085639
2023-08-04,Equity Minimum Variance,GE,0.0
2023-08-04,Equity Minimum Variance,GILD,0.051301
2023-08-04,Equity Minimum Variance,GS,0.012727
2023-08-04,Equity Minimum Variance,INTC,0.0
2023-08-04,Equity Minimum Variance,KO,0.108244
2023-08-04,Equity Minimum Variance,MMM,0.0
2023-08-04,Equity Minimum Variance,MRK,0.109493
2023-08-04,Equity Minimum Variance,MS,0.0
2023-08-04,Equity Minimum Variance,NEE,0.0
2023-08-04,Equity Minimum Variance,NEM,0.03506
2023-08-04,Equity Minimum Variance,NKE,0.0
2023-08-04,Equity Minimum Variance,NUE,0.0
2023-08-04,Equity Minimum Variance,NVDA,0.0
2023-08-04,Equity Minimum Variance,O,0.079075
2023-08-04,Equity Minimum Variance,OXY,0.0
2023-08-04,Equity Minimum Variance,PLD,0.0
2023-08-04,Equity Minimum Variance,PSA,0.0
2023-08-04,Equity Minimum Variance,QCOM,0.0
2023-08-04,Equity Minimum Variance,SBUX,0.0
2023-08-04,Equity Minimum Variance,SHW,0.0
2023-08-04,Equity Minimum Variance,SLB,0.0
2023-08-04,Equity Minimum Variance,SO,0.025566
2023-08-04,Equity Minimum Variance,T,0.020934
2023-08-04,Equity Minimum Variance,TMUS,0.018583
2023-08-04,Equity Minimum Variance,TTWO,0.030341
2023-08-04,Equity Minimum Variance,UPS,0.015455
2023-08-04,Equity Minimum Variance,USB,0.0
2023-08-04,Equity Minimum Variance,V,0.002896
2023-08-04,Equity Minimum Variance,WFC,0.0
2023-08-04,Equity Minimum Variance,WMT,0.128952
2023-08-04,Equity Minimum Variance,XOM,0.008503
2023-09-05,Equity Minimum Variance,ABBV,0.095128
2023-09-05,Equity Minimum Variance,ABT,0.0
2023-09-05,Equity Minimum Variance,ADBE,0.0
2023-09-05,Equity Minimum Variance,AEP,0.0
2023-09-05,Equity Minimum Variance,AMD,0.0
2023-09-05,Equity Minimum Variance,AMGN,0.098939
2023-09-05,Equity Minimum Variance,AMT,0.0
2023-09-05,Equity Minimum Variance,BA,0.0
2023-09-05,Equity Minimum Variance,CAT,0.0
2023-09-05,Equity Minimum Variance,CCI,0.0
2023-09-05,Equity Minimum Variance,CMCSA,0.000462
2023-09-05,Equity Minimum Variance,COP,0.0
2023-09-05,Equity Minimum Variance,CVX,0.051905
2023-09-05,Equity Minimum Variance,D,0.001379
2023-09-05,Equity Minimum Variance,DD,0.0
2023-09-05,Equity Minimum Variance,DIS,0.0
2023-09-05,Equity Minimum Variance,DOW,0.0
2023-09-05,Equity Minimum Variance,DUK,0.036478
2023-09-05,Equity Minimum Variance,EA,0.084296
2023-09-05,Equity Minimum Variance,GE,0.0
2023-09-05,Equity Minimum Variance,GILD,0.048193
2023-09-05,Equity Minimum Variance,GS,0.004839
2023-09-05,Equity Minimum Variance,INTC,0.0
2023-09-05,Equity Minimum Variance,KO,0.112081
2023-09-05,Equity Minimum Variance,MMM,0.0
2023-09-05,Equity Minimum Variance,MRK,0.102187
2023-09-05,Equity Minimum Variance,MS,0.0
2023-09-05,Equity Minimum Variance,NEE,0.0
2023-09-05,Equity Minimum Variance,NEM,0.036914
2023-09-05,Equity Minimum Variance,NKE,0.0
2023-09-05,Equity Minimum Variance,NUE,0.0
2023-09-05,Equity Minimum Variance,NVDA,0.0
2023-09-05,Equity Minimum Variance,O,0.076954
2023-09-05,Equity Minimum Variance,OXY,0.0
2023-09-05,Equity Minimum Variance,PLD,0.0
2023-09-05,Equity Minimum Variance,PSA,0.0
2023-09-05,Equity Minimum Variance,QCOM,0.0
2023-09-05,Equity Minimum Variance,SBUX,0.0
2023-09-05,Equity Minimum Variance,SHW,0.0
2023-09-05,Equity Minimum Variance,SLB,0.0
2023-09-05,Equity Minimum Variance,SO,0.025726
2023-09-05,Equity Minimum Variance,T,0.024011
2023-09-05,Equity Minimum Variance,TMUS,0.013383
2023-09-05,Equity Minimum Variance,TTWO,0.02979
2023-09-05,Equity Minimum Variance,UPS,0.015012
2023-09-05,Equity Minimum Variance,USB,0.0
2023-09-05,Equity Minimum Variance,V,0.002888
2023-09-05,Equity Minimum Variance,WFC,0.0
2023-09-05,Equity Minimum Variance,WMT,0.130127
2023-09-05,Equity Minimum Variance,XOM,0.009312
2023-10-04,Equity Minimum Variance,ABBV,0.097223
2023-10-04,Equity Minimum Variance,ABT,0.0
2023-10-04,Equity Minimum Variance,ADBE,0.0
2023-10-04,Equity Minimum Variance,AEP,0.0
2023-10-04,Equity Minimum Variance,AMD,0.0
2023-10-04,Equity Minimum Variance,AMGN,0.095418
2023-10-04,Equity Minimum Variance,AMT,0.0
2023-10-04,Equity Minimum Variance,BA,0.0
2023-10-04,Equity Minimum Variance,CAT,0.0
2023-10-04,Equity Minimum Variance,CCI,0.0
2023-10-04,Equity Minimum Variance,CMCSA,0.001851
2023-10-04,Equity Minimum Variance,COP,0.0
2023-10-04,Equity Minimum Variance,CVX,0.054339
2023-10-04,Equity Minimum Variance,D,0.000486
2023-10-04,Equity Minimum Variance,DD,0.0
2023-10-04,Equity Minimum Variance,DIS,0.0
2023-10-04,Equity Minimum Variance,DOW,0.0
2023-10-04,Equity Minimum Variance,DUK,0.036953
2023-10-04,Equity Minimum Variance,EA,0.080814
2023-10-04,Equity Minimum Variance,GE,0.0
2023-10-04,Equity Minimum Variance,GILD,0.042219
2023-10-04,Equity Minimum Variance,GS,0.0
2023-10-04,Equity Minimum Variance,INTC,0.0
2023-10-04,Equity Minimum Variance,KO,0.109786
2023-10-04,Equity Minimum Variance,MMM,0.015952
2023-10-04,Equity Minimum Variance,MRK,0.112874
2023-10-04,Equity Minimum Variance,MS,0.0
2023-10-04,Equity Minimum Variance,NEE,0.0
2023-10-04,Equity Minimum Variance,NEM,0.032327
2023-10-04,Equity Minimum Variance,NKE,0.0
2023-10-04,Equity Minimum Variance,NUE,0.0
2023-10-04,Equity Minimum Variance,NVDA,0.0
2023-10-04,Equity Minimum Variance,O,0.075552
2023-10-04,Equity Minimum Variance,OXY,0.0
2023-10-04,Equity Minimum Variance,PLD,0.0
2023-10-04,Equity Minimum Variance,PSA,0.0
2023-10-04,Equity Minimum Variance,QCOM,0.0
2023-10-04,Equity Minimum Variance,SBUX,0.0
2023-10-04,Equity Minimum Variance,SHW,0.0
2023-10-04,Equity Minimum Variance,SLB,0.0
2023-10-04,Equity Minimum Variance,SO,0.01805
2023-10-04,Equity Minimum Variance,T,0.024909
2023-10-04,Equity Minimum Variance,TMUS,0.011318
2023-10-04,Equity Minimum Variance,TTWO,0.033349
2023-10-04,Equity Minimum Variance,UPS,0.012686
2023-10-04,Equity Minimum Variance,USB,0.0
2023-10-04,Equity Minimum Variance,V,0.007355
2023-10-04,Equity Minimum Variance,WFC,0.0
2023-10-04,Equity Minimum Variance,WMT,0.12114
2023-10-04,Equity Minimum Variance,XOM,0.015399
2023-11-02,Equity Minimum Variance,ABBV,0.093637
2023-11-02,Equity Minimum Variance,ABT,0.0
2023-11-02,Equity Minimum Variance,ADBE,0.0
2023-11-02,Equity Minimum Variance,AEP,0.0
2023-11-02,Equity Minimum Variance,AMD,0.0
2023-11-02,Equity Minimum Variance,AMGN,0.091994
2023-11-02,Equity Minimum Variance,AMT,0.0
2023-11-02,Equity Minimum Variance,BA,0.0
2023-11-02,Equity Minimum Variance,CAT,0.0
2023-11-02,Equity Minimum Variance,CCI,0.0
2023-11-02,Equity Minimum Variance,CMCSA,0.008869
2023-11-02,Equity Minimum Variance,COP,0.0
2023-11-02,Equity Minimum Variance,CVX,0.047841
2023-11-02,Equity Minimum Variance,D,0.002207
2023-11-02,Equity Minimum Variance,DD,0.0
2023-11-02,Equity Minimum Variance,DIS,0.0
2023-11-02,Equity Minimum Variance,DOW,0.005058
2023-11-02,Equity Minimum Variance,DUK,0.037176
2023-11-02,Equity Minimum Variance,EA,0.080067
2023-11-02,Equity Minimum Variance,GE,0.0
2023-11-02,Equity Minimum Variance,GILD,0.036923
2023-11-02,Equity Minimum Variance,GS,0.0
2023-11-02,Equity Minimum Variance,INTC,0.0
2023-11-02,Equity Minimum Variance,KO,0.105758
2023-11-02,Equity Minimum Variance,MMM,0.0
2023-11-02,Equity Minimum Variance,MRK,0.12981
2023-11-02,Equity Minimum Variance,MS,0.0
2023-11-02,Equity Minimum Variance,NEE,0.0
2023-11-02,Equity Minimum Variance,NEM,0.033697
2023-11-02,Equity Minimum Variance,NKE,0.0
2023-11-02,Equity Minimum Variance,NUE,0.0
2023-11-02,Equity Minimum Variance,NVDA,0.0
2023-11-02,Equity Minimum Variance,O,0.071777
2023-11-02,Equity Minimum Variance,OXY,0.0
2023-11-02,Equity Minimum Variance,PLD,0.0
2023-11-02,Equity Minimum Variance,PSA,0.0
2023-11-02,Equity Minimum Variance,QCOM,0.0
2023-11-02,Equity Minimum Variance,SBUX,0.0
2023-11-02,Equity Minimum Variance,SHW,0.0
2023-11-02,Equity Minimum Variance,SLB,0.0
2023-11-02,Equity Minimum Variance,SO,0.015899
2023-11-02,Equity Minimum Variance,T,0.030993
2023-11-02,Equity Minimum Variance,TMUS,0.008542
2023-11-02,Equity Minimum Variance,TTWO,0.030005
2023-11-02,Equity Minimum Variance,UPS,0.011718
2023-11-02,Equity Minimum Variance,USB,0.0
2023-11-02,Equity Minimum Variance,V,0.009749
2023-11-02,Equity Minimum Variance,WFC,0.0
2023-11-02,Equity Minimum Variance,WMT,0.129644
2023-11-02,Equity Minimum Variance,XOM,0.018637
2023-12-04,Equity Minimum Variance,ABBV,0.093452
2023-12-04,Equity Minimum Variance,ABT,0.0
2023-12-04,Equity Minimum Variance,ADBE,0.0
2023-12-04,Equity Minimum Variance,AEP,0.0
2023-12-04,Equity Minimum Variance,AMD,0.0
2023-12-04,Equity Minimum Variance,AMGN,0.086683
2023-12-04,Equity Minimum Variance,AMT,0.0
2023-12-04,Equity Minimum Variance,BA,0.0
2023-12-04,Equity Minimum Variance,CAT,0.0
2023-12-04,Equity Minimum Variance,CCI,0.0
2023-12-04,Equity Minimum Variance,CMCSA,0.003162
2023-12-04,Equity Minimum Variance,COP,0.0
2023-12-04,Equity Minimum Variance,CVX,0.041495
2023-12-04,Equity Minimum Variance,D,0.002694
2023-12-04,Equity Minimum Variance,DD,0.0
2023-12-04,Equity Minimum Variance,DIS,0.0
2023-12-04,Equity Minimum Variance,DOW,0.004317
2023-12-04,Equity Minimum Variance,DUK,0.033174
2023-12-04,Equity Minimum Variance,EA,0.091085
2023-12-04,Equity Minimum Variance,GE,0.0
2023-12-04,Equity Minimum Variance,GILD,0.026011
2023-12-04,Equity Minimum Variance,GS,0.0
2023-12-04,Equity Minimum Variance,INTC,0.0
2023-12-04,Equity Minimum Variance,KO,0.108381
2023-12-04,Equity Minimum Variance,MMM,0.005881
2023-12-04,Equity Minimum Variance,MRK,0.154867
2023-12-04,Equity Minimum Variance,MS,0.0
2023-12-04,Equity Minimum Variance,NEE,0.0
2023-12-04,Equity Minimum Variance,NEM,0.025957
2023-12-04,Equity Minimum Variance,NKE,0.0
2023-12-04,Equity Minimum Variance,NUE,0.0
2023-12-04,Equity Minimum Variance,NVDA,0.0
2023-12-04,Equity Minimum Variance,O,0.058168
2023-12-04,Equity Minimum Variance,OXY,0.0
2023-12-04,Equity Minimum Variance,PLD,0.0
2023-12-04,Equity Minimum Variance,PSA,0.0
2023-12-04,Equity Minimum Variance,QCOM,0.0
2023-12-04,Equity Minimum Variance,SBUX,0.0
2023-12-04,Equity Minimum Variance,SHW,0.0
2023-12-04,Equity Minimum Variance,SLB,0.0
2023-12-04,Equity Minimum Variance,SO,0.010869
2023-12-04,Equity Minimum Variance,T,0.03215
2023-12-04,Equity Minimum Variance,TMUS,0.017322
2023-12-04,Equity Minimum Variance,TTWO,0.037279
2023-12-04,Equity Minimum Variance,UPS,0.009519
2023-12-04,Equity Minimum Variance,USB,0.0
2023-12-04,Equity Minimum Variance,V,0.002792
2023-12-04,Equity Minimum Variance,WFC,0.0
2023-12-04,Equity Minimum Variance,WMT,0.127705
2023-12-04,Equity Minimum Variance,XOM,0.027038
2021-12-31,Equity Maximum Sharpe,ABBV,0.13582
2021-12-31,Equity Maximum Sharpe,ABT,0.0
2021-12-31,Equity Maximum Sharpe,ADBE,0.0
2021-12-31,Equity Maximum Sharpe,AEP,0.0
2021-12-31,Equity Maximum Sharpe,AMD,0.083785
2021-12-31,Equity Maximum Sharpe,AMGN,0.0
2021-12-31,Equity Maximum Sharpe,AMT,0.0
2021-12-31,Equity Maximum Sharpe,BA,0.0
2021-12-31,Equity Maximum Sharpe,CAT,0.0
2021-12-31,Equity Maximum Sharpe,CCI,0.0
2021-12-31,Equity Maximum Sharpe,CMCSA,0.0
2021-12-31,Equity Maximum Sharpe,COP,0.0
2021-12-31,Equity Maximum Sharpe,CVX,0.0
2021-12-31,Equity Maximum Sharpe,D,0.0
2021-12-31,Equity Maximum Sharpe,DD,0.0
2021-12-31,Equity Maximum Sharpe,DIS,0.0
2021-12-31,Equity Maximum Sharpe,DOW,0.0
2021-12-31,Equity Maximum Sharpe,DUK,0.0
2021-12-31,Equity Maximum Sharpe,EA,0.0
2021-12-31,Equity Maximum Sharpe,GE,0.0
2021-12-31,Equity Maximum Sharpe,GILD,0.0
2021-12-31,Equity Maximum Sharpe,GS,0.0
2021-12-31,Equity Maximum Sharpe,INTC,0.0
2021-12-31,Equity Maximum Sharpe,KO,0.0
2021-12-31,Equity Maximum Sharpe,MMM,0.0
2021-12-31,Equity Maximum Sharpe,MRK,0.0
2021-12-31,Equity Maximum Sharpe,MS,0.0
2021-12-31,Equity Maximum Sharpe,NEE,0.0
2021-12-31,Equity Maximum Sharpe,NEM,0.124664
2021-12-31,Equity Maximum Sharpe,NKE,0.0
2021-12-31,Equity Maximum Sharpe,NUE,0.124513
2021-12-31,Equity Maximum Sharpe,NVDA,0.2
2021-12-31,Equity Maximum Sharpe,O,0.0
2021-12-31,Equity Maximum Sharpe,OXY,0.0
2021-12-31,Equity Maximum Sharpe,PLD,0.0
2021-12-31,Equity Maximum Sharpe,PSA,0.2
2021-12-31,Equity Maximum Sharpe,QCOM,0.0
2021-12-31,Equity Maximum Sharpe,SBUX,0.0
2021-12-31,Equity Maximum Sharpe,SHW,0.0
2021-12-31,Equity Maximum Sharpe,SLB,0.0
2021-12-31,Equity Maximum Sharpe,SO,0.0
2021-12-31,Equity Maximum Sharpe,T,0.0
2021-12-31,Equity Maximum Sharpe,TMUS,0.0
2021-12-31,Equity Maximum Sharpe,TTWO,0.0
2021-12-31,Equity Maximum Sharpe,UPS,0.131219
2021-12-31,Equity Maximum Sharpe,USB,0.0
2021-12-31,Equity Maximum Sharpe,V,0.0
2021-12-31,Equity Maximum Sharpe,WFC,0.0
2021-12-31,Equity Maximum Sharpe,WMT,0.0
2021-12-31,Equity Maximum Sharpe,XOM,0.0
2022-02-01,Equity Maximum Sharpe,ABBV,0.2
2022-02-01,Equity Maximum Sharpe,ABT,0.0
2022-02-01,Equity Maximum Sharpe,ADBE,0.0
2022-02-01,Equity Maximum Sharpe,AEP,0.0
2022-02-01,Equity Maximum Sharpe,AMD,0.010289
2022-02-01,Equity Maximum Sharpe,AMGN,0.0
2022-02-01,Equity Maximum Sharpe,AMT,0.0
2022-02-01,Equity Maximum Sharpe,BA,0.0
2022-02-01,Equity Maximum Sharpe,CAT,0.0
2022-02-01,Equity Maximum Sharpe,CCI,0.0
2022-02-01,Equity Maximum Sharpe,CMCSA,0.0
2022-02-01,Equity Maximum Sharpe,COP,0.0
2022-02-01,Equity Maximum Sharpe,CVX,0.0
2022-02-01,Equity Maximum Sharpe,D,0.0
2022-02-01,Equity Maximum Sharpe,DD,0.0
2022-02-01,Equity Maximum Sharpe,DIS,0.0
2022-02-01,Equity Maximum Sharpe,DOW,0.0
2022-02-01,Equity Maximum Sharpe,DUK,0.0
2022-02-01,Equity Maximum Sharpe,EA,0.0
2022-02-01,Equity Maximum Sharpe,GE,0.0
2022-02-01,Equity Maximum Sharpe,GILD,0.0
2022-02-01,Equity Maximum Sharpe,GS,0.0
2022-02-01,Equity Maximum Sharpe,INTC,0.0
2022-02-01,Equity Maximum Sharpe,KO,0.0
2022-02-01,Equity Maximum Sharpe,MMM,0.0
2022-02-01,Equity Maximum Sharpe,MRK,0.0
2022-02-01,Equity Maximum Sharpe,MS,0.0
2022-02-01,Equity Maximum Sharpe,NEE,0.0
2022-02-01,Equity Maximum Sharpe,NEM,0.101641
2022-02-01,Equity Maximum Sharpe,NKE,0.0
2022-02-01,Equity Maximum Sharpe,NUE,0.13683
2022-02-01,Equity Maximum Sharpe,NVDA,0.2
2022-02-01,Equity Maximum Sharpe,O,0.0
2022-02-01,Equity Maximum Sharpe,OXY,0.0
2022-02-01,Equity Maximum Sharpe,PLD,0.0
2022-02-01,Equity Maximum Sharpe,PSA,0.151241
2022-02-01,Equity Maximum Sharpe,QCOM,0.0
2022-02-01,Equity Maximum Sharpe,SBUX,0.0
2022-02-01,Equity Maximum Sharpe,SHW,0.0
2022-02-01,Equity Maximum Sharpe,SLB,0.0
2022-02-01,Equity Maximum Sharpe,SO,0.0
2022-02-01,Equity Maximum Sharpe,T,0.0
2022-02-01,Equity Maximum Sharpe,TMUS,0.0
2022-02-01,Equity Maximum Sharpe,TTWO,0.0
2022-02-01,Equity Maximum Sharpe,UPS,0.2
2022-02-01,Equity Maximum Sharpe,USB,0.0
2022-02-01,Equity Maximum Sharpe,V,0.0
2022-02-01,Equity Maximum Sharpe,WFC,0.0
2022-02-01,Equity Maximum Sharpe,WMT,0.0
2022-02-01,Equity Maximum Sharpe,XOM,0.0
2022-03-03,Equity Maximum Sharpe,ABBV,0.168766
2022-03-03,Equity Maximum Sharpe,ABT,0.0
2022-03-03,Equity Maximum Sharpe,ADBE,0.0
2022-03-03,Equity Maximum Sharpe,AEP,0.0
2022-03-03,Equity Maximum Sharpe,AMD,0.0
2022-03-03,Equity Maximum Sharpe,AMGN,0.0
2022-03-03,Equity Maximum Sharpe,AMT,0.0
2022-03-03,Equity Maximum Sharpe,BA,0.0
2022-03-03,Equity Maximum Sharpe,CAT,0.0
2022-03-03,Equity Maximum Sharpe,CCI,0.0
2022-03-03,Equity Maximum Sharpe,CMCSA,0.0
2022-03-03,Equity Maximum Sharpe,COP,0.0
2022-03-03,Equity Maximum Sharpe,CVX,0.0
2022-03-03,Equity Maximum Sharpe,D,0.0
2022-03-03,Equity Maximum Sharpe,DD,0.0
2022-03-03,Equity Maximum Sharpe,DIS,0.0
2022-03-03,Equity Maximum Sharpe,DOW,0.0
2022-03-03,Equity Maximum Sharpe,DUK,0.0
2022-03-03,Equity Maximum Sharpe,EA,0.0
2022-03-03,Equity Maximum Sharpe,GE,0.0
2022-03-03,Equity Maximum Sharpe,GILD,0.0
2022-03-03,Equity Maximum Sharpe,GS,0.0
2022-03-03,Equity Maximum Sharpe,INTC,0.0
2022-03-03,Equity Maximum Sharpe,KO,0.0
2022-03-03,Equity Maximum Sharpe,MMM,0.0
2022-03-03,Equity Maximum Sharpe,MRK,0.0
2022-03-03,Equity Maximum Sharpe,MS,0.0
2022-03-03,Equity Maximum Sharpe,NEE,0.0
2022-03-03,Equity Maximum Sharpe,NEM,0.102089
2022-03-03,Equity Maximum Sharpe,NKE,0.0
2022-03-03,Equity Maximum Sharpe,NUE,0.2
2022-03-03,Equity Maximum Sharpe,NVDA,0.182778
2022-03-03,Equity Maximum Sharpe,O,0.0
2022-03-03,Equity Maximum Sharpe,OXY,0.0
2022-03-03,Equity Maximum Sharpe,PLD,0.0
2022-03-03,Equity Maximum Sharpe,PSA,0.146367
2022-03-03,Equity Maximum Sharpe,QCOM,0.0
2022-03-03,Equity Maximum Sharpe,SBUX,0.0
2022-03-03,Equity Maximum Sharpe,SHW,0.0
2022-03-03,Equity Maximum Sharpe,SLB,0.0
2022-03-03,Equity Maximum Sharpe,SO,0.0
2022-03-03,Equity Maximum Sharpe,T,0.0
2022-03-03,Equity Maximum Sharpe,TMUS,0.0
2022-03-03,Equity Maximum Sharpe,TTWO,0.0
2022-03-03,Equity Maximum Sharpe,UPS,0.2
2022-03-03,Equity Maximum Sharpe,USB,0.0
2022-03-03,Equity Maximum Sharpe,V,0.0
2022-03-03,Equity Maximum Sharpe,WFC,0.0
2022-03-03,Equity Maximum Sharpe,WMT,0.0
2022-03-03,Equity Maximum Sharpe,XOM,0.0
2022-04-01,Equity Maximum Sharpe,ABBV,0.2
2022-04-01,Equity Maximum Sharpe,ABT,0.0
2022-04-01,Equity Maximum Sharpe,ADBE,0.0
2022-04-01,Equity Maximum Sharpe,AEP,0.0
2022-04-01,Equity Maximum Sharpe,AMD,0.0
2022-04-01,Equity Maximum Sharpe,AMGN,0.0
2022-04-01,Equity Maximum Sharpe,AMT,0.0
2022-04-01,Equity Maximum Sharpe,BA,0.0
2022-04-01,Equity Maximum Sharpe,CAT,0.0
2022-04-01,Equity Maximum Sharpe,CCI,0.0
2022-04-01,Equity Maximum Sharpe,CMCSA,0.0
2022-04-01,Equity Maximum Sharpe,COP,0.033947
2022-04-01,Equity Maximum Sharpe,CVX,0.0
2022-04-01,Equity Maximum Sharpe,D,0.0
2022-04-01,Equity Maximum Sharpe,DD,0.0
2022-04-01,Equity Maximum Sharpe,DIS,0.0
2022-04-01,Equity Maximum Sharpe,DOW,0.0
2022-04-01,Equity Maximum Sharpe,DUK,0.002032
2022-04-01,Equity Maximum Sharpe,EA,0.0
2022-04-01,Equity Maximum Sharpe,GE,0.0
2022-04-01,Equity Maximum Sharpe,GILD,0.0
2022-04-01,Equity Maximum Sharpe,GS,0.0
2022-04-01,Equity Maximum Sharpe,INTC,0.0
2022-04-01,Equity Maximum Sharpe,KO,0.0
2022-04-01,Equity Maximum Sharpe,MMM,0.0
2022-04-01,Equity Maximum Sharpe,MRK,0.0
2022-04-01,Equity Maximum Sharpe,MS,0.025872
2022-04-01,Equity Maximum Sharpe,NEE,0.0
2022-04-01,Equity Maximum Sharpe,NEM,0.103032
2022-04-01,Equity Maximum Sharpe,NKE,0.0
2022-04-01,Equity Maximum Sharpe,NUE,0.152432
2022-04-01,Equity Maximum Sharpe,NVDA,0.142813
2022-04-01,Equity Maximum Sharpe,O,0.0
2022-04-01,Equity Maximum Sharpe,OXY,0.034154
2022-04-01,Equity Maximum Sharpe,PLD,0.042399
2022-04-01,Equity Maximum Sharpe,PSA,0.2
2022-04-01,Equity Maximum Sharpe,QCOM,0.0
2022-04-01,Equity Maximum Sharpe,SBUX,0.0
2022-04-01,Equity Maximum Sharpe,SHW,0.0
2022-04-01,Equity Maximum Sharpe,SLB,0.0
2022-04-01,Equity Maximum Sharpe,SO,0.0
2022-04-01,Equity Maximum Sharpe,T,0.0
2022-04-01,Equity Maximum Sharpe,TMUS,0.0
2022-04-01,Equity Maximum Sharpe,TTWO,0.0
2022-04-01,Equity Maximum Sharpe,UPS,0.063318
2022-04-01,Equity Maximum Sharpe,USB,0.0
2022-04-01,Equity Maximum Sharpe,V,0.0
2022-04-01,Equity Maximum Sharpe,WFC,0.0
2022-04-01,Equity Maximum Sharpe,WMT,0.0
2022-04-01,Equity Maximum Sharpe,XOM,0.0
2022-05-03,Equity Maximum Sharpe,ABBV,0.2
2022-05-03,Equity Maximum Sharpe,ABT,0.0
2022-05-03,Equity Maximum Sharpe,ADBE,0.0
2022-05-03,Equity Maximum Sharpe,AEP,0.0
2022-05-03,Equity Maximum Sharpe,AMD,0.0
2022-05-03,Equity Maximum Sharpe,AMGN,0.0
2022-05-03,Equity Maximum Sharpe,AMT,0.0
2022-05-03,Equity Maximum Sharpe,BA,0.0
2022-05-03,Equity Maximum Sharpe,CAT,0.016595
2022-05-03,Equity Maximum Sharpe,CCI,0.0
2022-05-03,Equity Maximum Sharpe,CMCSA,0.0
2022-05-03,Equity Maximum Sharpe,COP,0.0
2022-05-03,Equity Maximum Sharpe,CVX,0.0
2022-05-03,Equity Maximum Sharpe,D,0.0
2022-05-03,Equity Maximum Sharpe,DD,0.0
2022-05-03,Equity Maximum Sharpe,DIS,0.0
2022-05-03,Equity Maximum Sharpe,DOW,0.0
2022-05-03,Equity Maximum Sharpe,DUK,0.085147
2022-05-03,Equity Maximum Sharpe,EA,0.0
2022-05-03,Equity Maximum Sharpe,GE,0.0
2022-05-03,Equity Maximum Sharpe,GILD,0.0
2022-05-03,Equity Maximum Sharpe,GS,0.0
2022-05-03,Equity Maximum Sharpe,INTC,0.0
2022-05-03,Equity Maximum Sharpe,KO,0.0
2022-05-03,Equity Maximum Sharpe,MMM,0.0
2022-05-03,Equity Maximum Sharpe,MRK,0.0
2022-05-03,Equity Maximum Sharpe,MS,0.032128
2022-05-03,Equity Maximum Sharpe,NEE,0.0
2022-05-03,Equity Maximum Sharpe,NEM,0.011096
2022-05-03,Equity Maximum Sharpe,NKE,0.0
2022-05-03,Equity Maximum Sharpe,NUE,0.176254
2022-05-03,Equity Maximum Sharpe,NVDA,0.112342
2022-05-03,Equity Maximum Sharpe,O,0.0
2022-05-03,Equity Maximum Sharpe,OXY,0.046016
2022-05-03,Equity Maximum Sharpe,PLD,0.004342
2022-05-03,Equity Maximum Sharpe,PSA,0.2
2022-05-03,Equity Maximum Sharpe,QCOM,0.0
2022-05-03,Equity Maximum Sharpe,SBUX,0.0
2022-05-03,Equity Maximum Sharpe,SHW,0.002897
2022-05-03,Equity Maximum Sharpe,SLB,0.0
2022-05-03,Equity Maximum Sharpe,SO,0.028382
2022-05-03,Equity Maximum Sharpe,T,0.0
2022-05-03,Equity Maximum Sharpe,TMUS,0.0
2022-05-03,Equity Maximum Sharpe,TTWO,0.0
2022-05-03,Equity Maximum Sharpe,UPS,0.067005
2022-05-03,Equity Maximum Sharpe,USB,0.0
2022-05-03,Equity Maximum Sharpe,V,0.0
2022-05-03,Equity Maximum Sharpe,WFC,0.0
2022-05-03,Equity Maximum Sharpe,WMT,0.017795
2022-05-03,Equity Maximum Sharpe,XOM,0.0
2022-06-02,Equity Maximum Sharpe,ABBV,0.2
2022-06-02,Equity Maximum Sharpe,ABT,0.0
2022-06-02,Equity Maximum Sharpe,ADBE,0.0
2022-06-02,Equity Maximum Sharpe,AEP,0.0
2022-06-02,Equity Maximum Sharpe,AMD,0.039579
2022-06-02,Equity Maximum Sharpe,AMGN,0.0
2022-06-02,Equity Maximum Sharpe,AMT,0.0
2022-06-02,Equity Maximum Sharpe,BA,0.0
2022-06-02,Equity Maximum Sharpe,CAT,0.0
2022-06-02,Equity Maximum Sharpe,CCI,0.0
2022-06-02,Equity Maximum Sharpe,CMCSA,0.0
2022-06-02,Equity Maximum Sharpe,COP,0.0
2022-06-02,Equity Maximum Sharpe,CVX,0.0
2022-06-02,Equity Maximum Sharpe,D,0.0
2022-06-02,Equity Maximum Sharpe,DD,0.0
2022-06-02,Equity Maximum Sharpe,DIS,0.0
2022-06-02,Equity Maximum Sharpe,DOW,0.0
2022-06-02,Equity Maximum Sharpe,DUK,0.07171
2022-06-02,Equity Maximum Sharpe,EA,0.001992
2022-06-02,Equity Maximum Sharpe,GE,0.0
2022-06-02,Equity Maximum Sharpe,GILD,0.0
2022-06-02,Equity Maximum Sharpe,GS,0.0
2022-06-02,Equity Maximum Sharpe,INTC,0.0
2022-06-02,Equity Maximum Sharpe,KO,0.0
2022-06-02,Equity Maximum Sharpe,MMM,0.0
2022-06-02,Equity Maximum Sharpe,MRK,0.0
2022-06-02,Equity Maximum Sharpe,MS,0.0
2022-06-02,Equity Maximum Sharpe,NEE,0.0
2022-06-02,Equity Maximum Sharpe,NEM,0.012348
2022-06-02,Equity Maximum Sharpe,NKE,0.0
2022-06-02,Equity Maximum Sharpe,NUE,0.153692
2022-06-02,Equity Maximum Sharpe,NVDA,0.061753
2022-06-02,Equity Maximum Sharpe,O,0.0
2022-06-02,Equity Maximum Sharpe,OXY,0.096051
2022-06-02,Equity Maximum Sharpe,PLD,0.0
2022-06-02,Equity Maximum Sharpe,PSA,0.2
2022-06-02,Equity Maximum Sharpe,QCOM,0.0
2022-06-02,Equity Maximum Sharpe,SBUX,0.0
2022-06-02,Equity Maximum Sharpe,SHW,0.0
2022-06-02,Equity Maximum Sharpe,SLB,0.0
2022-06-02,Equity Maximum Sharpe,SO,0.082189
2022-06-02,Equity Maximum Sharpe,T,0.0
2022-06-02,Equity Maximum Sharpe,TMUS,0.0
2022-06-02,Equity Maximum Sharpe,TTWO,0.0
2022-06-02,Equity Maximum Sharpe,UPS,0.080686
2022-06-02,Equity Maximum Sharpe,USB,0.0
2022-06-02,Equity Maximum Sharpe,V,0.0
2022-06-02,Equity Maximum Sharpe,WFC,0.0
2022-06-02,Equity Maximum Sharpe,WMT,0.0
2022-06-02,Equity Maximum Sharpe,XOM,0.0
2022-07-05,Equity Maximum Sharpe,ABBV,0.2
2022-07-05,Equity Maximum Sharpe,ABT,0.0
2022-07-05,Equity Maximum Sharpe,ADBE,0.0
2022-07-05,Equity Maximum Sharpe,AEP,0.0
2022-07-05,Equity Maximum Sharpe,AMD,0.01461
2022-07-05,Equity Maximum Sharpe,AMGN,0.0
2022-07-05,Equity Maximum Sharpe,AMT,0.0
2022-07-05,Equity Maximum Sharpe,BA,0.0
2022-07-05,Equity Maximum Sharpe,CAT,0.0
2022-07-05,Equity Maximum Sharpe,CCI,0.0
2022-07-05,Equity Maximum Sharpe,CMCSA,0.0
2022-07-05,Equity Maximum Sharpe,COP,0.0
2022-07-05,Equity Maximum Sharpe,CVX,0.0
2022-07-05,Equity Maximum Sharpe,D,0.0
2022-07-05,Equity Maximum Sharpe,DD,0.0
2022-07-05,Equity Maximum Sharpe,DIS,0.0
2022-07-05,Equity Maximum Sharpe,DOW,0.0
2022-07-05,Equity Maximum Sharpe,DUK,0.068591
2022-07-05,Equity Maximum Sharpe,EA,0.0
2022-07-05,Equity Maximum Sharpe,GE,0.0
2022-07-05,Equity Maximum Sharpe,GILD,0.0
2022-07-05,Equity Maximum Sharpe,GS,0.0
2022-07-05,Equity Maximum Sharpe,INTC,0.0
2022-07-05,Equity Maximum Sharpe,KO,0.038122
2022-07-05,Equity Maximum Sharpe,MMM,0.0
2022-07-05,Equity Maximum Sharpe,MRK,0.020776
2022-07-05,Equity Maximum Sharpe,MS,0.0
2022-07-05,Equity Maximum Sharpe,NEE,0.0
2022-07-05,Equity Maximum Sharpe,NEM,0.0
2022-07-05,Equity Maximum Sharpe,NKE,0.0
2022-07-05,Equity Maximum Sharpe,NUE,0.117594
2022-07-05,Equity Maximum Sharpe,NVDA,0.018306
2022-07-05,Equity Maximum Sharpe,O,0.0
2022-07-05,Equity Maximum Sharpe,OXY,0.094374
2022-07-05,Equity Maximum Sharpe,PLD,0.0
2022-07-05,Equity Maximum Sharpe,PSA,0.2
2022-07-05,Equity Maximum Sharpe,QCOM,0.0
2022-07-05,Equity Maximum Sharpe,SBUX,0.0
2022-07-05,Equity Maximum Sharpe,SHW,0.0
2022-07-05,Equity Maximum Sharpe,SLB,0.0
2022-07-05,Equity Maximum Sharpe,SO,0.110222
2022-07-05,Equity Maximum Sharpe,T,0.0
2022-07-05,Equity Maximum Sharpe,TMUS,0.0
2022-07-05,Equity Maximum Sharpe,TTWO,0.0
2022-07-05,Equity Maximum Sharpe,UPS,0.095997
2022-07-05,Equity Maximum Sharpe,USB,0.0
2022-07-05,Equity Maximum Sharpe,V,0.0
2022-07-05,Equity Maximum Sharpe,WFC,0.0
2022-07-05,Equity Maximum Sharpe,WMT,0.0
2022-07-05,Equity Maximum Sharpe,XOM,0.021409
2022-08-03,Equity Maximum Sharpe,ABBV,0.17761
2022-08-03,Equity Maximum Sharpe,ABT,0.0
2022-08-03,Equity Maximum Sharpe,ADBE,0.0
2022-08-03,Equity Maximum Sharpe,AEP,0.0
2022-08-03,Equity Maximum Sharpe,AMD,0.0
2022-08-03,Equity Maximum Sharpe,AMGN,0.0
2022-08-03,Equity Maximum Sharpe,AMT,0.0
2022-08-03,Equity Maximum Sharpe,BA,0.0
2022-08-03,Equity Maximum Sharpe,CAT,0.0
2022-08-03,Equity Maximum Sharpe,CCI,0.0
2022-08-03,Equity Maximum Sharpe,CMCSA,0.0
2022-08-03,Equity Maximum Sharpe,COP,0.0
2022-08-03,Equity Maximum Sharpe,CVX,0.0
2022-08-03,Equity Maximum Sharpe,D,0.0
2022-08-03,Equity Maximum Sharpe,DD,0.0
2022-08-03,Equity Maximum Sharpe,DIS,0.0
2022-08-03,Equity Maximum Sharpe,DOW,0.0
2022-08-03,Equity Maximum Sharpe,DUK,0.073845
2022-08-03,Equity Maximum Sharpe,EA,0.0
2022-08-03,Equity Maximum Sharpe,GE,0.0
2022-08-03,Equity Maximum Sharpe,GILD,0.0
2022-08-03,Equity Maximum Sharpe,GS,0.0
2022-08-03,Equity Maximum Sharpe,INTC,0.0
2022-08-03,Equity Maximum Sharpe,KO,0.009126
2022-08-03,Equity Maximum Sharpe,MMM,0.0
2022-08-03,Equity Maximum Sharpe,MRK,0.0
2022-08-03,Equity Maximum Sharpe,MS,0.0
2022-08-03,Equity Maximum Sharpe,NEE,0.0
2022-08-03,Equity Maximum Sharpe,NEM,0.0
2022-08-03,Equity Maximum Sharpe,NKE,0.0
2022-08-03,Equity Maximum Sharpe,NUE,0.15997
2022-08-03,Equity Maximum Sharpe,NVDA,0.05143
2022-08-03,Equity Maximum Sharpe,O,0.0
2022-08-03,Equity Maximum Sharpe,OXY,0.10061
2022-08-03,Equity Maximum Sharpe,PLD,0.0
2022-08-03,Equity Maximum Sharpe,PSA,0.2
2022-08-03,Equity Maximum Sharpe,QCOM,0.0
2022-08-03,Equity Maximum Sharpe,SBUX,0.0
2022-08-03,Equity Maximum Sharpe,SHW,0.0
2022-08-03,Equity Maximum Sharpe,SLB,0.0
2022-08-03,Equity Maximum Sharpe,SO,0.186309
2022-08-03,Equity Maximum Sharpe,T,0.0
2022-08-03,Equity Maximum Sharpe,TMUS,0.0
2022-08-03,Equity Maximum Sharpe,TTWO,0.0
2022-08-03,Equity Maximum Sharpe,UPS,0.0
2022-08-03,Equity Maximum Sharpe,USB,0.0
2022-08-03,Equity Maximum Sharpe,V,0.0
2022-08-03,Equity Maximum Sharpe,WFC,0.0
2022-08-03,Equity Maximum Sharpe,WMT,0.0
2022-08-03,Equity Maximum Sharpe,XOM,0.041099
2022-09-01,Equity Maximum Sharpe,ABBV,0.182712
2022-09-01,Equity Maximum Sharpe,ABT,0.0
2022-09-01,Equity Maximum Sharpe,ADBE,0.0
2022-09-01,Equity Maximum Sharpe,AEP,0.042619
2022-09-01,Equity Maximum Sharpe,AMD,0.0
2022-09-01,Equity Maximum Sharpe,AMGN,0.0
2022-09-01,Equity Maximum Sharpe,AMT,0.0
2022-09-01,Equity Maximum Sharpe,BA,0.0
2022-09-01,Equity Maximum Sharpe,CAT,0.0
2022-09-01,Equity Maximum Sharpe,CCI,0.0
2022-09-01,Equity Maximum Sharpe,CMCSA,0.0
2022-09-01,Equity Maximum Sharpe,COP,0.0
2022-09-01,Equity Maximum Sharpe,CVX,0.0
2022-09-01,Equity Maximum Sharpe,D,0.0
2022-09-01,Equity Maximum Sharpe,DD,0.0
2022-09-01,Equity Maximum Sharpe,DIS,0.0
2022-09-01,Equity Maximum Sharpe,DOW,0.0
2022-09-01,Equity Maximum Sharpe,DUK,0.075465
2022-09-01,Equity Maximum Sharpe,EA,0.0
2022-09-01,Equity Maximum Sharpe,GE,0.0
2022-09-01,Equity Maximum Sharpe,GILD,0.0
2022-09-01,Equity Maximum Sharpe,GS,0.0
2022-09-01,Equity Maximum Sharpe,INTC,0.0
2022-09-01,Equity Maximum Sharpe,KO,0.0
2022-09-01,Equity Maximum Sharpe,MMM,0.0
2022-09-01,Equity Maximum Sharpe,MRK,0.0
2022-09-01,Equity Maximum Sharpe,MS,0.0
2022-09-01,Equity Maximum Sharpe,NEE,0.0
2022-09-01,Equity Maximum Sharpe,NEM,0.0
2022-09-01,Equity Maximum Sharpe,NKE,0.0
2022-09-01,Equity Maximum Sharpe,NUE,0.133138
2022-09-01,Equity Maximum Sharpe,NVDA,0.0
2022-09-01,Equity Maximum Sharpe,O,0.0
2022-09-01,Equity Maximum Sharpe,OXY,0.15824
2022-09-01,Equity Maximum Sharpe,PLD,0.0
2022-09-01,Equity Maximum Sharpe,PSA,0.2
2022-09-01,Equity Maximum Sharpe,QCOM,0.0
2022-09-01,Equity Maximum Sharpe,SBUX,0.0
2022-09-01,Equity Maximum Sharpe,SHW,0.0
2022-09-01,Equity Maximum Sharpe,SLB,0.0
2022-09-01,Equity Maximum Sharpe,SO,0.2
2022-09-01,Equity Maximum Sharpe,T,0.0
2022-09-01,Equity Maximum Sharpe,TMUS,0.0
2022-09-01,Equity Maximum Sharpe,TTWO,0.0
2022-09-01,Equity Maximum Sharpe,UPS,0.0
2022-09-01,Equity Maximum Sharpe,USB,0.0
2022-09-01,Equity Maximum Sharpe,V,0.0
2022-09-01,Equity Maximum Sharpe,WFC,0.0
2022-09-01,Equity Maximum Sharpe,WMT,0.0
2022-09-01,Equity Maximum Sharpe,XOM,0.007826
2022-10-03,Equity Maximum Sharpe,ABBV,0.2
2022-10-03,Equity Maximum Sharpe,ABT,0.0
2022-10-03,Equity Maximum Sharpe,ADBE,0.0
2022-10-03,Equity Maximum Sharpe,AEP,0.0
2022-10-03,Equity Maximum Sharpe,AMD,0.0
2022-10-03,Equity Maximum Sharpe,AMGN,0.0
2022-10-03,Equity Maximum Sharpe,AMT,0.0
2022-10-03,Equity Maximum Sharpe,BA,0.0
2022-10-03,Equity Maximum Sharpe,CAT,0.0
2022-10-03,Equity Maximum Sharpe,CCI,0.0
2022-10-03,Equity Maximum Sharpe,CMCSA,0.0
2022-10-03,Equity Maximum Sharpe,COP,0.012738
2022-10-03,Equity Maximum Sharpe,CVX,0.0
2022-10-03,Equity Maximum Sharpe,D,0.0
2022-10-03,Equity Maximum Sharpe,DD,0.0
2022-10-03,Equity Maximum Sharpe,DIS,0.0
2022-10-03,Equity Maximum Sharpe,DOW,0.0
2022-10-03,Equity Maximum Sharpe,DUK,0.0
2022-10-03,Equity Maximum Sharpe,EA,0.0
2022-10-03,Equity Maximum Sharpe,GE,0.0
2022-10-03,Equity Maximum Sharpe,GILD,0.0
2022-10-03,Equity Maximum Sharpe,GS,0.0
2022-10-03,Equity Maximum Sharpe,INTC,0.0
2022-10-03,Equity Maximum Sharpe,KO,0.0
2022-10-03,Equity Maximum Sharpe,MMM,0.0
2022-10-03,Equity Maximum Sharpe,MRK,0.0
2022-10-03,Equity Maximum Sharpe,MS,0.0
2022-10-03,Equity Maximum Sharpe,NEE,0.00382
2022-10-03,Equity Maximum Sharpe,NEM,0.0
2022-10-03,Equity Maximum Sharpe,NKE,0.0
2022-10-03,Equity Maximum Sharpe,NUE,0.127221
2022-10-03,Equity Maximum Sharpe,NVDA,0.0
2022-10-03,Equity Maximum Sharpe,O,0.0
2022-10-03,Equity Maximum Sharpe,OXY,0.195873
2022-10-03,Equity Maximum Sharpe,PLD,0.0
2022-10-03,Equity Maximum Sharpe,PSA,0.2
2022-10-03,Equity Maximum Sharpe,QCOM,0.0
2022-10-03,Equity Maximum Sharpe,SBUX,0.0
2022-10-03,Equity Maximum Sharpe,SHW,0.0
2022-10-03,Equity Maximum Sharpe,SLB,0.0
2022-10-03,Equity Maximum Sharpe,SO,0.156449
2022-10-03,Equity Maximum Sharpe,T,0.0
2022-10-03,Equity Maximum Sharpe,TMUS,0.0
2022-10-03,Equity Maximum Sharpe,TTWO,0.0
2022-10-03,Equity Maximum Sharpe,UPS,0.0
2022-10-03,Equity Maximum Sharpe,USB,0.0
2022-10-03,Equity Maximum Sharpe,V,0.0
2022-10-03,Equity Maximum Sharpe,WFC,0.0
2022-10-03,Equity Maximum Sharpe,WMT,0.0
2022-10-03,Equity Maximum Sharpe,XOM,0.103899
2022-11-01,Equity Maximum Sharpe,ABBV,0.2
2022-11-01,Equity Maximum Sharpe,ABT,0.0
2022-11-01,Equity Maximum Sharpe,ADBE,0.0
2022-11-01,Equity Maximum Sharpe,AEP,0.0
2022-11-01,Equity Maximum Sharpe,AMD,0.0
2022-11-01,Equity Maximum Sharpe,AMGN,0.0
2022-11-01,Equity Maximum Sharpe,AMT,0.0
2022-11-01,Equity Maximum Sharpe,BA,0.0
2022-11-01,Equity Maximum Sharpe,CAT,0.0
2022-11-01,Equity Maximum Sharpe,CCI,0.0
2022-11-01,Equity Maximum Sharpe,CMCSA,0.0
2022-11-01,Equity Maximum Sharpe,COP,0.077095
2022-11-01,Equity Maximum Sharpe,CVX,0.0
2022-11-01,Equity Maximum Sharpe,D,0.0
2022-11-01,Equity Maximum Sharpe,DD,0.0
2022-11-01,Equity Maximum Sharpe,DIS,0.0
2022-11-01,Equity Maximum Sharpe,DOW,0.0
2022-11-01,Equity Maximum Sharpe,DUK,0.0
2022-11-01,Equity Maximum Sharpe,EA,0.0
2022-11-01,Equity Maximum Sharpe,GE,0.0
2022-11-01,Equity Maximum Sharpe,GILD,0.115382
2022-11-01,Equity Maximum Sharpe,GS,0.0
2022-11-01,Equity Maximum Sharpe,INTC,0.0
2022-11-01,Equity Maximum Sharpe,KO,0.0
2022-11-01,Equity Maximum Sharpe,MMM,0.0
2022-11-01,Equity Maximum Sharpe,MRK,0.092219
2022-11-01,Equity Maximum Sharpe,MS,0.0
2022-11-01,Equity Maximum Sharpe,NEE,0.0
2022-11-01,Equity Maximum Sharpe,NEM,0.0
2022-11-01,Equity Maximum Sharpe,NKE,0.0
2022-11-01,Equity Maximum Sharpe,NUE,0.088748
2022-11-01,Equity Maximum Sharpe,NVDA,0.0
2022-11-01,Equity Maximum Sharpe,O,0.0
2022-11-01,Equity Maximum Sharpe,OXY,0.132389
2022-11-01,Equity Maximum Sharpe,PLD,0.0
2022-11-01,Equity Maximum Sharpe,PSA,0.172325
2022-11-01,Equity Maximum Sharpe,QCOM,0.0
2022-11-01,Equity Maximum Sharpe,SBUX,0.0
2022-11-01,Equity Maximum Sharpe,SHW,0.0
2022-11-01,Equity Maximum Sharpe,SLB,0.0
2022-11-01,Equity Maximum Sharpe,SO,0.0
2022-11-01,Equity Maximum Sharpe,T,0.0
2022-11-01,Equity Maximum Sharpe,TMUS,0.0
2022-11-01,Equity Maximum Sharpe,TTWO,0.0
2022-11-01,Equity Maximum Sharpe,UPS,0.0
2022-11-01,Equity Maximum Sharpe,USB,0.0
2022-11-01,Equity Maximum Sharpe,V,0.0
2022-11-01,Equity Maximum Sharpe,WFC,0.0
2022-11-01,Equity Maximum Sharpe,WMT,0.0
2022-11-01,Equity Maximum Sharpe,XOM,0.121843
2022-12-01,Equity Maximum Sharpe,ABBV,0.18857
2022-12-01,Equity Maximum Sharpe,ABT,0.0
2022-12-01,Equity Maximum Sharpe,ADBE,0.0
2022-12-01,Equity Maximum Sharpe,AEP,0.0
2022-12-01,Equity Maximum Sharpe,AMD,0.0
2022-12-01,Equity Maximum Sharpe,AMGN,0.0
2022-12-01,Equity Maximum Sharpe,AMT,0.0
2022-12-01,Equity Maximum Sharpe,BA,0.0
2022-12-01,Equity Maximum Sharpe,CAT,0.0
2022-12-01,Equity Maximum Sharpe,CCI,0.0
2022-12-01,Equity Maximum Sharpe,CMCSA,0.0
2022-12-01,Equity Maximum Sharpe,COP,0.04625
2022-12-01,Equity Maximum Sharpe,CVX,0.0
2022-12-01,Equity Maximum Sharpe,D,0.0
2022-12-01,Equity Maximum Sharpe,DD,0.0
2022-12-01,Equity Maximum Sharpe,DIS,0.0
2022-12-01,Equity Maximum Sharpe,DOW,0.0
2022-12-01,Equity Maximum Sharpe,DUK,0.0
2022-12-01,Equity Maximum Sharpe,EA,0.0
2022-12-01,Equity Maximum Sharpe,GE,0.0
2022-12-01,Equity Maximum Sharpe,GILD,0.162351
2022-12-01,Equity Maximum Sharpe,GS,0.0
2022-12-01,Equity Maximum Sharpe,INTC,0.0
2022-12-01,Equity Maximum Sharpe,KO,0.0
2022-12-01,Equity Maximum Sharpe,MMM,0.0
2022-12-01,Equity Maximum Sharpe,MRK,0.126013
2022-12-01,Equity Maximum Sharpe,MS,0.0
2022-12-01,Equity Maximum Sharpe,NEE,0.0
2022-12-01,Equity Maximum Sharpe,NEM,0.0
2022-12-01,Equity Maximum Sharpe,NKE,0.0
2022-12-01,Equity Maximum Sharpe,NUE,0.109876
2022-12-01,Equity Maximum Sharpe,NVDA,0.0
2022-12-01,Equity Maximum Sharpe,O,0.0
2022-12-01,Equity Maximum Sharpe,OXY,0.071783
2022-12-01,Equity Maximum Sharpe,PLD,0.0
2022-12-01,Equity Maximum Sharpe,PSA,0.095157
2022-12-01,Equity Maximum Sharpe,QCOM,0.0
2022-12-01,Equity Maximum Sharpe,SBUX,0.0
2022-12-01,Equity Maximum Sharpe,SHW,0.0
2022-12-01,Equity Maximum Sharpe,SLB,0.0
2022-12-01,Equity Maximum Sharpe,SO,0.0
2022-12-01,Equity Maximum Sharpe,T,0.0
2022-12-01,Equity Maximum Sharpe,TMUS,0.0
2022-12-01,Equity Maximum Sharpe,TTWO,0.0
2022-12-01,Equity Maximum Sharpe,UPS,0.0
2022-12-01,Equity Maximum Sharpe,USB,0.0
2022-12-01,Equity Maximum Sharpe,V,0.0
2022-12-01,Equity Maximum Sharpe,WFC,0.0
2022-12-01,Equity Maximum Sharpe,WMT,0.0
2022-12-01,Equity Maximum Sharpe,XOM,0.2
2023-01-03,Equity Maximum Sharpe,ABBV,0.2
2023-01-03,Equity Maximum Sharpe,ABT,0.0
2023-01-03,Equity Maximum Sharpe,ADBE,0.0
2023-01-03,Equity Maximum Sharpe,AEP,0.0
2023-01-03,Equity Maximum Sharpe,AMD,0.0
2023-01-03,Equity Maximum Sharpe,AMGN,0.0
2023-01-03,Equity Maximum Sharpe,AMT,0.0
2023-01-03,Equity Maximum Sharpe,BA,0.0
2023-01-03,Equity Maximum Sharpe,CAT,0.0
2023-01-03,Equity Maximum Sharpe,CCI,0.0
2023-01-03,Equity Maximum Sharpe,CMCSA,0.0
2023-01-03,Equity Maximum Sharpe,COP,0.080921
2023-01-03,Equity Maximum Sharpe,CVX,0.0
2023-01-03,Equity Maximum Sharpe,D,0.0
2023-01-03,Equity Maximum Sharpe,DD,0.0
2023-01-03,Equity Maximum Sharpe,DIS,0.0
2023-01-03,Equity Maximum Sharpe,DOW,0.0
2023-01-03,Equity Maximum Sharpe,DUK,0.0
2023-01-03,Equity Maximum Sharpe,EA,0.0
2023-01-03,Equity Maximum Sharpe,GE,0.0
2023-01-03,Equity Maximum Sharpe,GILD,0.2
2023-01-03,Equity Maximum Sharpe,GS,0.0
2023-01-03,Equity Maximum Sharpe,INTC,0.0
2023-01-03,Equity Maximum Sharpe,KO,0.0
2023-01-03,Equity Maximum Sharpe,MMM,0.0
2023-01-03,Equity Maximum Sharpe,MRK,0.162023
2023-01-03,Equity Maximum Sharpe,MS,0.0
2023-01-03,Equity Maximum Sharpe,NEE,0.0
2023-01-03,Equity Maximum Sharpe,NEM,0.0
2023-01-03,Equity Maximum Sharpe,NKE,0.0
2023-01-03,Equity Maximum Sharpe,NUE,0.108998
2023-01-03,Equity Maximum Sharpe,NVDA,0.0
2023-01-03,Equity Maximum Sharpe,O,0.0
2023-01-03,Equity Maximum Sharpe,OXY,0.044344
2023-01-03,Equity Maximum Sharpe,PLD,0.0
2023-01-03,Equity Maximum Sharpe,PSA,0.003714
2023-01-03,Equity Maximum Sharpe,QCOM,0.0
2023-01-03,Equity Maximum Sharpe,SBUX,0.0
2023-01-03,Equity Maximum Sharpe,SHW,0.0
2023-01-03,Equity Maximum Sharpe,SLB,0.0
2023-01-03,Equity Maximum Sharpe,SO,0.0
2023-01-03,Equity Maximum Sharpe,T,0.0
2023-01-03,Equity Maximum Sharpe,TMUS,0.0
2023-01-03,Equity Maximum Sharpe,TTWO,0.0
2023-01-03,Equity Maximum Sharpe,UPS,0.0
2023-01-03,Equity Maximum Sharpe,USB,0.0
2023-01-03,Equity Maximum Sharpe,V,0.0
2023-01-03,Equity Maximum Sharpe,WFC,0.0
2023-01-03,Equity Maximum Sharpe,WMT,0.0
2023-01-03,Equity Maximum Sharpe,XOM,0.2
2023-02-02,Equity Maximum Sharpe,ABBV,0.168139
2023-02-02,Equity Maximum Sharpe,ABT,0.0
2023-02-02,Equity Maximum Sharpe,ADBE,0.0
2023-02-02,Equity Maximum Sharpe,AEP,0.0
2023-02-02,Equity Maximum Sharpe,AMD,0.0
2023-02-02,Equity Maximum Sharpe,AMGN,0.0
2023-02-02,Equity Maximum Sharpe,AMT,0.0
2023-02-02,Equity Maximum Sharpe,BA,0.0
2023-02-02,Equity Maximum Sharpe,CAT,0.0
2023-02-02,Equity Maximum Sharpe,CCI,0.0
2023-02-02,Equity Maximum Sharpe,CMCSA,0.0
2023-02-02,Equity Maximum Sharpe,COP,0.096808
2023-02-02,Equity Maximum Sharpe,CVX,0.0
2023-02-02,Equity Maximum Sharpe,D,0.0
2023-02-02,Equity Maximum Sharpe,DD,0.0
2023-02-02,Equity Maximum Sharpe,DIS,0.0
2023-02-02,Equity Maximum Sharpe,DOW,0.0
2023-02-02,Equity Maximum Sharpe,DUK,0.0
2023-02-02,Equity Maximum Sharpe,EA,0.0
2023-02-02,Equity Maximum Sharpe,GE,0.0
2023-02-02,Equity Maximum Sharpe,GILD,0.056113
2023-02-02,Equity Maximum Sharpe,GS,0.0
2023-02-02,Equity Maximum Sharpe,INTC,0.0
2023-02-02,Equity Maximum Sharpe,KO,0.0
2023-02-02,Equity Maximum Sharpe,MMM,0.0
2023-02-02,Equity Maximum Sharpe,MRK,0.167661
2023-02-02,Equity Maximum Sharpe,MS,0.0
2023-02-02,Equity Maximum Sharpe,NEE,0.0
2023-02-02,Equity Maximum Sharpe,NEM,0.0
2023-02-02,Equity Maximum Sharpe,NKE,0.0
2023-02-02,Equity Maximum Sharpe,NUE,0.2
2023-02-02,Equity Maximum Sharpe,NVDA,0.009192
2023-02-02,Equity Maximum Sharpe,O,0.0
2023-02-02,Equity Maximum Sharpe,OXY,0.012576
2023-02-02,Equity Maximum Sharpe,PLD,0.0
2023-02-02,Equity Maximum Sharpe,PSA,0.089512
2023-02-02,Equity Maximum Sharpe,QCOM,0.0
2023-02-02,Equity Maximum Sharpe,SBUX,0.0
2023-02-02,Equity Maximum Sharpe,SHW,0.0
2023-02-02,Equity Maximum Sharpe,SLB,0.0
2023-02-02,Equity Maximum Sharpe,SO,0.0
2023-02-02,Equity Maximum Sharpe,T,0.0
2023-02-02,Equity Maximum Sharpe,TMUS,0.0
2023-02-02,Equity Maximum Sharpe,TTWO,0.0
2023-02-02,Equity Maximum Sharpe,UPS,0.0
2023-02-02,Equity Maximum Sharpe,USB,0.0
2023-02-02,Equity Maximum Sharpe,V,0.0
2023-02-02,Equity Maximum Sharpe,WFC,0.0
2023-02-02,Equity Maximum Sharpe,WMT,0.0
2023-02-02,Equity Maximum Sharpe,XOM,0.2
2023-03-06,Equity Maximum Sharpe,ABBV,0.2
2023-03-06,Equity Maximum Sharpe,ABT,0.0
2023-03-06,Equity Maximum Sharpe,ADBE,0.0
2023-03-06,Equity Maximum Sharpe,AEP,0.0
2023-03-06,Equity Maximum Sharpe,AMD,0.0
2023-03-06,Equity Maximum Sharpe,AMGN,0.0
2023-03-06,Equity Maximum Sharpe,AMT,0.0
2023-03-06,Equity Maximum Sharpe,BA,0.0
2023-03-06,Equity Maximum Sharpe,CAT,0.0
2023-03-06,Equity Maximum Sharpe,CCI,0.0
2023-03-06,Equity Maximum Sharpe,CMCSA,0.0
2023-03-06,Equity Maximum Sharpe,COP,0.013088
2023-03-06,Equity Maximum Sharpe,CVX,0.0
2023-03-06,Equity Maximum Sharpe,D,0.0
2023-03-06,Equity Maximum Sharpe,DD,0.0
2023-03-06,Equity Maximum Sharpe,DIS,0.0
2023-03-06,Equity Maximum Sharpe,DOW,0.0
2023-03-06,Equity Maximum Sharpe,DUK,0.0
2023-03-06,Equity Maximum Sharpe,EA,0.0
2023-03-06,Equity Maximum Sharpe,GE,0.0
2023-03-06,Equity Maximum Sharpe,GILD,0.087409
2023-03-06,Equity Maximum Sharpe,GS,0.0
2023-03-06,Equity Maximum Sharpe,INTC,0.0
2023-03-06,Equity Maximum Sharpe,KO,0.0
2023-03-06,Equity Maximum Sharpe,MMM,0.0
2023-03-06,Equity Maximum Sharpe,MRK,0.2
2023-03-06,Equity Maximum Sharpe,MS,0.0
2023-03-06,Equity Maximum Sharpe,NEE,0.0
2023-03-06,Equity Maximum Sharpe,NEM,0.0
2023-03-06,Equity Maximum Sharpe,NKE,0.0
2023-03-06,Equity Maximum Sharpe,NUE,0.179466
2023-03-06,Equity Maximum Sharpe,NVDA,0.050648
2023-03-06,Equity Maximum Sharpe,O,0.0
2023-03-06,Equity Maximum Sharpe,OXY,0.0
2023-03-06,Equity Maximum Sharpe,PLD,0.0
2023-03-06,Equity Maximum Sharpe,PSA,0.069389
2023-03-06,Equity Maximum Sharpe,QCOM,0.0
2023-03-06,Equity Maximum Sharpe,SBUX,0.0
2023-03-06,Equity Maximum Sharpe,SHW,0.0
2023-03-06,Equity Maximum Sharpe,SLB,0.0
2023-03-06,Equity Maximum Sharpe,SO,0.0
2023-03-06,Equity Maximum Sharpe,T,0.0
2023-03-06,Equity Maximum Sharpe,TMUS,0.0
2023-03-06,Equity Maximum Sharpe,TTWO,0.0
2023-03-06,Equity Maximum Sharpe,UPS,0.0
2023-03-06,Equity Maximum Sharpe,USB,0.0
2023-03-06,Equity Maximum Sharpe,V,0.0
2023-03-06,Equity Maximum Sharpe,WFC,0.0
2023-03-06,Equity Maximum Sharpe,WMT,0.0
2023-03-06,Equity Maximum Sharpe,XOM,0.2
2023-04-04,Equity Maximum Sharpe,ABBV,0.2
2023-04-04,Equity Maximum Sharpe,ABT,0.0
2023-04-04,Equity Maximum Sharpe,ADBE,0.0
2023-04-04,Equity Maximum Sharpe,AEP,0.0
2023-04-04,Equity Maximum Sharpe,AMD,0.0
2023-04-04,Equity Maximum Sharpe,AMGN,0.0
2023-04-04,Equity Maximum Sharpe,AMT,0.0
2023-04-04,Equity Maximum Sharpe,BA,0.0
2023-04-04,Equity Maximum Sharpe,CAT,0.0
2023-04-04,Equity Maximum Sharpe,CCI,0.0
2023-04-04,Equity Maximum Sharpe,CMCSA,0.0
2023-04-04,Equity Maximum Sharpe,COP,0.006296
2023-04-04,Equity Maximum Sharpe,CVX,0.0
2023-04-04,Equity Maximum Sharpe,D,0.0
2023-04-04,Equity Maximum Sharpe,DD,0.0
2023-04-04,Equity Maximum Sharpe,DIS,0.0
2023-04-04,Equity Maximum Sharpe,DOW,0.0
2023-04-04,Equity Maximum Sharpe,DUK,0.0
2023-04-04,Equity Maximum Sharpe,EA,0.0
2023-04-04,Equity Maximum Sharpe,GE,0.0
2023-04-04,Equity Maximum Sharpe,GILD,0.103851
2023-04-04,Equity Maximum Sharpe,GS,0.0
2023-04-04,Equity Maximum Sharpe,INTC,0.0
2023-04-04,Equity Maximum Sharpe,KO,0.027091
2023-04-04,Equity Maximum Sharpe,MMM,0.0
2023-04-04,Equity Maximum Sharpe,MRK,0.2
2023-04-04,Equity Maximum Sharpe,MS,0.0
2023-04-04,Equity Maximum Sharpe,NEE,0.0
2023-04-04,Equity Maximum Sharpe,NEM,0.0
2023-04-04,Equity Maximum Sharpe,NKE,0.0
2023-04-04,Equity Maximum Sharpe,NUE,0.04585
2023-04-04,Equity Maximum Sharpe,NVDA,0.088356
2023-04-04,Equity Maximum Sharpe,O,0.0
2023-04-04,Equity Maximum Sharpe,OXY,0.077351
2023-04-04,Equity Maximum Sharpe,PLD,0.0
2023-04-04,Equity Maximum Sharpe,PSA,0.033621
2023-04-04,Equity Maximum Sharpe,QCOM,0.0
2023-04-04,Equity Maximum Sharpe,SBUX,0.0
2023-04-04,Equity Maximum Sharpe,SHW,0.0
2023-04-04,Equity Maximum Sharpe,SLB,0.0
2023-04-04,Equity Maximum Sharpe,SO,0.017584
2023-04-04,Equity Maximum Sharpe,T,0.0
2023-04-04,Equity Maximum Sharpe,TMUS,0.0
2023-04-04,Equity Maximum Sharpe,TTWO,0.0
2023-04-04,Equity Maximum Sharpe,UPS,0.0
2023-04-04,Equity Maximum Sharpe,USB,0.0
2023-04-04,Equity Maximum Sharpe,V,0.0
2023-04-04,Equity Maximum Sharpe,WFC,0.0
2023-04-04,Equity Maximum Sharpe,WMT,0.0
2023-04-04,Equity Maximum Sharpe,XOM,0.2
2023-05-04,Equity Maximum Sharpe,ABBV,0.188766
2023-05-04,Equity Maximum Sharpe,ABT,0.0
2023-05-04,Equity Maximum Sharpe,ADBE,0.0
2023-05-04,Equity Maximum Sharpe,AEP,0.0
2023-05-04,Equity Maximum Sharpe,AMD,0.0
2023-05-04,Equity Maximum Sharpe,AMGN,0.0
2023-05-04,Equity Maximum Sharpe,AMT,0.0
2023-05-04,Equity Maximum Sharpe,BA,0.0
2023-05-04,Equity Maximum Sharpe,CAT,0.0
2023-05-04,Equity Maximum Sharpe,CCI,0.0
2023-05-04,Equity Maximum Sharpe,CMCSA,0.0
2023-05-04,Equity Maximum Sharpe,COP,0.002874
2023-05-04,Equity Maximum Sharpe,CVX,0.0
2023-05-04,Equity Maximum Sharpe,D,0.0
2023-05-04,Equity Maximum Sharpe,DD,0.0
2023-05-04,Equity Maximum Sharpe,DIS,0.0
2023-05-04,Equity Maximum Sharpe,DOW,0.0
2023-05-04,Equity Maximum Sharpe,DUK,0.0
2023-05-04,Equity Maximum Sharpe,EA,0.0
2023-05-04,Equity Maximum Sharpe,GE,0.0
2023-05-04,Equity Maximum Sharpe,GILD,0.095794
2023-05-04,Equity Maximum Sharpe,GS,0.0
2023-05-04,Equity Maximum Sharpe,INTC,0.0
2023-05-04,Equity Maximum Sharpe,KO,0.062441
2023-05-04,Equity Maximum Sharpe,MMM,0.0
2023-05-04,Equity Maximum Sharpe,MRK,0.2
2023-05-04,Equity Maximum Sharpe,MS,0.0
2023-05-04,Equity Maximum Sharpe,NEE,0.0
2023-05-04,Equity Maximum Sharpe,NEM,0.0
2023-05-04,Equity Maximum Sharpe,NKE,0.0
2023-05-04,Equity Maximum Sharpe,NUE,0.024509
2023-05-04,Equity Maximum Sharpe,NVDA,0.106154
2023-05-04,Equity Maximum Sharpe,O,0.0
2023-05-04,Equity Maximum Sharpe,OXY,0.079074
2023-05-04,Equity Maximum Sharpe,PLD,0.0
2023-05-04,Equity Maximum Sharpe,PSA,0.0
2023-05-04,Equity Maximum Sharpe,QCOM,0.0
2023-05-04,Equity Maximum Sharpe,SBUX,0.0
2023-05-04,Equity Maximum Sharpe,SHW,0.0
2023-05-04,Equity Maximum Sharpe,SLB,0.0
2023-05-04,Equity Maximum Sharpe,SO,0.04374
2023-05-04,Equity Maximum Sharpe,T,0.0
2023-05-04,Equity Maximum Sharpe,TMUS,0.0
2023-05-04,Equity Maximum Sharpe,TTWO,0.0
2023-05-04,Equity Maximum Sharpe,UPS,0.0
2023-05-04,Equity Maximum Sharpe,USB,0.0
2023-05-04,Equity Maximum Sharpe,V,0.0
2023-05-04,Equity Maximum Sharpe,WFC,0.0
2023-05-04,Equity Maximum Sharpe,WMT,0.0
2023-05-04,Equity Maximum Sharpe,XOM,0.196649
2023-06-05,Equity Maximum Sharpe,ABBV,0.18101
2023-06-05,Equity Maximum Sharpe,ABT,0.0
2023-06-05,Equity Maximum Sharpe,ADBE,0.0
2023-06-05,Equity Maximum Sharpe,AEP,0.0
2023-06-05,Equity Maximum Sharpe,AMD,0.0
2023-06-05,Equity Maximum Sharpe,AMGN,0.0
2023-06-05,Equity Maximum Sharpe,AMT,0.0
2023-06-05,Equity Maximum Sharpe,BA,0.0
2023-06-05,Equity Maximum Sharpe,CAT,0.0
2023-06-05,Equity Maximum Sharpe,CCI,0.0
2023-06-05,Equity Maximum Sharpe,CMCSA,0.0
2023-06-05,Equity Maximum Sharpe,COP,0.018089
2023-06-05,Equity Maximum Sharpe,CVX,0.0
2023-06-05,Equity Maximum Sharpe,D,0.0
2023-06-05,Equity Maximum Sharpe,DD,0.0
2023-06-05,Equity Maximum Sharpe,DIS,0.0
2023-06-05,Equity Maximum Sharpe,DOW,0.0
2023-06-05,Equity Maximum Sharpe,DUK,0.0
2023-06-05,Equity Maximum Sharpe,EA,0.0
2023-06-05,Equity Maximum Sharpe,GE,0.0
2023-06-05,Equity Maximum Sharpe,GILD,0.121432
2023-06-05,Equity Maximum Sharpe,GS,0.0
2023-06-05,Equity Maximum Sharpe,INTC,0.0
2023-06-05,Equity Maximum Sharpe,KO,0.0
2023-06-05,Equity Maximum Sharpe,MMM,0.0
2023-06-05,Equity Maximum Sharpe,MRK,0.2
2023-06-05,Equity Maximum Sharpe,MS,0.0
2023-06-05,Equity Maximum Sharpe,NEE,0.0
2023-06-05,Equity Maximum Sharpe,NEM,0.0
2023-06-05,Equity Maximum Sharpe,NKE,0.0
2023-06-05,Equity Maximum Sharpe,NUE,0.0
2023-06-05,Equity Maximum Sharpe,NVDA,0.163767
2023-06-05,Equity Maximum Sharpe,O,0.0
2023-06-05,Equity Maximum Sharpe,OXY,0.070059
2023-06-05,Equity Maximum Sharpe,PLD,0.0
2023-06-05,Equity Maximum Sharpe,PSA,0.0
2023-06-05,Equity Maximum Sharpe,QCOM,0.0
2023-06-05,Equity Maximum Sharpe,SBUX,0.0
2023-06-05,Equity Maximum Sharpe,SHW,0.0
2023-06-05,Equity Maximum Sharpe,SLB,0.0
2023-06-05,Equity Maximum Sharpe,SO,0.045643
2023-06-05,Equity Maximum Sharpe,T,0.0
2023-06-05,Equity Maximum Sharpe,TMUS,0.0
2023-06-05,Equity Maximum Sharpe,TTWO,0.0
2023-06-05,Equity Maximum Sharpe,UPS,0.0
2023-06-05,Equity Maximum Sharpe,USB,0.0
2023-06-05,Equity Maximum Sharpe,V,0.0
2023-06-05,Equity Maximum Sharpe,WFC,0.0
2023-06-05,Equity Maximum Sharpe,WMT,0.0
2023-06-05,Equity Maximum Sharpe,XOM,0.2
2023-07-06,Equity Maximum Sharpe,ABBV,0.160644
2023-07-06,Equity Maximum Sharpe,ABT,0.0
2023-07-06,Equity Maximum Sharpe,ADBE,0.0
2023-07-06,Equity Maximum Sharpe,AEP,0.0
2023-07-06,Equity Maximum Sharpe,AMD,0.0
2023-07-06,Equity Maximum Sharpe,AMGN,0.0
2023-07-06,Equity Maximum Sharpe,AMT,0.0
2023-07-06,Equity Maximum Sharpe,BA,0.0
2023-07-06,Equity Maximum Sharpe,CAT,0.0
2023-07-06,Equity Maximum Sharpe,CCI,0.0
2023-07-06,Equity Maximum Sharpe,CMCSA,0.0
2023-07-06,Equity Maximum Sharpe,COP,0.014655
2023-07-06,Equity Maximum Sharpe,CVX,0.0
2023-07-06,Equity Maximum Sharpe,D,0.0
2023-07-06,Equity Maximum Sharpe,DD,0.0
2023-07-06,Equity Maximum Sharpe,DIS,0.0
2023-07-06,Equity Maximum Sharpe,DOW,0.0
2023-07-06,Equity Maximum Sharpe,DUK,0.0
2023-07-06,Equity Maximum Sharpe,EA,0.0
2023-07-06,Equity Maximum Sharpe,GE,0.0
2023-07-06,Equity Maximum Sharpe,GILD,0.024618
2023-07-06,Equity Maximum Sharpe,GS,0.0
2023-07-06,Equity Maximum Sharpe,INTC,0.0
2023-07-06,Equity Maximum Sharpe,KO,0.0
2023-07-06,Equity Maximum Sharpe,MMM,0.0
2023-07-06,Equity Maximum Sharpe,MRK,0.2
2023-07-06,Equity Maximum Sharpe,MS,0.0
2023-07-06,Equity Maximum Sharpe,NEE,0.0
2023-07-06,Equity Maximum Sharpe,NEM,0.0
2023-07-06,Equity Maximum Sharpe,NKE,0.0
2023-07-06,Equity Maximum Sharpe,NUE,0.077365
2023-07-06,Equity Maximum Sharpe,NVDA,0.137354
2023-07-06,Equity Maximum Sharpe,O,0.0
2023-07-06,Equity Maximum Sharpe,OXY,0.035835
2023-07-06,Equity Maximum Sharpe,PLD,0.0
2023-07-06,Equity Maximum Sharpe,PSA,0.0
2023-07-06,Equity Maximum Sharpe,QCOM,0.0
2023-07-06,Equity Maximum Sharpe,SBUX,0.0
2023-07-06,Equity Maximum Sharpe,SHW,0.0
2023-07-06,Equity Maximum Sharpe,SLB,0.0
2023-07-06,Equity Maximum Sharpe,SO,0.14453
2023-07-06,Equity Maximum Sharpe,T,0.0
2023-07-06,Equity Maximum Sharpe,TMUS,0.0
2023-07-06,Equity Maximum Sharpe,TTWO,0.0
2023-07-06,Equity Maximum Sharpe,UPS,0.0
2023-07-06,Equity Maximum Sharpe,USB,0.0
2023-07-06,Equity Maximum Sharpe,V,0.0
2023-07-06,Equity Maximum Sharpe,WFC,0.0
2023-07-06,Equity Maximum Sharpe,WMT,0.004999
2023-07-06,Equity Maximum Sharpe,XOM,0.2
2023-08-04,Equity Maximum Sharpe,ABBV,0.2
2023-08-04,Equity Maximum Sharpe,ABT,0.0
2023-08-04,Equity Maximum Sharpe,ADBE,0.0
2023-08-04,Equity Maximum Sharpe,AEP,0.0
2023-08-04,Equity Maximum Sharpe,AMD,0.0
2023-08-04,Equity Maximum Sharpe,AMGN,0.0
2023-08-04,Equity Maximum Sharpe,AMT,0.0
2023-08-04,Equity Maximum Sharpe,BA,0.0
2023-08-04,Equity Maximum Sharpe,CAT,0.0
2023-08-04,Equity Maximum Sharpe,CCI,0.0
2023-08-04,Equity Maximum Sharpe,CMCSA,0.0
2023-08-04,Equity Maximum Sharpe,COP,0.066368
2023-08-04,Equity Maximum Sharpe,CVX,0.0
2023-08-04,Equity Maximum Sharpe,D,0.0
2023-08-04,Equity Maximum Sharpe,DD,0.0
2023-08-04,Equity Maximum Sharpe,DIS,0.0
2023-08-04,Equity Maximum Sharpe,DOW,0.0
2023-08-04,Equity Maximum Sharpe,DUK,0.0
2023-08-04,Equity Maximum Sharpe,EA,0.0
2023-08-04,Equity Maximum Sharpe,GE,0.0
2023-08-04,Equity Maximum Sharpe,GILD,0.058209
2023-08-04,Equity Maximum Sharpe,GS,0.0
2023-08-04,Equity Maximum Sharpe,INTC,0.0
2023-08-04,Equity Maximum Sharpe,KO,0.0
2023-08-04,Equity Maximum Sharpe,MMM,0.0
2023-08-04,Equity Maximum Sharpe,MRK,0.2
2023-08-04,Equity Maximum Sharpe,MS,0.0
2023-08-04,Equity Maximum Sharpe,NEE,0.0
2023-08-04,Equity Maximum Sharpe,NEM,0.0
2023-08-04,Equity Maximum Sharpe,NKE,0.0
2023-08-04,Equity Maximum Sharpe,NUE,0.023782
2023-08-04,Equity Maximum Sharpe,NVDA,0.150548
2023-08-04,Equity Maximum Sharpe,O,0.0
2023-08-04,Equity Maximum Sharpe,OXY,0.094804
2023-08-04,Equity Maximum Sharpe,PLD,0.0
2023-08-04,Equity Maximum Sharpe,PSA,0.0
2023-08-04,Equity Maximum Sharpe,QCOM,0.0
2023-08-04,Equity Maximum Sharpe,SBUX,0.0
2023-08-04,Equity Maximum Sharpe,SHW,0.0
2023-08-04,Equity Maximum Sharpe,SLB,0.012153
2023-08-04,Equity Maximum Sharpe,SO,0.0
2023-08-04,Equity Maximum Sharpe,T,0.0
2023-08-04,Equity Maximum Sharpe,TMUS,0.0
2023-08-04,Equity Maximum Sharpe,TTWO,0.0
2023-08-04,Equity Maximum Sharpe,UPS,0.0
2023-08-04,Equity Maximum Sharpe,USB,0.0
2023-08-04,Equity Maximum Sharpe,V,0.0
2023-08-04,Equity Maximum Sharpe,WFC,0.0
2023-08-04,Equity Maximum Sharpe,WMT,0.0
2023-08-04,Equity Maximum Sharpe,XOM,0.194136
2023-09-05,Equity Maximum Sharpe,ABBV,0.2
2023-09-05,Equity Maximum Sharpe,ABT,0.0
2023-09-05,Equity Maximum Sharpe,ADBE,0.0
2023-09-05,Equity Maximum Sharpe,AEP,0.0
2023-09-05,Equity Maximum Sharpe,AMD,0.0
2023-09-05,Equity Maximum Sharpe,AMGN,0.063665
2023-09-05,Equity Maximum Sharpe,AMT,0.0
2023-09-05,Equity Maximum Sharpe,BA,0.0
2023-09-05,Equity Maximum Sharpe,CAT,0.0
2023-09-05,Equity Maximum Sharpe,CCI,0.0
2023-09-05,Equity Maximum Sharpe,CMCSA,0.0
2023-09-05,Equity Maximum Sharpe,COP,0.110942
2023-09-05,Equity Maximum Sharpe,CVX,0.0
2023-09-05,Equity Maximum Sharpe,D,0.0
2023-09-05,Equity Maximum Sharpe,DD,0.0
2023-09-05,Equity Maximum Sharpe,DIS,0.0
2023-09-05,Equity Maximum Sharpe,DOW,0.0
2023-09-05,Equity Maximum Sharpe,DUK,0.0
2023-09-05,Equity Maximum Sharpe,EA,0.0
2023-09-05,Equity Maximum Sharpe,GE,0.0
2023-09-05,Equity Maximum Sharpe,GILD,0.0
2023-09-05,Equity Maximum Sharpe,GS,0.0
2023-09-05,Equity Maximum Sharpe,INTC,0.0
2023-09-05,Equity Maximum Sharpe,KO,0.0
2023-09-05,Equity Maximum Sharpe,MMM,0.0
2023-09-05,Equity Maximum Sharpe,MRK,0.2
2023-09-05,Equity Maximum Sharpe,MS,0.0
2023-09-05,Equity Maximum Sharpe,NEE,0.0
2023-09-05,Equity Maximum Sharpe,NEM,0.0
2023-09-05,Equity Maximum Sharpe,NKE,0.0
2023-09-05,Equity Maximum Sharpe,NUE,0.0
2023-09-05,Equity Maximum Sharpe,NVDA,0.132693
2023-09-05,Equity Maximum Sharpe,O,0.0
2023-09-05,Equity Maximum Sharpe,OXY,0.092699
2023-09-05,Equity Maximum Sharpe,PLD,0.0
2023-09-05,Equity Maximum Sharpe,PSA,0.0
2023-09-05,Equity Maximum Sharpe,QCOM,0.0
2023-09-05,Equity Maximum Sharpe,SBUX,0.0
2023-09-05,Equity Maximum Sharpe,SHW,0.0
2023-09-05,Equity Maximum Sharpe,SLB,0.0
2023-09-05,Equity Maximum Sharpe,SO,0.0
2023-09-05,Equity Maximum Sharpe,T,0.0
2023-09-05,Equity Maximum Sharpe,TMUS,0.0
2023-09-05,Equity Maximum Sharpe,TTWO,0.0
2023-09-05,Equity Maximum Sharpe,UPS,0.0
2023-09-05,Equity Maximum Sharpe,USB,0.0
2023-09-05,Equity Maximum Sharpe,V,0.0
2023-09-05,Equity Maximum Sharpe,WFC,0.0
2023-09-05,Equity Maximum Sharpe,WMT,0.0
2023-09-05,Equity Maximum Sharpe,XOM,0.2
2023-10-04,Equity Maximum Sharpe,ABBV,0.2
2023-10-04,Equity Maximum Sharpe,ABT,0.0
2023-10-04,Equity Maximum Sharpe,ADBE,0.0
2023-10-04,Equity Maximum Sharpe,AEP,0.0
2023-10-04,Equity Maximum Sharpe,AMD,0.0
2023-10-04,Equity Maximum Sharpe,AMGN,0.155528
2023-10-04,Equity Maximum Sharpe,AMT,0.0
2023-10-04,Equity Maximum Sharpe,BA,0.0
2023-10-04,Equity Maximum Sharpe,CAT,0.0
2023-10-04,Equity Maximum Sharpe,CCI,0.0
2023-10-04,Equity Maximum Sharpe,CMCSA,0.0
2023-10-04,Equity Maximum Sharpe,COP,0.0
2023-10-04,Equity Maximum Sharpe,CVX,0.030845
2023-10-04,Equity Maximum Sharpe,D,0.0
2023-10-04,Equity Maximum Sharpe,DD,0.0
2023-10-04,Equity Maximum Sharpe,DIS,0.0
2023-10-04,Equity Maximum Sharpe,DOW,0.0
2023-10-04,Equity Maximum Sharpe,DUK,0.0
2023-10-04,Equity Maximum Sharpe,EA,0.0
2023-10-04,Equity Maximum Sharpe,GE,0.0
2023-10-04,Equity Maximum Sharpe,GILD,0.0
2023-10-04,Equity Maximum Sharpe,GS,0.0
2023-10-04,Equity Maximum Sharpe,INTC,0.0
2023-10-04,Equity Maximum Sharpe,KO,0.0
2023-10-04,Equity Maximum Sharpe,MMM,0.0
2023-10-04,Equity Maximum Sharpe,MRK,0.159588
2023-10-04,Equity Maximum Sharpe,MS,0.0
2023-10-04,Equity Maximum Sharpe,NEE,0.0
2023-10-04,Equity Maximum Sharpe,NEM,0.0
2023-10-04,Equity Maximum Sharpe,NKE,0.0
2023-10-04,Equity Maximum Sharpe,NUE,0.0323
2023-10-04,Equity Maximum Sharpe,NVDA,0.124161
2023-10-04,Equity Maximum Sharpe,O,0.0
2023-10-04,Equity Maximum Sharpe,OXY,0.040857
2023-10-04,Equity Maximum Sharpe,PLD,0.0
2023-10-04,Equity Maximum Sharpe,PSA,0.0
2023-10-04,Equity Maximum Sharpe,QCOM,0.0
2023-10-04,Equity Maximum Sharpe,SBUX,0.0
2023-10-04,Equity Maximum Sharpe,SHW,0.0
2023-10-04,Equity Maximum Sharpe,SLB,0.026811
2023-10-04,Equity Maximum Sharpe,SO,0.0
2023-10-04,Equity Maximum Sharpe,T,0.0
2023-10-04,Equity Maximum Sharpe,TMUS,0.0
2023-10-04,Equity Maximum Sharpe,TTWO,0.0
2023-10-04,Equity Maximum Sharpe,UPS,0.0
2023-10-04,Equity Maximum Sharpe,USB,0.0
2023-10-04,Equity Maximum Sharpe,V,0.0
2023-10-04,Equity Maximum Sharpe,WFC,0.0
2023-10-04,Equity Maximum Sharpe,WMT,0.029909
2023-10-04,Equity Maximum Sharpe,XOM,0.2
2023-11-02,Equity Maximum Sharpe,ABBV,0.162774
2023-11-02,Equity Maximum Sharpe,ABT,0.0
2023-11-02,Equity Maximum Sharpe,ADBE,0.0
2023-11-02,Equity Maximum Sharpe,AEP,0.0
2023-11-02,Equity Maximum Sharpe,AMD,0.0
2023-11-02,Equity Maximum Sharpe,AMGN,0.190473
2023-11-02,Equity Maximum Sharpe,AMT,0.0
2023-11-02,Equity Maximum Sharpe,BA,0.0
2023-11-02,Equity Maximum Sharpe,CAT,0.0
2023-11-02,Equity Maximum Sharpe,CCI,0.0
2023-11-02,Equity Maximum Sharpe,CMCSA,0.0
2023-11-02,Equity Maximum Sharpe,COP,0.000494
2023-11-02,Equity Maximum Sharpe,CVX,0.0
2023-11-02,Equity Maximum Sharpe,D,0.0
2023-11-02,Equity Maximum Sharpe,DD,0.0
2023-11-02,Equity Maximum Sharpe,DIS,0.0
2023-11-02,Equity Maximum Sharpe,DOW,0.0
2023-11-02,Equity Maximum Sharpe,DUK,0.0
2023-11-02,Equity Maximum Sharpe,EA,0.0
2023-11-02,Equity Maximum Sharpe,GE,0.0
2023-11-02,Equity Maximum Sharpe,GILD,0.110512
2023-11-02,Equity Maximum Sharpe,GS,0.0
2023-11-02,Equity Maximum Sharpe,INTC,0.0
2023-11-02,Equity Maximum Sharpe,KO,0.0
2023-11-02,Equity Maximum Sharpe,MMM,0.0
2023-11-02,Equity Maximum Sharpe,MRK,0.095476
2023-11-02,Equity Maximum Sharpe,MS,0.0
2023-11-02,Equity Maximum Sharpe,NEE,0.0
2023-11-02,Equity Maximum Sharpe,NEM,0.0
2023-11-02,Equity Maximum Sharpe,NKE,0.0
2023-11-02,Equity Maximum Sharpe,NUE,0.008235
2023-11-02,Equity Maximum Sharpe,NVDA,0.102945
2023-11-02,Equity Maximum Sharpe,O,0.0
2023-11-02,Equity Maximum Sharpe,OXY,0.063592
2023-11-02,Equity Maximum Sharpe,PLD,0.0
2023-11-02,Equity Maximum Sharpe,PSA,0.0
2023-11-02,Equity Maximum Sharpe,QCOM,0.0
2023-11-02,Equity Maximum Sharpe,SBUX,0.0
2023-11-02,Equity Maximum Sharpe,SHW,0.0
2023-11-02,Equity Maximum Sharpe,SLB,0.043528
2023-11-02,Equity Maximum Sharpe,SO,0.02197
2023-11-02,Equity Maximum Sharpe,T,0.0
2023-11-02,Equity Maximum Sharpe,TMUS,0.0
2023-11-02,Equity Maximum Sharpe,TTWO,0.0
2023-11-02,Equity Maximum Sharpe,UPS,0.0
2023-11-02,Equity Maximum Sharpe,USB,0.0
2023-11-02,Equity Maximum Sharpe,V,0.0
2023-11-02,Equity Maximum Sharpe,WFC,0.0
2023-11-02,Equity Maximum Sharpe,WMT,0.0
2023-11-02,Equity Maximum Sharpe,XOM,0.2
2023-12-04,Equity Maximum Sharpe,ABBV,0.079695
2023-12-04,Equity Maximum Sharpe,ABT,0.0
2023-12-04,Equity Maximum Sharpe,ADBE,0.0
2023-12-04,Equity Maximum Sharpe,AEP,0.0
2023-12-04,Equity Maximum Sharpe,AMD,0.0
2023-12-04,Equity Maximum Sharpe,AMGN,0.2
2023-12-04,Equity Maximum Sharpe,AMT,0.0
2023-12-04,Equity Maximum Sharpe,BA,0.0
2023-12-04,Equity Maximum Sharpe,CAT,0.0
2023-12-04,Equity Maximum Sharpe,CCI,0.0
2023-12-04,Equity Maximum Sharpe,CMCSA,0.0
2023-12-04,Equity Maximum Sharpe,COP,0.0
2023-12-04,Equity Maximum Sharpe,CVX,0.0
2023-12-04,Equity Maximum Sharpe,D,0.0
2023-12-04,Equity Maximum Sharpe,DD,0.0
2023-12-04,Equity Maximum Sharpe,DIS,0.0
2023-12-04,Equity Maximum Sharpe,DOW,0.0
2023-12-04,Equity Maximum Sharpe,DUK,0.0
2023-12-04,Equity Maximum Sharpe,EA,0.0
2023-12-04,Equity Maximum Sharpe,GE,0.115234
2023-12-04,Equity Maximum Sharpe,GILD,0.0
2023-12-04,Equity Maximum Sharpe,GS,0.0
2023-12-04,Equity Maximum Sharpe,INTC,0.0
2023-12-04,Equity Maximum Sharpe,KO,0.0
2023-12-04,Equity Maximum Sharpe,MMM,0.0
2023-12-04,Equity Maximum Sharpe,MRK,0.2
2023-12-04,Equity Maximum Sharpe,MS,0.0
2023-12-04,Equity Maximum Sharpe,NEE,0.0
2023-12-04,Equity Maximum Sharpe,NEM,0.0
2023-12-04,Equity Maximum Sharpe,NKE,0.0
2023-12-04,Equity Maximum Sharpe,NUE,0.026823
2023-12-04,Equity Maximum Sharpe,NVDA,0.026017
2023-12-04,Equity Maximum Sharpe,O,0.0
2023-12-04,Equity Maximum Sharpe,OXY,0.082236
2023-12-04,Equity Maximum Sharpe,PLD,0.0
2023-12-04,Equity Maximum Sharpe,PSA,0.0
2023-12-04,Equity Maximum Sharpe,QCOM,0.0
2023-12-04,Equity Maximum Sharpe,SBUX,0.0
2023-12-04,Equity Maximum Sharpe,SHW,0.0
2023-12-04,Equity Maximum Sharpe,SLB,0.022493
2023-12-04,Equity Maximum Sharpe,SO,0.015989
2023-12-04,Equity Maximum Sharpe,T,0.0
2023-12-04,Equity Maximum Sharpe,TMUS,0.08349
2023-12-04,Equity Maximum Sharpe,TTWO,0.0
2023-12-04,Equity Maximum Sharpe,UPS,0.0
2023-12-04,Equity Maximum Sharpe,USB,0.0
2023-12-04,Equity Maximum Sharpe,V,0.0
2023-12-04,Equity Maximum Sharpe,WFC,0.0
2023-12-04,Equity Maximum Sharpe,WMT,0.0
2023-12-04,Equity Maximum Sharpe,XOM,0.148023
2021-12-31,Equity Risk Parity,ABBV,0.02675
2021-12-31,Equity Risk Parity,ABT,0.023206
2021-12-31,Equity Risk Parity,ADBE,0.019269
2021-12-31,Equity Risk Parity,AEP,0.024918
2021-12-31,Equity Risk Parity,AMD,0.01701
2021-12-31,Equity Risk Parity,AMGN,0.023728
2021-12-31,Equity Risk Parity,AMT,0.019414
2021-12-31,Equity Risk Parity,BA,0.011182
2021-12-31,Equity Risk Parity,CAT,0.01816
2021-12-31,Equity Risk Parity,CCI,0.020548
2021-12-31,Equity Risk Parity,CMCSA,0.02051
2021-12-31,Equity Risk Parity,COP,0.012555
2021-12-31,Equity Risk Parity,CVX,0.013802
2021-12-31,Equity Risk Parity,D,0.020203
2021-12-31,Equity Risk Parity,DD,0.015781
2021-12-31,Equity Risk Parity,DIS,0.018316
2021-12-31,Equity Risk Parity,DOW,0.013624
2021-12-31,Equity Risk Parity,DUK,0.020461
2021-12-31,Equity Risk Parity,EA,0.031972
2021-12-31,Equity Risk Parity,GE,0.014795
2021-12-31,Equity Risk Parity,GILD,0.035304
2021-12-31,Equity Risk Parity,GS,0.015139
2021-12-31,Equity Risk Parity,INTC,0.016638
2021-12-31,Equity Risk Parity,KO,0.023062
2021-12-31,Equity Risk Parity,MMM,0.023124
2021-12-31,Equity Risk Parity,MRK,0.027792
2021-12-31,Equity Risk Parity,MS,0.013416
2021-12-31,Equity Risk Parity,NEE,0.020052
2021-12-31,Equity Risk Parity,NEM,0.03617
2021-12-31,Equity Risk Parity,NKE,0.020478
2021-12-31,Equity Risk Parity,NUE,0.015874
2021-12-31,Equity Risk Parity,NVDA,0.015024
2021-12-31,Equity Risk Parity,O,0.016409
2021-12-31,Equity Risk Parity,OXY,0.009799
2021-12-31,Equity Risk Parity,PLD,0.017601
2021-12-31,Equity Risk Parity,PSA,0.026901
2021-12-31,Equity Risk Parity,QCOM,0.016876
2021-12-31,Equity Risk Parity,SBUX,0.017412
2021-12-31,Equity Risk Parity,SHW,0.020436
2021-12-31,Equity Risk Parity,SLB,0.012117
2021-12-31,Equity Risk Parity,SO,0.018633
2021-12-31,Equity Risk Parity,T,0.022424
2021-12-31,Equity Risk Parity,TMUS,0.022262
2021-12-31,Equity Risk Parity,TTWO,0.030496
2021-12-31,Equity Risk Parity,UPS,0.023538
2021-12-31,Equity Risk Parity,USB,0.014374
2021-12-31,Equity Risk Parity,V,0.017388
2021-12-31,Equity Risk Parity,WFC,0.013407
2021-12-31,Equity Risk Parity,WMT,0.035437
2021-12-31,Equity Risk Parity,XOM,0.016213
2022-02-01,Equity Risk Parity,ABBV,0.026928
2022-02-01,Equity Risk Parity,ABT,0.023184
2022-02-01,Equity Risk Parity,ADBE,0.019109
2022-02-01,Equity Risk Parity,AEP,0.025027
2022-02-01,Equity Risk Parity,AMD,0.016809
2022-02-01,Equity Risk Parity,AMGN,0.02397
2022-02-01,Equity Risk Parity,AMT,0.019254
2022-02-01,Equity Risk Parity,BA,0.011093
2022-02-01,Equity Risk Parity,CAT,0.018437
2022-02-01,Equity Risk Parity,CCI,0.02033
2022-02-01,Equity Risk Parity,CMCSA,0.020557
2022-02-01,Equity Risk Parity,COP,0.012614
2022-02-01,Equity Risk Parity,CVX,0.013968
2022-02-01,Equity Risk Parity,D,0.020308
2022-02-01,Equity Risk Parity,DD,0.01586
2022-02-01,Equity Risk Parity,DIS,0.018165
2022-02-01,Equity Risk Parity,DOW,0.013749
2022-02-01,Equity Risk Parity,DUK,0.020543
2022-02-01,Equity Risk Parity,EA,0.032412
2022-02-01,Equity Risk Parity,GE,0.014667
2022-02-01,Equity Risk Parity,GILD,0.035184
2022-02-01,Equity Risk Parity,GS,0.015123
2022-02-01,Equity Risk Parity,INTC,0.016708
2022-02-01,Equity Risk Parity,KO,0.023128
2022-02-01,Equity Risk Parity,MMM,0.023214
2022-02-01,Equity Risk Parity,MRK,0.02819
2022-02-01,Equity Risk Parity,MS,0.013554
2022-02-01,Equity Risk Parity,NEE,0.019745
2022-02-01,Equity Risk Parity,NEM,0.035967
2022-02-01,Equity Risk Parity,NKE,0.02048
2022-02-01,Equity Risk Parity,NUE,0.015775
2022-02-01,Equity Risk Parity,NVDA,0.014908
2022-02-01,Equity Risk Parity,O,0.016354
2022-02-01,Equity Risk Parity,OXY,0.00978
2022-02-01,Equity Risk Parity,PLD,0.017697
2022-02-01,Equity Risk Parity,PSA,0.026763
2022-02-01,Equity Risk Parity,QCOM,0.016784
2022-02-01,Equity Risk Parity,SBUX,0.01747
2022-02-01,Equity Risk Parity,SHW,0.020515
2022-02-01,Equity Risk Parity,SLB,0.012184
2022-02-01,Equity Risk Parity,SO,0.018717
2022-02-01,Equity Risk Parity,T,0.022216
2022-02-01,Equity Risk Parity,TMUS,0.022211
2022-02-01,Equity Risk Parity,TTWO,0.03021
2022-02-01,Equity Risk Parity,UPS,0.023344
2022-02-01,Equity Risk Parity,USB,0.014377
2022-02-01,Equity Risk Parity,V,0.017325
2022-02-01,Equity Risk Parity,WFC,0.013422
2022-02-01,Equity Risk Parity,WMT,0.035361
2022-02-01,Equity Risk Parity,XOM,0.01631
2022-03-03,Equity Risk Parity,ABBV,0.02734
2022-03-03,Equity Risk Parity,ABT,0.023363
2022-03-03,Equity Risk Parity,ADBE,0.018737
2022-03-03,Equity Risk Parity,AEP,0.025394
2022-03-03,Equity Risk Parity,AMD,0.016473
2022-03-03,Equity Risk Parity,AMGN,0.024537
2022-03-03,Equity Risk Parity,AMT,0.018939
2022-03-03,Equity Risk Parity,BA,0.010873
2022-03-03,Equity Risk Parity,CAT,0.018018
2022-03-03,Equity Risk Parity,CCI,0.020685
2022-03-03,Equity Risk Parity,CMCSA,0.020347
2022-03-03,Equity Risk Parity,COP,0.01244
2022-03-03,Equity Risk Parity,CVX,0.013849
2022-03-03,Equity Risk Parity,D,0.020586
2022-03-03,Equity Risk Parity,DD,0.015575
2022-03-03,Equity Risk Parity,DIS,0.018001
2022-03-03,Equity Risk Parity,DOW,0.013536
2022-03-03,Equity Risk Parity,DUK,0.020514
2022-03-03,Equity Risk Parity,EA,0.03296
2022-03-03,Equity Risk Parity,GE,0.014256
2022-03-03,Equity Risk Parity,GILD,0.036107
2022-03-03,Equity Risk Parity,GS,0.014817
2022-03-03,Equity Risk Parity,INTC,0.016588
2022-03-03,Equity Risk Parity,KO,0.023363
2022-03-03,Equity Risk Parity,MMM,0.022747
2022-03-03,Equity Risk Parity,MRK,0.028541
2022-03-03,Equity Risk Parity,MS,0.013203
2022-03-03,Equity Risk Parity,NEE,0.019699
2022-03-03,Equity Risk Parity,NEM,0.036859
2022-03-03,Equity Risk Parity,NKE,0.020194
2022-03-03,Equity Risk Parity,NUE,0.015321
2022-03-03,Equity Risk Parity,NVDA,0.014459
2022-03-03,Equity Risk Parity,O,0.01618
2022-03-03,Equity Risk Parity,OXY,0.009673
2022-03-03,Equity Risk Parity,PLD,0.017522
2022-03-03,Equity Risk Parity,PSA,0.026943
2022-03-03,Equity Risk Parity,QCOM,0.016255
2022-03-03,Equity Risk Parity,SBUX,0.017096
2022-03-03,Equity Risk Parity,SHW,0.020275
2022-03-03,Equity Risk Parity,SLB,0.011964
2022-03-03,Equity Risk Parity,SO,0.018653
2022-03-03,Equity Risk Parity,T,0.02228
2022-03-03,Equity Risk Parity,TMUS,0.022371
2022-03-03,Equity Risk Parity,TTWO,0.030925
2022-03-03,Equity Risk Parity,UPS,0.023333
2022-03-03,Equity Risk Parity,USB,0.014014
2022-03-03,Equity Risk Parity,V,0.017368
2022-03-03,Equity Risk Parity,WFC,0.013027
2022-03-03,Equity Risk Parity,WMT,0.037402
2022-03-03,Equity Risk Parity,XOM,0.016401
2022-04-01,Equity Risk Parity,ABBV,0.029361
2022-04-01,Equity Risk Parity,ABT,0.025458
2022-04-01,Equity Risk Parity,ADBE,0.018505
2022-04-01,Equity Risk Parity,AEP,0.025628
2022-04-01,Equity Risk Parity,AMD,0.014477
2022-04-01,Equity Risk Parity,AMGN,0.026632
2022-04-01,Equity Risk Parity,AMT,0.020985
2022-04-01,Equity Risk Parity,BA,0.009809
2022-04-01,Equity Risk Parity,CAT,0.016776
2022-04-01,Equity Risk Parity,CCI,0.022673
2022-04-01,Equity Risk Parity,CMCSA,0.018561
2022-04-01,Equity Risk Parity,COP,0.012975
2022-04-01,Equity Risk Parity,CVX,0.015549
2022-04-01,Equity Risk Parity,D,0.026626
2022-04-01,Equity Risk Parity,DD,0.01368
2022-04-01,Equity Risk Parity,DIS,0.016949
2022-04-01,Equity Risk Parity,DOW,0.012462
2022-04-01,Equity Risk Parity,DUK,0.024964
2022-04-01,Equity Risk Parity,EA,0.035661
2022-04-01,Equity Risk Parity,GE,0.013642
2022-04-01,Equity Risk Parity,GILD,0.030894
2022-04-01,Equity Risk Parity,GS,0.015029
2022-04-01,Equity Risk Parity,INTC,0.017933
2022-04-01,Equity Risk Parity,KO,0.021675
2022-04-01,Equity Risk Parity,MMM,0.021536
2022-04-01,Equity Risk Parity,MRK,0.029505
2022-04-01,Equity Risk Parity,MS,0.013803
2022-04-01,Equity Risk Parity,NEE,0.022407
2022-04-01,Equity Risk Parity,NEM,0.031257
2022-04-01,Equity Risk Parity,NKE,0.019063
2022-04-01,Equity Risk Parity,NUE,0.013429
2022-04-01,Equity Risk Parity,NVDA,0.013503
2022-04-01,Equity Risk Parity,O,0.016857
2022-04-01,Equity Risk Parity,OXY,0.008654
2022-04-01,Equity Risk Parity,PLD,0.018028
2022-04-01,Equity Risk Parity,PSA,0.027996
2022-04-01,Equity Risk Parity,QCOM,0.014456
2022-04-01,Equity Risk Parity,SBUX,0.01648
2022-04-01,Equity Risk Parity,SHW,0.020502
2022-04-01,Equity Risk Parity,SLB,0.011086
2022-04-01,Equity Risk Parity,SO,0.021779
2022-04-01,Equity Risk Parity,T,0.022004
2022-04-01,Equity Risk Parity,TMUS,0.021291
2022-04-01,Equity Risk Parity,TTWO,0.03241
2022-04-01,Equity Risk Parity,UPS,0.019392
2022-04-01,Equity Risk Parity,USB,0.012796
2022-04-01,Equity Risk Parity,V,0.015914
2022-04-01,Equity Risk Parity,WFC,0.012393
2022-04-01,Equity Risk Parity,WMT,0.041715
2022-04-01,Equity Risk Parity,XOM,0.014837
2022-05-03,Equity Risk Parity,ABBV,0.028691
2022-05-03,Equity Risk Parity,ABT,0.023355
2022-05-03,Equity Risk Parity,ADBE,0.018854
2022-05-03,Equity Risk Parity,AEP,0.029068
2022-05-03,Equity Risk Parity,AMD,0.014026
2022-05-03,Equity Risk Parity,AMGN,0.026784
2022-05-03,Equity Risk Parity,AMT,0.021655
2022-05-03,Equity Risk Parity,BA,0.009663
2022-05-03,Equity Risk Parity,CAT,0.016564
2022-05-03,Equity Risk Parity,CCI,0.022407
2022-05-03,Equity Risk Parity,CMCSA,0.018275
2022-05-03,Equity Risk Parity,COP,0.012362
2022-05-03,Equity Risk Parity,CVX,0.015361
2022-05-03,Equity Risk Parity,D,0.030971
2022-05-03,Equity Risk Parity,DD,0.013949
2022-05-03,Equity Risk Parity,DIS,0.016347
2022-05-03,Equity Risk Parity,DOW,0.013302
2022-05-03,Equity Risk Parity,DUK,0.029137
2022-05-03,Equity Risk Parity,EA,0.031529
2022-05-03,Equity Risk Parity,GE,0.012427
2022-05-03,Equity Risk Parity,GILD,0.031061
2022-05-03,Equity Risk Parity,GS,0.014484
2022-05-03,Equity Risk Parity,INTC,0.017089
2022-05-03,Equity Risk Parity,KO,0.022335
2022-05-03,Equity Risk Parity,MMM,0.020828
2022-05-03,Equity Risk Parity,MRK,0.032036
2022-05-03,Equity Risk Parity,MS,0.013525
2022-05-03,Equity Risk Parity,NEE,0.022734
2022-05-03,Equity Risk Parity,NEM,0.031635
2022-05-03,Equity Risk Parity,NKE,0.018585
2022-05-03,Equity Risk Parity,NUE,0.012597
2022-05-03,Equity Risk Parity,NVDA,0.012727
2022-05-03,Equity Risk Parity,O,0.018784
2022-05-03,Equity Risk Parity,OXY,0.008107
2022-05-03,Equity Risk Parity,PLD,0.018173
2022-05-03,Equity Risk Parity,PSA,0.026
2022-05-03,Equity Risk Parity,QCOM,0.01335
2022-05-03,Equity Risk Parity,SBUX,0.016756
2022-05-03,Equity Risk Parity,SHW,0.024478
2022-05-03,Equity Risk Parity,SLB,0.010834
2022-05-03,Equity Risk Parity,SO,0.025285
2022-05-03,Equity Risk Parity,T,0.023639
2022-05-03,Equity Risk Parity,TMUS,0.019218
2022-05-03,Equity Risk Parity,TTWO,0.02743
2022-05-03,Equity Risk Parity,UPS,0.018308
2022-05-03,Equity Risk Parity,USB,0.01349
2022-05-03,Equity Risk Parity,V,0.016739
2022-05-03,Equity Risk Parity,WFC,0.012382
2022-05-03,Equity Risk Parity,WMT,0.038118
2022-05-03,Equity Risk Parity,XOM,0.014547
2022-06-02,Equity Risk Parity,ABBV,0.027774
2022-06-02,Equity Risk Parity,ABT,0.022265
2022-06-02,Equity Risk Parity,ADBE,0.017253
2022-06-02,Equity Risk Parity,AEP,0.031242
2022-06-02,Equity Risk Parity,AMD,0.012398
2022-06-02,Equity Risk Parity,AMGN,0.026615
2022-06-02,Equity Risk Parity,AMT,0.021294
2022-06-02,Equity Risk Parity,BA,0.009701
2022-06-02,Equity Risk Parity,CAT,0.01687
2022-06-02,Equity Risk Parity,CCI,0.023392
2022-06-02,Equity Risk Parity,CMCSA,0.019131
2022-06-02,Equity Risk Parity,COP,0.01219
2022-06-02,Equity Risk Parity,CVX,0.015675
2022-06-02,Equity Risk Parity,D,0.031247
2022-06-02,Equity Risk Parity,DD,0.014043
2022-06-02,Equity Risk Parity,DIS,0.016667
2022-06-02,Equity Risk Parity,DOW,0.014406
2022-06-02,Equity Risk Parity,DUK,0.031102
2022-06-02,Equity Risk Parity,EA,0.030009
2022-06-02,Equity Risk Parity,GE,0.013218
2022-06-02,Equity Risk Parity,GILD,0.032022
2022-06-02,Equity Risk Parity,GS,0.015157
2022-06-02,Equity Risk Parity,INTC,0.016607
2022-06-02,Equity Risk Parity,KO,0.022193
2022-06-02,Equity Risk Parity,MMM,0.022406
2022-06-02,Equity Risk Parity,MRK,0.03242
2022-06-02,Equity Risk Parity,MS,0.014266
2022-06-02,Equity Risk Parity,NEE,0.022557
2022-06-02,Equity Risk Parity,NEM,0.028396
2022-06-02,Equity Risk Parity,NKE,0.017705
2022-06-02,Equity Risk Parity,NUE,0.012279
2022-06-02,Equity Risk Parity,NVDA,0.0116
2022-06-02,Equity Risk Parity,O,0.01971
2022-06-02,Equity Risk Parity,OXY,0.008381
2022-06-02,Equity Risk Parity,PLD,0.018013
2022-06-02,Equity Risk Parity,PSA,0.026763
2022-06-02,Equity Risk Parity,QCOM,0.01326
2022-06-02,Equity Risk Parity,SBUX,0.015303
2022-06-02,Equity Risk Parity,SHW,0.0236
2022-06-02,Equity Risk Parity,SLB,0.011036
2022-06-02,Equity Risk Parity,SO,0.027536
2022-06-02,Equity Risk Parity,T,0.02498
2022-06-02,Equity Risk Parity,TMUS,0.02005
2022-06-02,Equity Risk Parity,TTWO,0.023402
2022-06-02,Equity Risk Parity,UPS,0.018381
2022-06-02,Equity Risk Parity,USB,0.014841
2022-06-02,Equity Risk Parity,V,0.016165
2022-06-02,Equity Risk Parity,WFC,0.013018
2022-06-02,Equity Risk Parity,WMT,0.036584
2022-06-02,Equity Risk Parity,XOM,0.014877
2022-07-05,Equity Risk Parity,ABBV,0.027837
2022-07-05,Equity Risk Parity,ABT,0.022307
2022-07-05,Equity Risk Parity,ADBE,0.016597
2022-07-05,Equity Risk Parity,AEP,0.030306
2022-07-05,Equity Risk Parity,AMD,0.011653
2022-07-05,Equity Risk Parity,AMGN,0.027496
2022-07-05,Equity Risk Parity,AMT,0.021568
2022-07-05,Equity Risk Parity,BA,0.01095
2022-07-05,Equity Risk Parity,CAT,0.017362
2022-07-05,Equity Risk Parity,CCI,0.023333
2022-07-05,Equity Risk Parity,CMCSA,0.018927
2022-07-05,Equity Risk Parity,COP,0.012521
2022-07-05,Equity Risk Parity,CVX,0.016301
2022-07-05,Equity Risk Parity,D,0.030007
2022-07-05,Equity Risk Parity,DD,0.013852
2022-07-05,Equity Risk Parity,DIS,0.017012
2022-07-05,Equity Risk Parity,DOW,0.015111
2022-07-05,Equity Risk Parity,DUK,0.030462
2022-07-05,Equity Risk Parity,EA,0.027533
2022-07-05,Equity Risk Parity,GE,0.013673
2022-07-05,Equity Risk Parity,GILD,0.030541
2022-07-05,Equity Risk Parity,GS,0.015927
2022-07-05,Equity Risk Parity,INTC,0.016083
2022-07-05,Equity Risk Parity,KO,0.024019
2022-07-05,Equity Risk Parity,MMM,0.023825
2022-07-05,Equity Risk Parity,MRK,0.033259
2022-07-05,Equity Risk Parity,MS,0.014304
2022-07-05,Equity Risk Parity,NEE,0.021014
2022-07-05,Equity Risk Parity,NEM,0.027308
2022-07-05,Equity Risk Parity,NKE,0.017825
2022-07-05,Equity Risk Parity,NUE,0.012205
2022-07-05,Equity Risk Parity,NVDA,0.010809
2022-07-05,Equity Risk Parity,O,0.021185
2022-07-05,Equity Risk Parity,OXY,0.009915
2022-07-05,Equity Risk Parity,PLD,0.017483
2022-07-05,Equity Risk Parity,PSA,0.026542
2022-07-05,Equity Risk Parity,QCOM,0.013404
2022-07-05,Equity Risk Parity,SBUX,0.015826
2022-07-05,Equity Risk Parity,SHW,0.022766
2022-07-05,Equity Risk Parity,SLB,0.011872
2022-07-05,Equity Risk Parity,SO,0.0273
2022-07-05,Equity Risk Parity,T,0.025787
2022-07-05,Equity Risk Parity,TMUS,0.019602
2022-07-05,Equity Risk Parity,TTWO,0.021829
2022-07-05,Equity Risk Parity,UPS,0.019642
2022-07-05,Equity Risk Parity,USB,0.01566
2022-07-05,Equity Risk Parity,V,0.015666
2022-07-05,Equity Risk Parity,WFC,0.013564
2022-07-05,Equity Risk Parity,WMT,0.034494
2022-07-05,Equity Risk Parity,XOM,0.015537
2022-08-03,Equity Risk Parity,ABBV,0.028155
2022-08-03,Equity Risk Parity,ABT,0.022133
2022-08-03,Equity Risk Parity,ADBE,0.01613
2022-08-03,Equity Risk Parity,AEP,0.030265
2022-08-03,Equity Risk Parity,AMD,0.011408
2022-08-03,Equity Risk Parity,AMGN,0.027122
2022-08-03,Equity Risk Parity,AMT,0.021356
2022-08-03,Equity Risk Parity,BA,0.011125
2022-08-03,Equity Risk Parity,CAT,0.016942
2022-08-03,Equity Risk Parity,CCI,0.023301
2022-08-03,Equity Risk Parity,CMCSA,0.019677
2022-08-03,Equity Risk Parity,COP,0.012754
2022-08-03,Equity Risk Parity,CVX,0.016531
2022-08-03,Equity Risk Parity,D,0.029704
2022-08-03,Equity Risk Parity,DD,0.013795
2022-08-03,Equity Risk Parity,DIS,0.016572
2022-08-03,Equity Risk Parity,DOW,0.015404
2022-08-03,Equity Risk Parity,DUK,0.030772
2022-08-03,Equity Risk Parity,EA,0.027067
2022-08-03,Equity Risk Parity,GE,0.013787
2022-08-03,Equity Risk Parity,GILD,0.030209
2022-08-03,Equity Risk Parity,GS,0.015727
2022-08-03,Equity Risk Parity,INTC,0.016155
2022-08-03,Equity Risk Parity,KO,0.024708
2022-08-03,Equity Risk Parity,MMM,0.024127
2022-08-03,Equity Risk Parity,MRK,0.033906
2022-08-03,Equity Risk Parity,MS,0.014216
2022-08-03,Equity Risk Parity,NEE,0.021278
2022-08-03,Equity Risk Parity,NEM,0.028308
2022-08-03,Equity Risk Parity,NKE,0.017262
2022-08-03,Equity Risk Parity,NUE,0.012191
2022-08-03,Equity Risk Parity,NVDA,0.010635
2022-08-03,Equity Risk Parity,O,0.021615
2022-08-03,Equity Risk Parity,OXY,0.01018
2022-08-03,Equity Risk Parity,PLD,0.017015
2022-08-03,Equity Risk Parity,PSA,0.025654
2022-08-03,Equity Risk Parity,QCOM,0.013218
2022-08-03,Equity Risk Parity,SBUX,0.015913
2022-08-03,Equity Risk Parity,SHW,0.023886
2022-08-03,Equity Risk Parity,SLB,0.012193
2022-08-03,Equity Risk Parity,SO,0.02766
2022-08-03,Equity Risk Parity,T,0.025785
2022-08-03,Equity Risk Parity,TMUS,0.019423
2022-08-03,Equity Risk Parity,TTWO,0.021715
2022-08-03,Equity Risk Parity,UPS,0.018913
2022-08-03,Equity Risk Parity,USB,0.015821
2022-08-03,Equity Risk Parity,V,0.015773
2022-08-03,Equity Risk Parity,WFC,0.013429
2022-08-03,Equity Risk Parity,WMT,0.033281
2022-08-03,Equity Risk Parity,XOM,0.015805
2022-09-01,Equity Risk Parity,ABBV,0.027751
2022-09-01,Equity Risk Parity,ABT,0.021893
2022-09-01,Equity Risk Parity,ADBE,0.015697
2022-09-01,Equity Risk Parity,AEP,0.030305
2022-09-01,Equity Risk Parity,AMD,0.011412
2022-09-01,Equity Risk Parity,AMGN,0.027128
2022-09-01,Equity Risk Parity,AMT,0.021429
2022-09-01,Equity Risk Parity,BA,0.011148
2022-09-01,Equity Risk Parity,CAT,0.01671
2022-09-01,Equity Risk Parity,CCI,0.023438
2022-09-01,Equity Risk Parity,CMCSA,0.019415
2022-09-01,Equity Risk Parity,COP,0.013204
2022-09-01,Equity Risk Parity,CVX,0.017007
2022-09-01,Equity Risk Parity,D,0.029881
2022-09-01,Equity Risk Parity,DD,0.013757
2022-09-01,Equity Risk Parity,DIS,0.016239
2022-09-01,Equity Risk Parity,DOW,0.015523
2022-09-01,Equity Risk Parity,DUK,0.030829
2022-09-01,Equity Risk Parity,EA,0.027948
2022-09-01,Equity Risk Parity,GE,0.013739
2022-09-01,Equity Risk Parity,GILD,0.029949
2022-09-01,Equity Risk Parity,GS,0.015684
2022-09-01,Equity Risk Parity,INTC,0.015821
2022-09-01,Equity Risk Parity,KO,0.024872
2022-09-01,Equity Risk Parity,MMM,0.022684
2022-09-01,Equity Risk Parity,MRK,0.033582
2022-09-01,Equity Risk Parity,MS,0.014091
2022-09-01,Equity Risk Parity,NEE,0.02165
2022-09-01,Equity Risk Parity,NEM,0.028332
2022-09-01,Equity Risk Parity,NKE,0.016903
2022-09-01,Equity Risk Parity,NUE,0.012249
2022-09-01,Equity Risk Parity,NVDA,0.010372
2022-09-01,Equity Risk Parity,O,0.022278
2022-09-01,Equity Risk Parity,OXY,0.010533
2022-09-01,Equity Risk Parity,PLD,0.017001
2022-09-01,Equity Risk Parity,PSA,0.025612
2022-09-01,Equity Risk Parity,QCOM,0.013012
2022-09-01,Equity Risk Parity,SBUX,0.01578
2022-09-01,Equity Risk Parity,SHW,0.023086
2022-09-01,Equity Risk Parity,SLB,0.012538
2022-09-01,Equity Risk Parity,SO,0.028103
2022-09-01,Equity Risk Parity,T,0.025979
2022-09-01,Equity Risk Parity,TMUS,0.019892
2022-09-01,Equity Risk Parity,TTWO,0.021977
2022-09-01,Equity Risk Parity,UPS,0.019215
2022-09-01,Equity Risk Parity,USB,0.015801
2022-09-01,Equity Risk Parity,V,0.015741
2022-09-01,Equity Risk Parity,WFC,0.013412
2022-09-01,Equity Risk Parity,WMT,0.033277
2022-09-01,Equity Risk Parity,XOM,0.016122
2022-10-03,Equity Risk Parity,ABBV,0.027973
2022-10-03,Equity Risk Parity,ABT,0.022643
2022-10-03,Equity Risk Parity,ADBE,0.015292
2022-10-03,Equity Risk Parity,AEP,0.028412
2022-10-03,Equity Risk Parity,AMD,0.011262
2022-10-03,Equity Risk Parity,AMGN,0.028875
2022-10-03,Equity Risk Parity,AMT,0.0218
2022-10-03,Equity Risk Parity,BA,0.011277
2022-10-03,Equity Risk Parity,CAT,0.016299
2022-10-03,Equity Risk Parity,CCI,0.023511
2022-10-03,Equity Risk Parity,CMCSA,0.018262
2022-10-03,Equity Risk Parity,COP,0.013217
2022-10-03,Equity Risk Parity,CVX,0.017061
2022-10-03,Equity Risk Parity,D,0.028234
2022-10-03,Equity Risk Parity,DD,0.014079
2022-10-03,Equity Risk Parity,DIS,0.015515
2022-10-03,Equity Risk Parity,DOW,0.015672
2022-10-03,Equity Risk Parity,DUK,0.029954
2022-10-03,Equity Risk Parity,EA,0.028048
2022-10-03,Equity Risk Parity,GE,0.014379
2022-10-03,Equity Risk Parity,GILD,0.029098
2022-10-03,Equity Risk Parity,GS,0.015761
2022-10-03,Equity Risk Parity,INTC,0.015613
2022-10-03,Equity Risk Parity,KO,0.025999
2022-10-03,Equity Risk Parity,MMM,0.023075
2022-10-03,Equity Risk Parity,MRK,0.03571
2022-10-03,Equity Risk Parity,MS,0.014558
2022-10-03,Equity Risk Parity,NEE,0.021495
2022-10-03,Equity Risk Parity,NEM,0.028408
2022-10-03,Equity Risk Parity,NKE,0.015033
2022-10-03,Equity Risk Parity,NUE,0.012404
2022-10-03,Equity Risk Parity,NVDA,0.010872
2022-10-03,Equity Risk Parity,O,0.022957
2022-10-03,Equity Risk Parity,OXY,0.010996
2022-10-03,Equity Risk Parity,PLD,0.017529
2022-10-03,Equity Risk Parity,PSA,0.025892
2022-10-03,Equity Risk Parity,QCOM,0.013494
2022-10-03,Equity Risk Parity,SBUX,0.016246
2022-10-03,Equity Risk Parity,SHW,0.0226
2022-10-03,Equity Risk Parity,SLB,0.012599
2022-10-03,Equity Risk Parity,SO,0.026566
2022-10-03,Equity Risk Parity,T,0.024908
2022-10-03,Equity Risk Parity,TMUS,0.020205
2022-10-03,Equity Risk Parity,TTWO,0.021141
2022-10-03,Equity Risk Parity,UPS,0.019321
2022-10-03,Equity Risk Parity,USB,0.016258
2022-10-03,Equity Risk Parity,V,0.016444
2022-10-03,Equity Risk Parity,WFC,0.013624
2022-10-03,Equity Risk Parity,WMT,0.033576
2022-10-03,Equity Risk Parity,XOM,0.015851
2022-11-01,Equity Risk Parity,ABBV,0.029384
2022-11-01,Equity Risk Parity,ABT,0.022569
2022-11-01,Equity Risk Parity,ADBE,0.015738
2022-11-01,Equity Risk Parity,AEP,0.026637
2022-11-01,Equity Risk Parity,AMD,0.011138
2022-11-01,Equity Risk Parity,AMGN,0.029883
2022-11-01,Equity Risk Parity,AMT,0.020729
2022-11-01,Equity Risk Parity,BA,0.011931
2022-11-01,Equity Risk Parity,CAT,0.016446
2022-11-01,Equity Risk Parity,CCI,0.022541
2022-11-01,Equity Risk Parity,CMCSA,0.018919
2022-11-01,Equity Risk Parity,COP,0.01418
2022-11-01,Equity Risk Parity,CVX,0.017704
2022-11-01,Equity Risk Parity,D,0.026986
2022-11-01,Equity Risk Parity,DD,0.014131
2022-11-01,Equity Risk Parity,DIS,0.015515
2022-11-01,Equity Risk Parity,DOW,0.015728
2022-11-01,Equity Risk Parity,DUK,0.02827
2022-11-01,Equity Risk Parity,EA,0.028447
2022-11-01,Equity Risk Parity,GE,0.013972
2022-11-01,Equity Risk Parity,GILD,0.027145
2022-11-01,Equity Risk Parity,GS,0.015678
2022-11-01,Equity Risk Parity,INTC,0.015116
2022-11-01,Equity Risk Parity,KO,0.02666
2022-11-01,Equity Risk Parity,MMM,0.022341
2022-11-01,Equity Risk Parity,MRK,0.036465
2022-11-01,Equity Risk Parity,MS,0.014407
2022-11-01,Equity Risk Parity,NEE,0.020893
2022-11-01,Equity Risk Parity,NEM,0.028984
2022-11-01,Equity Risk Parity,NKE,0.015076
2022-11-01,Equity Risk Parity,NUE,0.012551
2022-11-01,Equity Risk Parity,NVDA,0.010749
2022-11-01,Equity Risk Parity,O,0.02302
2022-11-01,Equity Risk Parity,OXY,0.011852
2022-11-01,Equity Risk Parity,PLD,0.017555
2022-11-01,Equity Risk Parity,PSA,0.025452
2022-11-01,Equity Risk Parity,QCOM,0.013611
2022-11-01,Equity Risk Parity,SBUX,0.0166
2022-11-01,Equity Risk Parity,SHW,0.02127
2022-11-01,Equity Risk Parity,SLB,0.013051
2022-11-01,Equity Risk Parity,SO,0.025761
2022-11-01,Equity Risk Parity,T,0.024616
2022-11-01,Equity Risk Parity,TMUS,0.020322
2022-11-01,Equity Risk Parity,TTWO,0.021874
2022-11-01,Equity Risk Parity,UPS,0.02025
2022-11-01,Equity Risk Parity,USB,0.016745
2022-11-01,Equity Risk Parity,V,0.01695
2022-11-01,Equity Risk Parity,WFC,0.014026
2022-11-01,Equity Risk Parity,WMT,0.033362
2022-11-01,Equity Risk Parity,XOM,0.016771
2022-12-01,Equity Risk Parity,ABBV,0.030445
2022-12-01,Equity Risk Parity,ABT,0.021764
2022-12-01,Equity Risk Parity,ADBE,0.014489
2022-12-01,Equity Risk Parity,AEP,0.026211
2022-12-01,Equity Risk Parity,AMD,0.010224
2022-12-01,Equity Risk Parity,AMGN,0.031292
2022-12-01,Equity Risk Parity,AMT,0.019154
2022-12-01,Equity Risk Parity,BA,0.013126
2022-12-01,Equity Risk Parity,CAT,0.016715
2022-12-01,Equity Risk Parity,CCI,0.020395
2022-12-01,Equity Risk Parity,CMCSA,0.019237
2022-12-01,Equity Risk Parity,COP,0.015343
2022-12-01,Equity Risk Parity,CVX,0.019347
2022-12-01,Equity Risk Parity,D,0.027334
2022-12-01,Equity Risk Parity,DD,0.014564
2022-12-01,Equity Risk Parity,DIS,0.01551
2022-12-01,Equity Risk Parity,DOW,0.016047
2022-12-01,Equity Risk Parity,DUK,0.029275
2022-12-01,Equity Risk Parity,EA,0.027684
2022-12-01,Equity Risk Parity,GE,0.014662
2022-12-01,Equity Risk Parity,GILD,0.027613
2022-12-01,Equity Risk Parity,GS,0.016301
2022-12-01,Equity Risk Parity,INTC,0.014406
2022-12-01,Equity Risk Parity,KO,0.027679
2022-12-01,Equity Risk Parity,MMM,0.022223
2022-12-01,Equity Risk Parity,MRK,0.038697
2022-12-01,Equity Risk Parity,MS,0.01497
2022-12-01,Equity Risk Parity,NEE,0.020523
2022-12-01,Equity Risk Parity,NEM,0.024675
2022-12-01,Equity Risk Parity,NKE,0.014347
2022-12-01,Equity Risk Parity,NUE,0.012836
2022-12-01,Equity Risk Parity,NVDA,0.009769
2022-12-01,Equity Risk Parity,O,0.024203
2022-12-01,Equity Risk Parity,OXY,0.012809
2022-12-01,Equity Risk Parity,PLD,0.016449
2022-12-01,Equity Risk Parity,PSA,0.02318
2022-12-01,Equity Risk Parity,QCOM,0.012977
2022-12-01,Equity Risk Parity,SBUX,0.016515
2022-12-01,Equity Risk Parity,SHW,0.019741
2022-12-01,Equity Risk Parity,SLB,0.014384
2022-12-01,Equity Risk Parity,SO,0.026409
2022-12-01,Equity Risk Parity,T,0.025269
2022-12-01,Equity Risk Parity,TMUS,0.020521
2022-12-01,Equity Risk Parity,TTWO,0.02075
2022-12-01,Equity Risk Parity,UPS,0.01925
2022-12-01,Equity Risk Parity,USB,0.017584
2022-12-01,Equity Risk Parity,V,0.017061
2022-12-01,Equity Risk Parity,WFC,0.014852
2022-12-01,Equity Risk Parity,WMT,0.032915
2022-12-01,Equity Risk Parity,XOM,0.018276
2023-01-03,Equity Risk Parity,ABBV,0.031032
2023-01-03,Equity Risk Parity,ABT,0.021471
2023-01-03,Equity Risk Parity,ADBE,0.014333
2023-01-03,Equity Risk Parity,AEP,0.026172
2023-01-03,Equity Risk Parity,AMD,0.010116
2023-01-03,Equity Risk Parity,AMGN,0.032039
2023-01-03,Equity Risk Parity,AMT,0.01917
2023-01-03,Equity Risk Parity,BA,0.013082
2023-01-03,Equity Risk Parity,CAT,0.016839
2023-01-03,Equity Risk Parity,CCI,0.020318
2023-01-03,Equity Risk Parity,CMCSA,0.019021
2023-01-03,Equity Risk Parity,COP,0.015479
2023-01-03,Equity Risk Parity,CVX,0.019383
2023-01-03,Equity Risk Parity,D,0.027208
2023-01-03,Equity Risk Parity,DD,0.014707
2023-01-03,Equity Risk Parity,DIS,0.015477
2023-01-03,Equity Risk Parity,DOW,0.016106
2023-01-03,Equity Risk Parity,DUK,0.029346
2023-01-03,Equity Risk Parity,EA,0.027277
2023-01-03,Equity Risk Parity,GE,0.014726
2023-01-03,Equity Risk Parity,GILD,0.027967
2023-01-03,Equity Risk Parity,GS,0.016355
2023-01-03,Equity Risk Parity,INTC,0.014478
2023-01-03,Equity Risk Parity,KO,0.027859
2023-01-03,Equity Risk Parity,MMM,0.022084
2023-01-03,Equity Risk Parity,MRK,0.038709
2023-01-03,Equity Risk Parity,MS,0.01499
2023-01-03,Equity Risk Parity,NEE,0.020536
2023-01-03,Equity Risk Parity,NEM,0.024606
2023-01-03,Equity Risk Parity,NKE,0.013914
2023-01-03,Equity Risk Parity,NUE,0.012788
2023-01-03,Equity Risk Parity,NVDA,0.009648
2023-01-03,Equity Risk Parity,O,0.024482
2023-01-03,Equity Risk Parity,OXY,0.013245
2023-01-03,Equity Risk Parity,PLD,0.01637
2023-01-03,Equity Risk Parity,PSA,0.022682
2023-01-03,Equity Risk Parity,QCOM,0.012889
2023-01-03,Equity Risk Parity,SBUX,0.016638
2023-01-03,Equity Risk Parity,SHW,0.019436
2023-01-03,Equity Risk Parity,SLB,0.014416
2023-01-03,Equity Risk Parity,SO,0.026594
2023-01-03,Equity Risk Parity,T,0.025616
2023-01-03,Equity Risk Parity,TMUS,0.020855
2023-01-03,Equity Risk Parity,TTWO,0.020403
2023-01-03,Equity Risk Parity,UPS,0.018758
2023-01-03,Equity Risk Parity,USB,0.017496
2023-01-03,Equity Risk Parity,V,0.017154
2023-01-03,Equity Risk Parity,WFC,0.015144
2023-01-03,Equity Risk Parity,WMT,0.032179
2023-01-03,Equity Risk Parity,XOM,0.018411
2023-02-02,Equity Risk Parity,ABBV,0.032369
2023-02-02,Equity Risk Parity,ABT,0.020981
2023-02-02,Equity Risk Parity,ADBE,0.014345
2023-02-02,Equity Risk Parity,AEP,0.025607
2023-02-02,Equity Risk Parity,AMD,0.009924
2023-02-02,Equity Risk Parity,AMGN,0.032372
2023-02-02,Equity Risk Parity,AMT,0.018687
2023-02-02,Equity Risk Parity,BA,0.013217
2023-02-02,Equity Risk Parity,CAT,0.017008
2023-02-02,Equity Risk Parity,CCI,0.019552
2023-02-02,Equity Risk Parity,CMCSA,0.019268
2023-02-02,Equity Risk Parity,COP,0.015897
2023-02-02,Equity Risk Parity,CVX,0.019969
2023-02-02,Equity Risk Parity,D,0.026594
2023-02-02,Equity Risk Parity,DD,0.014965
2023-02-02,Equity Risk Parity,DIS,0.015565
2023-02-02,Equity Risk Parity,DOW,0.016332
2023-02-02,Equity Risk Parity,DUK,0.028753
2023-02-02,Equity Risk Parity,EA,0.02749
2023-02-02,Equity Risk Parity,GE,0.014635
2023-02-02,Equity Risk Parity,GILD,0.027637
2023-02-02,Equity Risk Parity,GS,0.016669
2023-02-02,Equity Risk Parity,INTC,0.014242
2023-02-02,Equity Risk Parity,KO,0.027744
2023-02-02,Equity Risk Parity,MMM,0.020349
2023-02-02,Equity Risk Parity,MRK,0.03986
2023-02-02,Equity Risk Parity,MS,0.015423
2023-02-02,Equity Risk Parity,NEE,0.022021
2023-02-02,Equity Risk Parity,NEM,0.024027
2023-02-02,Equity Risk Parity,NKE,0.01392
2023-02-02,Equity Risk Parity,NUE,0.012576
2023-02-02,Equity Risk Parity,NVDA,0.009389
2023-02-02,Equity Risk Parity,O,0.024323
2023-02-02,Equity Risk Parity,OXY,0.01355
2023-02-02,Equity Risk Parity,PLD,0.016075
2023-02-02,Equity Risk Parity,PSA,0.0221
2023-02-02,Equity Risk Parity,QCOM,0.012771
2023-02-02,Equity Risk Parity,SBUX,0.016969
2023-02-02,Equity Risk Parity,SHW,0.018967
2023-02-02,Equity Risk Parity,SLB,0.014788
2023-02-02,Equity Risk Parity,SO,0.026722
2023-02-02,Equity Risk Parity,T,0.02494
2023-02-02,Equity Risk Parity,TMUS,0.021713
2023-02-02,Equity Risk Parity,TTWO,0.020629
2023-02-02,Equity Risk Parity,UPS,0.018527
2023-02-02,Equity Risk Parity,USB,0.017635
2023-02-02,Equity Risk Parity,V,0.017135
2023-02-02,Equity Risk Parity,WFC,0.015676
2023-02-02,Equity Risk Parity,WMT,0.031476
2023-02-02,Equity Risk Parity,XOM,0.018619
2023-03-06,Equity Risk Parity,ABBV,0.03304
2023-03-06,Equity Risk Parity,ABT,0.021016
2023-03-06,Equity Risk Parity,ADBE,0.01418
2023-03-06,Equity Risk Parity,AEP,0.02502
2023-03-06,Equity Risk Parity,AMD,0.009907
2023-03-06,Equity Risk Parity,AMGN,0.032231
2023-03-06,Equity Risk Parity,AMT,0.018374
2023-03-06,Equity Risk Parity,BA,0.013353
2023-03-06,Equity Risk Parity,CAT,0.017102
2023-03-06,Equity Risk Parity,CCI,0.019088
2023-03-06,Equity Risk Parity,CMCSA,0.019069
2023-03-06,Equity Risk Parity,COP,0.015886
2023-03-06,Equity Risk Parity,CVX,0.020024
2023-03-06,Equity Risk Parity,D,0.026401
2023-03-06,Equity Risk Parity,DD,0.014948
2023-03-06,Equity Risk Parity,DIS,0.015747
2023-03-06,Equity Risk Parity,DOW,0.016704
2023-03-06,Equity Risk Parity,DUK,0.02828
2023-03-06,Equity Risk Parity,EA,0.027329
2023-03-06,Equity Risk Parity,GE,0.01489
2023-03-06,Equity Risk Parity,GILD,0.028327
2023-03-06,Equity Risk Parity,GS,0.01682
2023-03-06,Equity Risk Parity,INTC,0.014165
2023-03-06,Equity Risk Parity,KO,0.028174
2023-03-06,Equity Risk Parity,MMM,0.019988
2023-03-06,Equity Risk Parity,MRK,0.039326
2023-03-06,Equity Risk Parity,MS,0.015625
2023-03-06,Equity Risk Parity,NEE,0.021598
2023-03-06,Equity Risk Parity,NEM,0.023689
2023-03-06,Equity Risk Parity,NKE,0.013798
2023-03-06,Equity Risk Parity,NUE,0.012728
2023-03-06,Equity Risk Parity,NVDA,0.009405
2023-03-06,Equity Risk Parity,O,0.024335
2023-03-06,Equity Risk Parity,OXY,0.013824
2023-03-06,Equity Risk Parity,PLD,0.015972
2023-03-06,Equity Risk Parity,PSA,0.022144
2023-03-06,Equity Risk Parity,QCOM,0.012726
2023-03-06,Equity Risk Parity,SBUX,0.0165
2023-03-06,Equity Risk Parity,SHW,0.018821
2023-03-06,Equity Risk Parity,SLB,0.01514
2023-03-06,Equity Risk Parity,SO,0.02628
2023-03-06,Equity Risk Parity,T,0.025155
2023-03-06,Equity Risk Parity,TMUS,0.021624
2023-03-06,Equity Risk Parity,TTWO,0.020254
2023-03-06,Equity Risk Parity,UPS,0.018504
2023-03-06,Equity Risk Parity,USB,0.018009
2023-03-06,Equity Risk Parity,V,0.017397
2023-03-06,Equity Risk Parity,WFC,0.016007
2023-03-06,Equity Risk Parity,WMT,0.032049
2023-03-06,Equity Risk Parity,XOM,0.019026
2023-04-04,Equity Risk Parity,ABBV,0.03318
2023-04-04,Equity Risk Parity,ABT,0.020738
2023-04-04,Equity Risk Parity,ADBE,0.014134
2023-04-04,Equity Risk Parity,AEP,0.024883
2023-04-04,Equity Risk Parity,AMD,0.010154
2023-04-04,Equity Risk Parity,AMGN,0.032837
2023-04-04,Equity Risk Parity,AMT,0.018291
2023-04-04,Equity Risk Parity,BA,0.013328
2023-04-04,Equity Risk Parity,CAT,0.016917
2023-04-04,Equity Risk Parity,CCI,0.01909
2023-04-04,Equity Risk Parity,CMCSA,0.019157
2023-04-04,Equity Risk Parity,COP,0.015892
2023-04-04,Equity Risk Parity,CVX,0.020023
2023-04-04,Equity Risk Parity,D,0.026438
2023-04-04,Equity Risk Parity,DD,0.014812
2023-04-04,Equity Risk Parity,DIS,0.015627
2023-04-04,Equity Risk Parity,DOW,0.016637
2023-04-04,Equity Risk Parity,DUK,0.028017
2023-04-04,Equity Risk Parity,EA,0.027409
2023-04-04,Equity Risk Parity,GE,0.015049
2023-04-04,Equity Risk Parity,GILD,0.028133
2023-04-04,Equity Risk Parity,GS,0.016249
2023-04-04,Equity Risk Parity,INTC,0.014541
2023-04-04,Equity Risk Parity,KO,0.028644
2023-04-04,Equity Risk Parity,MMM,0.019829
2023-04-04,Equity Risk Parity,MRK,0.039486
2023-04-04,Equity Risk Parity,MS,0.015193
2023-04-04,Equity Risk Parity,NEE,0.021611
2023-04-04,Equity Risk Parity,NEM,0.025344
2023-04-04,Equity Risk Parity,NKE,0.013866
2023-04-04,Equity Risk Parity,NUE,0.012737
2023-04-04,Equity Risk Parity,NVDA,0.009527
2023-04-04,Equity Risk Parity,O,0.024103
2023-04-04,Equity Risk Parity,OXY,0.013776
2023-04-04,Equity Risk Parity,PLD,0.01563
2023-04-04,Equity Risk Parity,PSA,0.021719
2023-04-04,Equity Risk Parity,QCOM,0.012846
2023-04-04,Equity Risk Parity,SBUX,0.016563
2023-04-04,Equity Risk Parity,SHW,0.018689
2023-04-04,Equity Risk Parity,SLB,0.014886
2023-04-04,Equity Risk Parity,SO,0.026445
2023-04-04,Equity Risk Parity,T,0.025245
2023-04-04,Equity Risk Parity,TMUS,0.022244
2023-04-04,Equity Risk Parity,TTWO,0.01992
2023-04-04,Equity Risk Parity,UPS,0.01876
2023-04-04,Equity Risk Parity,USB,0.016581
2023-04-04,Equity Risk Parity,V,0.01771
2023-04-04,Equity Risk Parity,WFC,0.015475
2023-04-04,Equity Risk Parity,WMT,0.032623
2023-04-04,Equity Risk Parity,XOM,0.019013
2023-05-04,Equity Risk Parity,ABBV,0.034224
2023-05-04,Equity Risk Parity,ABT,0.020938
2023-05-04,Equity Risk Parity,ADBE,0.014039
2023-05-04,Equity Risk Parity,AEP,0.024746
2023-05-04,Equity Risk Parity,AMD,0.010305
2023-05-04,Equity Risk Parity,AMGN,0.032522
2023-05-04,Equity Risk Parity,AMT,0.018136
2023-05-04,Equity Risk Parity,BA,0.013407
2023-05-04,Equity Risk Parity,CAT,0.017003
2023-05-04,Equity Risk Parity,CCI,0.018753
2023-05-04,Equity Risk Parity,CMCSA,0.018892
2023-05-04,Equity Risk Parity,COP,0.015895
2023-05-04,Equity Risk Parity,CVX,0.019932
2023-05-04,Equity Risk Parity,D,0.026228
2023-05-04,Equity Risk Parity,DD,0.014735
2023-05-04,Equity Risk Parity,DIS,0.015484
2023-05-04,Equity Risk Parity,DOW,0.016912
2023-05-04,Equity Risk Parity,DUK,0.027963
2023-05-04,Equity Risk Parity,EA,0.027257
2023-05-04,Equity Risk Parity,GE,0.015221
2023-05-04,Equity Risk Parity,GILD,0.028251
2023-05-04,Equity Risk Parity,GS,0.016398
2023-05-04,Equity Risk Parity,INTC,0.014619
2023-05-04,Equity Risk Parity,KO,0.028972
2023-05-04,Equity Risk Parity,MMM,0.019729
2023-05-04,Equity Risk Parity,MRK,0.039177
2023-05-04,Equity Risk Parity,MS,0.015287
2023-05-04,Equity Risk Parity,NEE,0.02107
2023-05-04,Equity Risk Parity,NEM,0.025909
2023-05-04,Equity Risk Parity,NKE,0.014033
2023-05-04,Equity Risk Parity,NUE,0.012868
2023-05-04,Equity Risk Parity,NVDA,0.009685
2023-05-04,Equity Risk Parity,O,0.024135
2023-05-04,Equity Risk Parity,OXY,0.013915
2023-05-04,Equity Risk Parity,PLD,0.015642
2023-05-04,Equity Risk Parity,PSA,0.021639
2023-05-04,Equity Risk Parity,QCOM,0.013012
2023-05-04,Equity Risk Parity,SBUX,0.016687
2023-05-04,Equity Risk Parity,SHW,0.018755
2023-05-04,Equity Risk Parity,SLB,0.014814
2023-05-04,Equity Risk Parity,SO,0.026347
2023-05-04,Equity Risk Parity,T,0.02442
2023-05-04,Equity Risk Parity,TMUS,0.022665
2023-05-04,Equity Risk Parity,TTWO,0.019582
2023-05-04,Equity Risk Parity,UPS,0.018398
2023-05-04,Equity Risk Parity,USB,0.016089
2023-05-04,Equity Risk Parity,V,0.017848
2023-05-04,Equity Risk Parity,WFC,0.015505
2023-05-04,Equity Risk Parity,WMT,0.033047
2023-05-04,Equity Risk Parity,XOM,0.018911
2023-06-05,Equity Risk Parity,ABBV,0.033764
2023-06-05,Equity Risk Parity,ABT,0.020845
2023-06-05,Equity Risk Parity,ADBE,0.013983
2023-06-05,Equity Risk Parity,AEP,0.024666
2023-06-05,Equity Risk Parity,AMD,0.010449
2023-06-05,Equity Risk Parity,AMGN,0.032305
2023-06-05,Equity Risk Parity,AMT,0.018026
2023-06-05,Equity Risk Parity,BA,0.013513
2023-06-05,Equity Risk Parity,CAT,0.016569
2023-06-05,Equity Risk Parity,CCI,0.018675
2023-06-05,Equity Risk Parity,CMCSA,0.019062
2023-06-05,Equity Risk Parity,COP,0.015957
2023-06-05,Equity Risk Parity,CVX,0.020003
2023-06-05,Equity Risk Parity,D,0.026048
2023-06-05,Equity Risk Parity,DD,0.014629
2023-06-05,Equity Risk Parity,DIS,0.015071
2023-06-05,Equity Risk Parity,DOW,0.016769
2023-06-05,Equity Risk Parity,DUK,0.027959
2023-06-05,Equity Risk Parity,EA,0.027588
2023-06-05,Equity Risk Parity,GE,0.015258
2023-06-05,Equity Risk Parity,GILD,0.028223
2023-06-05,Equity Risk Parity,GS,0.016625
2023-06-05,Equity Risk Parity,INTC,0.014609
2023-06-05,Equity Risk Parity,KO,0.028943
2023-06-05,Equity Risk Parity,MMM,0.019102
2023-06-05,Equity Risk Parity,MRK,0.039561
2023-06-05,Equity Risk Parity,MS,0.015393
2023-06-05,Equity Risk Parity,NEE,0.021222
2023-06-05,Equity Risk Parity,NEM,0.026024
2023-06-05,Equity Risk Parity,NKE,0.01392
2023-06-05,Equity Risk Parity,NUE,0.012978
2023-06-05,Equity Risk Parity,NVDA,0.009925
2023-06-05,Equity Risk Parity,O,0.02412
2023-06-05,Equity Risk Parity,OXY,0.014117
2023-06-05,Equity Risk Parity,PLD,0.015555
2023-06-05,Equity Risk Parity,PSA,0.021567
2023-06-05,Equity Risk Parity,QCOM,0.013029
2023-06-05,Equity Risk Parity,SBUX,0.016624
2023-06-05,Equity Risk Parity,SHW,0.018614
2023-06-05,Equity Risk Parity,SLB,0.014784
2023-06-05,Equity Risk Parity,SO,0.026535
2023-06-05,Equity Risk Parity,T,0.02478
2023-06-05,Equity Risk Parity,TMUS,0.023849
2023-06-05,Equity Risk Parity,TTWO,0.019416
2023-06-05,Equity Risk Parity,UPS,0.018391
2023-06-05,Equity Risk Parity,USB,0.015683
2023-06-05,Equity Risk Parity,V,0.017828
2023-06-05,Equity Risk Parity,WFC,0.015375
2023-06-05,Equity Risk Parity,WMT,0.033116
2023-06-05,Equity Risk Parity,XOM,0.018951
2023-07-06,Equity Risk Parity,ABBV,0.034194
2023-07-06,Equity Risk Parity,ABT,0.021017
2023-07-06,Equity Risk Parity,ADBE,0.013835
2023-07-06,Equity Risk Parity,AEP,0.024746
2023-07-06,Equity Risk Parity,AMD,0.010417
2023-07-06,Equity Risk Parity,AMGN,0.03218
2023-07-06,Equity Risk Parity,AMT,0.017904
2023-07-06,Equity Risk Parity,BA,0.013493
2023-07-06,Equity Risk Parity,CAT,0.016302
2023-07-06,Equity Risk Parity,CCI,0.018527
2023-07-06,Equity Risk Parity,CMCSA,0.019012
2023-07-06,Equity Risk Parity,COP,0.016028
2023-07-06,Equity Risk Parity,CVX,0.020105
2023-07-06,Equity Risk Parity,D,0.026075
2023-07-06,Equity Risk Parity,DD,0.014682
2023-07-06,Equity Risk Parity,DIS,0.01501
2023-07-06,Equity Risk Parity,DOW,0.016754
2023-07-06,Equity Risk Parity,DUK,0.02798
2023-07-06,Equity Risk Parity,EA,0.02737
2023-07-06,Equity Risk Parity,GE,0.015339
2023-07-06,Equity Risk Parity,GILD,0.028317
2023-07-06,Equity Risk Parity,GS,0.016554
2023-07-06,Equity Risk Parity,INTC,0.014409
2023-07-06,Equity Risk Parity,KO,0.029233
2023-07-06,Equity Risk Parity,MMM,0.019026
2023-07-06,Equity Risk Parity,MRK,0.040051
2023-07-06,Equity Risk Parity,MS,0.015417
2023-07-06,Equity Risk Parity,NEE,0.021019
2023-07-06,Equity Risk Parity,NEM,0.025915
2023-07-06,Equity Risk Parity,NKE,0.014055
2023-07-06,Equity Risk Parity,NUE,0.013011
2023-07-06,Equity Risk Parity,NVDA,0.009873
2023-07-06,Equity Risk Parity,O,0.024148
2023-07-06,Equity Risk Parity,OXY,0.01423
2023-07-06,Equity Risk Parity,PLD,0.015534
2023-07-06,Equity Risk Parity,PSA,0.021173
2023-07-06,Equity Risk Parity,QCOM,0.012875
2023-07-06,Equity Risk Parity,SBUX,0.016591
2023-07-06,Equity Risk Parity,SHW,0.018517
2023-07-06,Equity Risk Parity,SLB,0.014986
2023-07-06,Equity Risk Parity,SO,0.026707
2023-07-06,Equity Risk Parity,T,0.024467
2023-07-06,Equity Risk Parity,TMUS,0.023692
2023-07-06,Equity Risk Parity,TTWO,0.019609
2023-07-06,Equity Risk Parity,UPS,0.018208
2023-07-06,Equity Risk Parity,USB,0.015595
2023-07-06,Equity Risk Parity,V,0.017929
2023-07-06,Equity Risk Parity,WFC,0.015474
2023-07-06,Equity Risk Parity,WMT,0.033518
2023-07-06,Equity Risk Parity,XOM,0.018895
2023-08-04,Equity Risk Parity,ABBV,0.034769
2023-08-04,Equity Risk Parity,ABT,0.020676
2023-08-04,Equity Risk Parity,ADBE,0.013692
2023-08-04,Equity Risk Parity,AEP,0.024544
2023-08-04,Equity Risk Parity,AMD,0.010475
2023-08-04,Equity Risk Parity,AMGN,0.032151
2023-08-04,Equity Risk Parity,AMT,0.01779
2023-08-04,Equity Risk Parity,BA,0.013652
2023-08-04,Equity Risk Parity,CAT,0.016629
2023-08-04,Equity Risk Parity,CCI,0.01835
2023-08-04,Equity Risk Parity,CMCSA,0.019172
2023-08-04,Equity Risk Parity,COP,0.016062
2023-08-04,Equity Risk Parity,CVX,0.020216
2023-08-04,Equity Risk Parity,D,0.02542
2023-08-04,Equity Risk Parity,DD,0.014922
2023-08-04,Equity Risk Parity,DIS,0.015078
2023-08-04,Equity Risk Parity,DOW,0.017075
2023-08-04,Equity Risk Parity,DUK,0.027486
2023-08-04,Equity Risk Parity,EA,0.026473
2023-08-04,Equity Risk Parity,GE,0.015863
2023-08-04,Equity Risk Parity,GILD,0.028603
2023-08-04,Equity Risk Parity,GS,0.016744
2023-08-04,Equity Risk Parity,INTC,0.014358
2023-08-04,Equity Risk Parity,KO,0.02938
2023-08-04,Equity Risk Parity,MMM,0.018819
2023-08-04,Equity Risk Parity,MRK,0.0401
2023-08-04,Equity Risk Parity,MS,0.015546
2023-08-04,Equity Risk Parity,NEE,0.020725
2023-08-04,Equity Risk Parity,NEM,0.025661
2023-08-04,Equity Risk Parity,NKE,0.014036
2023-08-04,Equity Risk Parity,NUE,0.013265
2023-08-04,Equity Risk Parity,NVDA,0.009813
2023-08-04,Equity Risk Parity,O,0.024078
2023-08-04,Equity Risk Parity,OXY,0.014447
2023-08-04,Equity Risk Parity,PLD,0.015502
2023-08-04,Equity Risk Parity,PSA,0.021285
2023-08-04,Equity Risk Parity,QCOM,0.012867
2023-08-04,Equity Risk Parity,SBUX,0.016715
2023-08-04,Equity Risk Parity,SHW,0.01841
2023-08-04,Equity Risk Parity,SLB,0.015305
2023-08-04,Equity Risk Parity,SO,0.026346
2023-08-04,Equity Risk Parity,T,0.024095
2023-08-04,Equity Risk Parity,TMUS,0.023614
2023-08-04,Equity Risk Parity,TTWO,0.019274
2023-08-04,Equity Risk Parity,UPS,0.01804
2023-08-04,Equity Risk Parity,USB,0.015786
2023-08-04,Equity Risk Parity,V,0.018098
2023-08-04,Equity Risk Parity,WFC,0.015829
2023-08-04,Equity Risk Parity,WMT,0.03351
2023-08-04,Equity Risk Parity,XOM,0.019253
2023-09-05,Equity Risk Parity,ABBV,0.034863
2023-09-05,Equity Risk Parity,ABT,0.020525
2023-09-05,Equity Risk Parity,ADBE,0.013664
2023-09-05,Equity Risk Parity,AEP,0.024425
2023-09-05,Equity Risk Parity,AMD,0.010363
2023-09-05,Equity Risk Parity,AMGN,0.033093
2023-09-05,Equity Risk Parity,AMT,0.017658
2023-09-05,Equity Risk Parity,BA,0.013683
2023-09-05,Equity Risk Parity,CAT,0.016672
2023-09-05,Equity Risk Parity,CCI,0.018328
2023-09-05,Equity Risk Parity,CMCSA,0.019186
2023-09-05,Equity Risk Parity,COP,0.016337
2023-09-05,Equity Risk Parity,CVX,0.020537
2023-09-05,Equity Risk Parity,D,0.025221
2023-09-05,Equity Risk Parity,DD,0.014897
2023-09-05,Equity Risk Parity,DIS,0.015116
2023-09-05,Equity Risk Parity,DOW,0.017154
2023-09-05,Equity Risk Parity,DUK,0.027384
2023-09-05,Equity Risk Parity,EA,0.026378
2023-09-05,Equity Risk Parity,GE,0.0158
2023-09-05,Equity Risk Parity,GILD,0.028289
2023-09-05,Equity Risk Parity,GS,0.016776
2023-09-05,Equity Risk Parity,INTC,0.01417
2023-09-05,Equity Risk Parity,KO,0.029517
2023-09-05,Equity Risk Parity,MMM,0.018776
2023-09-05,Equity Risk Parity,MRK,0.039241
2023-09-05,Equity Risk Parity,MS,0.015653
2023-09-05,Equity Risk Parity,NEE,0.020658
2023-09-05,Equity Risk Parity,NEM,0.025949
2023-09-05,Equity Risk Parity,NKE,0.014032
2023-09-05,Equity Risk Parity,NUE,0.013396
2023-09-05,Equity Risk Parity,NVDA,0.009866
2023-09-05,Equity Risk Parity,O,0.023914
2023-09-05,Equity Risk Parity,OXY,0.014869
2023-09-05,Equity Risk Parity,PLD,0.015382
2023-09-05,Equity Risk Parity,PSA,0.020986
2023-09-05,Equity Risk Parity,QCOM,0.012888
2023-09-05,Equity Risk Parity,SBUX,0.016643
2023-09-05,Equity Risk Parity,SHW,0.018387
2023-09-05,Equity Risk Parity,SLB,0.015433
2023-09-05,Equity Risk Parity,SO,0.026302
2023-09-05,Equity Risk Parity,T,0.024182
2023-09-05,Equity Risk Parity,TMUS,0.023482
2023-09-05,Equity Risk Parity,TTWO,0.019155
2023-09-05,Equity Risk Parity,UPS,0.017938
2023-09-05,Equity Risk Parity,USB,0.015821
2023-09-05,Equity Risk Parity,V,0.018047
2023-09-05,Equity Risk Parity,WFC,0.015981
2023-09-05,Equity Risk Parity,WMT,0.033487
2023-09-05,Equity Risk Parity,XOM,0.019493
2023-10-04,Equity Risk Parity,ABBV,0.035387
2023-10-04,Equity Risk Parity,ABT,0.020351
2023-10-04,Equity Risk Parity,ADBE,0.013594
2023-10-04,Equity Risk Parity,AEP,0.024165
2023-10-04,Equity Risk Parity,AMD,0.010264
2023-10-04,Equity Risk Parity,AMGN,0.033353
2023-10-04,Equity Risk Parity,AMT,0.017324
2023-10-04,Equity Risk Parity,BA,0.013912
2023-10-04,Equity Risk Parity,CAT,0.01684
2023-10-04,Equity Risk Parity,CCI,0.017931
2023-10-04,Equity Risk Parity,CMCSA,0.019692
2023-10-04,Equity Risk Parity,COP,0.016472
2023-10-04,Equity Risk Parity,CVX,0.020997
2023-10-04,Equity Risk Parity,D,0.024442
2023-10-04,Equity Risk Parity,DD,0.015044
2023-10-04,Equity Risk Parity,DIS,0.015292
2023-10-04,Equity Risk Parity,DOW,0.017312
2023-10-04,Equity Risk Parity,DUK,0.027179
2023-10-04,Equity Risk Parity,EA,0.025862
2023-10-04,Equity Risk Parity,GE,0.015989
2023-10-04,Equity Risk Parity,GILD,0.028011
2023-10-04,Equity Risk Parity,GS,0.016697
2023-10-04,Equity Risk Parity,INTC,0.014194
2023-10-04,Equity Risk Parity,KO,0.029712
2023-10-04,Equity Risk Parity,MMM,0.018812
2023-10-04,Equity Risk Parity,MRK,0.040682
2023-10-04,Equity Risk Parity,MS,0.015662
2023-10-04,Equity Risk Parity,NEE,0.020087
2023-10-04,Equity Risk Parity,NEM,0.025422
2023-10-04,Equity Risk Parity,NKE,0.013988
2023-10-04,Equity Risk Parity,NUE,0.013419
2023-10-04,Equity Risk Parity,NVDA,0.009879
2023-10-04,Equity Risk Parity,O,0.023886
2023-10-04,Equity Risk Parity,OXY,0.015351
2023-10-04,Equity Risk Parity,PLD,0.015104
2023-10-04,Equity Risk Parity,PSA,0.020695
2023-10-04,Equity Risk Parity,QCOM,0.012843
2023-10-04,Equity Risk Parity,SBUX,0.016592
2023-10-04,Equity Risk Parity,SHW,0.018412
2023-10-04,Equity Risk Parity,SLB,0.015751
2023-10-04,Equity Risk Parity,SO,0.025806
2023-10-04,Equity Risk Parity,T,0.024245
2023-10-04,Equity Risk Parity,TMUS,0.023414
2023-10-04,Equity Risk Parity,TTWO,0.019088
2023-10-04,Equity Risk Parity,UPS,0.017825
2023-10-04,Equity Risk Parity,USB,0.0157
2023-10-04,Equity Risk Parity,V,0.018227
2023-10-04,Equity Risk Parity,WFC,0.015841
2023-10-04,Equity Risk Parity,WMT,0.033355
2023-10-04,Equity Risk Parity,XOM,0.019898
2023-11-02,Equity Risk Parity,ABBV,0.035178
2023-11-02,Equity Risk Parity,ABT,0.021015
2023-11-02,Equity Risk Parity,ADBE,0.013564
2023-11-02,Equity Risk Parity,AEP,0.02358
2023-11-02,Equity Risk Parity,AMD,0.01035
2023-11-02,Equity Risk Parity,AMGN,0.032984
2023-11-02,Equity Risk Parity,AMT,0.01718
2023-11-02,Equity Risk Parity,BA,0.013891
2023-11-02,Equity Risk Parity,CAT,0.016793
2023-11-02,Equity Risk Parity,CCI,0.017631
2023-11-02,Equity Risk Parity,CMCSA,0.019969
2023-11-02,Equity Risk Parity,COP,0.016508
2023-11-02,Equity Risk Parity,CVX,0.020958
2023-11-02,Equity Risk Parity,D,0.024122
2023-11-02,Equity Risk Parity,DD,0.015381
2023-11-02,Equity Risk Parity,DIS,0.015274
2023-11-02,Equity Risk Parity,DOW,0.017568
2023-11-02,Equity Risk Parity,DUK,0.026946
2023-11-02,Equity Risk Parity,EA,0.02555
2023-11-02,Equity Risk Parity,GE,0.016015
2023-11-02,Equity Risk Parity,GILD,0.027846
2023-11-02,Equity Risk Parity,GS,0.016688
2023-11-02,Equity Risk Parity,INTC,0.014398
2023-11-02,Equity Risk Parity,KO,0.029089
2023-11-02,Equity Risk Parity,MMM,0.018558
2023-11-02,Equity Risk Parity,MRK,0.042498
2023-11-02,Equity Risk Parity,MS,0.015523
2023-11-02,Equity Risk Parity,NEE,0.019878
2023-11-02,Equity Risk Parity,NEM,0.02519
2023-11-02,Equity Risk Parity,NKE,0.013892
2023-11-02,Equity Risk Parity,NUE,0.013467
2023-11-02,Equity Risk Parity,NVDA,0.009989
2023-11-02,Equity Risk Parity,O,0.023681
2023-11-02,Equity Risk Parity,OXY,0.015523
2023-11-02,Equity Risk Parity,PLD,0.014983
2023-11-02,Equity Risk Parity,PSA,0.020458
2023-11-02,Equity Risk Parity,QCOM,0.012829
2023-11-02,Equity Risk Parity,SBUX,0.016362
2023-11-02,Equity Risk Parity,SHW,0.018395
2023-11-02,Equity Risk Parity,SLB,0.016049
2023-11-02,Equity Risk Parity,SO,0.025561
2023-11-02,Equity Risk Parity,T,0.024459
2023-11-02,Equity Risk Parity,TMUS,0.023264
2023-11-02,Equity Risk Parity,TTWO,0.019089
2023-11-02,Equity Risk Parity,UPS,0.017968
2023-11-02,Equity Risk Parity,USB,0.015213
2023-11-02,Equity Risk Parity,V,0.018524
2023-11-02,Equity Risk Parity,WFC,0.015811
2023-11-02,Equity Risk Parity,WMT,0.034153
2023-11-02,Equity Risk Parity,XOM,0.020207
2023-12-04,Equity Risk Parity,ABBV,0.035674
2023-12-04,Equity Risk Parity,ABT,0.020719
2023-12-04,Equity Risk Parity,ADBE,0.013516
2023-12-04,Equity Risk Parity,AEP,0.023427
2023-12-04,Equity Risk Parity,AMD,0.01036
2023-12-04,Equity Risk Parity,AMGN,0.032622
2023-12-04,Equity Risk Parity,AMT,0.016737
2023-12-04,Equity Risk Parity,BA,0.013984
2023-12-04,Equity Risk Parity,CAT,0.016724
2023-12-04,Equity Risk Parity,CCI,0.017202
2023-12-04,Equity Risk Parity,CMCSA,0.01997
2023-12-04,Equity Risk Parity,COP,0.016903
2023-12-04,Equity Risk Parity,CVX,0.021136
2023-12-04,Equity Risk Parity,D,0.023775
2023-12-04,Equity Risk Parity,DD,0.015374
2023-12-04,Equity Risk Parity,DIS,0.015427
2023-12-04,Equity Risk Parity,DOW,0.017558
2023-12-04,Equity Risk Parity,DUK,0.026866
2023-12-04,Equity Risk Parity,EA,0.025702
2023-12-04,Equity Risk Parity,GE,0.016315
2023-12-04,Equity Risk Parity,GILD,0.027342
2023-12-04,Equity Risk Parity,GS,0.01645
2023-12-04,Equity Risk Parity,INTC,0.014302
2023-12-04,Equity Risk Parity,KO,0.030112
2023-12-04,Equity Risk Parity,MMM,0.018393
2023-12-04,Equity Risk Parity,MRK,0.043656
2023-12-04,Equity Risk Parity,MS,0.015274
2023-12-04,Equity Risk Parity,NEE,0.019267
2023-12-04,Equity Risk Parity,NEM,0.02387
2023-12-04,Equity Risk Parity,NKE,0.013742
2023-12-04,Equity Risk Parity,NUE,0.013532
2023-12-04,Equity Risk Parity,NVDA,0.010059
2023-12-04,Equity Risk Parity,O,0.023378
2023-12-04,Equity Risk Parity,OXY,0.016127
2023-12-04,Equity Risk Parity,PLD,0.014621
2023-12-04,Equity Risk Parity,PSA,0.019985
2023-12-04,Equity Risk Parity,QCOM,0.012796
2023-12-04,Equity Risk Parity,SBUX,0.016401
2023-12-04,Equity Risk Parity,SHW,0.017974
2023-12-04,Equity Risk Parity,SLB,0.016478
2023-12-04,Equity Risk Parity,SO,0.025403
2023-12-04,Equity Risk Parity,T,0.02488
2023-12-04,Equity Risk Parity,TMUS,0.023882
2023-12-04,Equity Risk Parity,TTWO,0.019016
2023-12-04,Equity Risk Parity,UPS,0.017797
2023-12-04,Equity Risk Parity,USB,0.014975
2023-12-04,Equity Risk Parity,V,0.018701
2023-12-04,Equity Risk Parity,WFC,0.015859
2023-12-04,Equity Risk Parity,WMT,0.035002
2023-12-04,Equity Risk Parity,XOM,0.020734
2021-05-19,Crypto Equal Weight,ADA-USD,0.1
2021-05-19,Crypto Equal Weight,BCH-USD,0.1
2021-05-19,Crypto Equal Weight,BTC-USD,0.1
2021-05-19,Crypto Equal Weight,EOS-USD,0.1
2021-05-19,Crypto Equal Weight,ETC-USD,0.1
2021-05-19,Crypto Equal Weight,ETH-USD,0.1
2021-05-19,Crypto Equal Weight,LTC-USD,0.1
2021-05-19,Crypto Equal Weight,TRX-USD,0.1
2021-05-19,Crypto Equal Weight,XLM-USD,0.1
2021-05-19,Crypto Equal Weight,XRP-USD,0.1
2021-06-09,Crypto Equal Weight,ADA-USD,0.1
2021-06-09,Crypto Equal Weight,BCH-USD,0.1
2021-06-09,Crypto Equal Weight,BTC-USD,0.1
2021-06-09,Crypto Equal Weight,EOS-USD,0.1
2021-06-09,Crypto Equal Weight,ETC-USD,0.1
2021-06-09,Crypto Equal Weight,ETH-USD,0.1
2021-06-09,Crypto Equal Weight,LTC-USD,0.1
2021-06-09,Crypto Equal Weight,TRX-USD,0.1
2021-06-09,Crypto Equal Weight,XLM-USD,0.1
2021-06-09,Crypto Equal Weight,XRP-USD,0.1
2021-06-30,Crypto Equal Weight,ADA-USD,0.1
2021-06-30,Crypto Equal Weight,BCH-USD,0.1
2021-06-30,Crypto Equal Weight,BTC-USD,0.1
2021-06-30,Crypto Equal Weight,EOS-USD,0.1
2021-06-30,Crypto Equal Weight,ETC-USD,0.1
2021-06-30,Crypto Equal Weight,ETH-USD,0.1
2021-06-30,Crypto Equal Weight,LTC-USD,0.1
2021-06-30,Crypto Equal Weight,TRX-USD,0.1
2021-06-30,Crypto Equal Weight,XLM-USD,0.1
2021-06-30,Crypto Equal Weight,XRP-USD,0.1
2021-07-21,Crypto Equal Weight,ADA-USD,0.1
2021-07-21,Crypto Equal Weight,BCH-USD,0.1
2021-07-21,Crypto Equal Weight,BTC-USD,0.1
2021-07-21,Crypto Equal Weight,EOS-USD,0.1
2021-07-21,Crypto Equal Weight,ETC-USD,0.1
2021-07-21,Crypto Equal Weight,ETH-USD,0.1
2021-07-21,Crypto Equal Weight,LTC-USD,0.1
2021-07-21,Crypto Equal Weight,TRX-USD,0.1
2021-07-21,Crypto Equal Weight,XLM-USD,0.1
2021-07-21,Crypto Equal Weight,XRP-USD,0.1
2021-08-11,Crypto Equal Weight,ADA-USD,0.1
2021-08-11,Crypto Equal Weight,BCH-USD,0.1
2021-08-11,Crypto Equal Weight,BTC-USD,0.1
2021-08-11,Crypto Equal Weight,EOS-USD,0.1
2021-08-11,Crypto Equal Weight,ETC-USD,0.1
2021-08-11,Crypto Equal Weight,ETH-USD,0.1
2021-08-11,Crypto Equal Weight,LTC-USD,0.1
2021-08-11,Crypto Equal Weight,TRX-USD,0.1
2021-08-11,Crypto Equal Weight,XLM-USD,0.1
2021-08-11,Crypto Equal Weight,XRP-USD,0.1
2021-09-01,Crypto Equal Weight,ADA-USD,0.1
2021-09-01,Crypto Equal Weight,BCH-USD,0.1
2021-09-01,Crypto Equal Weight,BTC-USD,0.1
2021-09-01,Crypto Equal Weight,EOS-USD,0.1
2021-09-01,Crypto Equal Weight,ETC-USD,0.1
2021-09-01,Crypto Equal Weight,ETH-USD,0.1
2021-09-01,Crypto Equal Weight,LTC-USD,0.1
2021-09-01,Crypto Equal Weight,TRX-USD,0.1
2021-09-01,Crypto Equal Weight,XLM-USD,0.1
2021-09-01,Crypto Equal Weight,XRP-USD,0.1
2021-09-22,Crypto Equal Weight,ADA-USD,0.1
2021-09-22,Crypto Equal Weight,BCH-USD,0.1
2021-09-22,Crypto Equal Weight,BTC-USD,0.1
2021-09-22,Crypto Equal Weight,EOS-USD,0.1
2021-09-22,Crypto Equal Weight,ETC-USD,0.1
2021-09-22,Crypto Equal Weight,ETH-USD,0.1
2021-09-22,Crypto Equal Weight,LTC-USD,0.1
2021-09-22,Crypto Equal Weight,TRX-USD,0.1
2021-09-22,Crypto Equal Weight,XLM-USD,0.1
2021-09-22,Crypto Equal Weight,XRP-USD,0.1
2021-10-13,Crypto Equal Weight,ADA-USD,0.1
2021-10-13,Crypto Equal Weight,BCH-USD,0.1
2021-10-13,Crypto Equal Weight,BTC-USD,0.1
2021-10-13,Crypto Equal Weight,EOS-USD,0.1
2021-10-13,Crypto Equal Weight,ETC-USD,0.1
2021-10-13,Crypto Equal Weight,ETH-USD,0.1
2021-10-13,Crypto Equal Weight,LTC-USD,0.1
2021-10-13,Crypto Equal Weight,TRX-USD,0.1
2021-10-13,Crypto Equal Weight,XLM-USD,0.1
2021-10-13,Crypto Equal Weight,XRP-USD,0.1
2021-11-03,Crypto Equal Weight,ADA-USD,0.1
2021-11-03,Crypto Equal Weight,BCH-USD,0.1
2021-11-03,Crypto Equal Weight,BTC-USD,0.1
2021-11-03,Crypto Equal Weight,EOS-USD,0.1
2021-11-03,Crypto Equal Weight,ETC-USD,0.1
2021-11-03,Crypto Equal Weight,ETH-USD,0.1
2021-11-03,Crypto Equal Weight,LTC-USD,0.1
2021-11-03,Crypto Equal Weight,TRX-USD,0.1
2021-11-03,Crypto Equal Weight,XLM-USD,0.1
2021-11-03,Crypto Equal Weight,XRP-USD,0.1
2021-11-24,Crypto Equal Weight,ADA-USD,0.1
2021-11-24,Crypto Equal Weight,BCH-USD,0.1
2021-11-24,Crypto Equal Weight,BTC-USD,0.1
2021-11-24,Crypto Equal Weight,EOS-USD,0.1
2021-11-24,Crypto Equal Weight,ETC-USD,0.1
2021-11-24,Crypto Equal Weight,ETH-USD,0.1
2021-11-24,Crypto Equal Weight,LTC-USD,0.1
2021-11-24,Crypto Equal Weight,TRX-USD,0.1
2021-11-24,Crypto Equal Weight,XLM-USD,0.1
2021-11-24,Crypto Equal Weight,XRP-USD,0.1
2021-12-15,Crypto Equal Weight,ADA-USD,0.1
2021-12-15,Crypto Equal Weight,BCH-USD,0.1
2021-12-15,Crypto Equal Weight,BTC-USD,0.1
2021-12-15,Crypto Equal Weight,EOS-USD,0.1
2021-12-15,Crypto Equal Weight,ETC-USD,0.1
2021-12-15,Crypto Equal Weight,ETH-USD,0.1
2021-12-15,Crypto Equal Weight,LTC-USD,0.1
2021-12-15,Crypto Equal Weight,TRX-USD,0.1
2021-12-15,Crypto Equal Weight,XLM-USD,0.1
2021-12-15,Crypto Equal Weight,XRP-USD,0.1
2022-01-05,Crypto Equal Weight,ADA-USD,0.1
2022-01-05,Crypto Equal Weight,BCH-USD,0.1
2022-01-05,Crypto Equal Weight,BTC-USD,0.1
2022-01-05,Crypto Equal Weight,EOS-USD,0.1
2022-01-05,Crypto Equal Weight,ETC-USD,0.1
2022-01-05,Crypto Equal Weight,ETH-USD,0.1
2022-01-05,Crypto Equal Weight,LTC-USD,0.1
2022-01-05,Crypto Equal Weight,TRX-USD,0.1
2022-01-05,Crypto Equal Weight,XLM-USD,0.1
2022-01-05,Crypto Equal Weight,XRP-USD,0.1
2022-01-26,Crypto Equal Weight,ADA-USD,0.1
2022-01-26,Crypto Equal Weight,BCH-USD,0.1
2022-01-26,Crypto Equal Weight,BTC-USD,0.1
2022-01-26,Crypto Equal Weight,EOS-USD,0.1
2022-01-26,Crypto Equal Weight,ETC-USD,0.1
2022-01-26,Crypto Equal Weight,ETH-USD,0.1
2022-01-26,Crypto Equal Weight,LTC-USD,0.1
2022-01-26,Crypto Equal Weight,TRX-USD,0.1
2022-01-26,Crypto Equal Weight,XLM-USD,0.1
2022-01-26,Crypto Equal Weight,XRP-USD,0.1
2022-02-16,Crypto Equal Weight,ADA-USD,0.1
2022-02-16,Crypto Equal Weight,BCH-USD,0.1
2022-02-16,Crypto Equal Weight,BTC-USD,0.1
2022-02-16,Crypto Equal Weight,EOS-USD,0.1
2022-02-16,Crypto Equal Weight,ETC-USD,0.1
2022-02-16,Crypto Equal Weight,ETH-USD,0.1
2022-02-16,Crypto Equal Weight,LTC-USD,0.1
2022-02-16,Crypto Equal Weight,TRX-USD,0.1
2022-02-16,Crypto Equal Weight,XLM-USD,0.1
2022-02-16,Crypto Equal Weight,XRP-USD,0.1
2022-03-09,Crypto Equal Weight,ADA-USD,0.1
2022-03-09,Crypto Equal Weight,BCH-USD,0.1
2022-03-09,Crypto Equal Weight,BTC-USD,0.1
2022-03-09,Crypto Equal Weight,EOS-USD,0.1
2022-03-09,Crypto Equal Weight,ETC-USD,0.1
2022-03-09,Crypto Equal Weight,ETH-USD,0.1
2022-03-09,Crypto Equal Weight,LTC-USD,0.1
2022-03-09,Crypto Equal Weight,TRX-USD,0.1
2022-03-09,Crypto Equal Weight,XLM-USD,0.1
2022-03-09,Crypto Equal Weight,XRP-USD,0.1
2022-03-30,Crypto Equal Weight,ADA-USD,0.1
2022-03-30,Crypto Equal Weight,BCH-USD,0.1
2022-03-30,Crypto Equal Weight,BTC-USD,0.1
2022-03-30,Crypto Equal Weight,EOS-USD,0.1
2022-03-30,Crypto Equal Weight,ETC-USD,0.1
2022-03-30,Crypto Equal Weight,ETH-USD,0.1
2022-03-30,Crypto Equal Weight,LTC-USD,0.1
2022-03-30,Crypto Equal Weight,TRX-USD,0.1
2022-03-30,Crypto Equal Weight,XLM-USD,0.1
2022-03-30,Crypto Equal Weight,XRP-USD,0.1
2022-04-20,Crypto Equal Weight,ADA-USD,0.1
2022-04-20,Crypto Equal Weight,BCH-USD,0.1
2022-04-20,Crypto Equal Weight,BTC-USD,0.1
2022-04-20,Crypto Equal Weight,EOS-USD,0.1
2022-04-20,Crypto Equal Weight,ETC-USD,0.1
2022-04-20,Crypto Equal Weight,ETH-USD,0.1
2022-04-20,Crypto Equal Weight,LTC-USD,0.1
2022-04-20,Crypto Equal Weight,TRX-USD,0.1
2022-04-20,Crypto Equal Weight,XLM-USD,0.1
2022-04-20,Crypto Equal Weight,XRP-USD,0.1
2022-05-11,Crypto Equal Weight,ADA-USD,0.1
2022-05-11,Crypto Equal Weight,BCH-USD,0.1
2022-05-11,Crypto Equal Weight,BTC-USD,0.1
2022-05-11,Crypto Equal Weight,EOS-USD,0.1
2022-05-11,Crypto Equal Weight,ETC-USD,0.1
2022-05-11,Crypto Equal Weight,ETH-USD,0.1
2022-05-11,Crypto Equal Weight,LTC-USD,0.1
2022-05-11,Crypto Equal Weight,TRX-USD,0.1
2022-05-11,Crypto Equal Weight,XLM-USD,0.1
2022-05-11,Crypto Equal Weight,XRP-USD,0.1
2022-06-01,Crypto Equal Weight,ADA-USD,0.1
2022-06-01,Crypto Equal Weight,BCH-USD,0.1
2022-06-01,Crypto Equal Weight,BTC-USD,0.1
2022-06-01,Crypto Equal Weight,EOS-USD,0.1
2022-06-01,Crypto Equal Weight,ETC-USD,0.1
2022-06-01,Crypto Equal Weight,ETH-USD,0.1
2022-06-01,Crypto Equal Weight,LTC-USD,0.1
2022-06-01,Crypto Equal Weight,TRX-USD,0.1
2022-06-01,Crypto Equal Weight,XLM-USD,0.1
2022-06-01,Crypto Equal Weight,XRP-USD,0.1
2022-06-22,Crypto Equal Weight,ADA-USD,0.1
2022-06-22,Crypto Equal Weight,BCH-USD,0.1
2022-06-22,Crypto Equal Weight,BTC-USD,0.1
2022-06-22,Crypto Equal Weight,EOS-USD,0.1
2022-06-22,Crypto Equal Weight,ETC-USD,0.1
2022-06-22,Crypto Equal Weight,ETH-USD,0.1
2022-06-22,Crypto Equal Weight,LTC-USD,0.1
2022-06-22,Crypto Equal Weight,TRX-USD,0.1
2022-06-22,Crypto Equal Weight,XLM-USD,0.1
2022-06-22,Crypto Equal Weight,XRP-USD,0.1
2022-07-13,Crypto Equal Weight,ADA-USD,0.1
2022-07-13,Crypto Equal Weight,BCH-USD,0.1
2022-07-13,Crypto Equal Weight,BTC-USD,0.1
2022-07-13,Crypto Equal Weight,EOS-USD,0.1
2022-07-13,Crypto Equal Weight,ETC-USD,0.1
2022-07-13,Crypto Equal Weight,ETH-USD,0.1
2022-07-13,Crypto Equal Weight,LTC-USD,0.1
2022-07-13,Crypto Equal Weight,TRX-USD,0.1
2022-07-13,Crypto Equal Weight,XLM-USD,0.1
2022-07-13,Crypto Equal Weight,XRP-USD,0.1
2022-08-03,Crypto Equal Weight,ADA-USD,0.1
2022-08-03,Crypto Equal Weight,BCH-USD,0.1
2022-08-03,Crypto Equal Weight,BTC-USD,0.1
2022-08-03,Crypto Equal Weight,EOS-USD,0.1
2022-08-03,Crypto Equal Weight,ETC-USD,0.1
2022-08-03,Crypto Equal Weight,ETH-USD,0.1
2022-08-03,Crypto Equal Weight,LTC-USD,0.1
2022-08-03,Crypto Equal Weight,TRX-USD,0.1
2022-08-03,Crypto Equal Weight,XLM-USD,0.1
2022-08-03,Crypto Equal Weight,XRP-USD,0.1
2022-08-24,Crypto Equal Weight,ADA-USD,0.1
2022-08-24,Crypto Equal Weight,BCH-USD,0.1
2022-08-24,Crypto Equal Weight,BTC-USD,0.1
2022-08-24,Crypto Equal Weight,EOS-USD,0.1
2022-08-24,Crypto Equal Weight,ETC-USD,0.1
2022-08-24,Crypto Equal Weight,ETH-USD,0.1
2022-08-24,Crypto Equal Weight,LTC-USD,0.1
2022-08-24,Crypto Equal Weight,TRX-USD,0.1
2022-08-24,Crypto Equal Weight,XLM-USD,0.1
2022-08-24,Crypto Equal Weight,XRP-USD,0.1
2022-09-14,Crypto Equal Weight,ADA-USD,0.1
2022-09-14,Crypto Equal Weight,BCH-USD,0.1
2022-09-14,Crypto Equal Weight,BTC-USD,0.1
2022-09-14,Crypto Equal Weight,EOS-USD,0.1
2022-09-14,Crypto Equal Weight,ETC-USD,0.1
2022-09-14,Crypto Equal Weight,ETH-USD,0.1
2022-09-14,Crypto Equal Weight,LTC-USD,0.1
2022-09-14,Crypto Equal Weight,TRX-USD,0.1
2022-09-14,Crypto Equal Weight,XLM-USD,0.1
2022-09-14,Crypto Equal Weight,XRP-USD,0.1
2022-10-05,Crypto Equal Weight,ADA-USD,0.1
2022-10-05,Crypto Equal Weight,BCH-USD,0.1
2022-10-05,Crypto Equal Weight,BTC-USD,0.1
2022-10-05,Crypto Equal Weight,EOS-USD,0.1
2022-10-05,Crypto Equal Weight,ETC-USD,0.1
2022-10-05,Crypto Equal Weight,ETH-USD,0.1
2022-10-05,Crypto Equal Weight,LTC-USD,0.1
2022-10-05,Crypto Equal Weight,TRX-USD,0.1
2022-10-05,Crypto Equal Weight,XLM-USD,0.1
2022-10-05,Crypto Equal Weight,XRP-USD,0.1
2022-10-26,Crypto Equal Weight,ADA-USD,0.1
2022-10-26,Crypto Equal Weight,BCH-USD,0.1
2022-10-26,Crypto Equal Weight,BTC-USD,0.1
2022-10-26,Crypto Equal Weight,EOS-USD,0.1
2022-10-26,Crypto Equal Weight,ETC-USD,0.1
2022-10-26,Crypto Equal Weight,ETH-USD,0.1
2022-10-26,Crypto Equal Weight,LTC-USD,0.1
2022-10-26,Crypto Equal Weight,TRX-USD,0.1
2022-10-26,Crypto Equal Weight,XLM-USD,0.1
2022-10-26,Crypto Equal Weight,XRP-USD,0.1
2022-11-16,Crypto Equal Weight,ADA-USD,0.1
2022-11-16,Crypto Equal Weight,BCH-USD,0.1
2022-11-16,Crypto Equal Weight,BTC-USD,0.1
2022-11-16,Crypto Equal Weight,EOS-USD,0.1
2022-11-16,Crypto Equal Weight,ETC-USD,0.1
2022-11-16,Crypto Equal Weight,ETH-USD,0.1
2022-11-16,Crypto Equal Weight,LTC-USD,0.1
2022-11-16,Crypto Equal Weight,TRX-USD,0.1
2022-11-16,Crypto Equal Weight,XLM-USD,0.1
2022-11-16,Crypto Equal Weight,XRP-USD,0.1
2022-12-07,Crypto Equal Weight,ADA-USD,0.1
2022-12-07,Crypto Equal Weight,BCH-USD,0.1
2022-12-07,Crypto Equal Weight,BTC-USD,0.1
2022-12-07,Crypto Equal Weight,EOS-USD,0.1
2022-12-07,Crypto Equal Weight,ETC-USD,0.1
2022-12-07,Crypto Equal Weight,ETH-USD,0.1
2022-12-07,Crypto Equal Weight,LTC-USD,0.1
2022-12-07,Crypto Equal Weight,TRX-USD,0.1
2022-12-07,Crypto Equal Weight,XLM-USD,0.1
2022-12-07,Crypto Equal Weight,XRP-USD,0.1
2022-12-28,Crypto Equal Weight,ADA-USD,0.1
2022-12-28,Crypto Equal Weight,BCH-USD,0.1
2022-12-28,Crypto Equal Weight,BTC-USD,0.1
2022-12-28,Crypto Equal Weight,EOS-USD,0.1
2022-12-28,Crypto Equal Weight,ETC-USD,0.1
2022-12-28,Crypto Equal Weight,ETH-USD,0.1
2022-12-28,Crypto Equal Weight,LTC-USD,0.1
2022-12-28,Crypto Equal Weight,TRX-USD,0.1
2022-12-28,Crypto Equal Weight,XLM-USD,0.1
2022-12-28,Crypto Equal Weight,XRP-USD,0.1
2023-01-18,Crypto Equal Weight,ADA-USD,0.1
2023-01-18,Crypto Equal Weight,BCH-USD,0.1
2023-01-18,Crypto Equal Weight,BTC-USD,0.1
2023-01-18,Crypto Equal Weight,EOS-USD,0.1
2023-01-18,Crypto Equal Weight,ETC-USD,0.1
2023-01-18,Crypto Equal Weight,ETH-USD,0.1
2023-01-18,Crypto Equal Weight,LTC-USD,0.1
2023-01-18,Crypto Equal Weight,TRX-USD,0.1
2023-01-18,Crypto Equal Weight,XLM-USD,0.1
2023-01-18,Crypto Equal Weight,XRP-USD,0.1
2023-02-08,Crypto Equal Weight,ADA-USD,0.1
2023-02-08,Crypto Equal Weight,BCH-USD,0.1
2023-02-08,Crypto Equal Weight,BTC-USD,0.1
2023-02-08,Crypto Equal Weight,EOS-USD,0.1
2023-02-08,Crypto Equal Weight,ETC-USD,0.1
2023-02-08,Crypto Equal Weight,ETH-USD,0.1
2023-02-08,Crypto Equal Weight,LTC-USD,0.1
2023-02-08,Crypto Equal Weight,TRX-USD,0.1
2023-02-08,Crypto Equal Weight,XLM-USD,0.1
2023-02-08,Crypto Equal Weight,XRP-USD,0.1
2023-03-01,Crypto Equal Weight,ADA-USD,0.1
2023-03-01,Crypto Equal Weight,BCH-USD,0.1
2023-03-01,Crypto Equal Weight,BTC-USD,0.1
2023-03-01,Crypto Equal Weight,EOS-USD,0.1
2023-03-01,Crypto Equal Weight,ETC-USD,0.1
2023-03-01,Crypto Equal Weight,ETH-USD,0.1
2023-03-01,Crypto Equal Weight,LTC-USD,0.1
2023-03-01,Crypto Equal Weight,TRX-USD,0.1
2023-03-01,Crypto Equal Weight,XLM-USD,0.1
2023-03-01,Crypto Equal Weight,XRP-USD,0.1
2023-03-22,Crypto Equal Weight,ADA-USD,0.1
2023-03-22,Crypto Equal Weight,BCH-USD,0.1
2023-03-22,Crypto Equal Weight,BTC-USD,0.1
2023-03-22,Crypto Equal Weight,EOS-USD,0.1
2023-03-22,Crypto Equal Weight,ETC-USD,0.1
2023-03-22,Crypto Equal Weight,ETH-USD,0.1
2023-03-22,Crypto Equal Weight,LTC-USD,0.1
2023-03-22,Crypto Equal Weight,TRX-USD,0.1
2023-03-22,Crypto Equal Weight,XLM-USD,0.1
2023-03-22,Crypto Equal Weight,XRP-USD,0.1
2023-04-12,Crypto Equal Weight,ADA-USD,0.1
2023-04-12,Crypto Equal Weight,BCH-USD,0.1
2023-04-12,Crypto Equal Weight,BTC-USD,0.1
2023-04-12,Crypto Equal Weight,EOS-USD,0.1
2023-04-12,Crypto Equal Weight,ETC-USD,0.1
2023-04-12,Crypto Equal Weight,ETH-USD,0.1
2023-04-12,Crypto Equal Weight,LTC-USD,0.1
2023-04-12,Crypto Equal Weight,TRX-USD,0.1
2023-04-12,Crypto Equal Weight,XLM-USD,0.1
2023-04-12,Crypto Equal Weight,XRP-USD,0.1
2023-05-03,Crypto Equal Weight,ADA-USD,0.1
2023-05-03,Crypto Equal Weight,BCH-USD,0.1
2023-05-03,Crypto Equal Weight,BTC-USD,0.1
2023-05-03,Crypto Equal Weight,EOS-USD,0.1
2023-05-03,Crypto Equal Weight,ETC-USD,0.1
2023-05-03,Crypto Equal Weight,ETH-USD,0.1
2023-05-03,Crypto Equal Weight,LTC-USD,0.1
2023-05-03,Crypto Equal Weight,TRX-USD,0.1
2023-05-03,Crypto Equal Weight,XLM-USD,0.1
2023-05-03,Crypto Equal Weight,XRP-USD,0.1
2023-05-24,Crypto Equal Weight,ADA-USD,0.1
2023-05-24,Crypto Equal Weight,BCH-USD,0.1
2023-05-24,Crypto Equal Weight,BTC-USD,0.1
2023-05-24,Crypto Equal Weight,EOS-USD,0.1
2023-05-24,Crypto Equal Weight,ETC-USD,0.1
2023-05-24,Crypto Equal Weight,ETH-USD,0.1
2023-05-24,Crypto Equal Weight,LTC-USD,0.1
2023-05-24,Crypto Equal Weight,TRX-USD,0.1
2023-05-24,Crypto Equal Weight,XLM-USD,0.1
2023-05-24,Crypto Equal Weight,XRP-USD,0.1
2023-06-14,Crypto Equal Weight,ADA-USD,0.1
2023-06-14,Crypto Equal Weight,BCH-USD,0.1
2023-06-14,Crypto Equal Weight,BTC-USD,0.1
2023-06-14,Crypto Equal Weight,EOS-USD,0.1
2023-06-14,Crypto Equal Weight,ETC-USD,0.1
2023-06-14,Crypto Equal Weight,ETH-USD,0.1
2023-06-14,Crypto Equal Weight,LTC-USD,0.1
2023-06-14,Crypto Equal Weight,TRX-USD,0.1
2023-06-14,Crypto Equal Weight,XLM-USD,0.1
2023-06-14,Crypto Equal Weight,XRP-USD,0.1
2023-07-05,Crypto Equal Weight,ADA-USD,0.1
2023-07-05,Crypto Equal Weight,BCH-USD,0.1
2023-07-05,Crypto Equal Weight,BTC-USD,0.1
2023-07-05,Crypto Equal Weight,EOS-USD,0.1
2023-07-05,Crypto Equal Weight,ETC-USD,0.1
2023-07-05,Crypto Equal Weight,ETH-USD,0.1
2023-07-05,Crypto Equal Weight,LTC-USD,0.1
2023-07-05,Crypto Equal Weight,TRX-USD,0.1
2023-07-05,Crypto Equal Weight,XLM-USD,0.1
2023-07-05,Crypto Equal Weight,XRP-USD,0.1
2023-07-26,Crypto Equal Weight,ADA-USD,0.1
2023-07-26,Crypto Equal Weight,BCH-USD,0.1
2023-07-26,Crypto Equal Weight,BTC-USD,0.1
2023-07-26,Crypto Equal Weight,EOS-USD,0.1
2023-07-26,Crypto Equal Weight,ETC-USD,0.1
2023-07-26,Crypto Equal Weight,ETH-USD,0.1
2023-07-26,Crypto Equal Weight,LTC-USD,0.1
2023-07-26,Crypto Equal Weight,TRX-USD,0.1
2023-07-26,Crypto Equal Weight,XLM-USD,0.1
2023-07-26,Crypto Equal Weight,XRP-USD,0.1
2023-08-16,Crypto Equal Weight,ADA-USD,0.1
2023-08-16,Crypto Equal Weight,BCH-USD,0.1
2023-08-16,Crypto Equal Weight,BTC-USD,0.1
2023-08-16,Crypto Equal Weight,EOS-USD,0.1
2023-08-16,Crypto Equal Weight,ETC-USD,0.1
2023-08-16,Crypto Equal Weight,ETH-USD,0.1
2023-08-16,Crypto Equal Weight,LTC-USD,0.1
2023-08-16,Crypto Equal Weight,TRX-USD,0.1
2023-08-16,Crypto Equal Weight,XLM-USD,0.1
2023-08-16,Crypto Equal Weight,XRP-USD,0.1
2023-09-06,Crypto Equal Weight,ADA-USD,0.1
2023-09-06,Crypto Equal Weight,BCH-USD,0.1
2023-09-06,Crypto Equal Weight,BTC-USD,0.1
2023-09-06,Crypto Equal Weight,EOS-USD,0.1
2023-09-06,Crypto Equal Weight,ETC-USD,0.1
2023-09-06,Crypto Equal Weight,ETH-USD,0.1
2023-09-06,Crypto Equal Weight,LTC-USD,0.1
2023-09-06,Crypto Equal Weight,TRX-USD,0.1
2023-09-06,Crypto Equal Weight,XLM-USD,0.1
2023-09-06,Crypto Equal Weight,XRP-USD,0.1
2023-09-27,Crypto Equal Weight,ADA-USD,0.1
2023-09-27,Crypto Equal Weight,BCH-USD,0.1
2023-09-27,Crypto Equal Weight,BTC-USD,0.1
2023-09-27,Crypto Equal Weight,EOS-USD,0.1
2023-09-27,Crypto Equal Weight,ETC-USD,0.1
2023-09-27,Crypto Equal Weight,ETH-USD,0.1
2023-09-27,Crypto Equal Weight,LTC-USD,0.1
2023-09-27,Crypto Equal Weight,TRX-USD,0.1
2023-09-27,Crypto Equal Weight,XLM-USD,0.1
2023-09-27,Crypto Equal Weight,XRP-USD,0.1
2023-10-18,Crypto Equal Weight,ADA-USD,0.1
2023-10-18,Crypto Equal Weight,BCH-USD,0.1
2023-10-18,Crypto Equal Weight,BTC-USD,0.1
2023-10-18,Crypto Equal Weight,EOS-USD,0.1
2023-10-18,Crypto Equal Weight,ETC-USD,0.1
2023-10-18,Crypto Equal Weight,ETH-USD,0.1
2023-10-18,Crypto Equal Weight,LTC-USD,0.1
2023-10-18,Crypto Equal Weight,TRX-USD,0.1
2023-10-18,Crypto Equal Weight,XLM-USD,0.1
2023-10-18,Crypto Equal Weight,XRP-USD,0.1
2023-11-08,Crypto Equal Weight,ADA-USD,0.1
2023-11-08,Crypto Equal Weight,BCH-USD,0.1
2023-11-08,Crypto Equal Weight,BTC-USD,0.1
2023-11-08,Crypto Equal Weight,EOS-USD,0.1
2023-11-08,Crypto Equal Weight,ETC-USD,0.1
2023-11-08,Crypto Equal Weight,ETH-USD,0.1
2023-11-08,Crypto Equal Weight,LTC-USD,0.1
2023-11-08,Crypto Equal Weight,TRX-USD,0.1
2023-11-08,Crypto Equal Weight,XLM-USD,0.1
2023-11-08,Crypto Equal Weight,XRP-USD,0.1
2023-11-29,Crypto Equal Weight,ADA-USD,0.1
2023-11-29,Crypto Equal Weight,BCH-USD,0.1
2023-11-29,Crypto Equal Weight,BTC-USD,0.1
2023-11-29,Crypto Equal Weight,EOS-USD,0.1
2023-11-29,Crypto Equal Weight,ETC-USD,0.1
2023-11-29,Crypto Equal Weight,ETH-USD,0.1
2023-11-29,Crypto Equal Weight,LTC-USD,0.1
2023-11-29,Crypto Equal Weight,TRX-USD,0.1
2023-11-29,Crypto Equal Weight,XLM-USD,0.1
2023-11-29,Crypto Equal Weight,XRP-USD,0.1
2023-12-20,Crypto Equal Weight,ADA-USD,0.1
2023-12-20,Crypto Equal Weight,BCH-USD,0.1
2023-12-20,Crypto Equal Weight,BTC-USD,0.1
2023-12-20,Crypto Equal Weight,EOS-USD,0.1
2023-12-20,Crypto Equal Weight,ETC-USD,0.1
2023-12-20,Crypto Equal Weight,ETH-USD,0.1
2023-12-20,Crypto Equal Weight,LTC-USD,0.1
2023-12-20,Crypto Equal Weight,TRX-USD,0.1
2023-12-20,Crypto Equal Weight,XLM-USD,0.1
2023-12-20,Crypto Equal Weight,XRP-USD,0.1
2021-05-19,Crypto Minimum Variance,ADA-USD,0.084155
2021-05-19,Crypto Minimum Variance,BCH-USD,0.0
2021-05-19,Crypto Minimum Variance,BTC-USD,0.35
2021-05-19,Crypto Minimum Variance,EOS-USD,0.0
2021-05-19,Crypto Minimum Variance,ETC-USD,0.052708
2021-05-19,Crypto Minimum Variance,ETH-USD,0.218285
2021-05-19,Crypto Minimum Variance,LTC-USD,0.091746
2021-05-19,Crypto Minimum Variance,TRX-USD,0.127009
2021-05-19,Crypto Minimum Variance,XLM-USD,0.002068
2021-05-19,Crypto Minimum Variance,XRP-USD,0.074029
2021-06-09,Crypto Minimum Variance,ADA-USD,0.080615
2021-06-09,Crypto Minimum Variance,BCH-USD,0.0
2021-06-09,Crypto Minimum Variance,BTC-USD,0.35
2021-06-09,Crypto Minimum Variance,EOS-USD,0.0
2021-06-09,Crypto Minimum Variance,ETC-USD,0.028032
2021-06-09,Crypto Minimum Variance,ETH-USD,0.221396
2021-06-09,Crypto Minimum Variance,LTC-USD,0.094664
2021-06-09,Crypto Minimum Variance,TRX-USD,0.139917
2021-06-09,Crypto Minimum Variance,XLM-USD,0.021381
2021-06-09,Crypto Minimum Variance,XRP-USD,0.063996
2021-06-30,Crypto Minimum Variance,ADA-USD,0.084905
2021-06-30,Crypto Minimum Variance,BCH-USD,0.0
2021-06-30,Crypto Minimum Variance,BTC-USD,0.35
2021-06-30,Crypto Minimum Variance,EOS-USD,0.0
2021-06-30,Crypto Minimum Variance,ETC-USD,0.016968
2021-06-30,Crypto Minimum Variance,ETH-USD,0.228525
2021-06-30,Crypto Minimum Variance,LTC-USD,0.107095
2021-06-30,Crypto Minimum Variance,TRX-USD,0.138085
2021-06-30,Crypto Minimum Variance,XLM-USD,0.015868
2021-06-30,Crypto Minimum Variance,XRP-USD,0.058555
2021-07-21,Crypto Minimum Variance,ADA-USD,0.086063
2021-07-21,Crypto Minimum Variance,BCH-USD,0.0
2021-07-21,Crypto Minimum Variance,BTC-USD,0.35
2021-07-21,Crypto Minimum Variance,EOS-USD,0.0
2021-07-21,Crypto Minimum Variance,ETC-USD,0.017252
2021-07-21,Crypto Minimum Variance,ETH-USD,0.210831
2021-07-21,Crypto Minimum Variance,LTC-USD,0.116058
2021-07-21,Crypto Minimum Variance,TRX-USD,0.150423
2021-07-21,Crypto Minimum Variance,XLM-USD,0.016833
2021-07-21,Crypto Minimum Variance,XRP-USD,0.052541
2021-08-11,Crypto Minimum Variance,ADA-USD,0.103525
2021-08-11,Crypto Minimum Variance,BCH-USD,0.0
2021-08-11,Crypto Minimum Variance,BTC-USD,0.35
2021-08-11,Crypto Minimum Variance,EOS-USD,0.0
2021-08-11,Crypto Minimum Variance,ETC-USD,0.019672
2021-08-11,Crypto Minimum Variance,ETH-USD,0.242109
2021-08-11,Crypto Minimum Variance,LTC-USD,0.096465
2021-08-11,Crypto Minimum Variance,TRX-USD,0.154303
2021-08-11,Crypto Minimum Variance,XLM-USD,0.0
2021-08-11,Crypto Minimum Variance,XRP-USD,0.033927
2021-09-01,Crypto Minimum Variance,ADA-USD,0.090441
2021-09-01,Crypto Minimum Variance,BCH-USD,0.0
2021-09-01,Crypto Minimum Variance,BTC-USD,0.35
2021-09-01,Crypto Minimum Variance,EOS-USD,0.0
2021-09-01,Crypto Minimum Variance,ETC-USD,0.015695
2021-09-01,Crypto Minimum Variance,ETH-USD,0.259717
2021-09-01,Crypto Minimum Variance,LTC-USD,0.093318
2021-09-01,Crypto Minimum Variance,TRX-USD,0.161703
2021-09-01,Crypto Minimum Variance,XLM-USD,0.003725
2021-09-01,Crypto Minimum Variance,XRP-USD,0.0254
2021-09-22,Crypto Minimum Variance,ADA-USD,0.101396
2021-09-22,Crypto Minimum Variance,BCH-USD,0.0
2021-09-22,Crypto Minimum Variance,BTC-USD,0.35
2021-09-22,Crypto Minimum Variance,EOS-USD,0.0
2021-09-22,Crypto Minimum Variance,ETC-USD,0.017109
2021-09-22,Crypto Minimum Variance,ETH-USD,0.274348
2021-09-22,Crypto Minimum Variance,LTC-USD,0.087661
2021-09-22,Crypto Minimum Variance,TRX-USD,0.146674
2021-09-22,Crypto Minimum Variance,XLM-USD,0.001
2021-09-22,Crypto Minimum Variance,XRP-USD,0.021812
2021-10-13,Crypto Minimum Variance,ADA-USD,0.107197
2021-10-13,Crypto Minimum Variance,BCH-USD,0.0
2021-10-13,Crypto Minimum Variance,BTC-USD,0.35
2021-10-13,Crypto Minimum Variance,EOS-USD,0.0
2021-10-13,Crypto Minimum Variance,ETC-USD,0.015637
2021-10-13,Crypto Minimum Variance,ETH-USD,0.271806
2021-10-13,Crypto Minimum Variance,LTC-USD,0.083365
2021-10-13,Crypto Minimum Variance,TRX-USD,0.150889
2021-10-13,Crypto Minimum Variance,XLM-USD,0.0
2021-10-13,Crypto Minimum Variance,XRP-USD,0.021106
2021-11-03,Crypto Minimum Variance,ADA-USD,0.123917
2021-11-03,Crypto Minimum Variance,BCH-USD,0.0
2021-11-03,Crypto Minimum Variance,BTC-USD,0.35
2021-11-03,Crypto Minimum Variance,EOS-USD,0.0
2021-11-03,Crypto Minimum Variance,ETC-USD,0.012292
2021-11-03,Crypto Minimum Variance,ETH-USD,0.268131
2021-11-03,Crypto Minimum Variance,LTC-USD,0.074452
2021-11-03,Crypto Minimum Variance,TRX-USD,0.156612
2021-11-03,Crypto Minimum Variance,XLM-USD,0.0
2021-11-03,Crypto Minimum Variance,XRP-USD,0.014596
2021-11-24,Crypto Minimum Variance,ADA-USD,0.131687
2021-11-24,Crypto Minimum Variance,BCH-USD,0.0
2021-11-24,Crypto Minimum Variance,BTC-USD,0.35
2021-11-24,Crypto Minimum Variance,EOS-USD,0.0
2021-11-24,Crypto Minimum Variance,ETC-USD,0.01754
2021-11-24,Crypto Minimum Variance,ETH-USD,0.276378
2021-11-24,Crypto Minimum Variance,LTC-USD,0.051683
2021-11-24,Crypto Minimum Variance,TRX-USD,0.153477
2021-11-24,Crypto Minimum Variance,XLM-USD,0.0
2021-11-24,Crypto Minimum Variance,XRP-USD,0.019235
2021-12-15,Crypto Minimum Variance,ADA-USD,0.127432
2021-12-15,Crypto Minimum Variance,BCH-USD,0.0
2021-12-15,Crypto Minimum Variance,BTC-USD,0.35
2021-12-15,Crypto Minimum Variance,EOS-USD,0.0
2021-12-15,Crypto Minimum Variance,ETC-USD,0.018826
2021-12-15,Crypto Minimum Variance,ETH-USD,0.281998
2021-12-15,Crypto Minimum Variance,LTC-USD,0.045833
2021-12-15,Crypto Minimum Variance,TRX-USD,0.155688
2021-12-15,Crypto Minimum Variance,XLM-USD,0.0
2021-12-15,Crypto Minimum Variance,XRP-USD,0.020222
2022-01-05,Crypto Minimum Variance,ADA-USD,0.117548
2022-01-05,Crypto Minimum Variance,BCH-USD,0.0
2022-01-05,Crypto Minimum Variance,BTC-USD,0.35
2022-01-05,Crypto Minimum Variance,EOS-USD,0.0
2022-01-05,Crypto Minimum Variance,ETC-USD,0.01496
2022-01-05,Crypto Minimum Variance,ETH-USD,0.287245
2022-01-05,Crypto Minimum Variance,LTC-USD,0.049145
2022-01-05,Crypto Minimum Variance,TRX-USD,0.163724
2022-01-05,Crypto Minimum Variance,XLM-USD,0.0
2022-01-05,Crypto Minimum Variance,XRP-USD,0.017378
2022-01-26,Crypto Minimum Variance,ADA-USD,0.119155
2022-01-26,Crypto Minimum Variance,BCH-USD,0.0
2022-01-26,Crypto Minimum Variance,BTC-USD,0.35
2022-01-26,Crypto Minimum Variance,EOS-USD,0.0
2022-01-26,Crypto Minimum Variance,ETC-USD,0.007111
2022-01-26,Crypto Minimum Variance,ETH-USD,0.296682
2022-01-26,Crypto Minimum Variance,LTC-USD,0.046722
2022-01-26,Crypto Minimum Variance,TRX-USD,0.16508
2022-01-26,Crypto Minimum Variance,XLM-USD,0.0
2022-01-26,Crypto Minimum Variance,XRP-USD,0.01525
2022-02-16,Crypto Minimum Variance,ADA-USD,0.125347
2022-02-16,Crypto Minimum Variance,BCH-USD,0.0
2022-02-16,Crypto Minimum Variance,BTC-USD,0.35
2022-02-16,Crypto Minimum Variance,EOS-USD,0.0
2022-02-16,Crypto Minimum Variance,ETC-USD,0.004123
2022-02-16,Crypto Minimum Variance,ETH-USD,0.298527
2022-02-16,Crypto Minimum Variance,LTC-USD,0.03983
2022-02-16,Crypto Minimum Variance,TRX-USD,0.17035
2022-02-16,Crypto Minimum Variance,XLM-USD,0.0
2022-02-16,Crypto Minimum Variance,XRP-USD,0.011823
2022-03-09,Crypto Minimum Variance,ADA-USD,0.123336
2022-03-09,Crypto Minimum Variance,BCH-USD,0.0
2022-03-09,Crypto Minimum Variance,BTC-USD,0.35
2022-03-09,Crypto Minimum Variance,EOS-USD,0.0
2022-03-09,Crypto Minimum Variance,ETC-USD,0.0
2022-03-09,Crypto Minimum Variance,ETH-USD,0.292748
2022-03-09,Crypto Minimum Variance,LTC-USD,0.041309
2022-03-09,Crypto Minimum Variance,TRX-USD,0.184376
2022-03-09,Crypto Minimum Variance,XLM-USD,0.0
2022-03-09,Crypto Minimum Variance,XRP-USD,0.008231
2022-03-30,Crypto Minimum Variance,ADA-USD,0.123118
2022-03-30,Crypto Minimum Variance,BCH-USD,0.0
2022-03-30,Crypto Minimum Variance,BTC-USD,0.35
2022-03-30,Crypto Minimum Variance,EOS-USD,0.0
2022-03-30,Crypto Minimum Variance,ETC-USD,0.0
2022-03-30,Crypto Minimum Variance,ETH-USD,0.291333
2022-03-30,Crypto Minimum Variance,LTC-USD,0.044562
2022-03-30,Crypto Minimum Variance,TRX-USD,0.183207
2022-03-30,Crypto Minimum Variance,XLM-USD,0.0
2022-03-30,Crypto Minimum Variance,XRP-USD,0.007781
2022-04-20,Crypto Minimum Variance,ADA-USD,0.119452
2022-04-20,Crypto Minimum Variance,BCH-USD,0.0
2022-04-20,Crypto Minimum Variance,BTC-USD,0.35
2022-04-20,Crypto Minimum Variance,EOS-USD,0.0
2022-04-20,Crypto Minimum Variance,ETC-USD,0.0
2022-04-20,Crypto Minimum Variance,ETH-USD,0.283421
2022-04-20,Crypto Minimum Variance,LTC-USD,0.03579
2022-04-20,Crypto Minimum Variance,TRX-USD,0.177819
2022-04-20,Crypto Minimum Variance,XLM-USD,0.0
2022-04-20,Crypto Minimum Variance,XRP-USD,0.033519
2022-05-11,Crypto Minimum Variance,ADA-USD,0.102212
2022-05-11,Crypto Minimum Variance,BCH-USD,0.0
2022-05-11,Crypto Minimum Variance,BTC-USD,0.35
2022-05-11,Crypto Minimum Variance,EOS-USD,0.0
2022-05-11,Crypto Minimum Variance,ETC-USD,0.0
2022-05-11,Crypto Minimum Variance,ETH-USD,0.291577
2022-05-11,Crypto Minimum Variance,LTC-USD,0.044473
2022-05-11,Crypto Minimum Variance,TRX-USD,0.15794
2022-05-11,Crypto Minimum Variance,XLM-USD,0.005779
2022-05-11,Crypto Minimum Variance,XRP-USD,0.048019
2022-06-01,Crypto Minimum Variance,ADA-USD,0.080178
2022-06-01,Crypto Minimum Variance,BCH-USD,0.0
2022-06-01,Crypto Minimum Variance,BTC-USD,0.35
2022-06-01,Crypto Minimum Variance,EOS-USD,0.0
2022-06-01,Crypto Minimum Variance,ETC-USD,0.0
2022-06-01,Crypto Minimum Variance,ETH-USD,0.299917
2022-06-01,Crypto Minimum Variance,LTC-USD,0.027882
2022-06-01,Crypto Minimum Variance,TRX-USD,0.138604
2022-06-01,Crypto Minimum Variance,XLM-USD,0.091571
2022-06-01,Crypto Minimum Variance,XRP-USD,0.011848
2022-06-22,Crypto Minimum Variance,ADA-USD,0.089472
2022-06-22,Crypto Minimum Variance,BCH-USD,0.0
2022-06-22,Crypto Minimum Variance,BTC-USD,0.35
2022-06-22,Crypto Minimum Variance,EOS-USD,0.0
2022-06-22,Crypto Minimum Variance,ETC-USD,0.0
2022-06-22,Crypto Minimum Variance,ETH-USD,0.305759
2022-06-22,Crypto Minimum Variance,LTC-USD,0.010157
2022-06-22,Crypto Minimum Variance,TRX-USD,0.121584
2022-06-22,Crypto Minimum Variance,XLM-USD,0.123027
2022-06-22,Crypto Minimum Variance,XRP-USD,0.0
2022-07-13,Crypto Minimum Variance,ADA-USD,0.082478
2022-07-13,Crypto Minimum Variance,BCH-USD,0.0
2022-07-13,Crypto Minimum Variance,BTC-USD,0.35
2022-07-13,Crypto Minimum Variance,EOS-USD,0.0
2022-07-13,Crypto Minimum Variance,ETC-USD,0.0
2022-07-13,Crypto Minimum Variance,ETH-USD,0.26552
2022-07-13,Crypto Minimum Variance,LTC-USD,0.018361
2022-07-13,Crypto Minimum Variance,TRX-USD,0.162222
2022-07-13,Crypto Minimum Variance,XLM-USD,0.121419
2022-07-13,Crypto Minimum Variance,XRP-USD,0.0
2022-08-03,Crypto Minimum Variance,ADA-USD,0.081082
2022-08-03,Crypto Minimum Variance,BCH-USD,0.0
2022-08-03,Crypto Minimum Variance,BTC-USD,0.35
2022-08-03,Crypto Minimum Variance,EOS-USD,0.0
2022-08-03,Crypto Minimum Variance,ETC-USD,0.0
2022-08-03,Crypto Minimum Variance,ETH-USD,0.251095
2022-08-03,Crypto Minimum Variance,LTC-USD,0.010367
2022-08-03,Crypto Minimum Variance,TRX-USD,0.173759
2022-08-03,Crypto Minimum Variance,XLM-USD,0.133698
2022-08-03,Crypto Minimum Variance,XRP-USD,0.0
2022-08-24,Crypto Minimum Variance,ADA-USD,0.051333
2022-08-24,Crypto Minimum Variance,BCH-USD,0.0
2022-08-24,Crypto Minimum Variance,BTC-USD,0.35
2022-08-24,Crypto Minimum Variance,EOS-USD,0.0
2022-08-24,Crypto Minimum Variance,ETC-USD,0.0
2022-08-24,Crypto Minimum Variance,ETH-USD,0.215057
2022-08-24,Crypto Minimum Variance,LTC-USD,0.0
2022-08-24,Crypto Minimum Variance,TRX-USD,0.255881
2022-08-24,Crypto Minimum Variance,XLM-USD,0.127729
2022-08-24,Crypto Minimum Variance,XRP-USD,0.0
2022-09-14,Crypto Minimum Variance,ADA-USD,0.017131
2022-09-14,Crypto Minimum Variance,BCH-USD,0.0
2022-09-14,Crypto Minimum Variance,BTC-USD,0.35
2022-09-14,Crypto Minimum Variance,EOS-USD,0.0
2022-09-14,Crypto Minimum Variance,ETC-USD,0.0
2022-09-14,Crypto Minimum Variance,ETH-USD,0.16069
2022-09-14,Crypto Minimum Variance,LTC-USD,0.0
2022-09-14,Crypto Minimum Variance,TRX-USD,0.294945
2022-09-14,Crypto Minimum Variance,XLM-USD,0.141561
2022-09-14,Crypto Minimum Variance,XRP-USD,0.035674
2022-10-05,Crypto Minimum Variance,ADA-USD,0.0
2022-10-05,Crypto Minimum Variance,BCH-USD,0.049643
2022-10-05,Crypto Minimum Variance,BTC-USD,0.35
2022-10-05,Crypto Minimum Variance,EOS-USD,0.0
2022-10-05,Crypto Minimum Variance,ETC-USD,0.0
2022-10-05,Crypto Minimum Variance,ETH-USD,0.083934
2022-10-05,Crypto Minimum Variance,LTC-USD,0.0
2022-10-05,Crypto Minimum Variance,TRX-USD,0.349446
2022-10-05,Crypto Minimum Variance,XLM-USD,0.166101
2022-10-05,Crypto Minimum Variance,XRP-USD,0.000876
2022-10-26,Crypto Minimum Variance,ADA-USD,0.0
2022-10-26,Crypto Minimum Variance,BCH-USD,0.114507
2022-10-26,Crypto Minimum Variance,BTC-USD,0.35
2022-10-26,Crypto Minimum Variance,EOS-USD,0.0
2022-10-26,Crypto Minimum Variance,ETC-USD,0.0
2022-10-26,Crypto Minimum Variance,ETH-USD,0.063938
2022-10-26,Crypto Minimum Variance,LTC-USD,0.0
2022-10-26,Crypto Minimum Variance,TRX-USD,0.349317
2022-10-26,Crypto Minimum Variance,XLM-USD,0.095197
2022-10-26,Crypto Minimum Variance,XRP-USD,0.027041
2022-11-16,Crypto Minimum Variance,ADA-USD,0.0
2022-11-16,Crypto Minimum Variance,BCH-USD,0.123257
2022-11-16,Crypto Minimum Variance,BTC-USD,0.35
2022-11-16,Crypto Minimum Variance,EOS-USD,0.0
2022-11-16,Crypto Minimum Variance,ETC-USD,0.0
2022-11-16,Crypto Minimum Variance,ETH-USD,0.027089
2022-11-16,Crypto Minimum Variance,LTC-USD,0.0
2022-11-16,Crypto Minimum Variance,TRX-USD,0.35
2022-11-16,Crypto Minimum Variance,XLM-USD,0.114624
2022-11-16,Crypto Minimum Variance,XRP-USD,0.03503
2022-12-07,Crypto Minimum Variance,ADA-USD,0.0
2022-12-07,Crypto Minimum Variance,BCH-USD,0.123185
2022-12-07,Crypto Minimum Variance,BTC-USD,0.35
2022-12-07,Crypto Minimum Variance,EOS-USD,0.0
2022-12-07,Crypto Minimum Variance,ETC-USD,0.0
2022-12-07,Crypto Minimum Variance,ETH-USD,0.036413
2022-12-07,Crypto Minimum Variance,LTC-USD,0.0
2022-12-07,Crypto Minimum Variance,TRX-USD,0.35
2022-12-07,Crypto Minimum Variance,XLM-USD,0.105349
2022-12-07,Crypto Minimum Variance,XRP-USD,0.035053
2022-12-28,Crypto Minimum Variance,ADA-USD,0.0
2022-12-28,Crypto Minimum Variance,BCH-USD,0.115086
2022-12-28,Crypto Minimum Variance,BTC-USD,0.35
2022-12-28,Crypto Minimum Variance,EOS-USD,0.0
2022-12-28,Crypto Minimum Variance,ETC-USD,0.0
2022-12-28,Crypto Minimum Variance,ETH-USD,0.027757
2022-12-28,Crypto Minimum Variance,LTC-USD,0.0
2022-12-28,Crypto Minimum Variance,TRX-USD,0.35
2022-12-28,Crypto Minimum Variance,XLM-USD,0.101834
2022-12-28,Crypto Minimum Variance,XRP-USD,0.055322
2023-01-18,Crypto Minimum Variance,ADA-USD,0.0
2023-01-18,Crypto Minimum Variance,BCH-USD,0.093107
2023-01-18,Crypto Minimum Variance,BTC-USD,0.35
2023-01-18,Crypto Minimum Variance,EOS-USD,0.0
2023-01-18,Crypto Minimum Variance,ETC-USD,0.0
2023-01-18,Crypto Minimum Variance,ETH-USD,0.008744
2023-01-18,Crypto Minimum Variance,LTC-USD,0.0
2023-01-18,Crypto Minimum Variance,TRX-USD,0.35
2023-01-18,Crypto Minimum Variance,XLM-USD,0.104438
2023-01-18,Crypto Minimum Variance,XRP-USD,0.093711
2023-02-08,Crypto Minimum Variance,ADA-USD,0.0
2023-02-08,Crypto Minimum Variance,BCH-USD,0.073928
2023-02-08,Crypto Minimum Variance,BTC-USD,0.35
2023-02-08,Crypto Minimum Variance,EOS-USD,0.0
2023-02-08,Crypto Minimum Variance,ETC-USD,0.0
2023-02-08,Crypto Minimum Variance,ETH-USD,0.0
2023-02-08,Crypto Minimum Variance,LTC-USD,0.0
2023-02-08,Crypto Minimum Variance,TRX-USD,0.35
2023-02-08,Crypto Minimum Variance,XLM-USD,0.118879
2023-02-08,Crypto Minimum Variance,XRP-USD,0.107193
2023-03-01,Crypto Minimum Variance,ADA-USD,0.0
2023-03-01,Crypto Minimum Variance,BCH-USD,0.065437
2023-03-01,Crypto Minimum Variance,BTC-USD,0.35
2023-03-01,Crypto Minimum Variance,EOS-USD,0.0
2023-03-01,Crypto Minimum Variance,ETC-USD,0.0
2023-03-01,Crypto Minimum Variance,ETH-USD,0.0
2023-03-01,Crypto Minimum Variance,LTC-USD,0.0
2023-03-01,Crypto Minimum Variance,TRX-USD,0.35
2023-03-01,Crypto Minimum Variance,XLM-USD,0.13283
2023-03-01,Crypto Minimum Variance,XRP-USD,0.101734
2023-03-22,Crypto Minimum Variance,ADA-USD,0.0
2023-03-22,Crypto Minimum Variance,BCH-USD,0.061541
2023-03-22,Crypto Minimum Variance,BTC-USD,0.35
2023-03-22,Crypto Minimum Variance,EOS-USD,0.0
2023-03-22,Crypto Minimum Variance,ETC-USD,0.0
2023-03-22,Crypto Minimum Variance,ETH-USD,0.0
2023-03-22,Crypto Minimum Variance,LTC-USD,0.0
2023-03-22,Crypto Minimum Variance,TRX-USD,0.35
2023-03-22,Crypto Minimum Variance,XLM-USD,0.146237
2023-03-22,Crypto Minimum Variance,XRP-USD,0.092222
2023-04-12,Crypto Minimum Variance,ADA-USD,0.0
2023-04-12,Crypto Minimum Variance,BCH-USD,0.074829
2023-04-12,Crypto Minimum Variance,BTC-USD,0.35
2023-04-12,Crypto Minimum Variance,EOS-USD,0.0
2023-04-12,Crypto Minimum Variance,ETC-USD,0.0
2023-04-12,Crypto Minimum Variance,ETH-USD,0.0
2023-04-12,Crypto Minimum Variance,LTC-USD,0.0
2023-04-12,Crypto Minimum Variance,TRX-USD,0.35
2023-04-12,Crypto Minimum Variance,XLM-USD,0.164368
2023-04-12,Crypto Minimum Variance,XRP-USD,0.060803
2023-05-03,Crypto Minimum Variance,ADA-USD,0.0
2023-05-03,Crypto Minimum Variance,BCH-USD,0.08469
2023-05-03,Crypto Minimum Variance,BTC-USD,0.35
2023-05-03,Crypto Minimum Variance,EOS-USD,0.0
2023-05-03,Crypto Minimum Variance,ETC-USD,0.0
2023-05-03,Crypto Minimum Variance,ETH-USD,0.0
2023-05-03,Crypto Minimum Variance,LTC-USD,0.0
2023-05-03,Crypto Minimum Variance,TRX-USD,0.35
2023-05-03,Crypto Minimum Variance,XLM-USD,0.162165
2023-05-03,Crypto Minimum Variance,XRP-USD,0.053145
2023-05-24,Crypto Minimum Variance,ADA-USD,0.0
2023-05-24,Crypto Minimum Variance,BCH-USD,0.06899
2023-05-24,Crypto Minimum Variance,BTC-USD,0.35
2023-05-24,Crypto Minimum Variance,EOS-USD,0.0
2023-05-24,Crypto Minimum Variance,ETC-USD,0.0
2023-05-24,Crypto Minimum Variance,ETH-USD,0.0
2023-05-24,Crypto Minimum Variance,LTC-USD,0.0
2023-05-24,Crypto Minimum Variance,TRX-USD,0.35
2023-05-24,Crypto Minimum Variance,XLM-USD,0.18719
2023-05-24,Crypto Minimum Variance,XRP-USD,0.04382
2023-06-14,Crypto Minimum Variance,ADA-USD,0.0
2023-06-14,Crypto Minimum Variance,BCH-USD,0.061337
2023-06-14,Crypto Minimum Variance,BTC-USD,0.35
2023-06-14,Crypto Minimum Variance,EOS-USD,0.0
2023-06-14,Crypto Minimum Variance,ETC-USD,0.0
2023-06-14,Crypto Minimum Variance,ETH-USD,0.0
2023-06-14,Crypto Minimum Variance,LTC-USD,0.0
2023-06-14,Crypto Minimum Variance,TRX-USD,0.35
2023-06-14,Crypto Minimum Variance,XLM-USD,0.208318
2023-06-14,Crypto Minimum Variance,XRP-USD,0.030345
2023-07-05,Crypto Minimum Variance,ADA-USD,0.0
2023-07-05,Crypto Minimum Variance,BCH-USD,0.010582
2023-07-05,Crypto Minimum Variance,BTC-USD,0.35
2023-07-05,Crypto Minimum Variance,EOS-USD,0.0
2023-07-05,Crypto Minimum Variance,ETC-USD,0.0
2023-07-05,Crypto Minimum Variance,ETH-USD,0.0
2023-07-05,Crypto Minimum Variance,LTC-USD,0.000831
2023-07-05,Crypto Minimum Variance,TRX-USD,0.35
2023-07-05,Crypto Minimum Variance,XLM-USD,0.200735
2023-07-05,Crypto Minimum Variance,XRP-USD,0.087853
2023-07-26,Crypto Minimum Variance,ADA-USD,0.0
2023-07-26,Crypto Minimum Variance,BCH-USD,0.070855
2023-07-26,Crypto Minimum Variance,BTC-USD,0.35
2023-07-26,Crypto Minimum Variance,EOS-USD,0.0
2023-07-26,Crypto Minimum Variance,ETC-USD,0.0
2023-07-26,Crypto Minimum Variance,ETH-USD,0.074962
2023-07-26,Crypto Minimum Variance,LTC-USD,0.052079
2023-07-26,Crypto Minimum Variance,TRX-USD,0.35
2023-07-26,Crypto Minimum Variance,XLM-USD,0.081407
2023-07-26,Crypto Minimum Variance,XRP-USD,0.020697
2023-08-16,Crypto Minimum Variance,ADA-USD,0.0
2023-08-16,Crypto Minimum Variance,BCH-USD,0.073706
2023-08-16,Crypto Minimum Variance,BTC-USD,0.35
2023-08-16,Crypto Minimum Variance,EOS-USD,0.000114
2023-08-16,Crypto Minimum Variance,ETC-USD,0.0
2023-08-16,Crypto Minimum Variance,ETH-USD,0.081557
2023-08-16,Crypto Minimum Variance,LTC-USD,0.04588
2023-08-16,Crypto Minimum Variance,TRX-USD,0.35
2023-08-16,Crypto Minimum Variance,XLM-USD,0.08604
2023-08-16,Crypto Minimum Variance,XRP-USD,0.012703
2023-09-06,Crypto Minimum Variance,ADA-USD,0.0
2023-09-06,Crypto Minimum Variance,BCH-USD,0.062084
2023-09-06,Crypto Minimum Variance,BTC-USD,0.35
2023-09-06,Crypto Minimum Variance,EOS-USD,0.017683
2023-09-06,Crypto Minimum Variance,ETC-USD,0.0
2023-09-06,Crypto Minimum Variance,ETH-USD,0.080132
2023-09-06,Crypto Minimum Variance,LTC-USD,0.046123
2023-09-06,Crypto Minimum Variance,TRX-USD,0.35
2023-09-06,Crypto Minimum Variance,XLM-USD,0.089528
2023-09-06,Crypto Minimum Variance,XRP-USD,0.00445
2023-09-27,Crypto Minimum Variance,ADA-USD,0.032057
2023-09-27,Crypto Minimum Variance,BCH-USD,0.056838
2023-09-27,Crypto Minimum Variance,BTC-USD,0.35
2023-09-27,Crypto Minimum Variance,EOS-USD,0.031861
2023-09-27,Crypto Minimum Variance,ETC-USD,0.0
2023-09-27,Crypto Minimum Variance,ETH-USD,0.035459
2023-09-27,Crypto Minimum Variance,LTC-USD,0.057394
2023-09-27,Crypto Minimum Variance,TRX-USD,0.35
2023-09-27,Crypto Minimum Variance,XLM-USD,0.076102
2023-09-27,Crypto Minimum Variance,XRP-USD,0.010288
2023-10-18,Crypto Minimum Variance,ADA-USD,0.097349
2023-10-18,Crypto Minimum Variance,BCH-USD,0.045531
2023-10-18,Crypto Minimum Variance,BTC-USD,0.35
2023-10-18,Crypto Minimum Variance,EOS-USD,0.025333
2023-10-18,Crypto Minimum Variance,ETC-USD,0.0
2023-10-18,Crypto Minimum Variance,ETH-USD,0.000369
2023-10-18,Crypto Minimum Variance,LTC-USD,0.058149
2023-10-18,Crypto Minimum Variance,TRX-USD,0.35
2023-10-18,Crypto Minimum Variance,XLM-USD,0.073269
2023-10-18,Crypto Minimum Variance,XRP-USD,0.0
2023-11-08,Crypto Minimum Variance,ADA-USD,0.077447
2023-11-08,Crypto Minimum Variance,BCH-USD,0.040104
2023-11-08,Crypto Minimum Variance,BTC-USD,0.35
2023-11-08,Crypto Minimum Variance,EOS-USD,0.015081
2023-11-08,Crypto Minimum Variance,ETC-USD,0.0
2023-11-08,Crypto Minimum Variance,ETH-USD,0.049131
2023-11-08,Crypto Minimum Variance,LTC-USD,0.059599
2023-11-08,Crypto Minimum Variance,TRX-USD,0.35
2023-11-08,Crypto Minimum Variance,XLM-USD,0.058637
2023-11-08,Crypto Minimum Variance,XRP-USD,0.0
2023-11-29,Crypto Minimum Variance,ADA-USD,0.059027
2023-11-29,Crypto Minimum Variance,BCH-USD,0.04443
2023-11-29,Crypto Minimum Variance,BTC-USD,0.35
2023-11-29,Crypto Minimum Variance,EOS-USD,0.002277
2023-11-29,Crypto Minimum Variance,ETC-USD,0.0
2023-11-29,Crypto Minimum Variance,ETH-USD,0.067966
2023-11-29,Crypto Minimum Variance,LTC-USD,0.060858
2023-11-29,Crypto Minimum Variance,TRX-USD,0.35
2023-11-29,Crypto Minimum Variance,XLM-USD,0.065443
2023-11-29,Crypto Minimum Variance,XRP-USD,0.0
2023-12-20,Crypto Minimum Variance,ADA-USD,0.016989
2023-12-20,Crypto Minimum Variance,BCH-USD,0.042839
2023-12-20,Crypto Minimum Variance,BTC-USD,0.35
2023-12-20,Crypto Minimum Variance,EOS-USD,0.0
2023-12-20,Crypto Minimum Variance,ETC-USD,0.0
2023-12-20,Crypto Minimum Variance,ETH-USD,0.127963
2023-12-20,Crypto Minimum Variance,LTC-USD,0.046869
2023-12-20,Crypto Minimum Variance,TRX-USD,0.35
2023-12-20,Crypto Minimum Variance,XLM-USD,0.06534
2023-12-20,Crypto Minimum Variance,XRP-USD,0.0
2021-05-19,Crypto Maximum Sharpe,ADA-USD,0.35
2021-05-19,Crypto Maximum Sharpe,BCH-USD,0.0
2021-05-19,Crypto Maximum Sharpe,BTC-USD,0.065365
2021-05-19,Crypto Maximum Sharpe,EOS-USD,0.0
2021-05-19,Crypto Maximum Sharpe,ETC-USD,0.18113
2021-05-19,Crypto Maximum Sharpe,ETH-USD,0.35
2021-05-19,Crypto Maximum Sharpe,LTC-USD,0.0
2021-05-19,Crypto Maximum Sharpe,TRX-USD,0.0
2021-05-19,Crypto Maximum Sharpe,XLM-USD,0.0
2021-05-19,Crypto Maximum Sharpe,XRP-USD,0.053505
2021-06-09,Crypto Maximum Sharpe,ADA-USD,0.35
2021-06-09,Crypto Maximum Sharpe,BCH-USD,0.0
2021-06-09,Crypto Maximum Sharpe,BTC-USD,0.152991
2021-06-09,Crypto Maximum Sharpe,EOS-USD,0.0
2021-06-09,Crypto Maximum Sharpe,ETC-USD,0.095006
2021-06-09,Crypto Maximum Sharpe,ETH-USD,0.35
2021-06-09,Crypto Maximum Sharpe,LTC-USD,0.0
2021-06-09,Crypto Maximum Sharpe,TRX-USD,0.0
2021-06-09,Crypto Maximum Sharpe,XLM-USD,0.0
2021-06-09,Crypto Maximum Sharpe,XRP-USD,0.052003
2021-06-30,Crypto Maximum Sharpe,ADA-USD,0.35
2021-06-30,Crypto Maximum Sharpe,BCH-USD,0.0
2021-06-30,Crypto Maximum Sharpe,BTC-USD,0.162546
2021-06-30,Crypto Maximum Sharpe,EOS-USD,0.0
2021-06-30,Crypto Maximum Sharpe,ETC-USD,0.122819
2021-06-30,Crypto Maximum Sharpe,ETH-USD,0.35
2021-06-30,Crypto Maximum Sharpe,LTC-USD,0.0
2021-06-30,Crypto Maximum Sharpe,TRX-USD,0.0
2021-06-30,Crypto Maximum Sharpe,XLM-USD,0.0
2021-06-30,Crypto Maximum Sharpe,XRP-USD,0.014635
2021-07-21,Crypto Maximum Sharpe,ADA-USD,0.35
2021-07-21,Crypto Maximum Sharpe,BCH-USD,0.0
2021-07-21,Crypto Maximum Sharpe,BTC-USD,0.163442
2021-07-21,Crypto Maximum Sharpe,EOS-USD,0.0
2021-07-21,Crypto Maximum Sharpe,ETC-USD,0.132084
2021-07-21,Crypto Maximum Sharpe,ETH-USD,0.35
2021-07-21,Crypto Maximum Sharpe,LTC-USD,0.0
2021-07-21,Crypto Maximum Sharpe,TRX-USD,0.0
2021-07-21,Crypto Maximum Sharpe,XLM-USD,0.0
2021-07-21,Crypto Maximum Sharpe,XRP-USD,0.004474
2021-08-11,Crypto Maximum Sharpe,ADA-USD,0.35
2021-08-11,Crypto Maximum Sharpe,BCH-USD,0.0
2021-08-11,Crypto Maximum Sharpe,BTC-USD,0.21029
2021-08-11,Crypto Maximum Sharpe,EOS-USD,0.0
2021-08-11,Crypto Maximum Sharpe,ETC-USD,0.072724
2021-08-11,Crypto Maximum Sharpe,ETH-USD,0.35
2021-08-11,Crypto Maximum Sharpe,LTC-USD,0.0
2021-08-11,Crypto Maximum Sharpe,TRX-USD,0.0
2021-08-11,Crypto Maximum Sharpe,XLM-USD,0.0
2021-08-11,Crypto Maximum Sharpe,XRP-USD,0.016986
2021-09-01,Crypto Maximum Sharpe,ADA-USD,0.35
2021-09-01,Crypto Maximum Sharpe,BCH-USD,0.0
2021-09-01,Crypto Maximum Sharpe,BTC-USD,0.222229
2021-09-01,Crypto Maximum Sharpe,EOS-USD,0.0
2021-09-01,Crypto Maximum Sharpe,ETC-USD,0.069175
2021-09-01,Crypto Maximum Sharpe,ETH-USD,0.35
2021-09-01,Crypto Maximum Sharpe,LTC-USD,0.0
2021-09-01,Crypto Maximum Sharpe,TRX-USD,0.0
2021-09-01,Crypto Maximum Sharpe,XLM-USD,0.0
2021-09-01,Crypto Maximum Sharpe,XRP-USD,0.008596
2021-09-22,Crypto Maximum Sharpe,ADA-USD,0.35
2021-09-22,Crypto Maximum Sharpe,BCH-USD,0.0
2021-09-22,Crypto Maximum Sharpe,BTC-USD,0.183341
2021-09-22,Crypto Maximum Sharpe,EOS-USD,0.0
2021-09-22,Crypto Maximum Sharpe,ETC-USD,0.052381
2021-09-22,Crypto Maximum Sharpe,ETH-USD,0.35
2021-09-22,Crypto Maximum Sharpe,LTC-USD,0.0
2021-09-22,Crypto Maximum Sharpe,TRX-USD,0.044523
2021-09-22,Crypto Maximum Sharpe,XLM-USD,0.0
2021-09-22,Crypto Maximum Sharpe,XRP-USD,0.019755
2021-10-13,Crypto Maximum Sharpe,ADA-USD,0.35
2021-10-13,Crypto Maximum Sharpe,BCH-USD,0.0
2021-10-13,Crypto Maximum Sharpe,BTC-USD,0.242629
2021-10-13,Crypto Maximum Sharpe,EOS-USD,0.0
2021-10-13,Crypto Maximum Sharpe,ETC-USD,0.022549
2021-10-13,Crypto Maximum Sharpe,ETH-USD,0.35
2021-10-13,Crypto Maximum Sharpe,LTC-USD,0.0
2021-10-13,Crypto Maximum Sharpe,TRX-USD,0.011048
2021-10-13,Crypto Maximum Sharpe,XLM-USD,0.0
2021-10-13,Crypto Maximum Sharpe,XRP-USD,0.023774
2021-11-03,Crypto Maximum Sharpe,ADA-USD,0.343401
2021-11-03,Crypto Maximum Sharpe,BCH-USD,0.0
2021-11-03,Crypto Maximum Sharpe,BTC-USD,0.243293
2021-11-03,Crypto Maximum Sharpe,EOS-USD,0.0
2021-11-03,Crypto Maximum Sharpe,ETC-USD,0.03484
2021-11-03,Crypto Maximum Sharpe,ETH-USD,0.35
2021-11-03,Crypto Maximum Sharpe,LTC-USD,0.0
2021-11-03,Crypto Maximum Sharpe,TRX-USD,0.0
2021-11-03,Crypto Maximum Sharpe,XLM-USD,0.0
2021-11-03,Crypto Maximum Sharpe,XRP-USD,0.028466
2021-11-24,Crypto Maximum Sharpe,ADA-USD,0.255879
2021-11-24,Crypto Maximum Sharpe,BCH-USD,0.0
2021-11-24,Crypto Maximum Sharpe,BTC-USD,0.289741
2021-11-24,Crypto Maximum Sharpe,EOS-USD,0.0
2021-11-24,Crypto Maximum Sharpe,ETC-USD,0.052975
2021-11-24,Crypto Maximum Sharpe,ETH-USD,0.35
2021-11-24,Crypto Maximum Sharpe,LTC-USD,0.0
2021-11-24,Crypto Maximum Sharpe,TRX-USD,0.011896
2021-11-24,Crypto Maximum Sharpe,XLM-USD,0.0
2021-11-24,Crypto Maximum Sharpe,XRP-USD,0.039509
2021-12-15,Crypto Maximum Sharpe,ADA-USD,0.285072
2021-12-15,Crypto Maximum Sharpe,BCH-USD,0.0
2021-12-15,Crypto Maximum Sharpe,BTC-USD,0.241973
2021-12-15,Crypto Maximum Sharpe,EOS-USD,0.0
2021-12-15,Crypto Maximum Sharpe,ETC-USD,0.045062
2021-12-15,Crypto Maximum Sharpe,ETH-USD,0.35
2021-12-15,Crypto Maximum Sharpe,LTC-USD,0.0
2021-12-15,Crypto Maximum Sharpe,TRX-USD,0.050396
2021-12-15,Crypto Maximum Sharpe,XLM-USD,0.0
2021-12-15,Crypto Maximum Sharpe,XRP-USD,0.027497
2022-01-05,Crypto Maximum Sharpe,ADA-USD,0.35
2022-01-05,Crypto Maximum Sharpe,BCH-USD,0.0
2022-01-05,Crypto Maximum Sharpe,BTC-USD,0.194701
2022-01-05,Crypto Maximum Sharpe,EOS-USD,0.0
2022-01-05,Crypto Maximum Sharpe,ETC-USD,0.089828
2022-01-05,Crypto Maximum Sharpe,ETH-USD,0.35
2022-01-05,Crypto Maximum Sharpe,LTC-USD,0.0
2022-01-05,Crypto Maximum Sharpe,TRX-USD,0.0
2022-01-05,Crypto Maximum Sharpe,XLM-USD,0.0
2022-01-05,Crypto Maximum Sharpe,XRP-USD,0.015471
2022-01-26,Crypto Maximum Sharpe,ADA-USD,0.35
2022-01-26,Crypto Maximum Sharpe,BCH-USD,0.0
2022-01-26,Crypto Maximum Sharpe,BTC-USD,0.187499
2022-01-26,Crypto Maximum Sharpe,EOS-USD,0.0
2022-01-26,Crypto Maximum Sharpe,ETC-USD,0.098881
2022-01-26,Crypto Maximum Sharpe,ETH-USD,0.35
2022-01-26,Crypto Maximum Sharpe,LTC-USD,0.0
2022-01-26,Crypto Maximum Sharpe,TRX-USD,0.0
2022-01-26,Crypto Maximum Sharpe,XLM-USD,0.0
2022-01-26,Crypto Maximum Sharpe,XRP-USD,0.013621
2022-02-16,Crypto Maximum Sharpe,ADA-USD,0.35
2022-02-16,Crypto Maximum Sharpe,BCH-USD,0.0
2022-02-16,Crypto Maximum Sharpe,BTC-USD,0.159646
2022-02-16,Crypto Maximum Sharpe,EOS-USD,0.0
2022-02-16,Crypto Maximum Sharpe,ETC-USD,0.102974
2022-02-16,Crypto Maximum Sharpe,ETH-USD,0.35
2022-02-16,Crypto Maximum Sharpe,LTC-USD,0.0
2022-02-16,Crypto Maximum Sharpe,TRX-USD,0.0
2022-02-16,Crypto Maximum Sharpe,XLM-USD,0.0
2022-02-16,Crypto Maximum Sharpe,XRP-USD,0.03738
2022-03-09,Crypto Maximum Sharpe,ADA-USD,0.35
2022-03-09,Crypto Maximum Sharpe,BCH-USD,0.0
2022-03-09,Crypto Maximum Sharpe,BTC-USD,0.092196
2022-03-09,Crypto Maximum Sharpe,EOS-USD,0.0
2022-03-09,Crypto Maximum Sharpe,ETC-USD,0.14523
2022-03-09,Crypto Maximum Sharpe,ETH-USD,0.35
2022-03-09,Crypto Maximum Sharpe,LTC-USD,0.0
2022-03-09,Crypto Maximum Sharpe,TRX-USD,0.0
2022-03-09,Crypto Maximum Sharpe,XLM-USD,0.0
2022-03-09,Crypto Maximum Sharpe,XRP-USD,0.062574
2022-03-30,Crypto Maximum Sharpe,ADA-USD,0.35
2022-03-30,Crypto Maximum Sharpe,BCH-USD,0.0
2022-03-30,Crypto Maximum Sharpe,BTC-USD,0.0
2022-03-30,Crypto Maximum Sharpe,EOS-USD,0.0
2022-03-30,Crypto Maximum Sharpe,ETC-USD,0.273225
2022-03-30,Crypto Maximum Sharpe,ETH-USD,0.340856
2022-03-30,Crypto Maximum Sharpe,LTC-USD,0.0
2022-03-30,Crypto Maximum Sharpe,TRX-USD,0.0
2022-03-30,Crypto Maximum Sharpe,XLM-USD,0.0
2022-03-30,Crypto Maximum Sharpe,XRP-USD,0.035919
2022-04-20,Crypto Maximum Sharpe,ADA-USD,0.35
2022-04-20,Crypto Maximum Sharpe,BCH-USD,0.0
2022-04-20,Crypto Maximum Sharpe,BTC-USD,0.0
2022-04-20,Crypto Maximum Sharpe,EOS-USD,0.0
2022-04-20,Crypto Maximum Sharpe,ETC-USD,0.3
2022-04-20,Crypto Maximum Sharpe,ETH-USD,0.35
2022-04-20,Crypto Maximum Sharpe,LTC-USD,0.0
2022-04-20,Crypto Maximum Sharpe,TRX-USD,0.0
2022-04-20,Crypto Maximum Sharpe,XLM-USD,0.0
2022-04-20,Crypto Maximum Sharpe,XRP-USD,0.0
2022-05-11,Crypto Maximum Sharpe,ADA-USD,0.299485
2022-05-11,Crypto Maximum Sharpe,BCH-USD,0.0
2022-05-11,Crypto Maximum Sharpe,BTC-USD,0.0
2022-05-11,Crypto Maximum Sharpe,EOS-USD,0.0
2022-05-11,Crypto Maximum Sharpe,ETC-USD,0.251659
2022-05-11,Crypto Maximum Sharpe,ETH-USD,0.289715
2022-05-11,Crypto Maximum Sharpe,LTC-USD,0.0
2022-05-11,Crypto Maximum Sharpe,TRX-USD,0.159141
2022-05-11,Crypto Maximum Sharpe,XLM-USD,0.0
2022-05-11,Crypto Maximum Sharpe,XRP-USD,0.0
2022-06-01,Crypto Maximum Sharpe,ADA-USD,0.23465
2022-06-01,Crypto Maximum Sharpe,BCH-USD,0.0
2022-06-01,Crypto Maximum Sharpe,BTC-USD,0.0
2022-06-01,Crypto Maximum Sharpe,EOS-USD,0.0
2022-06-01,Crypto Maximum Sharpe,ETC-USD,0.35
2022-06-01,Crypto Maximum Sharpe,ETH-USD,0.003999
2022-06-01,Crypto Maximum Sharpe,LTC-USD,0.0
2022-06-01,Crypto Maximum Sharpe,TRX-USD,0.35
2022-06-01,Crypto Maximum Sharpe,XLM-USD,0.0
2022-06-01,Crypto Maximum Sharpe,XRP-USD,0.061351
2022-06-22,Crypto Maximum Sharpe,ADA-USD,0.291674
2022-06-22,Crypto Maximum Sharpe,BCH-USD,0.0
2022-06-22,Crypto Maximum Sharpe,BTC-USD,0.0
2022-06-22,Crypto Maximum Sharpe,EOS-USD,0.0
2022-06-22,Crypto Maximum Sharpe,ETC-USD,0.35
2022-06-22,Crypto Maximum Sharpe,ETH-USD,0.0
2022-06-22,Crypto Maximum Sharpe,LTC-USD,0.0
2022-06-22,Crypto Maximum Sharpe,TRX-USD,0.35
2022-06-22,Crypto Maximum Sharpe,XLM-USD,0.0
2022-06-22,Crypto Maximum Sharpe,XRP-USD,0.008326
2022-07-13,Crypto Maximum Sharpe,ADA-USD,0.0
2022-07-13,Crypto Maximum Sharpe,BCH-USD,0.0
2022-07-13,Crypto Maximum Sharpe,BTC-USD,0.0
2022-07-13,Crypto Maximum Sharpe,EOS-USD,0.0
2022-07-13,Crypto Maximum Sharpe,ETC-USD,0.35
2022-07-13,Crypto Maximum Sharpe,ETH-USD,0.0
2022-07-13,Crypto Maximum Sharpe,LTC-USD,0.0
2022-07-13,Crypto Maximum Sharpe,TRX-USD,0.35
2022-07-13,Crypto Maximum Sharpe,XLM-USD,0.0
2022-07-13,Crypto Maximum Sharpe,XRP-USD,0.3
2022-08-03,Crypto Maximum Sharpe,ADA-USD,0.0
2022-08-03,Crypto Maximum Sharpe,BCH-USD,0.0
2022-08-03,Crypto Maximum Sharpe,BTC-USD,0.0
2022-08-03,Crypto Maximum Sharpe,EOS-USD,0.0
2022-08-03,Crypto Maximum Sharpe,ETC-USD,0.35
2022-08-03,Crypto Maximum Sharpe,ETH-USD,0.136599
2022-08-03,Crypto Maximum Sharpe,LTC-USD,0.0
2022-08-03,Crypto Maximum Sharpe,TRX-USD,0.35
2022-08-03,Crypto Maximum Sharpe,XLM-USD,0.0
2022-08-03,Crypto Maximum Sharpe,XRP-USD,0.163401
2022-08-24,Crypto Maximum Sharpe,ADA-USD,0.0
2022-08-24,Crypto Maximum Sharpe,BCH-USD,0.0
2022-08-24,Crypto Maximum Sharpe,BTC-USD,0.0
2022-08-24,Crypto Maximum Sharpe,EOS-USD,0.0
2022-08-24,Crypto Maximum Sharpe,ETC-USD,0.35
2022-08-24,Crypto Maximum Sharpe,ETH-USD,0.35
2022-08-24,Crypto Maximum Sharpe,LTC-USD,0.0
2022-08-24,Crypto Maximum Sharpe,TRX-USD,0.3
2022-08-24,Crypto Maximum Sharpe,XLM-USD,0.0
2022-08-24,Crypto Maximum Sharpe,XRP-USD,0.0
2022-09-14,Crypto Maximum Sharpe,ADA-USD,0.0
2022-09-14,Crypto Maximum Sharpe,BCH-USD,0.0
2022-09-14,Crypto Maximum Sharpe,BTC-USD,0.0
2022-09-14,Crypto Maximum Sharpe,EOS-USD,0.0
2022-09-14,Crypto Maximum Sharpe,ETC-USD,0.35
2022-09-14,Crypto Maximum Sharpe,ETH-USD,0.35
2022-09-14,Crypto Maximum Sharpe,LTC-USD,0.0
2022-09-14,Crypto Maximum Sharpe,TRX-USD,0.3
2022-09-14,Crypto Maximum Sharpe,XLM-USD,0.0
2022-09-14,Crypto Maximum Sharpe,XRP-USD,0.0
2022-10-05,Crypto Maximum Sharpe,ADA-USD,0.0
2022-10-05,Crypto Maximum Sharpe,BCH-USD,0.0
2022-10-05,Crypto Maximum Sharpe,BTC-USD,0.0
2022-10-05,Crypto Maximum Sharpe,EOS-USD,0.0
2022-10-05,Crypto Maximum Sharpe,ETC-USD,0.35
2022-10-05,Crypto Maximum Sharpe,ETH-USD,0.3
2022-10-05,Crypto Maximum Sharpe,LTC-USD,0.0
2022-10-05,Crypto Maximum Sharpe,TRX-USD,0.35
2022-10-05,Crypto Maximum Sharpe,XLM-USD,0.0
2022-10-05,Crypto Maximum Sharpe,XRP-USD,0.0
2022-10-26,Crypto Maximum Sharpe,ADA-USD,0.0
2022-10-26,Crypto Maximum Sharpe,BCH-USD,0.0
2022-10-26,Crypto Maximum Sharpe,BTC-USD,0.0
2022-10-26,Crypto Maximum Sharpe,EOS-USD,0.0
2022-10-26,Crypto Maximum Sharpe,ETC-USD,0.3
2022-10-26,Crypto Maximum Sharpe,ETH-USD,0.35
2022-10-26,Crypto Maximum Sharpe,LTC-USD,0.0
2022-10-26,Crypto Maximum Sharpe,TRX-USD,0.35
2022-10-26,Crypto Maximum Sharpe,XLM-USD,0.0
2022-10-26,Crypto Maximum Sharpe,XRP-USD,0.0
2022-11-16,Crypto Maximum Sharpe,ADA-USD,0.0
2022-11-16,Crypto Maximum Sharpe,BCH-USD,0.0
2022-11-16,Crypto Maximum Sharpe,BTC-USD,0.0
2022-11-16,Crypto Maximum Sharpe,EOS-USD,0.0
2022-11-16,Crypto Maximum Sharpe,ETC-USD,0.0
2022-11-16,Crypto Maximum Sharpe,ETH-USD,0.3
2022-11-16,Crypto Maximum Sharpe,LTC-USD,0.0
2022-11-16,Crypto Maximum Sharpe,TRX-USD,0.35
2022-11-16,Crypto Maximum Sharpe,XLM-USD,0.0
2022-11-16,Crypto Maximum Sharpe,XRP-USD,0.35
2022-12-07,Crypto Maximum Sharpe,ADA-USD,0.0
2022-12-07,Crypto Maximum Sharpe,BCH-USD,0.0
2022-12-07,Crypto Maximum Sharpe,BTC-USD,0.0
2022-12-07,Crypto Maximum Sharpe,EOS-USD,0.0
2022-12-07,Crypto Maximum Sharpe,ETC-USD,0.0
2022-12-07,Crypto Maximum Sharpe,ETH-USD,0.0
2022-12-07,Crypto Maximum Sharpe,LTC-USD,0.3
2022-12-07,Crypto Maximum Sharpe,TRX-USD,0.35
2022-12-07,Crypto Maximum Sharpe,XLM-USD,0.0
2022-12-07,Crypto Maximum Sharpe,XRP-USD,0.35
2022-12-28,Crypto Maximum Sharpe,ADA-USD,0.0
2022-12-28,Crypto Maximum Sharpe,BCH-USD,0.115086
2022-12-28,Crypto Maximum Sharpe,BTC-USD,0.35
2022-12-28,Crypto Maximum Sharpe,EOS-USD,0.0
2022-12-28,Crypto Maximum Sharpe,ETC-USD,0.0
2022-12-28,Crypto Maximum Sharpe,ETH-USD,0.027757
2022-12-28,Crypto Maximum Sharpe,LTC-USD,0.0
2022-12-28,Crypto Maximum Sharpe,TRX-USD,0.35
2022-12-28,Crypto Maximum Sharpe,XLM-USD,0.101834
2022-12-28,Crypto Maximum Sharpe,XRP-USD,0.055322
2023-01-18,Crypto Maximum Sharpe,ADA-USD,0.0
2023-01-18,Crypto Maximum Sharpe,BCH-USD,0.093107
2023-01-18,Crypto Maximum Sharpe,BTC-USD,0.35
2023-01-18,Crypto Maximum Sharpe,EOS-USD,0.0
2023-01-18,Crypto Maximum Sharpe,ETC-USD,0.0
2023-01-18,Crypto Maximum Sharpe,ETH-USD,0.008744
2023-01-18,Crypto Maximum Sharpe,LTC-USD,0.0
2023-01-18,Crypto Maximum Sharpe,TRX-USD,0.35
2023-01-18,Crypto Maximum Sharpe,XLM-USD,0.104438
2023-01-18,Crypto Maximum Sharpe,XRP-USD,0.093711
2023-02-08,Crypto Maximum Sharpe,ADA-USD,0.0
2023-02-08,Crypto Maximum Sharpe,BCH-USD,0.0
2023-02-08,Crypto Maximum Sharpe,BTC-USD,0.0
2023-02-08,Crypto Maximum Sharpe,EOS-USD,0.0
2023-02-08,Crypto Maximum Sharpe,ETC-USD,0.35
2023-02-08,Crypto Maximum Sharpe,ETH-USD,0.0
2023-02-08,Crypto Maximum Sharpe,LTC-USD,0.35
2023-02-08,Crypto Maximum Sharpe,TRX-USD,0.3
2023-02-08,Crypto Maximum Sharpe,XLM-USD,0.0
2023-02-08,Crypto Maximum Sharpe,XRP-USD,0.0
2023-03-01,Crypto Maximum Sharpe,ADA-USD,0.0
2023-03-01,Crypto Maximum Sharpe,BCH-USD,0.065437
2023-03-01,Crypto Maximum Sharpe,BTC-USD,0.35
2023-03-01,Crypto Maximum Sharpe,EOS-USD,0.0
2023-03-01,Crypto Maximum Sharpe,ETC-USD,0.0
2023-03-01,Crypto Maximum Sharpe,ETH-USD,0.0
2023-03-01,Crypto Maximum Sharpe,LTC-USD,0.0
2023-03-01,Crypto Maximum Sharpe,TRX-USD,0.35
2023-03-01,Crypto Maximum Sharpe,XLM-USD,0.13283
2023-03-01,Crypto Maximum Sharpe,XRP-USD,0.101734
2023-03-22,Crypto Maximum Sharpe,ADA-USD,0.0
2023-03-22,Crypto Maximum Sharpe,BCH-USD,0.061541
2023-03-22,Crypto Maximum Sharpe,BTC-USD,0.35
2023-03-22,Crypto Maximum Sharpe,EOS-USD,0.0
2023-03-22,Crypto Maximum Sharpe,ETC-USD,0.0
2023-03-22,Crypto Maximum Sharpe,ETH-USD,0.0
2023-03-22,Crypto Maximum Sharpe,LTC-USD,0.0
2023-03-22,Crypto Maximum Sharpe,TRX-USD,0.35
2023-03-22,Crypto Maximum Sharpe,XLM-USD,0.146237
2023-03-22,Crypto Maximum Sharpe,XRP-USD,0.092222
2023-04-12,Crypto Maximum Sharpe,ADA-USD,0.0
2023-04-12,Crypto Maximum Sharpe,BCH-USD,0.074829
2023-04-12,Crypto Maximum Sharpe,BTC-USD,0.35
2023-04-12,Crypto Maximum Sharpe,EOS-USD,0.0
2023-04-12,Crypto Maximum Sharpe,ETC-USD,0.0
2023-04-12,Crypto Maximum Sharpe,ETH-USD,0.0
2023-04-12,Crypto Maximum Sharpe,LTC-USD,0.0
2023-04-12,Crypto Maximum Sharpe,TRX-USD,0.35
2023-04-12,Crypto Maximum Sharpe,XLM-USD,0.164368
2023-04-12,Crypto Maximum Sharpe,XRP-USD,0.060803
2023-05-03,Crypto Maximum Sharpe,ADA-USD,0.0
2023-05-03,Crypto Maximum Sharpe,BCH-USD,0.0
2023-05-03,Crypto Maximum Sharpe,BTC-USD,0.0
2023-05-03,Crypto Maximum Sharpe,EOS-USD,0.0
2023-05-03,Crypto Maximum Sharpe,ETC-USD,0.35
2023-05-03,Crypto Maximum Sharpe,ETH-USD,0.0
2023-05-03,Crypto Maximum Sharpe,LTC-USD,0.3
2023-05-03,Crypto Maximum Sharpe,TRX-USD,0.35
2023-05-03,Crypto Maximum Sharpe,XLM-USD,0.0
2023-05-03,Crypto Maximum Sharpe,XRP-USD,0.0
2023-05-24,Crypto Maximum Sharpe,ADA-USD,0.0
2023-05-24,Crypto Maximum Sharpe,BCH-USD,0.0
2023-05-24,Crypto Maximum Sharpe,BTC-USD,0.0
2023-05-24,Crypto Maximum Sharpe,EOS-USD,0.0
2023-05-24,Crypto Maximum Sharpe,ETC-USD,0.35
2023-05-24,Crypto Maximum Sharpe,ETH-USD,0.0
2023-05-24,Crypto Maximum Sharpe,LTC-USD,0.3
2023-05-24,Crypto Maximum Sharpe,TRX-USD,0.35
2023-05-24,Crypto Maximum Sharpe,XLM-USD,0.0
2023-05-24,Crypto Maximum Sharpe,XRP-USD,0.0
2023-06-14,Crypto Maximum Sharpe,ADA-USD,0.0
2023-06-14,Crypto Maximum Sharpe,BCH-USD,0.0
2023-06-14,Crypto Maximum Sharpe,BTC-USD,0.0
2023-06-14,Crypto Maximum Sharpe,EOS-USD,0.0
2023-06-14,Crypto Maximum Sharpe,ETC-USD,0.3
2023-06-14,Crypto Maximum Sharpe,ETH-USD,0.0
2023-06-14,Crypto Maximum Sharpe,LTC-USD,0.0
2023-06-14,Crypto Maximum Sharpe,TRX-USD,0.35
2023-06-14,Crypto Maximum Sharpe,XLM-USD,0.0
2023-06-14,Crypto Maximum Sharpe,XRP-USD,0.35
2023-07-05,Crypto Maximum Sharpe,ADA-USD,0.0
2023-07-05,Crypto Maximum Sharpe,BCH-USD,0.35
2023-07-05,Crypto Maximum Sharpe,BTC-USD,0.0
2023-07-05,Crypto Maximum Sharpe,EOS-USD,0.0
2023-07-05,Crypto Maximum Sharpe,ETC-USD,0.0
2023-07-05,Crypto Maximum Sharpe,ETH-USD,0.0
2023-07-05,Crypto Maximum Sharpe,LTC-USD,0.3
2023-07-05,Crypto Maximum Sharpe,TRX-USD,0.35
2023-07-05,Crypto Maximum Sharpe,XLM-USD,0.0
2023-07-05,Crypto Maximum Sharpe,XRP-USD,0.0
2023-07-26,Crypto Maximum Sharpe,ADA-USD,0.0
2023-07-26,Crypto Maximum Sharpe,BCH-USD,0.125636
2023-07-26,Crypto Maximum Sharpe,BTC-USD,0.0
2023-07-26,Crypto Maximum Sharpe,EOS-USD,0.0
2023-07-26,Crypto Maximum Sharpe,ETC-USD,0.0
2023-07-26,Crypto Maximum Sharpe,ETH-USD,0.0
2023-07-26,Crypto Maximum Sharpe,LTC-USD,0.174364
2023-07-26,Crypto Maximum Sharpe,TRX-USD,0.35
2023-07-26,Crypto Maximum Sharpe,XLM-USD,0.0
2023-07-26,Crypto Maximum Sharpe,XRP-USD,0.35
2023-08-16,Crypto Maximum Sharpe,ADA-USD,0.0
2023-08-16,Crypto Maximum Sharpe,BCH-USD,0.21066
2023-08-16,Crypto Maximum Sharpe,BTC-USD,0.0
2023-08-16,Crypto Maximum Sharpe,EOS-USD,0.0
2023-08-16,Crypto Maximum Sharpe,ETC-USD,0.0
2023-08-16,Crypto Maximum Sharpe,ETH-USD,0.0
2023-08-16,Crypto Maximum Sharpe,LTC-USD,0.08934
2023-08-16,Crypto Maximum Sharpe,TRX-USD,0.35
2023-08-16,Crypto Maximum Sharpe,XLM-USD,0.0
2023-08-16,Crypto Maximum Sharpe,XRP-USD,0.35
2023-09-06,Crypto Maximum Sharpe,ADA-USD,0.0
2023-09-06,Crypto Maximum Sharpe,BCH-USD,0.264864
2023-09-06,Crypto Maximum Sharpe,BTC-USD,0.0
2023-09-06,Crypto Maximum Sharpe,EOS-USD,0.0
2023-09-06,Crypto Maximum Sharpe,ETC-USD,0.0
2023-09-06,Crypto Maximum Sharpe,ETH-USD,0.0
2023-09-06,Crypto Maximum Sharpe,LTC-USD,0.0
2023-09-06,Crypto Maximum Sharpe,TRX-USD,0.35
2023-09-06,Crypto Maximum Sharpe,XLM-USD,0.035136
2023-09-06,Crypto Maximum Sharpe,XRP-USD,0.35
2023-09-27,Crypto Maximum Sharpe,ADA-USD,0.0
2023-09-27,Crypto Maximum Sharpe,BCH-USD,0.35
2023-09-27,Crypto Maximum Sharpe,BTC-USD,0.0
2023-09-27,Crypto Maximum Sharpe,EOS-USD,0.0
2023-09-27,Crypto Maximum Sharpe,ETC-USD,0.0
2023-09-27,Crypto Maximum Sharpe,ETH-USD,0.0
2023-09-27,Crypto Maximum Sharpe,LTC-USD,0.0
2023-09-27,Crypto Maximum Sharpe,TRX-USD,0.3
2023-09-27,Crypto Maximum Sharpe,XLM-USD,0.0
2023-09-27,Crypto Maximum Sharpe,XRP-USD,0.35
2023-10-18,Crypto Maximum Sharpe,ADA-USD,0.0
2023-10-18,Crypto Maximum Sharpe,BCH-USD,0.35
2023-10-18,Crypto Maximum Sharpe,BTC-USD,0.0
2023-10-18,Crypto Maximum Sharpe,EOS-USD,0.0
2023-10-18,Crypto Maximum Sharpe,ETC-USD,0.0
2023-10-18,Crypto Maximum Sharpe,ETH-USD,0.0
2023-10-18,Crypto Maximum Sharpe,LTC-USD,0.0
2023-10-18,Crypto Maximum Sharpe,TRX-USD,0.3
2023-10-18,Crypto Maximum Sharpe,XLM-USD,0.0
2023-10-18,Crypto Maximum Sharpe,XRP-USD,0.35
2023-11-08,Crypto Maximum Sharpe,ADA-USD,0.0
2023-11-08,Crypto Maximum Sharpe,BCH-USD,0.302591
2023-11-08,Crypto Maximum Sharpe,BTC-USD,0.219893
2023-11-08,Crypto Maximum Sharpe,EOS-USD,0.0
2023-11-08,Crypto Maximum Sharpe,ETC-USD,0.0
2023-11-08,Crypto Maximum Sharpe,ETH-USD,0.0
2023-11-08,Crypto Maximum Sharpe,LTC-USD,0.0
2023-11-08,Crypto Maximum Sharpe,TRX-USD,0.23778
2023-11-08,Crypto Maximum Sharpe,XLM-USD,0.0
2023-11-08,Crypto Maximum Sharpe,XRP-USD,0.239736
2023-11-29,Crypto Maximum Sharpe,ADA-USD,0.0
2023-11-29,Crypto Maximum Sharpe,BCH-USD,0.283072
2023-11-29,Crypto Maximum Sharpe,BTC-USD,0.333441
2023-11-29,Crypto Maximum Sharpe,EOS-USD,0.0
2023-11-29,Crypto Maximum Sharpe,ETC-USD,0.0
2023-11-29,Crypto Maximum Sharpe,ETH-USD,0.0
2023-11-29,Crypto Maximum Sharpe,LTC-USD,0.0
2023-11-29,Crypto Maximum Sharpe,TRX-USD,0.214446
2023-11-29,Crypto Maximum Sharpe,XLM-USD,0.0
2023-11-29,Crypto Maximum Sharpe,XRP-USD,0.169041
2023-12-20,Crypto Maximum Sharpe,ADA-USD,0.0
2023-12-20,Crypto Maximum Sharpe,BCH-USD,0.188747
2023-12-20,Crypto Maximum Sharpe,BTC-USD,0.35
2023-12-20,Crypto Maximum Sharpe,EOS-USD,0.0
2023-12-20,Crypto Maximum Sharpe,ETC-USD,0.0
2023-12-20,Crypto Maximum Sharpe,ETH-USD,0.0
2023-12-20,Crypto Maximum Sharpe,LTC-USD,0.0
2023-12-20,Crypto Maximum Sharpe,TRX-USD,0.308939
2023-12-20,Crypto Maximum Sharpe,XLM-USD,0.0
2023-12-20,Crypto Maximum Sharpe,XRP-USD,0.152315
2021-05-19,Crypto Risk Parity,ADA-USD,0.098022
2021-05-19,Crypto Risk Parity,BCH-USD,0.086013
2021-05-19,Crypto Risk Parity,BTC-USD,0.149056
2021-05-19,Crypto Risk Parity,EOS-USD,0.084711
2021-05-19,Crypto Risk Parity,ETC-USD,0.09126
2021-05-19,Crypto Risk Parity,ETH-USD,0.10858
2021-05-19,Crypto Risk Parity,LTC-USD,0.100745
2021-05-19,Crypto Risk Parity,TRX-USD,0.100705
2021-05-19,Crypto Risk Parity,XLM-USD,0.088289
2021-05-19,Crypto Risk Parity,XRP-USD,0.092619
2021-06-09,Crypto Risk Parity,ADA-USD,0.097816
2021-06-09,Crypto Risk Parity,BCH-USD,0.087409
2021-06-09,Crypto Risk Parity,BTC-USD,0.14977
2021-06-09,Crypto Risk Parity,EOS-USD,0.084988
2021-06-09,Crypto Risk Parity,ETC-USD,0.089848
2021-06-09,Crypto Risk Parity,ETH-USD,0.107511
2021-06-09,Crypto Risk Parity,LTC-USD,0.099871
2021-06-09,Crypto Risk Parity,TRX-USD,0.100894
2021-06-09,Crypto Risk Parity,XLM-USD,0.089807
2021-06-09,Crypto Risk Parity,XRP-USD,0.092087
2021-06-30,Crypto Risk Parity,ADA-USD,0.098328
2021-06-30,Crypto Risk Parity,BCH-USD,0.088561
2021-06-30,Crypto Risk Parity,BTC-USD,0.149356
2021-06-30,Crypto Risk Parity,EOS-USD,0.085108
2021-06-30,Crypto Risk Parity,ETC-USD,0.089106
2021-06-30,Crypto Risk Parity,ETH-USD,0.107876
2021-06-30,Crypto Risk Parity,LTC-USD,0.100298
2021-06-30,Crypto Risk Parity,TRX-USD,0.100579
2021-06-30,Crypto Risk Parity,XLM-USD,0.089469
2021-06-30,Crypto Risk Parity,XRP-USD,0.091318
2021-07-21,Crypto Risk Parity,ADA-USD,0.098428
2021-07-21,Crypto Risk Parity,BCH-USD,0.088855
2021-07-21,Crypto Risk Parity,BTC-USD,0.148274
2021-07-21,Crypto Risk Parity,EOS-USD,0.085158
2021-07-21,Crypto Risk Parity,ETC-USD,0.08939
2021-07-21,Crypto Risk Parity,ETH-USD,0.107254
2021-07-21,Crypto Risk Parity,LTC-USD,0.100664
2021-07-21,Crypto Risk Parity,TRX-USD,0.101469
2021-07-21,Crypto Risk Parity,XLM-USD,0.089488
2021-07-21,Crypto Risk Parity,XRP-USD,0.09102
2021-08-11,Crypto Risk Parity,ADA-USD,0.099219
2021-08-11,Crypto Risk Parity,BCH-USD,0.088119
2021-08-11,Crypto Risk Parity,BTC-USD,0.158063
2021-08-11,Crypto Risk Parity,EOS-USD,0.082436
2021-08-11,Crypto Risk Parity,ETC-USD,0.087804
2021-08-11,Crypto Risk Parity,ETH-USD,0.110374
2021-08-11,Crypto Risk Parity,LTC-USD,0.09997
2021-08-11,Crypto Risk Parity,TRX-USD,0.101694
2021-08-11,Crypto Risk Parity,XLM-USD,0.085748
2021-08-11,Crypto Risk Parity,XRP-USD,0.086573
2021-09-01,Crypto Risk Parity,ADA-USD,0.097949
2021-09-01,Crypto Risk Parity,BCH-USD,0.088749
2021-09-01,Crypto Risk Parity,BTC-USD,0.159006
2021-09-01,Crypto Risk Parity,EOS-USD,0.082317
2021-09-01,Crypto Risk Parity,ETC-USD,0.087486
2021-09-01,Crypto Risk Parity,ETH-USD,0.111377
2021-09-01,Crypto Risk Parity,LTC-USD,0.099837
2021-09-01,Crypto Risk Parity,TRX-USD,0.102115
2021-09-01,Crypto Risk Parity,XLM-USD,0.085764
2021-09-01,Crypto Risk Parity,XRP-USD,0.085401
2021-09-22,Crypto Risk Parity,ADA-USD,0.099001
2021-09-22,Crypto Risk Parity,BCH-USD,0.089205
2021-09-22,Crypto Risk Parity,BTC-USD,0.159145
2021-09-22,Crypto Risk Parity,EOS-USD,0.082013
2021-09-22,Crypto Risk Parity,ETC-USD,0.087641
2021-09-22,Crypto Risk Parity,ETH-USD,0.111713
2021-09-22,Crypto Risk Parity,LTC-USD,0.09931
2021-09-22,Crypto Risk Parity,TRX-USD,0.101001
2021-09-22,Crypto Risk Parity,XLM-USD,0.085816
2021-09-22,Crypto Risk Parity,XRP-USD,0.085155
2021-10-13,Crypto Risk Parity,ADA-USD,0.09951
2021-10-13,Crypto Risk Parity,BCH-USD,0.089121
2021-10-13,Crypto Risk Parity,BTC-USD,0.159357
2021-10-13,Crypto Risk Parity,EOS-USD,0.08181
2021-10-13,Crypto Risk Parity,ETC-USD,0.087547
2021-10-13,Crypto Risk Parity,ETH-USD,0.111748
2021-10-13,Crypto Risk Parity,LTC-USD,0.099164
2021-10-13,Crypto Risk Parity,TRX-USD,0.101344
2021-10-13,Crypto Risk Parity,XLM-USD,0.085465
2021-10-13,Crypto Risk Parity,XRP-USD,0.084933
2021-11-03,Crypto Risk Parity,ADA-USD,0.100952
2021-11-03,Crypto Risk Parity,BCH-USD,0.088914
2021-11-03,Crypto Risk Parity,BTC-USD,0.159595
2021-11-03,Crypto Risk Parity,EOS-USD,0.081476
2021-11-03,Crypto Risk Parity,ETC-USD,0.08724
2021-11-03,Crypto Risk Parity,ETH-USD,0.111855
2021-11-03,Crypto Risk Parity,LTC-USD,0.098738
2021-11-03,Crypto Risk Parity,TRX-USD,0.101635
2021-11-03,Crypto Risk Parity,XLM-USD,0.085186
2021-11-03,Crypto Risk Parity,XRP-USD,0.08441
2021-11-24,Crypto Risk Parity,ADA-USD,0.101507
2021-11-24,Crypto Risk Parity,BCH-USD,0.088843
2021-11-24,Crypto Risk Parity,BTC-USD,0.159025
2021-11-24,Crypto Risk Parity,EOS-USD,0.081542
2021-11-24,Crypto Risk Parity,ETC-USD,0.087516
2021-11-24,Crypto Risk Parity,ETH-USD,0.112083
2021-11-24,Crypto Risk Parity,LTC-USD,0.097441
2021-11-24,Crypto Risk Parity,TRX-USD,0.101399
2021-11-24,Crypto Risk Parity,XLM-USD,0.08568
2021-11-24,Crypto Risk Parity,XRP-USD,0.084965
2021-12-15,Crypto Risk Parity,ADA-USD,0.101398
2021-12-15,Crypto Risk Parity,BCH-USD,0.089159
2021-12-15,Crypto Risk Parity,BTC-USD,0.157753
2021-12-15,Crypto Risk Parity,EOS-USD,0.081035
2021-12-15,Crypto Risk Parity,ETC-USD,0.087916
2021-12-15,Crypto Risk Parity,ETH-USD,0.112399
2021-12-15,Crypto Risk Parity,LTC-USD,0.097349
2021-12-15,Crypto Risk Parity,TRX-USD,0.101905
2021-12-15,Crypto Risk Parity,XLM-USD,0.085674
2021-12-15,Crypto Risk Parity,XRP-USD,0.085412
2022-01-05,Crypto Risk Parity,ADA-USD,0.100546
2022-01-05,Crypto Risk Parity,BCH-USD,0.089457
2022-01-05,Crypto Risk Parity,BTC-USD,0.157138
2022-01-05,Crypto Risk Parity,EOS-USD,0.08125
2022-01-05,Crypto Risk Parity,ETC-USD,0.087819
2022-01-05,Crypto Risk Parity,ETH-USD,0.11274
2022-01-05,Crypto Risk Parity,LTC-USD,0.09772
2022-01-05,Crypto Risk Parity,TRX-USD,0.102644
2022-01-05,Crypto Risk Parity,XLM-USD,0.085505
2022-01-05,Crypto Risk Parity,XRP-USD,0.085181
2022-01-26,Crypto Risk Parity,ADA-USD,0.101018
2022-01-26,Crypto Risk Parity,BCH-USD,0.089789
2022-01-26,Crypto Risk Parity,BTC-USD,0.156858
2022-01-26,Crypto Risk Parity,EOS-USD,0.08175
2022-01-26,Crypto Risk Parity,ETC-USD,0.087201
2022-01-26,Crypto Risk Parity,ETH-USD,0.11341
2022-01-26,Crypto Risk Parity,LTC-USD,0.098028
2022-01-26,Crypto Risk Parity,TRX-USD,0.101444
2022-01-26,Crypto Risk Parity,XLM-USD,0.085422
2022-01-26,Crypto Risk Parity,XRP-USD,0.085079
2022-02-16,Crypto Risk Parity,ADA-USD,0.101783
2022-02-16,Crypto Risk Parity,BCH-USD,0.089841
2022-02-16,Crypto Risk Parity,BTC-USD,0.155857
2022-02-16,Crypto Risk Parity,EOS-USD,0.081777
2022-02-16,Crypto Risk Parity,ETC-USD,0.087091
2022-02-16,Crypto Risk Parity,ETH-USD,0.113735
2022-02-16,Crypto Risk Parity,LTC-USD,0.097805
2022-02-16,Crypto Risk Parity,TRX-USD,0.101846
2022-02-16,Crypto Risk Parity,XLM-USD,0.085637
2022-02-16,Crypto Risk Parity,XRP-USD,0.084628
2022-03-09,Crypto Risk Parity,ADA-USD,0.101791
2022-03-09,Crypto Risk Parity,BCH-USD,0.090173
2022-03-09,Crypto Risk Parity,BTC-USD,0.15351
2022-03-09,Crypto Risk Parity,EOS-USD,0.082152
2022-03-09,Crypto Risk Parity,ETC-USD,0.087163
2022-03-09,Crypto Risk Parity,ETH-USD,0.11354
2022-03-09,Crypto Risk Parity,LTC-USD,0.098082
2022-03-09,Crypto Risk Parity,TRX-USD,0.102923
2022-03-09,Crypto Risk Parity,XLM-USD,0.085841
2022-03-09,Crypto Risk Parity,XRP-USD,0.084826
2022-03-30,Crypto Risk Parity,ADA-USD,0.102086
2022-03-30,Crypto Risk Parity,BCH-USD,0.089749
2022-03-30,Crypto Risk Parity,BTC-USD,0.153338
2022-03-30,Crypto Risk Parity,EOS-USD,0.081818
2022-03-30,Crypto Risk Parity,ETC-USD,0.086483
2022-03-30,Crypto Risk Parity,ETH-USD,0.114015
2022-03-30,Crypto Risk Parity,LTC-USD,0.098391
2022-03-30,Crypto Risk Parity,TRX-USD,0.103246
2022-03-30,Crypto Risk Parity,XLM-USD,0.085946
2022-03-30,Crypto Risk Parity,XRP-USD,0.084928
2022-04-20,Crypto Risk Parity,ADA-USD,0.101463
2022-04-20,Crypto Risk Parity,BCH-USD,0.090152
2022-04-20,Crypto Risk Parity,BTC-USD,0.150754
2022-04-20,Crypto Risk Parity,EOS-USD,0.081092
2022-04-20,Crypto Risk Parity,ETC-USD,0.085035
2022-04-20,Crypto Risk Parity,ETH-USD,0.11291
2022-04-20,Crypto Risk Parity,LTC-USD,0.097419
2022-04-20,Crypto Risk Parity,TRX-USD,0.10339
2022-04-20,Crypto Risk Parity,XLM-USD,0.088977
2022-04-20,Crypto Risk Parity,XRP-USD,0.088808
2022-05-11,Crypto Risk Parity,ADA-USD,0.09987
2022-05-11,Crypto Risk Parity,BCH-USD,0.089758
2022-05-11,Crypto Risk Parity,BTC-USD,0.149017
2022-05-11,Crypto Risk Parity,EOS-USD,0.080903
2022-05-11,Crypto Risk Parity,ETC-USD,0.084324
2022-05-11,Crypto Risk Parity,ETH-USD,0.112764
2022-05-11,Crypto Risk Parity,LTC-USD,0.097585
2022-05-11,Crypto Risk Parity,TRX-USD,0.102981
2022-05-11,Crypto Risk Parity,XLM-USD,0.091004
2022-05-11,Crypto Risk Parity,XRP-USD,0.091793
2022-06-01,Crypto Risk Parity,ADA-USD,0.09987
2022-06-01,Crypto Risk Parity,BCH-USD,0.09059
2022-06-01,Crypto Risk Parity,BTC-USD,0.146192
2022-06-01,Crypto Risk Parity,EOS-USD,0.080504
2022-06-01,Crypto Risk Parity,ETC-USD,0.083016
2022-06-01,Crypto Risk Parity,ETH-USD,0.113168
2022-06-01,Crypto Risk Parity,LTC-USD,0.096728
2022-06-01,Crypto Risk Parity,TRX-USD,0.102198
2022-06-01,Crypto Risk Parity,XLM-USD,0.09724
2022-06-01,Crypto Risk Parity,XRP-USD,0.090494
2022-06-22,Crypto Risk Parity,ADA-USD,0.100816
2022-06-22,Crypto Risk Parity,BCH-USD,0.090715
2022-06-22,Crypto Risk Parity,BTC-USD,0.145769
2022-06-22,Crypto Risk Parity,EOS-USD,0.079686
2022-06-22,Crypto Risk Parity,ETC-USD,0.081728
2022-06-22,Crypto Risk Parity,ETH-USD,0.113158
2022-06-22,Crypto Risk Parity,LTC-USD,0.096197
2022-06-22,Crypto Risk Parity,TRX-USD,0.101456
2022-06-22,Crypto Risk Parity,XLM-USD,0.098972
2022-06-22,Crypto Risk Parity,XRP-USD,0.091503
2022-07-13,Crypto Risk Parity,ADA-USD,0.099983
2022-07-13,Crypto Risk Parity,BCH-USD,0.090709
2022-07-13,Crypto Risk Parity,BTC-USD,0.145538
2022-07-13,Crypto Risk Parity,EOS-USD,0.079926
2022-07-13,Crypto Risk Parity,ETC-USD,0.083181
2022-07-13,Crypto Risk Parity,ETH-USD,0.110439
2022-07-13,Crypto Risk Parity,LTC-USD,0.096439
2022-07-13,Crypto Risk Parity,TRX-USD,0.104353
2022-07-13,Crypto Risk Parity,XLM-USD,0.099102
2022-07-13,Crypto Risk Parity,XRP-USD,0.09033
2022-08-03,Crypto Risk Parity,ADA-USD,0.100328
2022-08-03,Crypto Risk Parity,BCH-USD,0.090155
2022-08-03,Crypto Risk Parity,BTC-USD,0.146574
2022-08-03,Crypto Risk Parity,EOS-USD,0.080657
2022-08-03,Crypto Risk Parity,ETC-USD,0.080448
2022-08-03,Crypto Risk Parity,ETH-USD,0.109347
2022-08-03,Crypto Risk Parity,LTC-USD,0.096215
2022-08-03,Crypto Risk Parity,TRX-USD,0.105584
2022-08-03,Crypto Risk Parity,XLM-USD,0.099848
2022-08-03,Crypto Risk Parity,XRP-USD,0.090846
2022-08-24,Crypto Risk Parity,ADA-USD,0.09851
2022-08-24,Crypto Risk Parity,BCH-USD,0.089774
2022-08-24,Crypto Risk Parity,BTC-USD,0.14387
2022-08-24,Crypto Risk Parity,EOS-USD,0.080859
2022-08-24,Crypto Risk Parity,ETC-USD,0.079305
2022-08-24,Crypto Risk Parity,ETH-USD,0.107707
2022-08-24,Crypto Risk Parity,LTC-USD,0.095589
2022-08-24,Crypto Risk Parity,TRX-USD,0.109418
2022-08-24,Crypto Risk Parity,XLM-USD,0.100982
2022-08-24,Crypto Risk Parity,XRP-USD,0.093985
2022-09-14,Crypto Risk Parity,ADA-USD,0.096988
2022-09-14,Crypto Risk Parity,BCH-USD,0.089408
2022-09-14,Crypto Risk Parity,BTC-USD,0.140996
2022-09-14,Crypto Risk Parity,EOS-USD,0.079895
2022-09-14,Crypto Risk Parity,ETC-USD,0.078463
2022-09-14,Crypto Risk Parity,ETH-USD,0.105027
2022-09-14,Crypto Risk Parity,LTC-USD,0.095013
2022-09-14,Crypto Risk Parity,TRX-USD,0.112827
2022-09-14,Crypto Risk Parity,XLM-USD,0.102021
2022-09-14,Crypto Risk Parity,XRP-USD,0.099363
2022-10-05,Crypto Risk Parity,ADA-USD,0.094542
2022-10-05,Crypto Risk Parity,BCH-USD,0.096654
2022-10-05,Crypto Risk Parity,BTC-USD,0.132937
2022-10-05,Crypto Risk Parity,EOS-USD,0.086985
2022-10-05,Crypto Risk Parity,ETC-USD,0.080321
2022-10-05,Crypto Risk Parity,ETH-USD,0.099473
2022-10-05,Crypto Risk Parity,LTC-USD,0.094043
2022-10-05,Crypto Risk Parity,TRX-USD,0.11738
2022-10-05,Crypto Risk Parity,XLM-USD,0.101697
2022-10-05,Crypto Risk Parity,XRP-USD,0.095968
2022-10-26,Crypto Risk Parity,ADA-USD,0.093352
2022-10-26,Crypto Risk Parity,BCH-USD,0.099366
2022-10-26,Crypto Risk Parity,BTC-USD,0.12889
2022-10-26,Crypto Risk Parity,EOS-USD,0.087467
2022-10-26,Crypto Risk Parity,ETC-USD,0.08097
2022-10-26,Crypto Risk Parity,ETH-USD,0.099078
2022-10-26,Crypto Risk Parity,LTC-USD,0.094834
2022-10-26,Crypto Risk Parity,TRX-USD,0.120523
2022-10-26,Crypto Risk Parity,XLM-USD,0.099144
2022-10-26,Crypto Risk Parity,XRP-USD,0.096376
2022-11-16,Crypto Risk Parity,ADA-USD,0.092708
2022-11-16,Crypto Risk Parity,BCH-USD,0.098538
2022-11-16,Crypto Risk Parity,BTC-USD,0.12683
2022-11-16,Crypto Risk Parity,EOS-USD,0.087943
2022-11-16,Crypto Risk Parity,ETC-USD,0.081837
2022-11-16,Crypto Risk Parity,ETH-USD,0.096497
2022-11-16,Crypto Risk Parity,LTC-USD,0.093782
2022-11-16,Crypto Risk Parity,TRX-USD,0.127156
2022-11-16,Crypto Risk Parity,XLM-USD,0.098981
2022-11-16,Crypto Risk Parity,XRP-USD,0.095728
2022-12-07,Crypto Risk Parity,ADA-USD,0.092894
2022-12-07,Crypto Risk Parity,BCH-USD,0.098425
2022-12-07,Crypto Risk Parity,BTC-USD,0.126998
2022-12-07,Crypto Risk Parity,EOS-USD,0.088277
2022-12-07,Crypto Risk Parity,ETC-USD,0.081425
2022-12-07,Crypto Risk Parity,ETH-USD,0.096831
2022-12-07,Crypto Risk Parity,LTC-USD,0.092727
2022-12-07,Crypto Risk Parity,TRX-USD,0.128073
2022-12-07,Crypto Risk Parity,XLM-USD,0.098633
2022-12-07,Crypto Risk Parity,XRP-USD,0.095717
2022-12-28,Crypto Risk Parity,ADA-USD,0.091774
2022-12-28,Crypto Risk Parity,BCH-USD,0.098244
2022-12-28,Crypto Risk Parity,BTC-USD,0.127212
2022-12-28,Crypto Risk Parity,EOS-USD,0.087749
2022-12-28,Crypto Risk Parity,ETC-USD,0.080857
2022-12-28,Crypto Risk Parity,ETH-USD,0.096615
2022-12-28,Crypto Risk Parity,LTC-USD,0.092425
2022-12-28,Crypto Risk Parity,TRX-USD,0.129251
2022-12-28,Crypto Risk Parity,XLM-USD,0.098949
2022-12-28,Crypto Risk Parity,XRP-USD,0.096923
2023-01-18,Crypto Risk Parity,ADA-USD,0.093313
2023-01-18,Crypto Risk Parity,BCH-USD,0.097274
2023-01-18,Crypto Risk Parity,BTC-USD,0.125637
2023-01-18,Crypto Risk Parity,EOS-USD,0.087985
2023-01-18,Crypto Risk Parity,ETC-USD,0.079762
2023-01-18,Crypto Risk Parity,ETH-USD,0.095781
2023-01-18,Crypto Risk Parity,LTC-USD,0.091756
2023-01-18,Crypto Risk Parity,TRX-USD,0.129483
2023-01-18,Crypto Risk Parity,XLM-USD,0.099596
2023-01-18,Crypto Risk Parity,XRP-USD,0.099414
2023-02-08,Crypto Risk Parity,ADA-USD,0.090925
2023-02-08,Crypto Risk Parity,BCH-USD,0.096309
2023-02-08,Crypto Risk Parity,BTC-USD,0.123713
2023-02-08,Crypto Risk Parity,EOS-USD,0.088399
2023-02-08,Crypto Risk Parity,ETC-USD,0.078256
2023-02-08,Crypto Risk Parity,ETH-USD,0.094325
2023-02-08,Crypto Risk Parity,LTC-USD,0.09118
2023-02-08,Crypto Risk Parity,TRX-USD,0.136657
2023-02-08,Crypto Risk Parity,XLM-USD,0.100219
2023-02-08,Crypto Risk Parity,XRP-USD,0.100016
2023-03-01,Crypto Risk Parity,ADA-USD,0.089269
2023-03-01,Crypto Risk Parity,BCH-USD,0.096561
2023-03-01,Crypto Risk Parity,BTC-USD,0.123944
2023-03-01,Crypto Risk Parity,EOS-USD,0.088217
2023-03-01,Crypto Risk Parity,ETC-USD,0.077884
2023-03-01,Crypto Risk Parity,ETH-USD,0.094492
2023-03-01,Crypto Risk Parity,LTC-USD,0.091189
2023-03-01,Crypto Risk Parity,TRX-USD,0.136338
2023-03-01,Crypto Risk Parity,XLM-USD,0.101643
2023-03-01,Crypto Risk Parity,XRP-USD,0.100465
2023-03-22,Crypto Risk Parity,ADA-USD,0.088991
2023-03-22,Crypto Risk Parity,BCH-USD,0.096738
2023-03-22,Crypto Risk Parity,BTC-USD,0.122845
2023-03-22,Crypto Risk Parity,EOS-USD,0.089133
2023-03-22,Crypto Risk Parity,ETC-USD,0.077699
2023-03-22,Crypto Risk Parity,ETH-USD,0.095221
2023-03-22,Crypto Risk Parity,LTC-USD,0.091432
2023-03-22,Crypto Risk Parity,TRX-USD,0.135683
2023-03-22,Crypto Risk Parity,XLM-USD,0.102229
2023-03-22,Crypto Risk Parity,XRP-USD,0.100029
2023-04-12,Crypto Risk Parity,ADA-USD,0.088106
2023-04-12,Crypto Risk Parity,BCH-USD,0.097488
2023-04-12,Crypto Risk Parity,BTC-USD,0.12174
2023-04-12,Crypto Risk Parity,EOS-USD,0.089103
2023-04-12,Crypto Risk Parity,ETC-USD,0.077019
2023-04-12,Crypto Risk Parity,ETH-USD,0.094265
2023-04-12,Crypto Risk Parity,LTC-USD,0.093343
2023-04-12,Crypto Risk Parity,TRX-USD,0.137815
2023-04-12,Crypto Risk Parity,XLM-USD,0.102296
2023-04-12,Crypto Risk Parity,XRP-USD,0.098825
2023-05-03,Crypto Risk Parity,ADA-USD,0.088252
2023-05-03,Crypto Risk Parity,BCH-USD,0.097785
2023-05-03,Crypto Risk Parity,BTC-USD,0.121346
2023-05-03,Crypto Risk Parity,EOS-USD,0.090707
2023-05-03,Crypto Risk Parity,ETC-USD,0.076044
2023-05-03,Crypto Risk Parity,ETH-USD,0.09292
2023-05-03,Crypto Risk Parity,LTC-USD,0.093541
2023-05-03,Crypto Risk Parity,TRX-USD,0.139139
2023-05-03,Crypto Risk Parity,XLM-USD,0.102503
2023-05-03,Crypto Risk Parity,XRP-USD,0.097764
2023-05-24,Crypto Risk Parity,ADA-USD,0.088916
2023-05-24,Crypto Risk Parity,BCH-USD,0.097009
2023-05-24,Crypto Risk Parity,BTC-USD,0.121363
2023-05-24,Crypto Risk Parity,EOS-USD,0.090714
2023-05-24,Crypto Risk Parity,ETC-USD,0.075532
2023-05-24,Crypto Risk Parity,ETH-USD,0.092335
2023-05-24,Crypto Risk Parity,LTC-USD,0.092737
2023-05-24,Crypto Risk Parity,TRX-USD,0.139857
2023-05-24,Crypto Risk Parity,XLM-USD,0.103347
2023-05-24,Crypto Risk Parity,XRP-USD,0.098191
2023-06-14,Crypto Risk Parity,ADA-USD,0.089442
2023-06-14,Crypto Risk Parity,BCH-USD,0.096952
2023-06-14,Crypto Risk Parity,BTC-USD,0.120888
2023-06-14,Crypto Risk Parity,EOS-USD,0.088279
2023-06-14,Crypto Risk Parity,ETC-USD,0.075062
2023-06-14,Crypto Risk Parity,ETH-USD,0.093197
2023-06-14,Crypto Risk Parity,LTC-USD,0.092427
2023-06-14,Crypto Risk Parity,TRX-USD,0.141507
2023-06-14,Crypto Risk Parity,XLM-USD,0.104323
2023-06-14,Crypto Risk Parity,XRP-USD,0.097922
2023-07-05,Crypto Risk Parity,ADA-USD,0.089769
2023-07-05,Crypto Risk Parity,BCH-USD,0.08985
2023-07-05,Crypto Risk Parity,BTC-USD,0.122562
2023-07-05,Crypto Risk Parity,EOS-USD,0.087444
2023-07-05,Crypto Risk Parity,ETC-USD,0.073788
2023-07-05,Crypto Risk Parity,ETH-USD,0.094594
2023-07-05,Crypto Risk Parity,LTC-USD,0.090711
2023-07-05,Crypto Risk Parity,TRX-USD,0.144614
2023-07-05,Crypto Risk Parity,XLM-USD,0.104471
2023-07-05,Crypto Risk Parity,XRP-USD,0.102197
2023-07-26,Crypto Risk Parity,ADA-USD,0.088755
2023-07-26,Crypto Risk Parity,BCH-USD,0.095198
2023-07-26,Crypto Risk Parity,BTC-USD,0.1306
2023-07-26,Crypto Risk Parity,EOS-USD,0.089019
2023-07-26,Crypto Risk Parity,ETC-USD,0.075929
2023-07-26,Crypto Risk Parity,ETH-USD,0.098236
2023-07-26,Crypto Risk Parity,LTC-USD,0.093891
2023-07-26,Crypto Risk Parity,TRX-USD,0.148535
2023-07-26,Crypto Risk Parity,XLM-USD,0.091652
2023-07-26,Crypto Risk Parity,XRP-USD,0.088185
2023-08-16,Crypto Risk Parity,ADA-USD,0.088994
2023-08-16,Crypto Risk Parity,BCH-USD,0.095418
2023-08-16,Crypto Risk Parity,BTC-USD,0.131383
2023-08-16,Crypto Risk Parity,EOS-USD,0.089196
2023-08-16,Crypto Risk Parity,ETC-USD,0.077093
2023-08-16,Crypto Risk Parity,ETH-USD,0.098224
2023-08-16,Crypto Risk Parity,LTC-USD,0.09329
2023-08-16,Crypto Risk Parity,TRX-USD,0.14785
2023-08-16,Crypto Risk Parity,XLM-USD,0.091239
2023-08-16,Crypto Risk Parity,XRP-USD,0.087314
2023-09-06,Crypto Risk Parity,ADA-USD,0.089696
2023-09-06,Crypto Risk Parity,BCH-USD,0.093919
2023-09-06,Crypto Risk Parity,BTC-USD,0.130265
2023-09-06,Crypto Risk Parity,EOS-USD,0.090007
2023-09-06,Crypto Risk Parity,ETC-USD,0.077665
2023-09-06,Crypto Risk Parity,ETH-USD,0.097709
2023-09-06,Crypto Risk Parity,LTC-USD,0.092781
2023-09-06,Crypto Risk Parity,TRX-USD,0.150948
2023-09-06,Crypto Risk Parity,XLM-USD,0.090603
2023-09-06,Crypto Risk Parity,XRP-USD,0.086407
2023-09-27,Crypto Risk Parity,ADA-USD,0.091431
2023-09-27,Crypto Risk Parity,BCH-USD,0.092337
2023-09-27,Crypto Risk Parity,BTC-USD,0.127655
2023-09-27,Crypto Risk Parity,EOS-USD,0.089588
2023-09-27,Crypto Risk Parity,ETC-USD,0.076671
2023-09-27,Crypto Risk Parity,ETH-USD,0.094461
2023-09-27,Crypto Risk Parity,LTC-USD,0.091874
2023-09-27,Crypto Risk Parity,TRX-USD,0.162393
2023-09-27,Crypto Risk Parity,XLM-USD,0.088655
2023-09-27,Crypto Risk Parity,XRP-USD,0.084934
2023-10-18,Crypto Risk Parity,ADA-USD,0.095499
2023-10-18,Crypto Risk Parity,BCH-USD,0.091365
2023-10-18,Crypto Risk Parity,BTC-USD,0.126204
2023-10-18,Crypto Risk Parity,EOS-USD,0.089088
2023-10-18,Crypto Risk Parity,ETC-USD,0.075328
2023-10-18,Crypto Risk Parity,ETH-USD,0.093718
2023-10-18,Crypto Risk Parity,LTC-USD,0.091994
2023-10-18,Crypto Risk Parity,TRX-USD,0.164307
2023-10-18,Crypto Risk Parity,XLM-USD,0.088915
2023-10-18,Crypto Risk Parity,XRP-USD,0.083582
2023-11-08,Crypto Risk Parity,ADA-USD,0.094112
2023-11-08,Crypto Risk Parity,BCH-USD,0.090405
2023-11-08,Crypto Risk Parity,BTC-USD,0.128221
2023-11-08,Crypto Risk Parity,EOS-USD,0.087451
2023-11-08,Crypto Risk Parity,ETC-USD,0.074428
2023-11-08,Crypto Risk Parity,ETH-USD,0.095523
2023-11-08,Crypto Risk Parity,LTC-USD,0.092097
2023-11-08,Crypto Risk Parity,TRX-USD,0.171029
2023-11-08,Crypto Risk Parity,XLM-USD,0.086263
2023-11-08,Crypto Risk Parity,XRP-USD,0.080472
2023-11-29,Crypto Risk Parity,ADA-USD,0.09399
2023-11-29,Crypto Risk Parity,BCH-USD,0.091478
2023-11-29,Crypto Risk Parity,BTC-USD,0.128435
2023-11-29,Crypto Risk Parity,EOS-USD,0.0872
2023-11-29,Crypto Risk Parity,ETC-USD,0.074239
2023-11-29,Crypto Risk Parity,ETH-USD,0.097162
2023-11-29,Crypto Risk Parity,LTC-USD,0.092933
2023-11-29,Crypto Risk Parity,TRX-USD,0.166873
2023-11-29,Crypto Risk Parity,XLM-USD,0.087036
2023-11-29,Crypto Risk Parity,XRP-USD,0.080654
2023-12-20,Crypto Risk Parity,ADA-USD,0.089901
2023-12-20,Crypto Risk Parity,BCH-USD,0.092895
2023-12-20,Crypto Risk Parity,BTC-USD,0.127222
2023-12-20,Crypto Risk Parity,EOS-USD,0.085949
2023-12-20,Crypto Risk Parity,ETC-USD,0.082312
2023-12-20,Crypto Risk Parity,ETH-USD,0.101086
2023-12-20,Crypto Risk Parity,LTC-USD,0.092084
2023-12-20,Crypto Risk Parity,TRX-USD,0.164131
2023-12-20,Crypto Risk Parity,XLM-USD,0.085356
2023-12-20,Crypto Risk Parity,XRP-USD,0.079064
2021-12-31,Combined Equal Weight,ABBV,0.016667
2021-12-31,Combined Equal Weight,ABT,0.016667
2021-12-31,Combined Equal Weight,ADA-USD,0.016667
2021-12-31,Combined Equal Weight,ADBE,0.016667
2021-12-31,Combined Equal Weight,AEP,0.016667
2021-12-31,Combined Equal Weight,AMD,0.016667
2021-12-31,Combined Equal Weight,AMGN,0.016667
2021-12-31,Combined Equal Weight,AMT,0.016667
2021-12-31,Combined Equal Weight,BA,0.016667
2021-12-31,Combined Equal Weight,BCH-USD,0.016667
2021-12-31,Combined Equal Weight,BTC-USD,0.016667
2021-12-31,Combined Equal Weight,CAT,0.016667
2021-12-31,Combined Equal Weight,CCI,0.016667
2021-12-31,Combined Equal Weight,CMCSA,0.016667
2021-12-31,Combined Equal Weight,COP,0.016667
2021-12-31,Combined Equal Weight,CVX,0.016667
2021-12-31,Combined Equal Weight,D,0.016667
2021-12-31,Combined Equal Weight,DD,0.016667
2021-12-31,Combined Equal Weight,DIS,0.016667
2021-12-31,Combined Equal Weight,DOW,0.016667
2021-12-31,Combined Equal Weight,DUK,0.016667
2021-12-31,Combined Equal Weight,EA,0.016667
2021-12-31,Combined Equal Weight,EOS-USD,0.016667
2021-12-31,Combined Equal Weight,ETC-USD,0.016667
2021-12-31,Combined Equal Weight,ETH-USD,0.016667
2021-12-31,Combined Equal Weight,GE,0.016667
2021-12-31,Combined Equal Weight,GILD,0.016667
2021-12-31,Combined Equal Weight,GS,0.016667
2021-12-31,Combined Equal Weight,INTC,0.016667
2021-12-31,Combined Equal Weight,KO,0.016667
2021-12-31,Combined Equal Weight,LTC-USD,0.016667
2021-12-31,Combined Equal Weight,MMM,0.016667
2021-12-31,Combined Equal Weight,MRK,0.016667
2021-12-31,Combined Equal Weight,MS,0.016667
2021-12-31,Combined Equal Weight,NEE,0.016667
2021-12-31,Combined Equal Weight,NEM,0.016667
2021-12-31,Combined Equal Weight,NKE,0.016667
2021-12-31,Combined Equal Weight,NUE,0.016667
2021-12-31,Combined Equal Weight,NVDA,0.016667
2021-12-31,Combined Equal Weight,O,0.016667
2021-12-31,Combined Equal Weight,OXY,0.016667
2021-12-31,Combined Equal Weight,PLD,0.016667
2021-12-31,Combined Equal Weight,PSA,0.016667
2021-12-31,Combined Equal Weight,QCOM,0.016667
2021-12-31,Combined Equal Weight,SBUX,0.016667
2021-12-31,Combined Equal Weight,SHW,0.016667
2021-12-31,Combined Equal Weight,SLB,0.016667
2021-12-31,Combined Equal Weight,SO,0.016667
2021-12-31,Combined Equal Weight,T,0.016667
2021-12-31,Combined Equal Weight,TMUS,0.016667
2021-12-31,Combined Equal Weight,TRX-USD,0.016667
2021-12-31,Combined Equal Weight,TTWO,0.016667
2021-12-31,Combined Equal Weight,UPS,0.016667
2021-12-31,Combined Equal Weight,USB,0.016667
2021-12-31,Combined Equal Weight,V,0.016667
2021-12-31,Combined Equal Weight,WFC,0.016667
2021-12-31,Combined Equal Weight,WMT,0.016667
2021-12-31,Combined Equal Weight,XLM-USD,0.016667
2021-12-31,Combined Equal Weight,XOM,0.016667
2021-12-31,Combined Equal Weight,XRP-USD,0.016667
2022-02-01,Combined Equal Weight,ABBV,0.016667
2022-02-01,Combined Equal Weight,ABT,0.016667
2022-02-01,Combined Equal Weight,ADA-USD,0.016667
2022-02-01,Combined Equal Weight,ADBE,0.016667
2022-02-01,Combined Equal Weight,AEP,0.016667
2022-02-01,Combined Equal Weight,AMD,0.016667
2022-02-01,Combined Equal Weight,AMGN,0.016667
2022-02-01,Combined Equal Weight,AMT,0.016667
2022-02-01,Combined Equal Weight,BA,0.016667
2022-02-01,Combined Equal Weight,BCH-USD,0.016667
2022-02-01,Combined Equal Weight,BTC-USD,0.016667
2022-02-01,Combined Equal Weight,CAT,0.016667
2022-02-01,Combined Equal Weight,CCI,0.016667
2022-02-01,Combined Equal Weight,CMCSA,0.016667
2022-02-01,Combined Equal Weight,COP,0.016667
2022-02-01,Combined Equal Weight,CVX,0.016667
2022-02-01,Combined Equal Weight,D,0.016667
2022-02-01,Combined Equal Weight,DD,0.016667
2022-02-01,Combined Equal Weight,DIS,0.016667
2022-02-01,Combined Equal Weight,DOW,0.016667
2022-02-01,Combined Equal Weight,DUK,0.016667
2022-02-01,Combined Equal Weight,EA,0.016667
2022-02-01,Combined Equal Weight,EOS-USD,0.016667
2022-02-01,Combined Equal Weight,ETC-USD,0.016667
2022-02-01,Combined Equal Weight,ETH-USD,0.016667
2022-02-01,Combined Equal Weight,GE,0.016667
2022-02-01,Combined Equal Weight,GILD,0.016667
2022-02-01,Combined Equal Weight,GS,0.016667
2022-02-01,Combined Equal Weight,INTC,0.016667
2022-02-01,Combined Equal Weight,KO,0.016667
2022-02-01,Combined Equal Weight,LTC-USD,0.016667
2022-02-01,Combined Equal Weight,MMM,0.016667
2022-02-01,Combined Equal Weight,MRK,0.016667
2022-02-01,Combined Equal Weight,MS,0.016667
2022-02-01,Combined Equal Weight,NEE,0.016667
2022-02-01,Combined Equal Weight,NEM,0.016667
2022-02-01,Combined Equal Weight,NKE,0.016667
2022-02-01,Combined Equal Weight,NUE,0.016667
2022-02-01,Combined Equal Weight,NVDA,0.016667
2022-02-01,Combined Equal Weight,O,0.016667
2022-02-01,Combined Equal Weight,OXY,0.016667
2022-02-01,Combined Equal Weight,PLD,0.016667
2022-02-01,Combined Equal Weight,PSA,0.016667
2022-02-01,Combined Equal Weight,QCOM,0.016667
2022-02-01,Combined Equal Weight,SBUX,0.016667
2022-02-01,Combined Equal Weight,SHW,0.016667
2022-02-01,Combined Equal Weight,SLB,0.016667
2022-02-01,Combined Equal Weight,SO,0.016667
2022-02-01,Combined Equal Weight,T,0.016667
2022-02-01,Combined Equal Weight,TMUS,0.016667
2022-02-01,Combined Equal Weight,TRX-USD,0.016667
2022-02-01,Combined Equal Weight,TTWO,0.016667
2022-02-01,Combined Equal Weight,UPS,0.016667
2022-02-01,Combined Equal Weight,USB,0.016667
2022-02-01,Combined Equal Weight,V,0.016667
2022-02-01,Combined Equal Weight,WFC,0.016667
2022-02-01,Combined Equal Weight,WMT,0.016667
2022-02-01,Combined Equal Weight,XLM-USD,0.016667
2022-02-01,Combined Equal Weight,XOM,0.016667
2022-02-01,Combined Equal Weight,XRP-USD,0.016667
2022-03-03,Combined Equal Weight,ABBV,0.016667
2022-03-03,Combined Equal Weight,ABT,0.016667
2022-03-03,Combined Equal Weight,ADA-USD,0.016667
2022-03-03,Combined Equal Weight,ADBE,0.016667
2022-03-03,Combined Equal Weight,AEP,0.016667
2022-03-03,Combined Equal Weight,AMD,0.016667
2022-03-03,Combined Equal Weight,AMGN,0.016667
2022-03-03,Combined Equal Weight,AMT,0.016667
2022-03-03,Combined Equal Weight,BA,0.016667
2022-03-03,Combined Equal Weight,BCH-USD,0.016667
2022-03-03,Combined Equal Weight,BTC-USD,0.016667
2022-03-03,Combined Equal Weight,CAT,0.016667
2022-03-03,Combined Equal Weight,CCI,0.016667
2022-03-03,Combined Equal Weight,CMCSA,0.016667
2022-03-03,Combined Equal Weight,COP,0.016667
2022-03-03,Combined Equal Weight,CVX,0.016667
2022-03-03,Combined Equal Weight,D,0.016667
2022-03-03,Combined Equal Weight,DD,0.016667
2022-03-03,Combined Equal Weight,DIS,0.016667
2022-03-03,Combined Equal Weight,DOW,0.016667
2022-03-03,Combined Equal Weight,DUK,0.016667
2022-03-03,Combined Equal Weight,EA,0.016667
2022-03-03,Combined Equal Weight,EOS-USD,0.016667
2022-03-03,Combined Equal Weight,ETC-USD,0.016667
2022-03-03,Combined Equal Weight,ETH-USD,0.016667
2022-03-03,Combined Equal Weight,GE,0.016667
2022-03-03,Combined Equal Weight,GILD,0.016667
2022-03-03,Combined Equal Weight,GS,0.016667
2022-03-03,Combined Equal Weight,INTC,0.016667
2022-03-03,Combined Equal Weight,KO,0.016667
2022-03-03,Combined Equal Weight,LTC-USD,0.016667
2022-03-03,Combined Equal Weight,MMM,0.016667
2022-03-03,Combined Equal Weight,MRK,0.016667
2022-03-03,Combined Equal Weight,MS,0.016667
2022-03-03,Combined Equal Weight,NEE,0.016667
2022-03-03,Combined Equal Weight,NEM,0.016667
2022-03-03,Combined Equal Weight,NKE,0.016667
2022-03-03,Combined Equal Weight,NUE,0.016667
2022-03-03,Combined Equal Weight,NVDA,0.016667
2022-03-03,Combined Equal Weight,O,0.016667
2022-03-03,Combined Equal Weight,OXY,0.016667
2022-03-03,Combined Equal Weight,PLD,0.016667
2022-03-03,Combined Equal Weight,PSA,0.016667
2022-03-03,Combined Equal Weight,QCOM,0.016667
2022-03-03,Combined Equal Weight,SBUX,0.016667
2022-03-03,Combined Equal Weight,SHW,0.016667
2022-03-03,Combined Equal Weight,SLB,0.016667
2022-03-03,Combined Equal Weight,SO,0.016667
2022-03-03,Combined Equal Weight,T,0.016667
2022-03-03,Combined Equal Weight,TMUS,0.016667
2022-03-03,Combined Equal Weight,TRX-USD,0.016667
2022-03-03,Combined Equal Weight,TTWO,0.016667
2022-03-03,Combined Equal Weight,UPS,0.016667
2022-03-03,Combined Equal Weight,USB,0.016667
2022-03-03,Combined Equal Weight,V,0.016667
2022-03-03,Combined Equal Weight,WFC,0.016667
2022-03-03,Combined Equal Weight,WMT,0.016667
2022-03-03,Combined Equal Weight,XLM-USD,0.016667
2022-03-03,Combined Equal Weight,XOM,0.016667
2022-03-03,Combined Equal Weight,XRP-USD,0.016667
2022-04-01,Combined Equal Weight,ABBV,0.016667
2022-04-01,Combined Equal Weight,ABT,0.016667
2022-04-01,Combined Equal Weight,ADA-USD,0.016667
2022-04-01,Combined Equal Weight,ADBE,0.016667
2022-04-01,Combined Equal Weight,AEP,0.016667
2022-04-01,Combined Equal Weight,AMD,0.016667
2022-04-01,Combined Equal Weight,AMGN,0.016667
2022-04-01,Combined Equal Weight,AMT,0.016667
2022-04-01,Combined Equal Weight,BA,0.016667
2022-04-01,Combined Equal Weight,BCH-USD,0.016667
2022-04-01,Combined Equal Weight,BTC-USD,0.016667
2022-04-01,Combined Equal Weight,CAT,0.016667
2022-04-01,Combined Equal Weight,CCI,0.016667
2022-04-01,Combined Equal Weight,CMCSA,0.016667
2022-04-01,Combined Equal Weight,COP,0.016667
2022-04-01,Combined Equal Weight,CVX,0.016667
2022-04-01,Combined Equal Weight,D,0.016667
2022-04-01,Combined Equal Weight,DD,0.016667
2022-04-01,Combined Equal Weight,DIS,0.016667
2022-04-01,Combined Equal Weight,DOW,0.016667
2022-04-01,Combined Equal Weight,DUK,0.016667
2022-04-01,Combined Equal Weight,EA,0.016667
2022-04-01,Combined Equal Weight,EOS-USD,0.016667
2022-04-01,Combined Equal Weight,ETC-USD,0.016667
2022-04-01,Combined Equal Weight,ETH-USD,0.016667
2022-04-01,Combined Equal Weight,GE,0.016667
2022-04-01,Combined Equal Weight,GILD,0.016667
2022-04-01,Combined Equal Weight,GS,0.016667
2022-04-01,Combined Equal Weight,INTC,0.016667
2022-04-01,Combined Equal Weight,KO,0.016667
2022-04-01,Combined Equal Weight,LTC-USD,0.016667
2022-04-01,Combined Equal Weight,MMM,0.016667
2022-04-01,Combined Equal Weight,MRK,0.016667
2022-04-01,Combined Equal Weight,MS,0.016667
2022-04-01,Combined Equal Weight,NEE,0.016667
2022-04-01,Combined Equal Weight,NEM,0.016667
2022-04-01,Combined Equal Weight,NKE,0.016667
2022-04-01,Combined Equal Weight,NUE,0.016667
2022-04-01,Combined Equal Weight,NVDA,0.016667
2022-04-01,Combined Equal Weight,O,0.016667
2022-04-01,Combined Equal Weight,OXY,0.016667
2022-04-01,Combined Equal Weight,PLD,0.016667
2022-04-01,Combined Equal Weight,PSA,0.016667
2022-04-01,Combined Equal Weight,QCOM,0.016667
2022-04-01,Combined Equal Weight,SBUX,0.016667
2022-04-01,Combined Equal Weight,SHW,0.016667
2022-04-01,Combined Equal Weight,SLB,0.016667
2022-04-01,Combined Equal Weight,SO,0.016667
2022-04-01,Combined Equal Weight,T,0.016667
2022-04-01,Combined Equal Weight,TMUS,0.016667
2022-04-01,Combined Equal Weight,TRX-USD,0.016667
2022-04-01,Combined Equal Weight,TTWO,0.016667
2022-04-01,Combined Equal Weight,UPS,0.016667
2022-04-01,Combined Equal Weight,USB,0.016667
2022-04-01,Combined Equal Weight,V,0.016667
2022-04-01,Combined Equal Weight,WFC,0.016667
2022-04-01,Combined Equal Weight,WMT,0.016667
2022-04-01,Combined Equal Weight,XLM-USD,0.016667
2022-04-01,Combined Equal Weight,XOM,0.016667
2022-04-01,Combined Equal Weight,XRP-USD,0.016667
2022-05-03,Combined Equal Weight,ABBV,0.016667
2022-05-03,Combined Equal Weight,ABT,0.016667
2022-05-03,Combined Equal Weight,ADA-USD,0.016667
2022-05-03,Combined Equal Weight,ADBE,0.016667
2022-05-03,Combined Equal Weight,AEP,0.016667
2022-05-03,Combined Equal Weight,AMD,0.016667
2022-05-03,Combined Equal Weight,AMGN,0.016667
2022-05-03,Combined Equal Weight,AMT,0.016667
2022-05-03,Combined Equal Weight,BA,0.016667
2022-05-03,Combined Equal Weight,BCH-USD,0.016667
2022-05-03,Combined Equal Weight,BTC-USD,0.016667
2022-05-03,Combined Equal Weight,CAT,0.016667
2022-05-03,Combined Equal Weight,CCI,0.016667
2022-05-03,Combined Equal Weight,CMCSA,0.016667
2022-05-03,Combined Equal Weight,COP,0.016667
2022-05-03,Combined Equal Weight,CVX,0.016667
2022-05-03,Combined Equal Weight,D,0.016667
2022-05-03,Combined Equal Weight,DD,0.016667
2022-05-03,Combined Equal Weight,DIS,0.016667
2022-05-03,Combined Equal Weight,DOW,0.016667
2022-05-03,Combined Equal Weight,DUK,0.016667
2022-05-03,Combined Equal Weight,EA,0.016667
2022-05-03,Combined Equal Weight,EOS-USD,0.016667
2022-05-03,Combined Equal Weight,ETC-USD,0.016667
2022-05-03,Combined Equal Weight,ETH-USD,0.016667
2022-05-03,Combined Equal Weight,GE,0.016667
2022-05-03,Combined Equal Weight,GILD,0.016667
2022-05-03,Combined Equal Weight,GS,0.016667
2022-05-03,Combined Equal Weight,INTC,0.016667
2022-05-03,Combined Equal Weight,KO,0.016667
2022-05-03,Combined Equal Weight,LTC-USD,0.016667
2022-05-03,Combined Equal Weight,MMM,0.016667
2022-05-03,Combined Equal Weight,MRK,0.016667
2022-05-03,Combined Equal Weight,MS,0.016667
2022-05-03,Combined Equal Weight,NEE,0.016667
2022-05-03,Combined Equal Weight,NEM,0.016667
2022-05-03,Combined Equal Weight,NKE,0.016667
2022-05-03,Combined Equal Weight,NUE,0.016667
2022-05-03,Combined Equal Weight,NVDA,0.016667
2022-05-03,Combined Equal Weight,O,0.016667
2022-05-03,Combined Equal Weight,OXY,0.016667
2022-05-03,Combined Equal Weight,PLD,0.016667
2022-05-03,Combined Equal Weight,PSA,0.016667
2022-05-03,Combined Equal Weight,QCOM,0.016667
2022-05-03,Combined Equal Weight,SBUX,0.016667
2022-05-03,Combined Equal Weight,SHW,0.016667
2022-05-03,Combined Equal Weight,SLB,0.016667
2022-05-03,Combined Equal Weight,SO,0.016667
2022-05-03,Combined Equal Weight,T,0.016667
2022-05-03,Combined Equal Weight,TMUS,0.016667
2022-05-03,Combined Equal Weight,TRX-USD,0.016667
2022-05-03,Combined Equal Weight,TTWO,0.016667
2022-05-03,Combined Equal Weight,UPS,0.016667
2022-05-03,Combined Equal Weight,USB,0.016667
2022-05-03,Combined Equal Weight,V,0.016667
2022-05-03,Combined Equal Weight,WFC,0.016667
2022-05-03,Combined Equal Weight,WMT,0.016667
2022-05-03,Combined Equal Weight,XLM-USD,0.016667
2022-05-03,Combined Equal Weight,XOM,0.016667
2022-05-03,Combined Equal Weight,XRP-USD,0.016667
2022-06-02,Combined Equal Weight,ABBV,0.016667
2022-06-02,Combined Equal Weight,ABT,0.016667
2022-06-02,Combined Equal Weight,ADA-USD,0.016667
2022-06-02,Combined Equal Weight,ADBE,0.016667
2022-06-02,Combined Equal Weight,AEP,0.016667
2022-06-02,Combined Equal Weight,AMD,0.016667
2022-06-02,Combined Equal Weight,AMGN,0.016667
2022-06-02,Combined Equal Weight,AMT,0.016667
2022-06-02,Combined Equal Weight,BA,0.016667
2022-06-02,Combined Equal Weight,BCH-USD,0.016667
2022-06-02,Combined Equal Weight,BTC-USD,0.016667
2022-06-02,Combined Equal Weight,CAT,0.016667
2022-06-02,Combined Equal Weight,CCI,0.016667
2022-06-02,Combined Equal Weight,CMCSA,0.016667
2022-06-02,Combined Equal Weight,COP,0.016667
2022-06-02,Combined Equal Weight,CVX,0.016667
2022-06-02,Combined Equal Weight,D,0.016667
2022-06-02,Combined Equal Weight,DD,0.016667
2022-06-02,Combined Equal Weight,DIS,0.016667
2022-06-02,Combined Equal Weight,DOW,0.016667
2022-06-02,Combined Equal Weight,DUK,0.016667
2022-06-02,Combined Equal Weight,EA,0.016667
2022-06-02,Combined Equal Weight,EOS-USD,0.016667
2022-06-02,Combined Equal Weight,ETC-USD,0.016667
2022-06-02,Combined Equal Weight,ETH-USD,0.016667
2022-06-02,Combined Equal Weight,GE,0.016667
2022-06-02,Combined Equal Weight,GILD,0.016667
2022-06-02,Combined Equal Weight,GS,0.016667
2022-06-02,Combined Equal Weight,INTC,0.016667
2022-06-02,Combined Equal Weight,KO,0.016667
2022-06-02,Combined Equal Weight,LTC-USD,0.016667
2022-06-02,Combined Equal Weight,MMM,0.016667
2022-06-02,Combined Equal Weight,MRK,0.016667
2022-06-02,Combined Equal Weight,MS,0.016667
2022-06-02,Combined Equal Weight,NEE,0.016667
2022-06-02,Combined Equal Weight,NEM,0.016667
2022-06-02,Combined Equal Weight,NKE,0.016667
2022-06-02,Combined Equal Weight,NUE,0.016667
2022-06-02,Combined Equal Weight,NVDA,0.016667
2022-06-02,Combined Equal Weight,O,0.016667
2022-06-02,Combined Equal Weight,OXY,0.016667
2022-06-02,Combined Equal Weight,PLD,0.016667
2022-06-02,Combined Equal Weight,PSA,0.016667
2022-06-02,Combined Equal Weight,QCOM,0.016667
2022-06-02,Combined Equal Weight,SBUX,0.016667
2022-06-02,Combined Equal Weight,SHW,0.016667
2022-06-02,Combined Equal Weight,SLB,0.016667
2022-06-02,Combined Equal Weight,SO,0.016667
2022-06-02,Combined Equal Weight,T,0.016667
2022-06-02,Combined Equal Weight,TMUS,0.016667
2022-06-02,Combined Equal Weight,TRX-USD,0.016667
2022-06-02,Combined Equal Weight,TTWO,0.016667
2022-06-02,Combined Equal Weight,UPS,0.016667
2022-06-02,Combined Equal Weight,USB,0.016667
2022-06-02,Combined Equal Weight,V,0.016667
2022-06-02,Combined Equal Weight,WFC,0.016667
2022-06-02,Combined Equal Weight,WMT,0.016667
2022-06-02,Combined Equal Weight,XLM-USD,0.016667
2022-06-02,Combined Equal Weight,XOM,0.016667
2022-06-02,Combined Equal Weight,XRP-USD,0.016667
2022-07-05,Combined Equal Weight,ABBV,0.016667
2022-07-05,Combined Equal Weight,ABT,0.016667
2022-07-05,Combined Equal Weight,ADA-USD,0.016667
2022-07-05,Combined Equal Weight,ADBE,0.016667
2022-07-05,Combined Equal Weight,AEP,0.016667
2022-07-05,Combined Equal Weight,AMD,0.016667
2022-07-05,Combined Equal Weight,AMGN,0.016667
2022-07-05,Combined Equal Weight,AMT,0.016667
2022-07-05,Combined Equal Weight,BA,0.016667
2022-07-05,Combined Equal Weight,BCH-USD,0.016667
2022-07-05,Combined Equal Weight,BTC-USD,0.016667
2022-07-05,Combined Equal Weight,CAT,0.016667
2022-07-05,Combined Equal Weight,CCI,0.016667
2022-07-05,Combined Equal Weight,CMCSA,0.016667
2022-07-05,Combined Equal Weight,COP,0.016667
2022-07-05,Combined Equal Weight,CVX,0.016667
2022-07-05,Combined Equal Weight,D,0.016667
2022-07-05,Combined Equal Weight,DD,0.016667
2022-07-05,Combined Equal Weight,DIS,0.016667
2022-07-05,Combined Equal Weight,DOW,0.016667
2022-07-05,Combined Equal Weight,DUK,0.016667
2022-07-05,Combined Equal Weight,EA,0.016667
2022-07-05,Combined Equal Weight,EOS-USD,0.016667
2022-07-05,Combined Equal Weight,ETC-USD,0.016667
2022-07-05,Combined Equal Weight,ETH-USD,0.016667
2022-07-05,Combined Equal Weight,GE,0.016667
2022-07-05,Combined Equal Weight,GILD,0.016667
2022-07-05,Combined Equal Weight,GS,0.016667
2022-07-05,Combined Equal Weight,INTC,0.016667
2022-07-05,Combined Equal Weight,KO,0.016667
2022-07-05,Combined Equal Weight,LTC-USD,0.016667
2022-07-05,Combined Equal Weight,MMM,0.016667
2022-07-05,Combined Equal Weight,MRK,0.016667
2022-07-05,Combined Equal Weight,MS,0.016667
2022-07-05,Combined Equal Weight,NEE,0.016667
2022-07-05,Combined Equal Weight,NEM,0.016667
2022-07-05,Combined Equal Weight,NKE,0.016667
2022-07-05,Combined Equal Weight,NUE,0.016667
2022-07-05,Combined Equal Weight,NVDA,0.016667
2022-07-05,Combined Equal Weight,O,0.016667
2022-07-05,Combined Equal Weight,OXY,0.016667
2022-07-05,Combined Equal Weight,PLD,0.016667
2022-07-05,Combined Equal Weight,PSA,0.016667
2022-07-05,Combined Equal Weight,QCOM,0.016667
2022-07-05,Combined Equal Weight,SBUX,0.016667
2022-07-05,Combined Equal Weight,SHW,0.016667
2022-07-05,Combined Equal Weight,SLB,0.016667
2022-07-05,Combined Equal Weight,SO,0.016667
2022-07-05,Combined Equal Weight,T,0.016667
2022-07-05,Combined Equal Weight,TMUS,0.016667
2022-07-05,Combined Equal Weight,TRX-USD,0.016667
2022-07-05,Combined Equal Weight,TTWO,0.016667
2022-07-05,Combined Equal Weight,UPS,0.016667
2022-07-05,Combined Equal Weight,USB,0.016667
2022-07-05,Combined Equal Weight,V,0.016667
2022-07-05,Combined Equal Weight,WFC,0.016667
2022-07-05,Combined Equal Weight,WMT,0.016667
2022-07-05,Combined Equal Weight,XLM-USD,0.016667
2022-07-05,Combined Equal Weight,XOM,0.016667
2022-07-05,Combined Equal Weight,XRP-USD,0.016667
2022-08-03,Combined Equal Weight,ABBV,0.016667
2022-08-03,Combined Equal Weight,ABT,0.016667
2022-08-03,Combined Equal Weight,ADA-USD,0.016667
2022-08-03,Combined Equal Weight,ADBE,0.016667
2022-08-03,Combined Equal Weight,AEP,0.016667
2022-08-03,Combined Equal Weight,AMD,0.016667
2022-08-03,Combined Equal Weight,AMGN,0.016667
2022-08-03,Combined Equal Weight,AMT,0.016667
2022-08-03,Combined Equal Weight,BA,0.016667
2022-08-03,Combined Equal Weight,BCH-USD,0.016667
2022-08-03,Combined Equal Weight,BTC-USD,0.016667
2022-08-03,Combined Equal Weight,CAT,0.016667
2022-08-03,Combined Equal Weight,CCI,0.016667
2022-08-03,Combined Equal Weight,CMCSA,0.016667
2022-08-03,Combined Equal Weight,COP,0.016667
2022-08-03,Combined Equal Weight,CVX,0.016667
2022-08-03,Combined Equal Weight,D,0.016667
2022-08-03,Combined Equal Weight,DD,0.016667
2022-08-03,Combined Equal Weight,DIS,0.016667
2022-08-03,Combined Equal Weight,DOW,0.016667
2022-08-03,Combined Equal Weight,DUK,0.016667
2022-08-03,Combined Equal Weight,EA,0.016667
2022-08-03,Combined Equal Weight,EOS-USD,0.016667
2022-08-03,Combined Equal Weight,ETC-USD,0.016667
2022-08-03,Combined Equal Weight,ETH-USD,0.016667
2022-08-03,Combined Equal Weight,GE,0.016667
2022-08-03,Combined Equal Weight,GILD,0.016667
2022-08-03,Combined Equal Weight,GS,0.016667
2022-08-03,Combined Equal Weight,INTC,0.016667
2022-08-03,Combined Equal Weight,KO,0.016667
2022-08-03,Combined Equal Weight,LTC-USD,0.016667
2022-08-03,Combined Equal Weight,MMM,0.016667
2022-08-03,Combined Equal Weight,MRK,0.016667
2022-08-03,Combined Equal Weight,MS,0.016667
2022-08-03,Combined Equal Weight,NEE,0.016667
2022-08-03,Combined Equal Weight,NEM,0.016667
2022-08-03,Combined Equal Weight,NKE,0.016667
2022-08-03,Combined Equal Weight,NUE,0.016667
2022-08-03,Combined Equal Weight,NVDA,0.016667
2022-08-03,Combined Equal Weight,O,0.016667
2022-08-03,Combined Equal Weight,OXY,0.016667
2022-08-03,Combined Equal Weight,PLD,0.016667
2022-08-03,Combined Equal Weight,PSA,0.016667
2022-08-03,Combined Equal Weight,QCOM,0.016667
2022-08-03,Combined Equal Weight,SBUX,0.016667
2022-08-03,Combined Equal Weight,SHW,0.016667
2022-08-03,Combined Equal Weight,SLB,0.016667
2022-08-03,Combined Equal Weight,SO,0.016667
2022-08-03,Combined Equal Weight,T,0.016667
2022-08-03,Combined Equal Weight,TMUS,0.016667
2022-08-03,Combined Equal Weight,TRX-USD,0.016667
2022-08-03,Combined Equal Weight,TTWO,0.016667
2022-08-03,Combined Equal Weight,UPS,0.016667
2022-08-03,Combined Equal Weight,USB,0.016667
2022-08-03,Combined Equal Weight,V,0.016667
2022-08-03,Combined Equal Weight,WFC,0.016667
2022-08-03,Combined Equal Weight,WMT,0.016667
2022-08-03,Combined Equal Weight,XLM-USD,0.016667
2022-08-03,Combined Equal Weight,XOM,0.016667
2022-08-03,Combined Equal Weight,XRP-USD,0.016667
2022-09-01,Combined Equal Weight,ABBV,0.016667
2022-09-01,Combined Equal Weight,ABT,0.016667
2022-09-01,Combined Equal Weight,ADA-USD,0.016667
2022-09-01,Combined Equal Weight,ADBE,0.016667
2022-09-01,Combined Equal Weight,AEP,0.016667
2022-09-01,Combined Equal Weight,AMD,0.016667
2022-09-01,Combined Equal Weight,AMGN,0.016667
2022-09-01,Combined Equal Weight,AMT,0.016667
2022-09-01,Combined Equal Weight,BA,0.016667
2022-09-01,Combined Equal Weight,BCH-USD,0.016667
2022-09-01,Combined Equal Weight,BTC-USD,0.016667
2022-09-01,Combined Equal Weight,CAT,0.016667
2022-09-01,Combined Equal Weight,CCI,0.016667
2022-09-01,Combined Equal Weight,CMCSA,0.016667
2022-09-01,Combined Equal Weight,COP,0.016667
2022-09-01,Combined Equal Weight,CVX,0.016667
2022-09-01,Combined Equal Weight,D,0.016667
2022-09-01,Combined Equal Weight,DD,0.016667
2022-09-01,Combined Equal Weight,DIS,0.016667
2022-09-01,Combined Equal Weight,DOW,0.016667
2022-09-01,Combined Equal Weight,DUK,0.016667
2022-09-01,Combined Equal Weight,EA,0.016667
2022-09-01,Combined Equal Weight,EOS-USD,0.016667
2022-09-01,Combined Equal Weight,ETC-USD,0.016667
2022-09-01,Combined Equal Weight,ETH-USD,0.016667
2022-09-01,Combined Equal Weight,GE,0.016667
2022-09-01,Combined Equal Weight,GILD,0.016667
2022-09-01,Combined Equal Weight,GS,0.016667
2022-09-01,Combined Equal Weight,INTC,0.016667
2022-09-01,Combined Equal Weight,KO,0.016667
2022-09-01,Combined Equal Weight,LTC-USD,0.016667
2022-09-01,Combined Equal Weight,MMM,0.016667
2022-09-01,Combined Equal Weight,MRK,0.016667
2022-09-01,Combined Equal Weight,MS,0.016667
2022-09-01,Combined Equal Weight,NEE,0.016667
2022-09-01,Combined Equal Weight,NEM,0.016667
2022-09-01,Combined Equal Weight,NKE,0.016667
2022-09-01,Combined Equal Weight,NUE,0.016667
2022-09-01,Combined Equal Weight,NVDA,0.016667
2022-09-01,Combined Equal Weight,O,0.016667
2022-09-01,Combined Equal Weight,OXY,0.016667
2022-09-01,Combined Equal Weight,PLD,0.016667
2022-09-01,Combined Equal Weight,PSA,0.016667
2022-09-01,Combined Equal Weight,QCOM,0.016667
2022-09-01,Combined Equal Weight,SBUX,0.016667
2022-09-01,Combined Equal Weight,SHW,0.016667
2022-09-01,Combined Equal Weight,SLB,0.016667
2022-09-01,Combined Equal Weight,SO,0.016667
2022-09-01,Combined Equal Weight,T,0.016667
2022-09-01,Combined Equal Weight,TMUS,0.016667
2022-09-01,Combined Equal Weight,TRX-USD,0.016667
2022-09-01,Combined Equal Weight,TTWO,0.016667
2022-09-01,Combined Equal Weight,UPS,0.016667
2022-09-01,Combined Equal Weight,USB,0.016667
2022-09-01,Combined Equal Weight,V,0.016667
2022-09-01,Combined Equal Weight,WFC,0.016667
2022-09-01,Combined Equal Weight,WMT,0.016667
2022-09-01,Combined Equal Weight,XLM-USD,0.016667
2022-09-01,Combined Equal Weight,XOM,0.016667
2022-09-01,Combined Equal Weight,XRP-USD,0.016667
2022-10-03,Combined Equal Weight,ABBV,0.016667
2022-10-03,Combined Equal Weight,ABT,0.016667
2022-10-03,Combined Equal Weight,ADA-USD,0.016667
2022-10-03,Combined Equal Weight,ADBE,0.016667
2022-10-03,Combined Equal Weight,AEP,0.016667
2022-10-03,Combined Equal Weight,AMD,0.016667
2022-10-03,Combined Equal Weight,AMGN,0.016667
2022-10-03,Combined Equal Weight,AMT,0.016667
2022-10-03,Combined Equal Weight,BA,0.016667
2022-10-03,Combined Equal Weight,BCH-USD,0.016667
2022-10-03,Combined Equal Weight,BTC-USD,0.016667
2022-10-03,Combined Equal Weight,CAT,0.016667
2022-10-03,Combined Equal Weight,CCI,0.016667
2022-10-03,Combined Equal Weight,CMCSA,0.016667
2022-10-03,Combined Equal Weight,COP,0.016667
2022-10-03,Combined Equal Weight,CVX,0.016667
2022-10-03,Combined Equal Weight,D,0.016667
2022-10-03,Combined Equal Weight,DD,0.016667
2022-10-03,Combined Equal Weight,DIS,0.016667
2022-10-03,Combined Equal Weight,DOW,0.016667
2022-10-03,Combined Equal Weight,DUK,0.016667
2022-10-03,Combined Equal Weight,EA,0.016667
2022-10-03,Combined Equal Weight,EOS-USD,0.016667
2022-10-03,Combined Equal Weight,ETC-USD,0.016667
2022-10-03,Combined Equal Weight,ETH-USD,0.016667
2022-10-03,Combined Equal Weight,GE,0.016667
2022-10-03,Combined Equal Weight,GILD,0.016667
2022-10-03,Combined Equal Weight,GS,0.016667
2022-10-03,Combined Equal Weight,INTC,0.016667
2022-10-03,Combined Equal Weight,KO,0.016667
2022-10-03,Combined Equal Weight,LTC-USD,0.016667
2022-10-03,Combined Equal Weight,MMM,0.016667
2022-10-03,Combined Equal Weight,MRK,0.016667
2022-10-03,Combined Equal Weight,MS,0.016667
2022-10-03,Combined Equal Weight,NEE,0.016667
2022-10-03,Combined Equal Weight,NEM,0.016667
2022-10-03,Combined Equal Weight,NKE,0.016667
2022-10-03,Combined Equal Weight,NUE,0.016667
2022-10-03,Combined Equal Weight,NVDA,0.016667
2022-10-03,Combined Equal Weight,O,0.016667
2022-10-03,Combined Equal Weight,OXY,0.016667
2022-10-03,Combined Equal Weight,PLD,0.016667
2022-10-03,Combined Equal Weight,PSA,0.016667
2022-10-03,Combined Equal Weight,QCOM,0.016667
2022-10-03,Combined Equal Weight,SBUX,0.016667
2022-10-03,Combined Equal Weight,SHW,0.016667
2022-10-03,Combined Equal Weight,SLB,0.016667
2022-10-03,Combined Equal Weight,SO,0.016667
2022-10-03,Combined Equal Weight,T,0.016667
2022-10-03,Combined Equal Weight,TMUS,0.016667
2022-10-03,Combined Equal Weight,TRX-USD,0.016667
2022-10-03,Combined Equal Weight,TTWO,0.016667
2022-10-03,Combined Equal Weight,UPS,0.016667
2022-10-03,Combined Equal Weight,USB,0.016667
2022-10-03,Combined Equal Weight,V,0.016667
2022-10-03,Combined Equal Weight,WFC,0.016667
2022-10-03,Combined Equal Weight,WMT,0.016667
2022-10-03,Combined Equal Weight,XLM-USD,0.016667
2022-10-03,Combined Equal Weight,XOM,0.016667
2022-10-03,Combined Equal Weight,XRP-USD,0.016667
2022-11-01,Combined Equal Weight,ABBV,0.016667
2022-11-01,Combined Equal Weight,ABT,0.016667
2022-11-01,Combined Equal Weight,ADA-USD,0.016667
2022-11-01,Combined Equal Weight,ADBE,0.016667
2022-11-01,Combined Equal Weight,AEP,0.016667
2022-11-01,Combined Equal Weight,AMD,0.016667
2022-11-01,Combined Equal Weight,AMGN,0.016667
2022-11-01,Combined Equal Weight,AMT,0.016667
2022-11-01,Combined Equal Weight,BA,0.016667
2022-11-01,Combined Equal Weight,BCH-USD,0.016667
2022-11-01,Combined Equal Weight,BTC-USD,0.016667
2022-11-01,Combined Equal Weight,CAT,0.016667
2022-11-01,Combined Equal Weight,CCI,0.016667
2022-11-01,Combined Equal Weight,CMCSA,0.016667
2022-11-01,Combined Equal Weight,COP,0.016667
2022-11-01,Combined Equal Weight,CVX,0.016667
2022-11-01,Combined Equal Weight,D,0.016667
2022-11-01,Combined Equal Weight,DD,0.016667
2022-11-01,Combined Equal Weight,DIS,0.016667
2022-11-01,Combined Equal Weight,DOW,0.016667
2022-11-01,Combined Equal Weight,DUK,0.016667
2022-11-01,Combined Equal Weight,EA,0.016667
2022-11-01,Combined Equal Weight,EOS-USD,0.016667
2022-11-01,Combined Equal Weight,ETC-USD,0.016667
2022-11-01,Combined Equal Weight,ETH-USD,0.016667
2022-11-01,Combined Equal Weight,GE,0.016667
2022-11-01,Combined Equal Weight,GILD,0.016667
2022-11-01,Combined Equal Weight,GS,0.016667
2022-11-01,Combined Equal Weight,INTC,0.016667
2022-11-01,Combined Equal Weight,KO,0.016667
2022-11-01,Combined Equal Weight,LTC-USD,0.016667
2022-11-01,Combined Equal Weight,MMM,0.016667
2022-11-01,Combined Equal Weight,MRK,0.016667
2022-11-01,Combined Equal Weight,MS,0.016667
2022-11-01,Combined Equal Weight,NEE,0.016667
2022-11-01,Combined Equal Weight,NEM,0.016667
2022-11-01,Combined Equal Weight,NKE,0.016667
2022-11-01,Combined Equal Weight,NUE,0.016667
2022-11-01,Combined Equal Weight,NVDA,0.016667
2022-11-01,Combined Equal Weight,O,0.016667
2022-11-01,Combined Equal Weight,OXY,0.016667
2022-11-01,Combined Equal Weight,PLD,0.016667
2022-11-01,Combined Equal Weight,PSA,0.016667
2022-11-01,Combined Equal Weight,QCOM,0.016667
2022-11-01,Combined Equal Weight,SBUX,0.016667
2022-11-01,Combined Equal Weight,SHW,0.016667
2022-11-01,Combined Equal Weight,SLB,0.016667
2022-11-01,Combined Equal Weight,SO,0.016667
2022-11-01,Combined Equal Weight,T,0.016667
2022-11-01,Combined Equal Weight,TMUS,0.016667
2022-11-01,Combined Equal Weight,TRX-USD,0.016667
2022-11-01,Combined Equal Weight,TTWO,0.016667
2022-11-01,Combined Equal Weight,UPS,0.016667
2022-11-01,Combined Equal Weight,USB,0.016667
2022-11-01,Combined Equal Weight,V,0.016667
2022-11-01,Combined Equal Weight,WFC,0.016667
2022-11-01,Combined Equal Weight,WMT,0.016667
2022-11-01,Combined Equal Weight,XLM-USD,0.016667
2022-11-01,Combined Equal Weight,XOM,0.016667
2022-11-01,Combined Equal Weight,XRP-USD,0.016667
2022-12-01,Combined Equal Weight,ABBV,0.016667
2022-12-01,Combined Equal Weight,ABT,0.016667
2022-12-01,Combined Equal Weight,ADA-USD,0.016667
2022-12-01,Combined Equal Weight,ADBE,0.016667
2022-12-01,Combined Equal Weight,AEP,0.016667
2022-12-01,Combined Equal Weight,AMD,0.016667
2022-12-01,Combined Equal Weight,AMGN,0.016667
2022-12-01,Combined Equal Weight,AMT,0.016667
2022-12-01,Combined Equal Weight,BA,0.016667
2022-12-01,Combined Equal Weight,BCH-USD,0.016667
2022-12-01,Combined Equal Weight,BTC-USD,0.016667
2022-12-01,Combined Equal Weight,CAT,0.016667
2022-12-01,Combined Equal Weight,CCI,0.016667
2022-12-01,Combined Equal Weight,CMCSA,0.016667
2022-12-01,Combined Equal Weight,COP,0.016667
2022-12-01,Combined Equal Weight,CVX,0.016667
2022-12-01,Combined Equal Weight,D,0.016667
2022-12-01,Combined Equal Weight,DD,0.016667
2022-12-01,Combined Equal Weight,DIS,0.016667
2022-12-01,Combined Equal Weight,DOW,0.016667
2022-12-01,Combined Equal Weight,DUK,0.016667
2022-12-01,Combined Equal Weight,EA,0.016667
2022-12-01,Combined Equal Weight,EOS-USD,0.016667
2022-12-01,Combined Equal Weight,ETC-USD,0.016667
2022-12-01,Combined Equal Weight,ETH-USD,0.016667
2022-12-01,Combined Equal Weight,GE,0.016667
2022-12-01,Combined Equal Weight,GILD,0.016667
2022-12-01,Combined Equal Weight,GS,0.016667
2022-12-01,Combined Equal Weight,INTC,0.016667
2022-12-01,Combined Equal Weight,KO,0.016667
2022-12-01,Combined Equal Weight,LTC-USD,0.016667
2022-12-01,Combined Equal Weight,MMM,0.016667
2022-12-01,Combined Equal Weight,MRK,0.016667
2022-12-01,Combined Equal Weight,MS,0.016667
2022-12-01,Combined Equal Weight,NEE,0.016667
2022-12-01,Combined Equal Weight,NEM,0.016667
2022-12-01,Combined Equal Weight,NKE,0.016667
2022-12-01,Combined Equal Weight,NUE,0.016667
2022-12-01,Combined Equal Weight,NVDA,0.016667
2022-12-01,Combined Equal Weight,O,0.016667
2022-12-01,Combined Equal Weight,OXY,0.016667
2022-12-01,Combined Equal Weight,PLD,0.016667
2022-12-01,Combined Equal Weight,PSA,0.016667
2022-12-01,Combined Equal Weight,QCOM,0.016667
2022-12-01,Combined Equal Weight,SBUX,0.016667
2022-12-01,Combined Equal Weight,SHW,0.016667
2022-12-01,Combined Equal Weight,SLB,0.016667
2022-12-01,Combined Equal Weight,SO,0.016667
2022-12-01,Combined Equal Weight,T,0.016667
2022-12-01,Combined Equal Weight,TMUS,0.016667
2022-12-01,Combined Equal Weight,TRX-USD,0.016667
2022-12-01,Combined Equal Weight,TTWO,0.016667
2022-12-01,Combined Equal Weight,UPS,0.016667
2022-12-01,Combined Equal Weight,USB,0.016667
2022-12-01,Combined Equal Weight,V,0.016667
2022-12-01,Combined Equal Weight,WFC,0.016667
2022-12-01,Combined Equal Weight,WMT,0.016667
2022-12-01,Combined Equal Weight,XLM-USD,0.016667
2022-12-01,Combined Equal Weight,XOM,0.016667
2022-12-01,Combined Equal Weight,XRP-USD,0.016667
2023-01-03,Combined Equal Weight,ABBV,0.016667
2023-01-03,Combined Equal Weight,ABT,0.016667
2023-01-03,Combined Equal Weight,ADA-USD,0.016667
2023-01-03,Combined Equal Weight,ADBE,0.016667
2023-01-03,Combined Equal Weight,AEP,0.016667
2023-01-03,Combined Equal Weight,AMD,0.016667
2023-01-03,Combined Equal Weight,AMGN,0.016667
2023-01-03,Combined Equal Weight,AMT,0.016667
2023-01-03,Combined Equal Weight,BA,0.016667
2023-01-03,Combined Equal Weight,BCH-USD,0.016667
2023-01-03,Combined Equal Weight,BTC-USD,0.016667
2023-01-03,Combined Equal Weight,CAT,0.016667
2023-01-03,Combined Equal Weight,CCI,0.016667
2023-01-03,Combined Equal Weight,CMCSA,0.016667
2023-01-03,Combined Equal Weight,COP,0.016667
2023-01-03,Combined Equal Weight,CVX,0.016667
2023-01-03,Combined Equal Weight,D,0.016667
2023-01-03,Combined Equal Weight,DD,0.016667
2023-01-03,Combined Equal Weight,DIS,0.016667
2023-01-03,Combined Equal Weight,DOW,0.016667
2023-01-03,Combined Equal Weight,DUK,0.016667
2023-01-03,Combined Equal Weight,EA,0.016667
2023-01-03,Combined Equal Weight,EOS-USD,0.016667
2023-01-03,Combined Equal Weight,ETC-USD,0.016667
2023-01-03,Combined Equal Weight,ETH-USD,0.016667
2023-01-03,Combined Equal Weight,GE,0.016667
2023-01-03,Combined Equal Weight,GILD,0.016667
2023-01-03,Combined Equal Weight,GS,0.016667
2023-01-03,Combined Equal Weight,INTC,0.016667
2023-01-03,Combined Equal Weight,KO,0.016667
2023-01-03,Combined Equal Weight,LTC-USD,0.016667
2023-01-03,Combined Equal Weight,MMM,0.016667
2023-01-03,Combined Equal Weight,MRK,0.016667
2023-01-03,Combined Equal Weight,MS,0.016667
2023-01-03,Combined Equal Weight,NEE,0.016667
2023-01-03,Combined Equal Weight,NEM,0.016667
2023-01-03,Combined Equal Weight,NKE,0.016667
2023-01-03,Combined Equal Weight,NUE,0.016667
2023-01-03,Combined Equal Weight,NVDA,0.016667
2023-01-03,Combined Equal Weight,O,0.016667
2023-01-03,Combined Equal Weight,OXY,0.016667
2023-01-03,Combined Equal Weight,PLD,0.016667
2023-01-03,Combined Equal Weight,PSA,0.016667
2023-01-03,Combined Equal Weight,QCOM,0.016667
2023-01-03,Combined Equal Weight,SBUX,0.016667
2023-01-03,Combined Equal Weight,SHW,0.016667
2023-01-03,Combined Equal Weight,SLB,0.016667
2023-01-03,Combined Equal Weight,SO,0.016667
2023-01-03,Combined Equal Weight,T,0.016667
2023-01-03,Combined Equal Weight,TMUS,0.016667
2023-01-03,Combined Equal Weight,TRX-USD,0.016667
2023-01-03,Combined Equal Weight,TTWO,0.016667
2023-01-03,Combined Equal Weight,UPS,0.016667
2023-01-03,Combined Equal Weight,USB,0.016667
2023-01-03,Combined Equal Weight,V,0.016667
2023-01-03,Combined Equal Weight,WFC,0.016667
2023-01-03,Combined Equal Weight,WMT,0.016667
2023-01-03,Combined Equal Weight,XLM-USD,0.016667
2023-01-03,Combined Equal Weight,XOM,0.016667
2023-01-03,Combined Equal Weight,XRP-USD,0.016667
2023-02-02,Combined Equal Weight,ABBV,0.016667
2023-02-02,Combined Equal Weight,ABT,0.016667
2023-02-02,Combined Equal Weight,ADA-USD,0.016667
2023-02-02,Combined Equal Weight,ADBE,0.016667
2023-02-02,Combined Equal Weight,AEP,0.016667
2023-02-02,Combined Equal Weight,AMD,0.016667
2023-02-02,Combined Equal Weight,AMGN,0.016667
2023-02-02,Combined Equal Weight,AMT,0.016667
2023-02-02,Combined Equal Weight,BA,0.016667
2023-02-02,Combined Equal Weight,BCH-USD,0.016667
2023-02-02,Combined Equal Weight,BTC-USD,0.016667
2023-02-02,Combined Equal Weight,CAT,0.016667
2023-02-02,Combined Equal Weight,CCI,0.016667
2023-02-02,Combined Equal Weight,CMCSA,0.016667
2023-02-02,Combined Equal Weight,COP,0.016667
2023-02-02,Combined Equal Weight,CVX,0.016667
2023-02-02,Combined Equal Weight,D,0.016667
2023-02-02,Combined Equal Weight,DD,0.016667
2023-02-02,Combined Equal Weight,DIS,0.016667
2023-02-02,Combined Equal Weight,DOW,0.016667
2023-02-02,Combined Equal Weight,DUK,0.016667
2023-02-02,Combined Equal Weight,EA,0.016667
2023-02-02,Combined Equal Weight,EOS-USD,0.016667
2023-02-02,Combined Equal Weight,ETC-USD,0.016667
2023-02-02,Combined Equal Weight,ETH-USD,0.016667
2023-02-02,Combined Equal Weight,GE,0.016667
2023-02-02,Combined Equal Weight,GILD,0.016667
2023-02-02,Combined Equal Weight,GS,0.016667
2023-02-02,Combined Equal Weight,INTC,0.016667
2023-02-02,Combined Equal Weight,KO,0.016667
2023-02-02,Combined Equal Weight,LTC-USD,0.016667
2023-02-02,Combined Equal Weight,MMM,0.016667
2023-02-02,Combined Equal Weight,MRK,0.016667
2023-02-02,Combined Equal Weight,MS,0.016667
2023-02-02,Combined Equal Weight,NEE,0.016667
2023-02-02,Combined Equal Weight,NEM,0.016667
2023-02-02,Combined Equal Weight,NKE,0.016667
2023-02-02,Combined Equal Weight,NUE,0.016667
2023-02-02,Combined Equal Weight,NVDA,0.016667
2023-02-02,Combined Equal Weight,O,0.016667
2023-02-02,Combined Equal Weight,OXY,0.016667
2023-02-02,Combined Equal Weight,PLD,0.016667
2023-02-02,Combined Equal Weight,PSA,0.016667
2023-02-02,Combined Equal Weight,QCOM,0.016667
2023-02-02,Combined Equal Weight,SBUX,0.016667
2023-02-02,Combined Equal Weight,SHW,0.016667
2023-02-02,Combined Equal Weight,SLB,0.016667
2023-02-02,Combined Equal Weight,SO,0.016667
2023-02-02,Combined Equal Weight,T,0.016667
2023-02-02,Combined Equal Weight,TMUS,0.016667
2023-02-02,Combined Equal Weight,TRX-USD,0.016667
2023-02-02,Combined Equal Weight,TTWO,0.016667
2023-02-02,Combined Equal Weight,UPS,0.016667
2023-02-02,Combined Equal Weight,USB,0.016667
2023-02-02,Combined Equal Weight,V,0.016667
2023-02-02,Combined Equal Weight,WFC,0.016667
2023-02-02,Combined Equal Weight,WMT,0.016667
2023-02-02,Combined Equal Weight,XLM-USD,0.016667
2023-02-02,Combined Equal Weight,XOM,0.016667
2023-02-02,Combined Equal Weight,XRP-USD,0.016667
2023-03-06,Combined Equal Weight,ABBV,0.016667
2023-03-06,Combined Equal Weight,ABT,0.016667
2023-03-06,Combined Equal Weight,ADA-USD,0.016667
2023-03-06,Combined Equal Weight,ADBE,0.016667
2023-03-06,Combined Equal Weight,AEP,0.016667
2023-03-06,Combined Equal Weight,AMD,0.016667
2023-03-06,Combined Equal Weight,AMGN,0.016667
2023-03-06,Combined Equal Weight,AMT,0.016667
2023-03-06,Combined Equal Weight,BA,0.016667
2023-03-06,Combined Equal Weight,BCH-USD,0.016667
2023-03-06,Combined Equal Weight,BTC-USD,0.016667
2023-03-06,Combined Equal Weight,CAT,0.016667
2023-03-06,Combined Equal Weight,CCI,0.016667
2023-03-06,Combined Equal Weight,CMCSA,0.016667
2023-03-06,Combined Equal Weight,COP,0.016667
2023-03-06,Combined Equal Weight,CVX,0.016667
2023-03-06,Combined Equal Weight,D,0.016667
2023-03-06,Combined Equal Weight,DD,0.016667
2023-03-06,Combined Equal Weight,DIS,0.016667
2023-03-06,Combined Equal Weight,DOW,0.016667
2023-03-06,Combined Equal Weight,DUK,0.016667
2023-03-06,Combined Equal Weight,EA,0.016667
2023-03-06,Combined Equal Weight,EOS-USD,0.016667
2023-03-06,Combined Equal Weight,ETC-USD,0.016667
2023-03-06,Combined Equal Weight,ETH-USD,0.016667
2023-03-06,Combined Equal Weight,GE,0.016667
2023-03-06,Combined Equal Weight,GILD,0.016667
2023-03-06,Combined Equal Weight,GS,0.016667
2023-03-06,Combined Equal Weight,INTC,0.016667
2023-03-06,Combined Equal Weight,KO,0.016667
2023-03-06,Combined Equal Weight,LTC-USD,0.016667
2023-03-06,Combined Equal Weight,MMM,0.016667
2023-03-06,Combined Equal Weight,MRK,0.016667
2023-03-06,Combined Equal Weight,MS,0.016667
2023-03-06,Combined Equal Weight,NEE,0.016667
2023-03-06,Combined Equal Weight,NEM,0.016667
2023-03-06,Combined Equal Weight,NKE,0.016667
2023-03-06,Combined Equal Weight,NUE,0.016667
2023-03-06,Combined Equal Weight,NVDA,0.016667
2023-03-06,Combined Equal Weight,O,0.016667
2023-03-06,Combined Equal Weight,OXY,0.016667
2023-03-06,Combined Equal Weight,PLD,0.016667
2023-03-06,Combined Equal Weight,PSA,0.016667
2023-03-06,Combined Equal Weight,QCOM,0.016667
2023-03-06,Combined Equal Weight,SBUX,0.016667
2023-03-06,Combined Equal Weight,SHW,0.016667
2023-03-06,Combined Equal Weight,SLB,0.016667
2023-03-06,Combined Equal Weight,SO,0.016667
2023-03-06,Combined Equal Weight,T,0.016667
2023-03-06,Combined Equal Weight,TMUS,0.016667
2023-03-06,Combined Equal Weight,TRX-USD,0.016667
2023-03-06,Combined Equal Weight,TTWO,0.016667
2023-03-06,Combined Equal Weight,UPS,0.016667
2023-03-06,Combined Equal Weight,USB,0.016667
2023-03-06,Combined Equal Weight,V,0.016667
2023-03-06,Combined Equal Weight,WFC,0.016667
2023-03-06,Combined Equal Weight,WMT,0.016667
2023-03-06,Combined Equal Weight,XLM-USD,0.016667
2023-03-06,Combined Equal Weight,XOM,0.016667
2023-03-06,Combined Equal Weight,XRP-USD,0.016667
2023-04-04,Combined Equal Weight,ABBV,0.016667
2023-04-04,Combined Equal Weight,ABT,0.016667
2023-04-04,Combined Equal Weight,ADA-USD,0.016667
2023-04-04,Combined Equal Weight,ADBE,0.016667
2023-04-04,Combined Equal Weight,AEP,0.016667
2023-04-04,Combined Equal Weight,AMD,0.016667
2023-04-04,Combined Equal Weight,AMGN,0.016667
2023-04-04,Combined Equal Weight,AMT,0.016667
2023-04-04,Combined Equal Weight,BA,0.016667
2023-04-04,Combined Equal Weight,BCH-USD,0.016667
2023-04-04,Combined Equal Weight,BTC-USD,0.016667
2023-04-04,Combined Equal Weight,CAT,0.016667
2023-04-04,Combined Equal Weight,CCI,0.016667
2023-04-04,Combined Equal Weight,CMCSA,0.016667
2023-04-04,Combined Equal Weight,COP,0.016667
2023-04-04,Combined Equal Weight,CVX,0.016667
2023-04-04,Combined Equal Weight,D,0.016667
2023-04-04,Combined Equal Weight,DD,0.016667
2023-04-04,Combined Equal Weight,DIS,0.016667
2023-04-04,Combined Equal Weight,DOW,0.016667
2023-04-04,Combined Equal Weight,DUK,0.016667
2023-04-04,Combined Equal Weight,EA,0.016667
2023-04-04,Combined Equal Weight,EOS-USD,0.016667
2023-04-04,Combined Equal Weight,ETC-USD,0.016667
2023-04-04,Combined Equal Weight,ETH-USD,0.016667
2023-04-04,Combined Equal Weight,GE,0.016667
2023-04-04,Combined Equal Weight,GILD,0.016667
2023-04-04,Combined Equal Weight,GS,0.016667
2023-04-04,Combined Equal Weight,INTC,0.016667
2023-04-04,Combined Equal Weight,KO,0.016667
2023-04-04,Combined Equal Weight,LTC-USD,0.016667
2023-04-04,Combined Equal Weight,MMM,0.016667
2023-04-04,Combined Equal Weight,MRK,0.016667
2023-04-04,Combined Equal Weight,MS,0.016667
2023-04-04,Combined Equal Weight,NEE,0.016667
2023-04-04,Combined Equal Weight,NEM,0.016667
2023-04-04,Combined Equal Weight,NKE,0.016667
2023-04-04,Combined Equal Weight,NUE,0.016667
2023-04-04,Combined Equal Weight,NVDA,0.016667
2023-04-04,Combined Equal Weight,O,0.016667
2023-04-04,Combined Equal Weight,OXY,0.016667
2023-04-04,Combined Equal Weight,PLD,0.016667
2023-04-04,Combined Equal Weight,PSA,0.016667
2023-04-04,Combined Equal Weight,QCOM,0.016667
2023-04-04,Combined Equal Weight,SBUX,0.016667
2023-04-04,Combined Equal Weight,SHW,0.016667
2023-04-04,Combined Equal Weight,SLB,0.016667
2023-04-04,Combined Equal Weight,SO,0.016667
2023-04-04,Combined Equal Weight,T,0.016667
2023-04-04,Combined Equal Weight,TMUS,0.016667
2023-04-04,Combined Equal Weight,TRX-USD,0.016667
2023-04-04,Combined Equal Weight,TTWO,0.016667
2023-04-04,Combined Equal Weight,UPS,0.016667
2023-04-04,Combined Equal Weight,USB,0.016667
2023-04-04,Combined Equal Weight,V,0.016667
2023-04-04,Combined Equal Weight,WFC,0.016667
2023-04-04,Combined Equal Weight,WMT,0.016667
2023-04-04,Combined Equal Weight,XLM-USD,0.016667
2023-04-04,Combined Equal Weight,XOM,0.016667
2023-04-04,Combined Equal Weight,XRP-USD,0.016667
2023-05-04,Combined Equal Weight,ABBV,0.016667
2023-05-04,Combined Equal Weight,ABT,0.016667
2023-05-04,Combined Equal Weight,ADA-USD,0.016667
2023-05-04,Combined Equal Weight,ADBE,0.016667
2023-05-04,Combined Equal Weight,AEP,0.016667
2023-05-04,Combined Equal Weight,AMD,0.016667
2023-05-04,Combined Equal Weight,AMGN,0.016667
2023-05-04,Combined Equal Weight,AMT,0.016667
2023-05-04,Combined Equal Weight,BA,0.016667
2023-05-04,Combined Equal Weight,BCH-USD,0.016667
2023-05-04,Combined Equal Weight,BTC-USD,0.016667
2023-05-04,Combined Equal Weight,CAT,0.016667
2023-05-04,Combined Equal Weight,CCI,0.016667
2023-05-04,Combined Equal Weight,CMCSA,0.016667
2023-05-04,Combined Equal Weight,COP,0.016667
2023-05-04,Combined Equal Weight,CVX,0.016667
2023-05-04,Combined Equal Weight,D,0.016667
2023-05-04,Combined Equal Weight,DD,0.016667
2023-05-04,Combined Equal Weight,DIS,0.016667
2023-05-04,Combined Equal Weight,DOW,0.016667
2023-05-04,Combined Equal Weight,DUK,0.016667
2023-05-04,Combined Equal Weight,EA,0.016667
2023-05-04,Combined Equal Weight,EOS-USD,0.016667
2023-05-04,Combined Equal Weight,ETC-USD,0.016667
2023-05-04,Combined Equal Weight,ETH-USD,0.016667
2023-05-04,Combined Equal Weight,GE,0.016667
2023-05-04,Combined Equal Weight,GILD,0.016667
2023-05-04,Combined Equal Weight,GS,0.016667
2023-05-04,Combined Equal Weight,INTC,0.016667
2023-05-04,Combined Equal Weight,KO,0.016667
2023-05-04,Combined Equal Weight,LTC-USD,0.016667
2023-05-04,Combined Equal Weight,MMM,0.016667
2023-05-04,Combined Equal Weight,MRK,0.016667
2023-05-04,Combined Equal Weight,MS,0.016667
2023-05-04,Combined Equal Weight,NEE,0.016667
2023-05-04,Combined Equal Weight,NEM,0.016667
2023-05-04,Combined Equal Weight,NKE,0.016667
2023-05-04,Combined Equal Weight,NUE,0.016667
2023-05-04,Combined Equal Weight,NVDA,0.016667
2023-05-04,Combined Equal Weight,O,0.016667
2023-05-04,Combined Equal Weight,OXY,0.016667
2023-05-04,Combined Equal Weight,PLD,0.016667
2023-05-04,Combined Equal Weight,PSA,0.016667
2023-05-04,Combined Equal Weight,QCOM,0.016667
2023-05-04,Combined Equal Weight,SBUX,0.016667
2023-05-04,Combined Equal Weight,SHW,0.016667
2023-05-04,Combined Equal Weight,SLB,0.016667
2023-05-04,Combined Equal Weight,SO,0.016667
2023-05-04,Combined Equal Weight,T,0.016667
2023-05-04,Combined Equal Weight,TMUS,0.016667
2023-05-04,Combined Equal Weight,TRX-USD,0.016667
2023-05-04,Combined Equal Weight,TTWO,0.016667
2023-05-04,Combined Equal Weight,UPS,0.016667
2023-05-04,Combined Equal Weight,USB,0.016667
2023-05-04,Combined Equal Weight,V,0.016667
2023-05-04,Combined Equal Weight,WFC,0.016667
2023-05-04,Combined Equal Weight,WMT,0.016667
2023-05-04,Combined Equal Weight,XLM-USD,0.016667
2023-05-04,Combined Equal Weight,XOM,0.016667
2023-05-04,Combined Equal Weight,XRP-USD,0.016667
2023-06-05,Combined Equal Weight,ABBV,0.016667
2023-06-05,Combined Equal Weight,ABT,0.016667
2023-06-05,Combined Equal Weight,ADA-USD,0.016667
2023-06-05,Combined Equal Weight,ADBE,0.016667
2023-06-05,Combined Equal Weight,AEP,0.016667
2023-06-05,Combined Equal Weight,AMD,0.016667
2023-06-05,Combined Equal Weight,AMGN,0.016667
2023-06-05,Combined Equal Weight,AMT,0.016667
2023-06-05,Combined Equal Weight,BA,0.016667
2023-06-05,Combined Equal Weight,BCH-USD,0.016667
2023-06-05,Combined Equal Weight,BTC-USD,0.016667
2023-06-05,Combined Equal Weight,CAT,0.016667
2023-06-05,Combined Equal Weight,CCI,0.016667
2023-06-05,Combined Equal Weight,CMCSA,0.016667
2023-06-05,Combined Equal Weight,COP,0.016667
2023-06-05,Combined Equal Weight,CVX,0.016667
2023-06-05,Combined Equal Weight,D,0.016667
2023-06-05,Combined Equal Weight,DD,0.016667
2023-06-05,Combined Equal Weight,DIS,0.016667
2023-06-05,Combined Equal Weight,DOW,0.016667
2023-06-05,Combined Equal Weight,DUK,0.016667
2023-06-05,Combined Equal Weight,EA,0.016667
2023-06-05,Combined Equal Weight,EOS-USD,0.016667
2023-06-05,Combined Equal Weight,ETC-USD,0.016667
2023-06-05,Combined Equal Weight,ETH-USD,0.016667
2023-06-05,Combined Equal Weight,GE,0.016667
2023-06-05,Combined Equal Weight,GILD,0.016667
2023-06-05,Combined Equal Weight,GS,0.016667
2023-06-05,Combined Equal Weight,INTC,0.016667
2023-06-05,Combined Equal Weight,KO,0.016667
2023-06-05,Combined Equal Weight,LTC-USD,0.016667
2023-06-05,Combined Equal Weight,MMM,0.016667
2023-06-05,Combined Equal Weight,MRK,0.016667
2023-06-05,Combined Equal Weight,MS,0.016667
2023-06-05,Combined Equal Weight,NEE,0.016667
2023-06-05,Combined Equal Weight,NEM,0.016667
2023-06-05,Combined Equal Weight,NKE,0.016667
2023-06-05,Combined Equal Weight,NUE,0.016667
2023-06-05,Combined Equal Weight,NVDA,0.016667
2023-06-05,Combined Equal Weight,O,0.016667
2023-06-05,Combined Equal Weight,OXY,0.016667
2023-06-05,Combined Equal Weight,PLD,0.016667
2023-06-05,Combined Equal Weight,PSA,0.016667
2023-06-05,Combined Equal Weight,QCOM,0.016667
2023-06-05,Combined Equal Weight,SBUX,0.016667
2023-06-05,Combined Equal Weight,SHW,0.016667
2023-06-05,Combined Equal Weight,SLB,0.016667
2023-06-05,Combined Equal Weight,SO,0.016667
2023-06-05,Combined Equal Weight,T,0.016667
2023-06-05,Combined Equal Weight,TMUS,0.016667
2023-06-05,Combined Equal Weight,TRX-USD,0.016667
2023-06-05,Combined Equal Weight,TTWO,0.016667
2023-06-05,Combined Equal Weight,UPS,0.016667
2023-06-05,Combined Equal Weight,USB,0.016667
2023-06-05,Combined Equal Weight,V,0.016667
2023-06-05,Combined Equal Weight,WFC,0.016667
2023-06-05,Combined Equal Weight,WMT,0.016667
2023-06-05,Combined Equal Weight,XLM-USD,0.016667
2023-06-05,Combined Equal Weight,XOM,0.016667
2023-06-05,Combined Equal Weight,XRP-USD,0.016667
2023-07-06,Combined Equal Weight,ABBV,0.016667
2023-07-06,Combined Equal Weight,ABT,0.016667
2023-07-06,Combined Equal Weight,ADA-USD,0.016667
2023-07-06,Combined Equal Weight,ADBE,0.016667
2023-07-06,Combined Equal Weight,AEP,0.016667
2023-07-06,Combined Equal Weight,AMD,0.016667
2023-07-06,Combined Equal Weight,AMGN,0.016667
2023-07-06,Combined Equal Weight,AMT,0.016667
2023-07-06,Combined Equal Weight,BA,0.016667
2023-07-06,Combined Equal Weight,BCH-USD,0.016667
2023-07-06,Combined Equal Weight,BTC-USD,0.016667
2023-07-06,Combined Equal Weight,CAT,0.016667
2023-07-06,Combined Equal Weight,CCI,0.016667
2023-07-06,Combined Equal Weight,CMCSA,0.016667
2023-07-06,Combined Equal Weight,COP,0.016667
2023-07-06,Combined Equal Weight,CVX,0.016667
2023-07-06,Combined Equal Weight,D,0.016667
2023-07-06,Combined Equal Weight,DD,0.016667
2023-07-06,Combined Equal Weight,DIS,0.016667
2023-07-06,Combined Equal Weight,DOW,0.016667
2023-07-06,Combined Equal Weight,DUK,0.016667
2023-07-06,Combined Equal Weight,EA,0.016667
2023-07-06,Combined Equal Weight,EOS-USD,0.016667
2023-07-06,Combined Equal Weight,ETC-USD,0.016667
2023-07-06,Combined Equal Weight,ETH-USD,0.016667
2023-07-06,Combined Equal Weight,GE,0.016667
2023-07-06,Combined Equal Weight,GILD,0.016667
2023-07-06,Combined Equal Weight,GS,0.016667
2023-07-06,Combined Equal Weight,INTC,0.016667
2023-07-06,Combined Equal Weight,KO,0.016667
2023-07-06,Combined Equal Weight,LTC-USD,0.016667
2023-07-06,Combined Equal Weight,MMM,0.016667
2023-07-06,Combined Equal Weight,MRK,0.016667
2023-07-06,Combined Equal Weight,MS,0.016667
2023-07-06,Combined Equal Weight,NEE,0.016667
2023-07-06,Combined Equal Weight,NEM,0.016667
2023-07-06,Combined Equal Weight,NKE,0.016667
2023-07-06,Combined Equal Weight,NUE,0.016667
2023-07-06,Combined Equal Weight,NVDA,0.016667
2023-07-06,Combined Equal Weight,O,0.016667
2023-07-06,Combined Equal Weight,OXY,0.016667
2023-07-06,Combined Equal Weight,PLD,0.016667
2023-07-06,Combined Equal Weight,PSA,0.016667
2023-07-06,Combined Equal Weight,QCOM,0.016667
2023-07-06,Combined Equal Weight,SBUX,0.016667
2023-07-06,Combined Equal Weight,SHW,0.016667
2023-07-06,Combined Equal Weight,SLB,0.016667
2023-07-06,Combined Equal Weight,SO,0.016667
2023-07-06,Combined Equal Weight,T,0.016667
2023-07-06,Combined Equal Weight,TMUS,0.016667
2023-07-06,Combined Equal Weight,TRX-USD,0.016667
2023-07-06,Combined Equal Weight,TTWO,0.016667
2023-07-06,Combined Equal Weight,UPS,0.016667
2023-07-06,Combined Equal Weight,USB,0.016667
2023-07-06,Combined Equal Weight,V,0.016667
2023-07-06,Combined Equal Weight,WFC,0.016667
2023-07-06,Combined Equal Weight,WMT,0.016667
2023-07-06,Combined Equal Weight,XLM-USD,0.016667
2023-07-06,Combined Equal Weight,XOM,0.016667
2023-07-06,Combined Equal Weight,XRP-USD,0.016667
2023-08-04,Combined Equal Weight,ABBV,0.016667
2023-08-04,Combined Equal Weight,ABT,0.016667
2023-08-04,Combined Equal Weight,ADA-USD,0.016667
2023-08-04,Combined Equal Weight,ADBE,0.016667
2023-08-04,Combined Equal Weight,AEP,0.016667
2023-08-04,Combined Equal Weight,AMD,0.016667
2023-08-04,Combined Equal Weight,AMGN,0.016667
2023-08-04,Combined Equal Weight,AMT,0.016667
2023-08-04,Combined Equal Weight,BA,0.016667
2023-08-04,Combined Equal Weight,BCH-USD,0.016667
2023-08-04,Combined Equal Weight,BTC-USD,0.016667
2023-08-04,Combined Equal Weight,CAT,0.016667
2023-08-04,Combined Equal Weight,CCI,0.016667
2023-08-04,Combined Equal Weight,CMCSA,0.016667
2023-08-04,Combined Equal Weight,COP,0.016667
2023-08-04,Combined Equal Weight,CVX,0.016667
2023-08-04,Combined Equal Weight,D,0.016667
2023-08-04,Combined Equal Weight,DD,0.016667
2023-08-04,Combined Equal Weight,DIS,0.016667
2023-08-04,Combined Equal Weight,DOW,0.016667
2023-08-04,Combined Equal Weight,DUK,0.016667
2023-08-04,Combined Equal Weight,EA,0.016667
2023-08-04,Combined Equal Weight,EOS-USD,0.016667
2023-08-04,Combined Equal Weight,ETC-USD,0.016667
2023-08-04,Combined Equal Weight,ETH-USD,0.016667
2023-08-04,Combined Equal Weight,GE,0.016667
2023-08-04,Combined Equal Weight,GILD,0.016667
2023-08-04,Combined Equal Weight,GS,0.016667
2023-08-04,Combined Equal Weight,INTC,0.016667
2023-08-04,Combined Equal Weight,KO,0.016667
2023-08-04,Combined Equal Weight,LTC-USD,0.016667
2023-08-04,Combined Equal Weight,MMM,0.016667
2023-08-04,Combined Equal Weight,MRK,0.016667
2023-08-04,Combined Equal Weight,MS,0.016667
2023-08-04,Combined Equal Weight,NEE,0.016667
2023-08-04,Combined Equal Weight,NEM,0.016667
2023-08-04,Combined Equal Weight,NKE,0.016667
2023-08-04,Combined Equal Weight,NUE,0.016667
2023-08-04,Combined Equal Weight,NVDA,0.016667
2023-08-04,Combined Equal Weight,O,0.016667
2023-08-04,Combined Equal Weight,OXY,0.016667
2023-08-04,Combined Equal Weight,PLD,0.016667
2023-08-04,Combined Equal Weight,PSA,0.016667
2023-08-04,Combined Equal Weight,QCOM,0.016667
2023-08-04,Combined Equal Weight,SBUX,0.016667
2023-08-04,Combined Equal Weight,SHW,0.016667
2023-08-04,Combined Equal Weight,SLB,0.016667
2023-08-04,Combined Equal Weight,SO,0.016667
2023-08-04,Combined Equal Weight,T,0.016667
2023-08-04,Combined Equal Weight,TMUS,0.016667
2023-08-04,Combined Equal Weight,TRX-USD,0.016667
2023-08-04,Combined Equal Weight,TTWO,0.016667
2023-08-04,Combined Equal Weight,UPS,0.016667
2023-08-04,Combined Equal Weight,USB,0.016667
2023-08-04,Combined Equal Weight,V,0.016667
2023-08-04,Combined Equal Weight,WFC,0.016667
2023-08-04,Combined Equal Weight,WMT,0.016667
2023-08-04,Combined Equal Weight,XLM-USD,0.016667
2023-08-04,Combined Equal Weight,XOM,0.016667
2023-08-04,Combined Equal Weight,XRP-USD,0.016667
2023-09-05,Combined Equal Weight,ABBV,0.016667
2023-09-05,Combined Equal Weight,ABT,0.016667
2023-09-05,Combined Equal Weight,ADA-USD,0.016667
2023-09-05,Combined Equal Weight,ADBE,0.016667
2023-09-05,Combined Equal Weight,AEP,0.016667
2023-09-05,Combined Equal Weight,AMD,0.016667
2023-09-05,Combined Equal Weight,AMGN,0.016667
2023-09-05,Combined Equal Weight,AMT,0.016667
2023-09-05,Combined Equal Weight,BA,0.016667
2023-09-05,Combined Equal Weight,BCH-USD,0.016667
2023-09-05,Combined Equal Weight,BTC-USD,0.016667
2023-09-05,Combined Equal Weight,CAT,0.016667
2023-09-05,Combined Equal Weight,CCI,0.016667
2023-09-05,Combined Equal Weight,CMCSA,0.016667
2023-09-05,Combined Equal Weight,COP,0.016667
2023-09-05,Combined Equal Weight,CVX,0.016667
2023-09-05,Combined Equal Weight,D,0.016667
2023-09-05,Combined Equal Weight,DD,0.016667
2023-09-05,Combined Equal Weight,DIS,0.016667
2023-09-05,Combined Equal Weight,DOW,0.016667
2023-09-05,Combined Equal Weight,DUK,0.016667
2023-09-05,Combined Equal Weight,EA,0.016667
2023-09-05,Combined Equal Weight,EOS-USD,0.016667
2023-09-05,Combined Equal Weight,ETC-USD,0.016667
2023-09-05,Combined Equal Weight,ETH-USD,0.016667
2023-09-05,Combined Equal Weight,GE,0.016667
2023-09-05,Combined Equal Weight,GILD,0.016667
2023-09-05,Combined Equal Weight,GS,0.016667
2023-09-05,Combined Equal Weight,INTC,0.016667
2023-09-05,Combined Equal Weight,KO,0.016667
2023-09-05,Combined Equal Weight,LTC-USD,0.016667
2023-09-05,Combined Equal Weight,MMM,0.016667
2023-09-05,Combined Equal Weight,MRK,0.016667
2023-09-05,Combined Equal Weight,MS,0.016667
2023-09-05,Combined Equal Weight,NEE,0.016667
2023-09-05,Combined Equal Weight,NEM,0.016667
2023-09-05,Combined Equal Weight,NKE,0.016667
2023-09-05,Combined Equal Weight,NUE,0.016667
2023-09-05,Combined Equal Weight,NVDA,0.016667
2023-09-05,Combined Equal Weight,O,0.016667
2023-09-05,Combined Equal Weight,OXY,0.016667
2023-09-05,Combined Equal Weight,PLD,0.016667
2023-09-05,Combined Equal Weight,PSA,0.016667
2023-09-05,Combined Equal Weight,QCOM,0.016667
2023-09-05,Combined Equal Weight,SBUX,0.016667
2023-09-05,Combined Equal Weight,SHW,0.016667
2023-09-05,Combined Equal Weight,SLB,0.016667
2023-09-05,Combined Equal Weight,SO,0.016667
2023-09-05,Combined Equal Weight,T,0.016667
2023-09-05,Combined Equal Weight,TMUS,0.016667
2023-09-05,Combined Equal Weight,TRX-USD,0.016667
2023-09-05,Combined Equal Weight,TTWO,0.016667
2023-09-05,Combined Equal Weight,UPS,0.016667
2023-09-05,Combined Equal Weight,USB,0.016667
2023-09-05,Combined Equal Weight,V,0.016667
2023-09-05,Combined Equal Weight,WFC,0.016667
2023-09-05,Combined Equal Weight,WMT,0.016667
2023-09-05,Combined Equal Weight,XLM-USD,0.016667
2023-09-05,Combined Equal Weight,XOM,0.016667
2023-09-05,Combined Equal Weight,XRP-USD,0.016667
2023-10-04,Combined Equal Weight,ABBV,0.016667
2023-10-04,Combined Equal Weight,ABT,0.016667
2023-10-04,Combined Equal Weight,ADA-USD,0.016667
2023-10-04,Combined Equal Weight,ADBE,0.016667
2023-10-04,Combined Equal Weight,AEP,0.016667
2023-10-04,Combined Equal Weight,AMD,0.016667
2023-10-04,Combined Equal Weight,AMGN,0.016667
2023-10-04,Combined Equal Weight,AMT,0.016667
2023-10-04,Combined Equal Weight,BA,0.016667
2023-10-04,Combined Equal Weight,BCH-USD,0.016667
2023-10-04,Combined Equal Weight,BTC-USD,0.016667
2023-10-04,Combined Equal Weight,CAT,0.016667
2023-10-04,Combined Equal Weight,CCI,0.016667
2023-10-04,Combined Equal Weight,CMCSA,0.016667
2023-10-04,Combined Equal Weight,COP,0.016667
2023-10-04,Combined Equal Weight,CVX,0.016667
2023-10-04,Combined Equal Weight,D,0.016667
2023-10-04,Combined Equal Weight,DD,0.016667
2023-10-04,Combined Equal Weight,DIS,0.016667
2023-10-04,Combined Equal Weight,DOW,0.016667
2023-10-04,Combined Equal Weight,DUK,0.016667
2023-10-04,Combined Equal Weight,EA,0.016667
2023-10-04,Combined Equal Weight,EOS-USD,0.016667
2023-10-04,Combined Equal Weight,ETC-USD,0.016667
2023-10-04,Combined Equal Weight,ETH-USD,0.016667
2023-10-04,Combined Equal Weight,GE,0.016667
2023-10-04,Combined Equal Weight,GILD,0.016667
2023-10-04,Combined Equal Weight,GS,0.016667
2023-10-04,Combined Equal Weight,INTC,0.016667
2023-10-04,Combined Equal Weight,KO,0.016667
2023-10-04,Combined Equal Weight,LTC-USD,0.016667
2023-10-04,Combined Equal Weight,MMM,0.016667
2023-10-04,Combined Equal Weight,MRK,0.016667
2023-10-04,Combined Equal Weight,MS,0.016667
2023-10-04,Combined Equal Weight,NEE,0.016667
2023-10-04,Combined Equal Weight,NEM,0.016667
2023-10-04,Combined Equal Weight,NKE,0.016667
2023-10-04,Combined Equal Weight,NUE,0.016667
2023-10-04,Combined Equal Weight,NVDA,0.016667
2023-10-04,Combined Equal Weight,O,0.016667
2023-10-04,Combined Equal Weight,OXY,0.016667
2023-10-04,Combined Equal Weight,PLD,0.016667
2023-10-04,Combined Equal Weight,PSA,0.016667
2023-10-04,Combined Equal Weight,QCOM,0.016667
2023-10-04,Combined Equal Weight,SBUX,0.016667
2023-10-04,Combined Equal Weight,SHW,0.016667
2023-10-04,Combined Equal Weight,SLB,0.016667
2023-10-04,Combined Equal Weight,SO,0.016667
2023-10-04,Combined Equal Weight,T,0.016667
2023-10-04,Combined Equal Weight,TMUS,0.016667
2023-10-04,Combined Equal Weight,TRX-USD,0.016667
2023-10-04,Combined Equal Weight,TTWO,0.016667
2023-10-04,Combined Equal Weight,UPS,0.016667
2023-10-04,Combined Equal Weight,USB,0.016667
2023-10-04,Combined Equal Weight,V,0.016667
2023-10-04,Combined Equal Weight,WFC,0.016667
2023-10-04,Combined Equal Weight,WMT,0.016667
2023-10-04,Combined Equal Weight,XLM-USD,0.016667
2023-10-04,Combined Equal Weight,XOM,0.016667
2023-10-04,Combined Equal Weight,XRP-USD,0.016667
2023-11-02,Combined Equal Weight,ABBV,0.016667
2023-11-02,Combined Equal Weight,ABT,0.016667
2023-11-02,Combined Equal Weight,ADA-USD,0.016667
2023-11-02,Combined Equal Weight,ADBE,0.016667
2023-11-02,Combined Equal Weight,AEP,0.016667
2023-11-02,Combined Equal Weight,AMD,0.016667
2023-11-02,Combined Equal Weight,AMGN,0.016667
2023-11-02,Combined Equal Weight,AMT,0.016667
2023-11-02,Combined Equal Weight,BA,0.016667
2023-11-02,Combined Equal Weight,BCH-USD,0.016667
2023-11-02,Combined Equal Weight,BTC-USD,0.016667
2023-11-02,Combined Equal Weight,CAT,0.016667
2023-11-02,Combined Equal Weight,CCI,0.016667
2023-11-02,Combined Equal Weight,CMCSA,0.016667
2023-11-02,Combined Equal Weight,COP,0.016667
2023-11-02,Combined Equal Weight,CVX,0.016667
2023-11-02,Combined Equal Weight,D,0.016667
2023-11-02,Combined Equal Weight,DD,0.016667
2023-11-02,Combined Equal Weight,DIS,0.016667
2023-11-02,Combined Equal Weight,DOW,0.016667
2023-11-02,Combined Equal Weight,DUK,0.016667
2023-11-02,Combined Equal Weight,EA,0.016667
2023-11-02,Combined Equal Weight,EOS-USD,0.016667
2023-11-02,Combined Equal Weight,ETC-USD,0.016667
2023-11-02,Combined Equal Weight,ETH-USD,0.016667
2023-11-02,Combined Equal Weight,GE,0.016667
2023-11-02,Combined Equal Weight,GILD,0.016667
2023-11-02,Combined Equal Weight,GS,0.016667
2023-11-02,Combined Equal Weight,INTC,0.016667
2023-11-02,Combined Equal Weight,KO,0.016667
2023-11-02,Combined Equal Weight,LTC-USD,0.016667
2023-11-02,Combined Equal Weight,MMM,0.016667
2023-11-02,Combined Equal Weight,MRK,0.016667
2023-11-02,Combined Equal Weight,MS,0.016667
2023-11-02,Combined Equal Weight,NEE,0.016667
2023-11-02,Combined Equal Weight,NEM,0.016667
2023-11-02,Combined Equal Weight,NKE,0.016667
2023-11-02,Combined Equal Weight,NUE,0.016667
2023-11-02,Combined Equal Weight,NVDA,0.016667
2023-11-02,Combined Equal Weight,O,0.016667
2023-11-02,Combined Equal Weight,OXY,0.016667
2023-11-02,Combined Equal Weight,PLD,0.016667
2023-11-02,Combined Equal Weight,PSA,0.016667
2023-11-02,Combined Equal Weight,QCOM,0.016667
2023-11-02,Combined Equal Weight,SBUX,0.016667
2023-11-02,Combined Equal Weight,SHW,0.016667
2023-11-02,Combined Equal Weight,SLB,0.016667
2023-11-02,Combined Equal Weight,SO,0.016667
2023-11-02,Combined Equal Weight,T,0.016667
2023-11-02,Combined Equal Weight,TMUS,0.016667
2023-11-02,Combined Equal Weight,TRX-USD,0.016667
2023-11-02,Combined Equal Weight,TTWO,0.016667
2023-11-02,Combined Equal Weight,UPS,0.016667
2023-11-02,Combined Equal Weight,USB,0.016667
2023-11-02,Combined Equal Weight,V,0.016667
2023-11-02,Combined Equal Weight,WFC,0.016667
2023-11-02,Combined Equal Weight,WMT,0.016667
2023-11-02,Combined Equal Weight,XLM-USD,0.016667
2023-11-02,Combined Equal Weight,XOM,0.016667
2023-11-02,Combined Equal Weight,XRP-USD,0.016667
2023-12-04,Combined Equal Weight,ABBV,0.016667
2023-12-04,Combined Equal Weight,ABT,0.016667
2023-12-04,Combined Equal Weight,ADA-USD,0.016667
2023-12-04,Combined Equal Weight,ADBE,0.016667
2023-12-04,Combined Equal Weight,AEP,0.016667
2023-12-04,Combined Equal Weight,AMD,0.016667
2023-12-04,Combined Equal Weight,AMGN,0.016667
2023-12-04,Combined Equal Weight,AMT,0.016667
2023-12-04,Combined Equal Weight,BA,0.016667
2023-12-04,Combined Equal Weight,BCH-USD,0.016667
2023-12-04,Combined Equal Weight,BTC-USD,0.016667
2023-12-04,Combined Equal Weight,CAT,0.016667
2023-12-04,Combined Equal Weight,CCI,0.016667
2023-12-04,Combined Equal Weight,CMCSA,0.016667
2023-12-04,Combined Equal Weight,COP,0.016667
2023-12-04,Combined Equal Weight,CVX,0.016667
2023-12-04,Combined Equal Weight,D,0.016667
2023-12-04,Combined Equal Weight,DD,0.016667
2023-12-04,Combined Equal Weight,DIS,0.016667
2023-12-04,Combined Equal Weight,DOW,0.016667
2023-12-04,Combined Equal Weight,DUK,0.016667
2023-12-04,Combined Equal Weight,EA,0.016667
2023-12-04,Combined Equal Weight,EOS-USD,0.016667
2023-12-04,Combined Equal Weight,ETC-USD,0.016667
2023-12-04,Combined Equal Weight,ETH-USD,0.016667
2023-12-04,Combined Equal Weight,GE,0.016667
2023-12-04,Combined Equal Weight,GILD,0.016667
2023-12-04,Combined Equal Weight,GS,0.016667
2023-12-04,Combined Equal Weight,INTC,0.016667
2023-12-04,Combined Equal Weight,KO,0.016667
2023-12-04,Combined Equal Weight,LTC-USD,0.016667
2023-12-04,Combined Equal Weight,MMM,0.016667
2023-12-04,Combined Equal Weight,MRK,0.016667
2023-12-04,Combined Equal Weight,MS,0.016667
2023-12-04,Combined Equal Weight,NEE,0.016667
2023-12-04,Combined Equal Weight,NEM,0.016667
2023-12-04,Combined Equal Weight,NKE,0.016667
2023-12-04,Combined Equal Weight,NUE,0.016667
2023-12-04,Combined Equal Weight,NVDA,0.016667
2023-12-04,Combined Equal Weight,O,0.016667
2023-12-04,Combined Equal Weight,OXY,0.016667
2023-12-04,Combined Equal Weight,PLD,0.016667
2023-12-04,Combined Equal Weight,PSA,0.016667
2023-12-04,Combined Equal Weight,QCOM,0.016667
2023-12-04,Combined Equal Weight,SBUX,0.016667
2023-12-04,Combined Equal Weight,SHW,0.016667
2023-12-04,Combined Equal Weight,SLB,0.016667
2023-12-04,Combined Equal Weight,SO,0.016667
2023-12-04,Combined Equal Weight,T,0.016667
2023-12-04,Combined Equal Weight,TMUS,0.016667
2023-12-04,Combined Equal Weight,TRX-USD,0.016667
2023-12-04,Combined Equal Weight,TTWO,0.016667
2023-12-04,Combined Equal Weight,UPS,0.016667
2023-12-04,Combined Equal Weight,USB,0.016667
2023-12-04,Combined Equal Weight,V,0.016667
2023-12-04,Combined Equal Weight,WFC,0.016667
2023-12-04,Combined Equal Weight,WMT,0.016667
2023-12-04,Combined Equal Weight,XLM-USD,0.016667
2023-12-04,Combined Equal Weight,XOM,0.016667
2023-12-04,Combined Equal Weight,XRP-USD,0.016667
2021-12-31,Combined Minimum Variance,ABBV,0.094969
2021-12-31,Combined Minimum Variance,ABT,0.0
2021-12-31,Combined Minimum Variance,ADA-USD,0.0
2021-12-31,Combined Minimum Variance,ADBE,0.0
2021-12-31,Combined Minimum Variance,AEP,0.029138
2021-12-31,Combined Minimum Variance,AMD,0.0
2021-12-31,Combined Minimum Variance,AMGN,0.0
2021-12-31,Combined Minimum Variance,AMT,0.0
2021-12-31,Combined Minimum Variance,BA,0.0
2021-12-31,Combined Minimum Variance,BCH-USD,0.0
2021-12-31,Combined Minimum Variance,BTC-USD,0.0
2021-12-31,Combined Minimum Variance,CAT,0.0
2021-12-31,Combined Minimum Variance,CCI,0.0
2021-12-31,Combined Minimum Variance,CMCSA,0.0
2021-12-31,Combined Minimum Variance,COP,0.0
2021-12-31,Combined Minimum Variance,CVX,0.0
2021-12-31,Combined Minimum Variance,D,0.0
2021-12-31,Combined Minimum Variance,DD,0.0
2021-12-31,Combined Minimum Variance,DIS,0.008295
2021-12-31,Combined Minimum Variance,DOW,0.0
2021-12-31,Combined Minimum Variance,DUK,0.0
2021-12-31,Combined Minimum Variance,EA,0.076112
2021-12-31,Combined Minimum Variance,EOS-USD,0.0
2021-12-31,Combined Minimum Variance,ETC-USD,0.0
2021-12-31,Combined Minimum Variance,ETH-USD,0.0
2021-12-31,Combined Minimum Variance,GE,0.0
2021-12-31,Combined Minimum Variance,GILD,0.11812
2021-12-31,Combined Minimum Variance,GS,0.0
2021-12-31,Combined Minimum Variance,INTC,0.0
2021-12-31,Combined Minimum Variance,KO,0.044629
2021-12-31,Combined Minimum Variance,LTC-USD,0.0
2021-12-31,Combined Minimum Variance,MMM,0.07051
2021-12-31,Combined Minimum Variance,MRK,0.078112
2021-12-31,Combined Minimum Variance,MS,0.0
2021-12-31,Combined Minimum Variance,NEE,0.0
2021-12-31,Combined Minimum Variance,NEM,0.100656
2021-12-31,Combined Minimum Variance,NKE,0.027703
2021-12-31,Combined Minimum Variance,NUE,0.0
2021-12-31,Combined Minimum Variance,NVDA,0.0
2021-12-31,Combined Minimum Variance,O,0.0
2021-12-31,Combined Minimum Variance,OXY,0.0
2021-12-31,Combined Minimum Variance,PLD,0.0
2021-12-31,Combined Minimum Variance,PSA,0.081542
2021-12-31,Combined Minimum Variance,QCOM,0.0
2021-12-31,Combined Minimum Variance,SBUX,0.0
2021-12-31,Combined Minimum Variance,SHW,0.0
2021-12-31,Combined Minimum Variance,SLB,0.0
2021-12-31,Combined Minimum Variance,SO,0.0
2021-12-31,Combined Minimum Variance,T,0.033747
2021-12-31,Combined Minimum Variance,TMUS,0.007337
2021-12-31,Combined Minimum Variance,TRX-USD,0.0
2021-12-31,Combined Minimum Variance,TTWO,0.051302
2021-12-31,Combined Minimum Variance,UPS,0.032875
2021-12-31,Combined Minimum Variance,USB,0.0
2021-12-31,Combined Minimum Variance,V,0.0
2021-12-31,Combined Minimum Variance,WFC,0.0
2021-12-31,Combined Minimum Variance,WMT,0.144953
2021-12-31,Combined Minimum Variance,XLM-USD,0.0
2021-12-31,Combined Minimum Variance,XOM,0.0
2021-12-31,Combined Minimum Variance,XRP-USD,0.0
2022-02-01,Combined Minimum Variance,ABBV,0.100791
2022-02-01,Combined Minimum Variance,ABT,0.0
2022-02-01,Combined Minimum Variance,ADA-USD,0.0
2022-02-01,Combined Minimum Variance,ADBE,0.0
2022-02-01,Combined Minimum Variance,AEP,0.028865
2022-02-01,Combined Minimum Variance,AMD,0.0
2022-02-01,Combined Minimum Variance,AMGN,0.0
2022-02-01,Combined Minimum Variance,AMT,0.0
2022-02-01,Combined Minimum Variance,BA,0.0
2022-02-01,Combined Minimum Variance,BCH-USD,0.0
2022-02-01,Combined Minimum Variance,BTC-USD,0.0
2022-02-01,Combined Minimum Variance,CAT,0.0
2022-02-01,Combined Minimum Variance,CCI,0.0
2022-02-01,Combined Minimum Variance,CMCSA,0.0
2022-02-01,Combined Minimum Variance,COP,0.0
2022-02-01,Combined Minimum Variance,CVX,0.0
2022-02-01,Combined Minimum Variance,D,0.0
2022-02-01,Combined Minimum Variance,DD,0.0
2022-02-01,Combined Minimum Variance,DIS,0.008862
2022-02-01,Combined Minimum Variance,DOW,0.0
2022-02-01,Combined Minimum Variance,DUK,0.0
2022-02-01,Combined Minimum Variance,EA,0.079273
2022-02-01,Combined Minimum Variance,EOS-USD,0.0
2022-02-01,Combined Minimum Variance,ETC-USD,0.0
2022-02-01,Combined Minimum Variance,ETH-USD,0.0
2022-02-01,Combined Minimum Variance,GE,0.0
2022-02-01,Combined Minimum Variance,GILD,0.121286
2022-02-01,Combined Minimum Variance,GS,0.0
2022-02-01,Combined Minimum Variance,INTC,0.0
2022-02-01,Combined Minimum Variance,KO,0.044818
2022-02-01,Combined Minimum Variance,LTC-USD,0.0
2022-02-01,Combined Minimum Variance,MMM,0.070655
2022-02-01,Combined Minimum Variance,MRK,0.085028
2022-02-01,Combined Minimum Variance,MS,0.0
2022-02-01,Combined Minimum Variance,NEE,0.0
2022-02-01,Combined Minimum Variance,NEM,0.098396
2022-02-01,Combined Minimum Variance,NKE,0.026906
2022-02-01,Combined Minimum Variance,NUE,0.0
2022-02-01,Combined Minimum Variance,NVDA,0.0
2022-02-01,Combined Minimum Variance,O,0.0
2022-02-01,Combined Minimum Variance,OXY,0.0
2022-02-01,Combined Minimum Variance,PLD,0.0
2022-02-01,Combined Minimum Variance,PSA,0.081091
2022-02-01,Combined Minimum Variance,QCOM,0.0
2022-02-01,Combined Minimum Variance,SBUX,0.0
2022-02-01,Combined Minimum Variance,SHW,0.0
2022-02-01,Combined Minimum Variance,SLB,0.0
2022-02-01,Combined Minimum Variance,SO,0.0
2022-02-01,Combined Minimum Variance,T,0.021735
2022-02-01,Combined Minimum Variance,TMUS,0.006424
2022-02-01,Combined Minimum Variance,TRX-USD,0.0
2022-02-01,Combined Minimum Variance,TTWO,0.044394
2022-02-01,Combined Minimum Variance,UPS,0.032976
2022-02-01,Combined Minimum Variance,USB,0.0
2022-02-01,Combined Minimum Variance,V,0.0
2022-02-01,Combined Minimum Variance,WFC,0.0
2022-02-01,Combined Minimum Variance,WMT,0.148499
2022-02-01,Combined Minimum Variance,XLM-USD,0.0
2022-02-01,Combined Minimum Variance,XOM,0.0
2022-02-01,Combined Minimum Variance,XRP-USD,0.0
2022-03-03,Combined Minimum Variance,ABBV,0.095557
2022-03-03,Combined Minimum Variance,ABT,0.0
2022-03-03,Combined Minimum Variance,ADA-USD,0.0
2022-03-03,Combined Minimum Variance,ADBE,0.0
2022-03-03,Combined Minimum Variance,AEP,0.033326
2022-03-03,Combined Minimum Variance,AMD,0.0
2022-03-03,Combined Minimum Variance,AMGN,0.0
2022-03-03,Combined Minimum Variance,AMT,0.0
2022-03-03,Combined Minimum Variance,BA,0.0
2022-03-03,Combined Minimum Variance,BCH-USD,0.0
2022-03-03,Combined Minimum Variance,BTC-USD,0.0
2022-03-03,Combined Minimum Variance,CAT,0.0
2022-03-03,Combined Minimum Variance,CCI,0.0
2022-03-03,Combined Minimum Variance,CMCSA,0.0
2022-03-03,Combined Minimum Variance,COP,0.0
2022-03-03,Combined Minimum Variance,CVX,0.0
2022-03-03,Combined Minimum Variance,D,0.0
2022-03-03,Combined Minimum Variance,DD,0.0
2022-03-03,Combined Minimum Variance,DIS,0.01073
2022-03-03,Combined Minimum Variance,DOW,0.0
2022-03-03,Combined Minimum Variance,DUK,0.0
2022-03-03,Combined Minimum Variance,EA,0.077042
2022-03-03,Combined Minimum Variance,EOS-USD,0.0
2022-03-03,Combined Minimum Variance,ETC-USD,0.0
2022-03-03,Combined Minimum Variance,ETH-USD,0.0
2022-03-03,Combined Minimum Variance,GE,0.0
2022-03-03,Combined Minimum Variance,GILD,0.13193
2022-03-03,Combined Minimum Variance,GS,0.0
2022-03-03,Combined Minimum Variance,INTC,0.0
2022-03-03,Combined Minimum Variance,KO,0.048185
2022-03-03,Combined Minimum Variance,LTC-USD,0.0
2022-03-03,Combined Minimum Variance,MMM,0.057007
2022-03-03,Combined Minimum Variance,MRK,0.08456
2022-03-03,Combined Minimum Variance,MS,0.0
2022-03-03,Combined Minimum Variance,NEE,0.0
2022-03-03,Combined Minimum Variance,NEM,0.09306
2022-03-03,Combined Minimum Variance,NKE,0.022273
2022-03-03,Combined Minimum Variance,NUE,0.0
2022-03-03,Combined Minimum Variance,NVDA,0.0
2022-03-03,Combined Minimum Variance,O,0.0
2022-03-03,Combined Minimum Variance,OXY,0.0
2022-03-03,Combined Minimum Variance,PLD,0.0
2022-03-03,Combined Minimum Variance,PSA,0.081829
2022-03-03,Combined Minimum Variance,QCOM,0.0
2022-03-03,Combined Minimum Variance,SBUX,0.0
2022-03-03,Combined Minimum Variance,SHW,0.0
2022-03-03,Combined Minimum Variance,SLB,0.0
2022-03-03,Combined Minimum Variance,SO,0.0
2022-03-03,Combined Minimum Variance,T,0.025397
2022-03-03,Combined Minimum Variance,TMUS,0.006963
2022-03-03,Combined Minimum Variance,TRX-USD,0.0
2022-03-03,Combined Minimum Variance,TTWO,0.051032
2022-03-03,Combined Minimum Variance,UPS,0.028709
2022-03-03,Combined Minimum Variance,USB,0.0
2022-03-03,Combined Minimum Variance,V,0.0
2022-03-03,Combined Minimum Variance,WFC,0.0
2022-03-03,Combined Minimum Variance,WMT,0.152399
2022-03-03,Combined Minimum Variance,XLM-USD,0.0
2022-03-03,Combined Minimum Variance,XOM,0.0
2022-03-03,Combined Minimum Variance,XRP-USD,0.0
2022-04-01,Combined Minimum Variance,ABBV,0.078443
2022-04-01,Combined Minimum Variance,ABT,0.014952
2022-04-01,Combined Minimum Variance,ADA-USD,0.0
2022-04-01,Combined Minimum Variance,ADBE,0.0
2022-04-01,Combined Minimum Variance,AEP,0.038666
2022-04-01,Combined Minimum Variance,AMD,0.0
2022-04-01,Combined Minimum Variance,AMGN,0.025454
2022-04-01,Combined Minimum Variance,AMT,0.0
2022-04-01,Combined Minimum Variance,BA,0.0
2022-04-01,Combined Minimum Variance,BCH-USD,0.0
2022-04-01,Combined Minimum Variance,BTC-USD,0.002263
2022-04-01,Combined Minimum Variance,CAT,0.020251
2022-04-01,Combined Minimum Variance,CCI,0.000647
2022-04-01,Combined Minimum Variance,CMCSA,0.000841
2022-04-01,Combined Minimum Variance,COP,0.0
2022-04-01,Combined Minimum Variance,CVX,0.004279
2022-04-01,Combined Minimum Variance,D,0.03644
2022-04-01,Combined Minimum Variance,DD,0.0
2022-04-01,Combined Minimum Variance,DIS,0.02156
2022-04-01,Combined Minimum Variance,DOW,0.0
2022-04-01,Combined Minimum Variance,DUK,0.032183
2022-04-01,Combined Minimum Variance,EA,0.080877
2022-04-01,Combined Minimum Variance,EOS-USD,0.0
2022-04-01,Combined Minimum Variance,ETC-USD,0.0
2022-04-01,Combined Minimum Variance,ETH-USD,0.0
2022-04-01,Combined Minimum Variance,GE,0.0
2022-04-01,Combined Minimum Variance,GILD,0.082168
2022-04-01,Combined Minimum Variance,GS,0.007936
2022-04-01,Combined Minimum Variance,INTC,0.00149
2022-04-01,Combined Minimum Variance,KO,0.030435
2022-04-01,Combined Minimum Variance,LTC-USD,0.0
2022-04-01,Combined Minimum Variance,MMM,0.054336
2022-04-01,Combined Minimum Variance,MRK,0.06507
2022-04-01,Combined Minimum Variance,MS,0.0
2022-04-01,Combined Minimum Variance,NEE,0.01019
2022-04-01,Combined Minimum Variance,NEM,0.033028
2022-04-01,Combined Minimum Variance,NKE,0.02422
2022-04-01,Combined Minimum Variance,NUE,0.0
2022-04-01,Combined Minimum Variance,NVDA,0.0
2022-04-01,Combined Minimum Variance,O,0.0
2022-04-01,Combined Minimum Variance,OXY,0.0
2022-04-01,Combined Minimum Variance,PLD,0.0
2022-04-01,Combined Minimum Variance,PSA,0.06873
2022-04-01,Combined Minimum Variance,QCOM,0.0
2022-04-01,Combined Minimum Variance,SBUX,0.0
2022-04-01,Combined Minimum Variance,SHW,0.0
2022-04-01,Combined Minimum Variance,SLB,0.0
2022-04-01,Combined Minimum Variance,SO,0.002064
2022-04-01,Combined Minimum Variance,T,0.042693
2022-04-01,Combined Minimum Variance,TMUS,0.003871
2022-04-01,Combined Minimum Variance,TRX-USD,0.004477
2022-04-01,Combined Minimum Variance,TTWO,0.059625
2022-04-01,Combined Minimum Variance,UPS,0.004944
2022-04-01,Combined Minimum Variance,USB,0.0
2022-04-01,Combined Minimum Variance,V,0.0
2022-04-01,Combined Minimum Variance,WFC,0.0
2022-04-01,Combined Minimum Variance,WMT,0.139897
2022-04-01,Combined Minimum Variance,XLM-USD,0.0
2022-04-01,Combined Minimum Variance,XOM,0.007971
2022-04-01,Combined Minimum Variance,XRP-USD,0.0
2022-05-03,Combined Minimum Variance,ABBV,0.063403
2022-05-03,Combined Minimum Variance,ABT,0.001588
2022-05-03,Combined Minimum Variance,ADA-USD,0.0
2022-05-03,Combined Minimum Variance,ADBE,0.008686
2022-05-03,Combined Minimum Variance,AEP,0.049131
2022-05-03,Combined Minimum Variance,AMD,0.0
2022-05-03,Combined Minimum Variance,AMGN,0.025317
2022-05-03,Combined Minimum Variance,AMT,0.0
2022-05-03,Combined Minimum Variance,BA,0.0
2022-05-03,Combined Minimum Variance,BCH-USD,0.0
2022-05-03,Combined Minimum Variance,BTC-USD,0.003405
2022-05-03,Combined Minimum Variance,CAT,0.020108
2022-05-03,Combined Minimum Variance,CCI,0.007151
2022-05-03,Combined Minimum Variance,CMCSA,0.001412
2022-05-03,Combined Minimum Variance,COP,0.0
2022-05-03,Combined Minimum Variance,CVX,0.006321
2022-05-03,Combined Minimum Variance,D,0.049558
2022-05-03,Combined Minimum Variance,DD,0.0
2022-05-03,Combined Minimum Variance,DIS,0.016998
2022-05-03,Combined Minimum Variance,DOW,0.0
2022-05-03,Combined Minimum Variance,DUK,0.052293
2022-05-03,Combined Minimum Variance,EA,0.065169
2022-05-03,Combined Minimum Variance,EOS-USD,0.0
2022-05-03,Combined Minimum Variance,ETC-USD,0.0
2022-05-03,Combined Minimum Variance,ETH-USD,0.0
2022-05-03,Combined Minimum Variance,GE,0.0
2022-05-03,Combined Minimum Variance,GILD,0.072253
2022-05-03,Combined Minimum Variance,GS,0.001553
2022-05-03,Combined Minimum Variance,INTC,0.003524
2022-05-03,Combined Minimum Variance,KO,0.033799
2022-05-03,Combined Minimum Variance,LTC-USD,0.0
2022-05-03,Combined Minimum Variance,MMM,0.037772
2022-05-03,Combined Minimum Variance,MRK,0.073187
2022-05-03,Combined Minimum Variance,MS,0.0
2022-05-03,Combined Minimum Variance,NEE,0.0
2022-05-03,Combined Minimum Variance,NEM,0.038436
2022-05-03,Combined Minimum Variance,NKE,0.026552
2022-05-03,Combined Minimum Variance,NUE,0.0
2022-05-03,Combined Minimum Variance,NVDA,0.0
2022-05-03,Combined Minimum Variance,O,0.003442
2022-05-03,Combined Minimum Variance,OXY,0.0
2022-05-03,Combined Minimum Variance,PLD,0.0
2022-05-03,Combined Minimum Variance,PSA,0.038484
2022-05-03,Combined Minimum Variance,QCOM,0.0
2022-05-03,Combined Minimum Variance,SBUX,0.005935
2022-05-03,Combined Minimum Variance,SHW,0.038438
2022-05-03,Combined Minimum Variance,SLB,0.0
2022-05-03,Combined Minimum Variance,SO,0.028445
2022-05-03,Combined Minimum Variance,T,0.053078
2022-05-03,Combined Minimum Variance,TMUS,0.0
2022-05-03,Combined Minimum Variance,TRX-USD,0.004086
2022-05-03,Combined Minimum Variance,TTWO,0.049443
2022-05-03,Combined Minimum Variance,UPS,0.004308
2022-05-03,Combined Minimum Variance,USB,0.0
2022-05-03,Combined Minimum Variance,V,0.0
2022-05-03,Combined Minimum Variance,WFC,0.0
2022-05-03,Combined Minimum Variance,WMT,0.113888
2022-05-03,Combined Minimum Variance,XLM-USD,0.0
2022-05-03,Combined Minimum Variance,XOM,0.002835
2022-05-03,Combined Minimum Variance,XRP-USD,0.0
2022-06-02,Combined Minimum Variance,ABBV,0.059977
2022-06-02,Combined Minimum Variance,ABT,0.002753
2022-06-02,Combined Minimum Variance,ADA-USD,0.0
2022-06-02,Combined Minimum Variance,ADBE,0.00621
2022-06-02,Combined Minimum Variance,AEP,0.061218
2022-06-02,Combined Minimum Variance,AMD,0.0
2022-06-02,Combined Minimum Variance,AMGN,0.027355
2022-06-02,Combined Minimum Variance,AMT,0.005029
2022-06-02,Combined Minimum Variance,BA,0.0
2022-06-02,Combined Minimum Variance,BCH-USD,0.0
2022-06-02,Combined Minimum Variance,BTC-USD,0.003215
2022-06-02,Combined Minimum Variance,CAT,0.019665
2022-06-02,Combined Minimum Variance,CCI,0.006595
2022-06-02,Combined Minimum Variance,CMCSA,0.00184
2022-06-02,Combined Minimum Variance,COP,0.0
2022-06-02,Combined Minimum Variance,CVX,0.004931
2022-06-02,Combined Minimum Variance,D,0.046632
2022-06-02,Combined Minimum Variance,DD,0.0
2022-06-02,Combined Minimum Variance,DIS,0.02282
2022-06-02,Combined Minimum Variance,DOW,0.0
2022-06-02,Combined Minimum Variance,DUK,0.058046
2022-06-02,Combined Minimum Variance,EA,0.068636
2022-06-02,Combined Minimum Variance,EOS-USD,0.0
2022-06-02,Combined Minimum Variance,ETC-USD,0.0
2022-06-02,Combined Minimum Variance,ETH-USD,0.0
2022-06-02,Combined Minimum Variance,GE,0.0
2022-06-02,Combined Minimum Variance,GILD,0.080599
2022-06-02,Combined Minimum Variance,GS,0.00518
2022-06-02,Combined Minimum Variance,INTC,0.0
2022-06-02,Combined Minimum Variance,KO,0.020784
2022-06-02,Combined Minimum Variance,LTC-USD,0.0
2022-06-02,Combined Minimum Variance,MMM,0.044845
2022-06-02,Combined Minimum Variance,MRK,0.07613
2022-06-02,Combined Minimum Variance,MS,0.0
2022-06-02,Combined Minimum Variance,NEE,0.000663
2022-06-02,Combined Minimum Variance,NEM,0.033475
2022-06-02,Combined Minimum Variance,NKE,0.018909
2022-06-02,Combined Minimum Variance,NUE,0.0
2022-06-02,Combined Minimum Variance,NVDA,0.0
2022-06-02,Combined Minimum Variance,O,0.001613
2022-06-02,Combined Minimum Variance,OXY,0.0
2022-06-02,Combined Minimum Variance,PLD,0.0
2022-06-02,Combined Minimum Variance,PSA,0.038438
2022-06-02,Combined Minimum Variance,QCOM,0.0
2022-06-02,Combined Minimum Variance,SBUX,0.0
2022-06-02,Combined Minimum Variance,SHW,0.030765
2022-06-02,Combined Minimum Variance,SLB,0.0
2022-06-02,Combined Minimum Variance,SO,0.041663
2022-06-02,Combined Minimum Variance,T,0.053996
2022-06-02,Combined Minimum Variance,TMUS,1.7e-05
2022-06-02,Combined Minimum Variance,TRX-USD,0.001069
2022-06-02,Combined Minimum Variance,TTWO,0.041445
2022-06-02,Combined Minimum Variance,UPS,0.004449
2022-06-02,Combined Minimum Variance,USB,0.005816
2022-06-02,Combined Minimum Variance,V,0.0
2022-06-02,Combined Minimum Variance,WFC,0.0
2022-06-02,Combined Minimum Variance,WMT,0.10182
2022-06-02,Combined Minimum Variance,XLM-USD,0.0
2022-06-02,Combined Minimum Variance,XOM,0.003402
2022-06-02,Combined Minimum Variance,XRP-USD,0.0
2022-07-05,Combined Minimum Variance,ABBV,0.056799
2022-07-05,Combined Minimum Variance,ABT,0.006951
2022-07-05,Combined Minimum Variance,ADA-USD,0.0
2022-07-05,Combined Minimum Variance,ADBE,0.00118
2022-07-05,Combined Minimum Variance,AEP,0.053995
2022-07-05,Combined Minimum Variance,AMD,0.0
2022-07-05,Combined Minimum Variance,AMGN,0.04201
2022-07-05,Combined Minimum Variance,AMT,0.000923
2022-07-05,Combined Minimum Variance,BA,0.0
2022-07-05,Combined Minimum Variance,BCH-USD,0.0
2022-07-05,Combined Minimum Variance,BTC-USD,0.0
2022-07-05,Combined Minimum Variance,CAT,0.025719
2022-07-05,Combined Minimum Variance,CCI,0.009314
2022-07-05,Combined Minimum Variance,CMCSA,0.0
2022-07-05,Combined Minimum Variance,COP,0.0
2022-07-05,Combined Minimum Variance,CVX,0.009753
2022-07-05,Combined Minimum Variance,D,0.039903
2022-07-05,Combined Minimum Variance,DD,0.0
2022-07-05,Combined Minimum Variance,DIS,0.022436
2022-07-05,Combined Minimum Variance,DOW,0.0
2022-07-05,Combined Minimum Variance,DUK,0.050691
2022-07-05,Combined Minimum Variance,EA,0.062257
2022-07-05,Combined Minimum Variance,EOS-USD,0.0
2022-07-05,Combined Minimum Variance,ETC-USD,0.0
2022-07-05,Combined Minimum Variance,ETH-USD,0.0
2022-07-05,Combined Minimum Variance,GE,0.0
2022-07-05,Combined Minimum Variance,GILD,0.069191
2022-07-05,Combined Minimum Variance,GS,0.013062
2022-07-05,Combined Minimum Variance,INTC,0.002985
2022-07-05,Combined Minimum Variance,KO,0.03544
2022-07-05,Combined Minimum Variance,LTC-USD,0.0
2022-07-05,Combined Minimum Variance,MMM,0.05458
2022-07-05,Combined Minimum Variance,MRK,0.076447
2022-07-05,Combined Minimum Variance,MS,0.0
2022-07-05,Combined Minimum Variance,NEE,0.0
2022-07-05,Combined Minimum Variance,NEM,0.032276
2022-07-05,Combined Minimum Variance,NKE,0.018698
2022-07-05,Combined Minimum Variance,NUE,0.0
2022-07-05,Combined Minimum Variance,NVDA,0.0
2022-07-05,Combined Minimum Variance,O,0.013824
2022-07-05,Combined Minimum Variance,OXY,0.0
2022-07-05,Combined Minimum Variance,PLD,0.0
2022-07-05,Combined Minimum Variance,PSA,0.036573
2022-07-05,Combined Minimum Variance,QCOM,0.0
2022-07-05,Combined Minimum Variance,SBUX,0.0
2022-07-05,Combined Minimum Variance,SHW,0.023396
2022-07-05,Combined Minimum Variance,SLB,0.0
2022-07-05,Combined Minimum Variance,SO,0.037524
2022-07-05,Combined Minimum Variance,T,0.052301
2022-07-05,Combined Minimum Variance,TMUS,0.003469
2022-07-05,Combined Minimum Variance,TRX-USD,0.0
2022-07-05,Combined Minimum Variance,TTWO,0.035369
2022-07-05,Combined Minimum Variance,UPS,0.016907
2022-07-05,Combined Minimum Variance,USB,0.000491
2022-07-05,Combined Minimum Variance,V,0.0
2022-07-05,Combined Minimum Variance,WFC,0.0
2022-07-05,Combined Minimum Variance,WMT,0.090154
2022-07-05,Combined Minimum Variance,XLM-USD,0.0
2022-07-05,Combined Minimum Variance,XOM,0.005385
2022-07-05,Combined Minimum Variance,XRP-USD,0.0
2022-08-03,Combined Minimum Variance,ABBV,0.057248
2022-08-03,Combined Minimum Variance,ABT,0.006832
2022-08-03,Combined Minimum Variance,ADA-USD,0.0
2022-08-03,Combined Minimum Variance,ADBE,0.0
2022-08-03,Combined Minimum Variance,AEP,0.052994
2022-08-03,Combined Minimum Variance,AMD,0.0
2022-08-03,Combined Minimum Variance,AMGN,0.04124
2022-08-03,Combined Minimum Variance,AMT,5.8e-05
2022-08-03,Combined Minimum Variance,BA,0.0
2022-08-03,Combined Minimum Variance,BCH-USD,0.0
2022-08-03,Combined Minimum Variance,BTC-USD,0.0
2022-08-03,Combined Minimum Variance,CAT,0.021994
2022-08-03,Combined Minimum Variance,CCI,0.005158
2022-08-03,Combined Minimum Variance,CMCSA,0.009561
2022-08-03,Combined Minimum Variance,COP,0.0
2022-08-03,Combined Minimum Variance,CVX,0.012989
2022-08-03,Combined Minimum Variance,D,0.039911
2022-08-03,Combined Minimum Variance,DD,0.0
2022-08-03,Combined Minimum Variance,DIS,0.019304
2022-08-03,Combined Minimum Variance,DOW,0.0
2022-08-03,Combined Minimum Variance,DUK,0.051092
2022-08-03,Combined Minimum Variance,EA,0.061693
2022-08-03,Combined Minimum Variance,EOS-USD,0.0
2022-08-03,Combined Minimum Variance,ETC-USD,0.0
2022-08-03,Combined Minimum Variance,ETH-USD,0.0
2022-08-03,Combined Minimum Variance,GE,0.0
2022-08-03,Combined Minimum Variance,GILD,0.065894
2022-08-03,Combined Minimum Variance,GS,0.009934
2022-08-03,Combined Minimum Variance,INTC,0.004507
2022-08-03,Combined Minimum Variance,KO,0.039215
2022-08-03,Combined Minimum Variance,LTC-USD,0.0
2022-08-03,Combined Minimum Variance,MMM,0.054179
2022-08-03,Combined Minimum Variance,MRK,0.078324
2022-08-03,Combined Minimum Variance,MS,0.0
2022-08-03,Combined Minimum Variance,NEE,0.0
2022-08-03,Combined Minimum Variance,NEM,0.035978
2022-08-03,Combined Minimum Variance,NKE,0.013152
2022-08-03,Combined Minimum Variance,NUE,0.0
2022-08-03,Combined Minimum Variance,NVDA,0.0
2022-08-03,Combined Minimum Variance,O,0.016569
2022-08-03,Combined Minimum Variance,OXY,0.0
2022-08-03,Combined Minimum Variance,PLD,0.0
2022-08-03,Combined Minimum Variance,PSA,0.029647
2022-08-03,Combined Minimum Variance,QCOM,0.0
2022-08-03,Combined Minimum Variance,SBUX,0.0
2022-08-03,Combined Minimum Variance,SHW,0.031339
2022-08-03,Combined Minimum Variance,SLB,0.0
2022-08-03,Combined Minimum Variance,SO,0.038109
2022-08-03,Combined Minimum Variance,T,0.051247
2022-08-03,Combined Minimum Variance,TMUS,0.0
2022-08-03,Combined Minimum Variance,TRX-USD,0.0
2022-08-03,Combined Minimum Variance,TTWO,0.0377
2022-08-03,Combined Minimum Variance,UPS,0.009834
2022-08-03,Combined Minimum Variance,USB,0.001708
2022-08-03,Combined Minimum Variance,V,0.0
2022-08-03,Combined Minimum Variance,WFC,0.0
2022-08-03,Combined Minimum Variance,WMT,0.092478
2022-08-03,Combined Minimum Variance,XLM-USD,0.0
2022-08-03,Combined Minimum Variance,XOM,0.010109
2022-08-03,Combined Minimum Variance,XRP-USD,0.0
2022-09-01,Combined Minimum Variance,ABBV,0.05457
2022-09-01,Combined Minimum Variance,ABT,0.005802
2022-09-01,Combined Minimum Variance,ADA-USD,0.0
2022-09-01,Combined Minimum Variance,ADBE,0.0
2022-09-01,Combined Minimum Variance,AEP,0.052478
2022-09-01,Combined Minimum Variance,AMD,0.0
2022-09-01,Combined Minimum Variance,AMGN,0.042228
2022-09-01,Combined Minimum Variance,AMT,0.000659
2022-09-01,Combined Minimum Variance,BA,0.0
2022-09-01,Combined Minimum Variance,BCH-USD,0.0
2022-09-01,Combined Minimum Variance,BTC-USD,0.0
2022-09-01,Combined Minimum Variance,CAT,0.017776
2022-09-01,Combined Minimum Variance,CCI,0.007594
2022-09-01,Combined Minimum Variance,CMCSA,0.006804
2022-09-01,Combined Minimum Variance,COP,0.0
2022-09-01,Combined Minimum Variance,CVX,0.020191
2022-09-01,Combined Minimum Variance,D,0.040178
2022-09-01,Combined Minimum Variance,DD,0.0
2022-09-01,Combined Minimum Variance,DIS,0.012476
2022-09-01,Combined Minimum Variance,DOW,0.0
2022-09-01,Combined Minimum Variance,DUK,0.051676
2022-09-01,Combined Minimum Variance,EA,0.067856
2022-09-01,Combined Minimum Variance,EOS-USD,0.0
2022-09-01,Combined Minimum Variance,ETC-USD,0.0
2022-09-01,Combined Minimum Variance,ETH-USD,0.0
2022-09-01,Combined Minimum Variance,GE,0.0
2022-09-01,Combined Minimum Variance,GILD,0.066048
2022-09-01,Combined Minimum Variance,GS,0.010139
2022-09-01,Combined Minimum Variance,INTC,0.0
2022-09-01,Combined Minimum Variance,KO,0.040826
2022-09-01,Combined Minimum Variance,LTC-USD,0.0
2022-09-01,Combined Minimum Variance,MMM,0.040407
2022-09-01,Combined Minimum Variance,MRK,0.076193
2022-09-01,Combined Minimum Variance,MS,0.0
2022-09-01,Combined Minimum Variance,NEE,0.000738
2022-09-01,Combined Minimum Variance,NEM,0.038801
2022-09-01,Combined Minimum Variance,NKE,0.008578
2022-09-01,Combined Minimum Variance,NUE,0.0
2022-09-01,Combined Minimum Variance,NVDA,0.0
2022-09-01,Combined Minimum Variance,O,0.024944
2022-09-01,Combined Minimum Variance,OXY,0.0
2022-09-01,Combined Minimum Variance,PLD,0.0
2022-09-01,Combined Minimum Variance,PSA,0.028384
2022-09-01,Combined Minimum Variance,QCOM,0.0
2022-09-01,Combined Minimum Variance,SBUX,0.0
2022-09-01,Combined Minimum Variance,SHW,0.02811
2022-09-01,Combined Minimum Variance,SLB,0.0
2022-09-01,Combined Minimum Variance,SO,0.040624
2022-09-01,Combined Minimum Variance,T,0.05301
2022-09-01,Combined Minimum Variance,TMUS,0.002274
2022-09-01,Combined Minimum Variance,TRX-USD,0.00099
2022-09-01,Combined Minimum Variance,TTWO,0.038879
2022-09-01,Combined Minimum Variance,UPS,0.01668
2022-09-01,Combined Minimum Variance,USB,0.0
2022-09-01,Combined Minimum Variance,V,0.0
2022-09-01,Combined Minimum Variance,WFC,0.0
2022-09-01,Combined Minimum Variance,WMT,0.092062
2022-09-01,Combined Minimum Variance,XLM-USD,0.0
2022-09-01,Combined Minimum Variance,XOM,0.012027
2022-09-01,Combined Minimum Variance,XRP-USD,0.0
2022-10-03,Combined Minimum Variance,ABBV,0.052902
2022-10-03,Combined Minimum Variance,ABT,0.015054
2022-10-03,Combined Minimum Variance,ADA-USD,0.0
2022-10-03,Combined Minimum Variance,ADBE,0.0
2022-10-03,Combined Minimum Variance,AEP,0.041618
2022-10-03,Combined Minimum Variance,AMD,0.0
2022-10-03,Combined Minimum Variance,AMGN,0.056344
2022-10-03,Combined Minimum Variance,AMT,0.0
2022-10-03,Combined Minimum Variance,BA,0.0
2022-10-03,Combined Minimum Variance,BCH-USD,0.0
2022-10-03,Combined Minimum Variance,BTC-USD,0.0
2022-10-03,Combined Minimum Variance,CAT,0.010264
2022-10-03,Combined Minimum Variance,CCI,0.007427
2022-10-03,Combined Minimum Variance,CMCSA,0.0
2022-10-03,Combined Minimum Variance,COP,0.0
2022-10-03,Combined Minimum Variance,CVX,0.022978
2022-10-03,Combined Minimum Variance,D,0.028528
2022-10-03,Combined Minimum Variance,DD,0.0
2022-10-03,Combined Minimum Variance,DIS,0.003801
2022-10-03,Combined Minimum Variance,DOW,0.0
2022-10-03,Combined Minimum Variance,DUK,0.050765
2022-10-03,Combined Minimum Variance,EA,0.072836
2022-10-03,Combined Minimum Variance,EOS-USD,0.0
2022-10-03,Combined Minimum Variance,ETC-USD,0.0
2022-10-03,Combined Minimum Variance,ETH-USD,0.0
2022-10-03,Combined Minimum Variance,GE,0.0
2022-10-03,Combined Minimum Variance,GILD,0.060334
2022-10-03,Combined Minimum Variance,GS,0.012535
2022-10-03,Combined Minimum Variance,INTC,0.0
2022-10-03,Combined Minimum Variance,KO,0.053737
2022-10-03,Combined Minimum Variance,LTC-USD,0.0
2022-10-03,Combined Minimum Variance,MMM,0.045177
2022-10-03,Combined Minimum Variance,MRK,0.086607
2022-10-03,Combined Minimum Variance,MS,0.0
2022-10-03,Combined Minimum Variance,NEE,0.00275
2022-10-03,Combined Minimum Variance,NEM,0.040267
2022-10-03,Combined Minimum Variance,NKE,0.0
2022-10-03,Combined Minimum Variance,NUE,0.0
2022-10-03,Combined Minimum Variance,NVDA,0.0
2022-10-03,Combined Minimum Variance,O,0.033313
2022-10-03,Combined Minimum Variance,OXY,0.0
2022-10-03,Combined Minimum Variance,PLD,0.0
2022-10-03,Combined Minimum Variance,PSA,0.03236
2022-10-03,Combined Minimum Variance,QCOM,0.0
2022-10-03,Combined Minimum Variance,SBUX,0.0
2022-10-03,Combined Minimum Variance,SHW,0.022218
2022-10-03,Combined Minimum Variance,SLB,0.0
2022-10-03,Combined Minimum Variance,SO,0.029531
2022-10-03,Combined Minimum Variance,T,0.045019
2022-10-03,Combined Minimum Variance,TMUS,0.007631
2022-10-03,Combined Minimum Variance,TRX-USD,0.0
2022-10-03,Combined Minimum Variance,TTWO,0.034067
2022-10-03,Combined Minimum Variance,UPS,0.020831
2022-10-03,Combined Minimum Variance,USB,0.00658
2022-10-03,Combined Minimum Variance,V,0.0
2022-10-03,Combined Minimum Variance,WFC,0.0
2022-10-03,Combined Minimum Variance,WMT,0.099437
2022-10-03,Combined Minimum Variance,XLM-USD,0.0
2022-10-03,Combined Minimum Variance,XOM,0.005089
2022-10-03,Combined Minimum Variance,XRP-USD,0.0
2022-11-01,Combined Minimum Variance,ABBV,0.067012
2022-11-01,Combined Minimum Variance,ABT,0.016192
2022-11-01,Combined Minimum Variance,ADA-USD,0.0
2022-11-01,Combined Minimum Variance,ADBE,0.0
2022-11-01,Combined Minimum Variance,AEP,0.031501
2022-11-01,Combined Minimum Variance,AMD,0.0
2022-11-01,Combined Minimum Variance,AMGN,0.065894
2022-11-01,Combined Minimum Variance,AMT,0.0
2022-11-01,Combined Minimum Variance,BA,0.0
2022-11-01,Combined Minimum Variance,BCH-USD,0.0
2022-11-01,Combined Minimum Variance,BTC-USD,0.0
2022-11-01,Combined Minimum Variance,CAT,0.004404
2022-11-01,Combined Minimum Variance,CCI,0.000566
2022-11-01,Combined Minimum Variance,CMCSA,0.001605
2022-11-01,Combined Minimum Variance,COP,0.0
2022-11-01,Combined Minimum Variance,CVX,0.025824
2022-11-01,Combined Minimum Variance,D,0.025388
2022-11-01,Combined Minimum Variance,DD,0.0
2022-11-01,Combined Minimum Variance,DIS,0.00251
2022-11-01,Combined Minimum Variance,DOW,0.0
2022-11-01,Combined Minimum Variance,DUK,0.042375
2022-11-01,Combined Minimum Variance,EA,0.076432
2022-11-01,Combined Minimum Variance,EOS-USD,0.0
2022-11-01,Combined Minimum Variance,ETC-USD,0.0
2022-11-01,Combined Minimum Variance,ETH-USD,0.0
2022-11-01,Combined Minimum Variance,GE,0.0
2022-11-01,Combined Minimum Variance,GILD,0.047786
2022-11-01,Combined Minimum Variance,GS,0.009242
2022-11-01,Combined Minimum Variance,INTC,0.0
2022-11-01,Combined Minimum Variance,KO,0.059887
2022-11-01,Combined Minimum Variance,LTC-USD,0.0
2022-11-01,Combined Minimum Variance,MMM,0.034285
2022-11-01,Combined Minimum Variance,MRK,0.093162
2022-11-01,Combined Minimum Variance,MS,0.0
2022-11-01,Combined Minimum Variance,NEE,0.0
2022-11-01,Combined Minimum Variance,NEM,0.050885
2022-11-01,Combined Minimum Variance,NKE,0.0
2022-11-01,Combined Minimum Variance,NUE,0.0
2022-11-01,Combined Minimum Variance,NVDA,0.0
2022-11-01,Combined Minimum Variance,O,0.033072
2022-11-01,Combined Minimum Variance,OXY,0.0
2022-11-01,Combined Minimum Variance,PLD,0.0
2022-11-01,Combined Minimum Variance,PSA,0.030765
2022-11-01,Combined Minimum Variance,QCOM,0.0
2022-11-01,Combined Minimum Variance,SBUX,0.004544
2022-11-01,Combined Minimum Variance,SHW,0.009632
2022-11-01,Combined Minimum Variance,SLB,0.0
2022-11-01,Combined Minimum Variance,SO,0.027605
2022-11-01,Combined Minimum Variance,T,0.042824
2022-11-01,Combined Minimum Variance,TMUS,0.00723
2022-11-01,Combined Minimum Variance,TRX-USD,2.5e-05
2022-11-01,Combined Minimum Variance,TTWO,0.039321
2022-11-01,Combined Minimum Variance,UPS,0.02901
2022-11-01,Combined Minimum Variance,USB,0.008264
2022-11-01,Combined Minimum Variance,V,0.0
2022-11-01,Combined Minimum Variance,WFC,0.0
2022-11-01,Combined Minimum Variance,WMT,0.097165
2022-11-01,Combined Minimum Variance,XLM-USD,0.0
2022-11-01,Combined Minimum Variance,XOM,0.015593
2022-11-01,Combined Minimum Variance,XRP-USD,0.0
2022-12-01,Combined Minimum Variance,ABBV,0.071879
2022-12-01,Combined Minimum Variance,ABT,0.012149
2022-12-01,Combined Minimum Variance,ADA-USD,0.0
2022-12-01,Combined Minimum Variance,ADBE,0.0
2022-12-01,Combined Minimum Variance,AEP,0.024389
2022-12-01,Combined Minimum Variance,AMD,0.0
2022-12-01,Combined Minimum Variance,AMGN,0.074883
2022-12-01,Combined Minimum Variance,AMT,0.0
2022-12-01,Combined Minimum Variance,BA,0.0
2022-12-01,Combined Minimum Variance,BCH-USD,0.0
2022-12-01,Combined Minimum Variance,BTC-USD,0.0
2022-12-01,Combined Minimum Variance,CAT,0.002021
2022-12-01,Combined Minimum Variance,CCI,0.0
2022-12-01,Combined Minimum Variance,CMCSA,0.001794
2022-12-01,Combined Minimum Variance,COP,0.0
2022-12-01,Combined Minimum Variance,CVX,0.038045
2022-12-01,Combined Minimum Variance,D,0.025091
2022-12-01,Combined Minimum Variance,DD,0.0
2022-12-01,Combined Minimum Variance,DIS,0.0
2022-12-01,Combined Minimum Variance,DOW,0.0
2022-12-01,Combined Minimum Variance,DUK,0.047405
2022-12-01,Combined Minimum Variance,EA,0.080073
2022-12-01,Combined Minimum Variance,EOS-USD,0.0
2022-12-01,Combined Minimum Variance,ETC-USD,0.0
2022-12-01,Combined Minimum Variance,ETH-USD,0.0
2022-12-01,Combined Minimum Variance,GE,0.0
2022-12-01,Combined Minimum Variance,GILD,0.049626
2022-12-01,Combined Minimum Variance,GS,0.007994
2022-12-01,Combined Minimum Variance,INTC,0.0
2022-12-01,Combined Minimum Variance,KO,0.067332
2022-12-01,Combined Minimum Variance,LTC-USD,0.0
2022-12-01,Combined Minimum Variance,MMM,0.03548
2022-12-01,Combined Minimum Variance,MRK,0.099405
2022-12-01,Combined Minimum Variance,MS,0.0
2022-12-01,Combined Minimum Variance,NEE,0.0
2022-12-01,Combined Minimum Variance,NEM,0.027185
2022-12-01,Combined Minimum Variance,NKE,0.0
2022-12-01,Combined Minimum Variance,NUE,0.0
2022-12-01,Combined Minimum Variance,NVDA,0.0
2022-12-01,Combined Minimum Variance,O,0.04931
2022-12-01,Combined Minimum Variance,OXY,0.0
2022-12-01,Combined Minimum Variance,PLD,0.0
2022-12-01,Combined Minimum Variance,PSA,0.01519
2022-12-01,Combined Minimum Variance,QCOM,0.0
2022-12-01,Combined Minimum Variance,SBUX,0.0
2022-12-01,Combined Minimum Variance,SHW,0.004706
2022-12-01,Combined Minimum Variance,SLB,0.0
2022-12-01,Combined Minimum Variance,SO,0.029517
2022-12-01,Combined Minimum Variance,T,0.042666
2022-12-01,Combined Minimum Variance,TMUS,0.006954
2022-12-01,Combined Minimum Variance,TRX-USD,0.0
2022-12-01,Combined Minimum Variance,TTWO,0.036818
2022-12-01,Combined Minimum Variance,UPS,0.019899
2022-12-01,Combined Minimum Variance,USB,0.009465
2022-12-01,Combined Minimum Variance,V,0.0
2022-12-01,Combined Minimum Variance,WFC,0.0
2022-12-01,Combined Minimum Variance,WMT,0.098499
2022-12-01,Combined Minimum Variance,XLM-USD,0.0
2022-12-01,Combined Minimum Variance,XOM,0.022222
2022-12-01,Combined Minimum Variance,XRP-USD,0.0
2023-01-03,Combined Minimum Variance,ABBV,0.075792
2023-01-03,Combined Minimum Variance,ABT,0.007613
2023-01-03,Combined Minimum Variance,ADA-USD,0.0
2023-01-03,Combined Minimum Variance,ADBE,0.0
2023-01-03,Combined Minimum Variance,AEP,0.02418
2023-01-03,Combined Minimum Variance,AMD,0.0
2023-01-03,Combined Minimum Variance,AMGN,0.079918
2023-01-03,Combined Minimum Variance,AMT,0.0
2023-01-03,Combined Minimum Variance,BA,0.0
2023-01-03,Combined Minimum Variance,BCH-USD,0.0
2023-01-03,Combined Minimum Variance,BTC-USD,0.0
2023-01-03,Combined Minimum Variance,CAT,0.000367
2023-01-03,Combined Minimum Variance,CCI,0.0
2023-01-03,Combined Minimum Variance,CMCSA,0.0
2023-01-03,Combined Minimum Variance,COP,0.0
2023-01-03,Combined Minimum Variance,CVX,0.035837
2023-01-03,Combined Minimum Variance,D,0.024928
2023-01-03,Combined Minimum Variance,DD,0.0
2023-01-03,Combined Minimum Variance,DIS,0.0
2023-01-03,Combined Minimum Variance,DOW,0.0
2023-01-03,Combined Minimum Variance,DUK,0.049651
2023-01-03,Combined Minimum Variance,EA,0.079364
2023-01-03,Combined Minimum Variance,EOS-USD,0.0
2023-01-03,Combined Minimum Variance,ETC-USD,0.0
2023-01-03,Combined Minimum Variance,ETH-USD,0.0
2023-01-03,Combined Minimum Variance,GE,0.0
2023-01-03,Combined Minimum Variance,GILD,0.052231
2023-01-03,Combined Minimum Variance,GS,0.014536
2023-01-03,Combined Minimum Variance,INTC,0.0
2023-01-03,Combined Minimum Variance,KO,0.070136
2023-01-03,Combined Minimum Variance,LTC-USD,0.0
2023-01-03,Combined Minimum Variance,MMM,0.033786
2023-01-03,Combined Minimum Variance,MRK,0.100701
2023-01-03,Combined Minimum Variance,MS,0.0
2023-01-03,Combined Minimum Variance,NEE,0.0
2023-01-03,Combined Minimum Variance,NEM,0.025242
2023-01-03,Combined Minimum Variance,NKE,0.0
2023-01-03,Combined Minimum Variance,NUE,0.0
2023-01-03,Combined Minimum Variance,NVDA,0.0
2023-01-03,Combined Minimum Variance,O,0.053767
2023-01-03,Combined Minimum Variance,OXY,0.0
2023-01-03,Combined Minimum Variance,PLD,0.0
2023-01-03,Combined Minimum Variance,PSA,0.007619
2023-01-03,Combined Minimum Variance,QCOM,0.0
2023-01-03,Combined Minimum Variance,SBUX,0.0
2023-01-03,Combined Minimum Variance,SHW,0.006432
2023-01-03,Combined Minimum Variance,SLB,0.0
2023-01-03,Combined Minimum Variance,SO,0.030929
2023-01-03,Combined Minimum Variance,T,0.046289
2023-01-03,Combined Minimum Variance,TMUS,0.008985
2023-01-03,Combined Minimum Variance,TRX-USD,0.0
2023-01-03,Combined Minimum Variance,TTWO,0.034541
2023-01-03,Combined Minimum Variance,UPS,0.013713
2023-01-03,Combined Minimum Variance,USB,0.004466
2023-01-03,Combined Minimum Variance,V,0.0
2023-01-03,Combined Minimum Variance,WFC,0.0
2023-01-03,Combined Minimum Variance,WMT,0.096324
2023-01-03,Combined Minimum Variance,XLM-USD,0.0
2023-01-03,Combined Minimum Variance,XOM,0.02265
2023-01-03,Combined Minimum Variance,XRP-USD,0.0
2023-02-02,Combined Minimum Variance,ABBV,0.079593
2023-02-02,Combined Minimum Variance,ABT,0.0
2023-02-02,Combined Minimum Variance,ADA-USD,0.0
2023-02-02,Combined Minimum Variance,ADBE,0.0
2023-02-02,Combined Minimum Variance,AEP,0.02069
2023-02-02,Combined Minimum Variance,AMD,0.0
2023-02-02,Combined Minimum Variance,AMGN,0.08463
2023-02-02,Combined Minimum Variance,AMT,0.0
2023-02-02,Combined Minimum Variance,BA,0.0
2023-02-02,Combined Minimum Variance,BCH-USD,0.0
2023-02-02,Combined Minimum Variance,BTC-USD,0.0
2023-02-02,Combined Minimum Variance,CAT,0.0
2023-02-02,Combined Minimum Variance,CCI,0.0
2023-02-02,Combined Minimum Variance,CMCSA,0.0013
2023-02-02,Combined Minimum Variance,COP,0.0
2023-02-02,Combined Minimum Variance,CVX,0.043402
2023-02-02,Combined Minimum Variance,D,0.020382
2023-02-02,Combined Minimum Variance,DD,0.0
2023-02-02,Combined Minimum Variance,DIS,0.0
2023-02-02,Combined Minimum Variance,DOW,0.0
2023-02-02,Combined Minimum Variance,DUK,0.050173
2023-02-02,Combined Minimum Variance,EA,0.075135
2023-02-02,Combined Minimum Variance,EOS-USD,0.0
2023-02-02,Combined Minimum Variance,ETC-USD,0.0
2023-02-02,Combined Minimum Variance,ETH-USD,0.0
2023-02-02,Combined Minimum Variance,GE,0.0
2023-02-02,Combined Minimum Variance,GILD,0.046949
2023-02-02,Combined Minimum Variance,GS,0.016075
2023-02-02,Combined Minimum Variance,INTC,0.0
2023-02-02,Combined Minimum Variance,KO,0.072495
2023-02-02,Combined Minimum Variance,LTC-USD,0.0
2023-02-02,Combined Minimum Variance,MMM,0.015343
2023-02-02,Combined Minimum Variance,MRK,0.10245
2023-02-02,Combined Minimum Variance,MS,0.0
2023-02-02,Combined Minimum Variance,NEE,0.007621
2023-02-02,Combined Minimum Variance,NEM,0.02244
2023-02-02,Combined Minimum Variance,NKE,0.0
2023-02-02,Combined Minimum Variance,NUE,0.0
2023-02-02,Combined Minimum Variance,NVDA,0.0
2023-02-02,Combined Minimum Variance,O,0.0678
2023-02-02,Combined Minimum Variance,OXY,0.0
2023-02-02,Combined Minimum Variance,PLD,0.0
2023-02-02,Combined Minimum Variance,PSA,0.00488
2023-02-02,Combined Minimum Variance,QCOM,0.0
2023-02-02,Combined Minimum Variance,SBUX,0.002958
2023-02-02,Combined Minimum Variance,SHW,0.0
2023-02-02,Combined Minimum Variance,SLB,0.0
2023-02-02,Combined Minimum Variance,SO,0.03846
2023-02-02,Combined Minimum Variance,T,0.039676
2023-02-02,Combined Minimum Variance,TMUS,0.019122
2023-02-02,Combined Minimum Variance,TRX-USD,0.0
2023-02-02,Combined Minimum Variance,TTWO,0.037531
2023-02-02,Combined Minimum Variance,UPS,0.015242
2023-02-02,Combined Minimum Variance,USB,0.006026
2023-02-02,Combined Minimum Variance,V,0.0
2023-02-02,Combined Minimum Variance,WFC,0.0
2023-02-02,Combined Minimum Variance,WMT,0.095241
2023-02-02,Combined Minimum Variance,XLM-USD,0.0
2023-02-02,Combined Minimum Variance,XOM,0.014388
2023-02-02,Combined Minimum Variance,XRP-USD,0.0
2023-03-06,Combined Minimum Variance,ABBV,0.079992
2023-03-06,Combined Minimum Variance,ABT,0.001728
2023-03-06,Combined Minimum Variance,ADA-USD,0.0
2023-03-06,Combined Minimum Variance,ADBE,0.0
2023-03-06,Combined Minimum Variance,AEP,0.012514
2023-03-06,Combined Minimum Variance,AMD,0.0
2023-03-06,Combined Minimum Variance,AMGN,0.082734
2023-03-06,Combined Minimum Variance,AMT,0.0
2023-03-06,Combined Minimum Variance,BA,0.0
2023-03-06,Combined Minimum Variance,BCH-USD,0.0
2023-03-06,Combined Minimum Variance,BTC-USD,0.0
2023-03-06,Combined Minimum Variance,CAT,0.00039
2023-03-06,Combined Minimum Variance,CCI,0.0
2023-03-06,Combined Minimum Variance,CMCSA,0.0
2023-03-06,Combined Minimum Variance,COP,0.0
2023-03-06,Combined Minimum Variance,CVX,0.04269
2023-03-06,Combined Minimum Variance,D,0.021013
2023-03-06,Combined Minimum Variance,DD,0.0
2023-03-06,Combined Minimum Variance,DIS,0.000449
2023-03-06,Combined Minimum Variance,DOW,0.0
2023-03-06,Combined Minimum Variance,DUK,0.048343
2023-03-06,Combined Minimum Variance,EA,0.079307
2023-03-06,Combined Minimum Variance,EOS-USD,0.0
2023-03-06,Combined Minimum Variance,ETC-USD,0.0
2023-03-06,Combined Minimum Variance,ETH-USD,0.0
2023-03-06,Combined Minimum Variance,GE,0.0
2023-03-06,Combined Minimum Variance,GILD,0.054023
2023-03-06,Combined Minimum Variance,GS,0.015105
2023-03-06,Combined Minimum Variance,INTC,0.0
2023-03-06,Combined Minimum Variance,KO,0.076437
2023-03-06,Combined Minimum Variance,LTC-USD,0.0
2023-03-06,Combined Minimum Variance,MMM,0.01078
2023-03-06,Combined Minimum Variance,MRK,0.098045
2023-03-06,Combined Minimum Variance,MS,0.0
2023-03-06,Combined Minimum Variance,NEE,0.006579
2023-03-06,Combined Minimum Variance,NEM,0.021839
2023-03-06,Combined Minimum Variance,NKE,0.0
2023-03-06,Combined Minimum Variance,NUE,0.0
2023-03-06,Combined Minimum Variance,NVDA,0.0
2023-03-06,Combined Minimum Variance,O,0.070126
2023-03-06,Combined Minimum Variance,OXY,0.0
2023-03-06,Combined Minimum Variance,PLD,0.0
2023-03-06,Combined Minimum Variance,PSA,0.007162
2023-03-06,Combined Minimum Variance,QCOM,0.0
2023-03-06,Combined Minimum Variance,SBUX,0.0
2023-03-06,Combined Minimum Variance,SHW,0.0
2023-03-06,Combined Minimum Variance,SLB,0.0
2023-03-06,Combined Minimum Variance,SO,0.03233
2023-03-06,Combined Minimum Variance,T,0.041771
2023-03-06,Combined Minimum Variance,TMUS,0.014886
2023-03-06,Combined Minimum Variance,TRX-USD,0.0
2023-03-06,Combined Minimum Variance,TTWO,0.035604
2023-03-06,Combined Minimum Variance,UPS,0.017402
2023-03-06,Combined Minimum Variance,USB,0.010378
2023-03-06,Combined Minimum Variance,V,0.0
2023-03-06,Combined Minimum Variance,WFC,0.0
2023-03-06,Combined Minimum Variance,WMT,0.100004
2023-03-06,Combined Minimum Variance,XLM-USD,0.0
2023-03-06,Combined Minimum Variance,XOM,0.018371
2023-03-06,Combined Minimum Variance,XRP-USD,0.0
2023-04-04,Combined Minimum Variance,ABBV,0.080733
2023-04-04,Combined Minimum Variance,ABT,5.2e-05
2023-04-04,Combined Minimum Variance,ADA-USD,0.0
2023-04-04,Combined Minimum Variance,ADBE,0.0
2023-04-04,Combined Minimum Variance,AEP,0.006321
2023-04-04,Combined Minimum Variance,AMD,0.0
2023-04-04,Combined Minimum Variance,AMGN,0.082923
2023-04-04,Combined Minimum Variance,AMT,0.0
2023-04-04,Combined Minimum Variance,BA,0.0
2023-04-04,Combined Minimum Variance,BCH-USD,0.0
2023-04-04,Combined Minimum Variance,BTC-USD,0.0
2023-04-04,Combined Minimum Variance,CAT,0.000817
2023-04-04,Combined Minimum Variance,CCI,0.0
2023-04-04,Combined Minimum Variance,CMCSA,0.0
2023-04-04,Combined Minimum Variance,COP,0.0
2023-04-04,Combined Minimum Variance,CVX,0.04424
2023-04-04,Combined Minimum Variance,D,0.019946
2023-04-04,Combined Minimum Variance,DD,0.0
2023-04-04,Combined Minimum Variance,DIS,0.0
2023-04-04,Combined Minimum Variance,DOW,0.0
2023-04-04,Combined Minimum Variance,DUK,0.046451
2023-04-04,Combined Minimum Variance,EA,0.082426
2023-04-04,Combined Minimum Variance,EOS-USD,0.0
2023-04-04,Combined Minimum Variance,ETC-USD,0.0
2023-04-04,Combined Minimum Variance,ETH-USD,0.0
2023-04-04,Combined Minimum Variance,GE,0.0
2023-04-04,Combined Minimum Variance,GILD,0.053621
2023-04-04,Combined Minimum Variance,GS,0.00353
2023-04-04,Combined Minimum Variance,INTC,0.0
2023-04-04,Combined Minimum Variance,KO,0.085021
2023-04-04,Combined Minimum Variance,LTC-USD,0.0
2023-04-04,Combined Minimum Variance,MMM,0.009694
2023-04-04,Combined Minimum Variance,MRK,0.099043
2023-04-04,Combined Minimum Variance,MS,0.0
2023-04-04,Combined Minimum Variance,NEE,0.008445
2023-04-04,Combined Minimum Variance,NEM,0.028352
2023-04-04,Combined Minimum Variance,NKE,0.0
2023-04-04,Combined Minimum Variance,NUE,0.0
2023-04-04,Combined Minimum Variance,NVDA,0.0
2023-04-04,Combined Minimum Variance,O,0.068023
2023-04-04,Combined Minimum Variance,OXY,0.0
2023-04-04,Combined Minimum Variance,PLD,0.0
2023-04-04,Combined Minimum Variance,PSA,0.000833
2023-04-04,Combined Minimum Variance,QCOM,0.0
2023-04-04,Combined Minimum Variance,SBUX,0.0
2023-04-04,Combined Minimum Variance,SHW,0.0
2023-04-04,Combined Minimum Variance,SLB,0.0
2023-04-04,Combined Minimum Variance,SO,0.033529
2023-04-04,Combined Minimum Variance,T,0.041365
2023-04-04,Combined Minimum Variance,TMUS,0.020815
2023-04-04,Combined Minimum Variance,TRX-USD,0.0
2023-04-04,Combined Minimum Variance,TTWO,0.032852
2023-04-04,Combined Minimum Variance,UPS,0.024495
2023-04-04,Combined Minimum Variance,USB,0.0
2023-04-04,Combined Minimum Variance,V,0.004695
2023-04-04,Combined Minimum Variance,WFC,0.0
2023-04-04,Combined Minimum Variance,WMT,0.104472
2023-04-04,Combined Minimum Variance,XLM-USD,0.0
2023-04-04,Combined Minimum Variance,XOM,0.017303
2023-04-04,Combined Minimum Variance,XRP-USD,0.0
2023-05-04,Combined Minimum Variance,ABBV,0.086592
2023-05-04,Combined Minimum Variance,ABT,0.000676
2023-05-04,Combined Minimum Variance,ADA-USD,0.0
2023-05-04,Combined Minimum Variance,ADBE,0.0
2023-05-04,Combined Minimum Variance,AEP,0.002976
2023-05-04,Combined Minimum Variance,AMD,0.0
2023-05-04,Combined Minimum Variance,AMGN,0.084018
2023-05-04,Combined Minimum Variance,AMT,0.0
2023-05-04,Combined Minimum Variance,BA,0.0
2023-05-04,Combined Minimum Variance,BCH-USD,0.0
2023-05-04,Combined Minimum Variance,BTC-USD,0.0
2023-05-04,Combined Minimum Variance,CAT,0.003216
2023-05-04,Combined Minimum Variance,CCI,0.0
2023-05-04,Combined Minimum Variance,CMCSA,0.001493
2023-05-04,Combined Minimum Variance,COP,0.0
2023-05-04,Combined Minimum Variance,CVX,0.040386
2023-05-04,Combined Minimum Variance,D,0.019695
2023-05-04,Combined Minimum Variance,DD,0.0
2023-05-04,Combined Minimum Variance,DIS,0.0
2023-05-04,Combined Minimum Variance,DOW,0.002162
2023-05-04,Combined Minimum Variance,DUK,0.043096
2023-05-04,Combined Minimum Variance,EA,0.081975
2023-05-04,Combined Minimum Variance,EOS-USD,0.0
2023-05-04,Combined Minimum Variance,ETC-USD,0.0
2023-05-04,Combined Minimum Variance,ETH-USD,0.0
2023-05-04,Combined Minimum Variance,GE,0.0
2023-05-04,Combined Minimum Variance,GILD,0.055838
2023-05-04,Combined Minimum Variance,GS,0.003744
2023-05-04,Combined Minimum Variance,INTC,0.0
2023-05-04,Combined Minimum Variance,KO,0.086727
2023-05-04,Combined Minimum Variance,LTC-USD,0.0
2023-05-04,Combined Minimum Variance,MMM,0.007906
2023-05-04,Combined Minimum Variance,MRK,0.102051
2023-05-04,Combined Minimum Variance,MS,0.0
2023-05-04,Combined Minimum Variance,NEE,0.010607
2023-05-04,Combined Minimum Variance,NEM,0.032851
2023-05-04,Combined Minimum Variance,NKE,0.0
2023-05-04,Combined Minimum Variance,NUE,0.0
2023-05-04,Combined Minimum Variance,NVDA,0.0
2023-05-04,Combined Minimum Variance,O,0.066467
2023-05-04,Combined Minimum Variance,OXY,0.0
2023-05-04,Combined Minimum Variance,PLD,0.0
2023-05-04,Combined Minimum Variance,PSA,0.0
2023-05-04,Combined Minimum Variance,QCOM,0.0
2023-05-04,Combined Minimum Variance,SBUX,0.0
2023-05-04,Combined Minimum Variance,SHW,0.0
2023-05-04,Combined Minimum Variance,SLB,0.0
2023-05-04,Combined Minimum Variance,SO,0.03063
2023-05-04,Combined Minimum Variance,T,0.033241
2023-05-04,Combined Minimum Variance,TMUS,0.02474
2023-05-04,Combined Minimum Variance,TRX-USD,0.0
2023-05-04,Combined Minimum Variance,TTWO,0.029518
2023-05-04,Combined Minimum Variance,UPS,0.022148
2023-05-04,Combined Minimum Variance,USB,0.0
2023-05-04,Combined Minimum Variance,V,0.004476
2023-05-04,Combined Minimum Variance,WFC,0.0
2023-05-04,Combined Minimum Variance,WMT,0.106875
2023-05-04,Combined Minimum Variance,XLM-USD,0.0
2023-05-04,Combined Minimum Variance,XOM,0.015897
2023-05-04,Combined Minimum Variance,XRP-USD,0.0
2023-06-05,Combined Minimum Variance,ABBV,0.083028
2023-06-05,Combined Minimum Variance,ABT,0.000722
2023-06-05,Combined Minimum Variance,ADA-USD,0.0
2023-06-05,Combined Minimum Variance,ADBE,0.0
2023-06-05,Combined Minimum Variance,AEP,0.0
2023-06-05,Combined Minimum Variance,AMD,0.0
2023-06-05,Combined Minimum Variance,AMGN,0.083673
2023-06-05,Combined Minimum Variance,AMT,0.0
2023-06-05,Combined Minimum Variance,BA,0.0
2023-06-05,Combined Minimum Variance,BCH-USD,0.0
2023-06-05,Combined Minimum Variance,BTC-USD,0.0
2023-06-05,Combined Minimum Variance,CAT,0.0
2023-06-05,Combined Minimum Variance,CCI,0.0
2023-06-05,Combined Minimum Variance,CMCSA,0.0
2023-06-05,Combined Minimum Variance,COP,0.0
2023-06-05,Combined Minimum Variance,CVX,0.042138
2023-06-05,Combined Minimum Variance,D,0.013808
2023-06-05,Combined Minimum Variance,DD,0.0
2023-06-05,Combined Minimum Variance,DIS,0.0
2023-06-05,Combined Minimum Variance,DOW,0.0
2023-06-05,Combined Minimum Variance,DUK,0.044611
2023-06-05,Combined Minimum Variance,EA,0.085507
2023-06-05,Combined Minimum Variance,EOS-USD,0.0
2023-06-05,Combined Minimum Variance,ETC-USD,0.0
2023-06-05,Combined Minimum Variance,ETH-USD,0.0
2023-06-05,Combined Minimum Variance,GE,0.0
2023-06-05,Combined Minimum Variance,GILD,0.056395
2023-06-05,Combined Minimum Variance,GS,0.008305
2023-06-05,Combined Minimum Variance,INTC,0.0
2023-06-05,Combined Minimum Variance,KO,0.091508
2023-06-05,Combined Minimum Variance,LTC-USD,0.0
2023-06-05,Combined Minimum Variance,MMM,0.003293
2023-06-05,Combined Minimum Variance,MRK,0.105568
2023-06-05,Combined Minimum Variance,MS,0.0
2023-06-05,Combined Minimum Variance,NEE,0.0
2023-06-05,Combined Minimum Variance,NEM,0.035144
2023-06-05,Combined Minimum Variance,NKE,0.0
2023-06-05,Combined Minimum Variance,NUE,0.0
2023-06-05,Combined Minimum Variance,NVDA,0.0
2023-06-05,Combined Minimum Variance,O,0.071617
2023-06-05,Combined Minimum Variance,OXY,0.0
2023-06-05,Combined Minimum Variance,PLD,0.0
2023-06-05,Combined Minimum Variance,PSA,0.002087
2023-06-05,Combined Minimum Variance,QCOM,0.0
2023-06-05,Combined Minimum Variance,SBUX,0.0
2023-06-05,Combined Minimum Variance,SHW,0.0
2023-06-05,Combined Minimum Variance,SLB,0.0
2023-06-05,Combined Minimum Variance,SO,0.033806
2023-06-05,Combined Minimum Variance,T,0.031914
2023-06-05,Combined Minimum Variance,TMUS,0.030163
2023-06-05,Combined Minimum Variance,TRX-USD,0.0
2023-06-05,Combined Minimum Variance,TTWO,0.025078
2023-06-05,Combined Minimum Variance,UPS,0.025864
2023-06-05,Combined Minimum Variance,USB,0.0
2023-06-05,Combined Minimum Variance,V,0.003009
2023-06-05,Combined Minimum Variance,WFC,0.0
2023-06-05,Combined Minimum Variance,WMT,0.111089
2023-06-05,Combined Minimum Variance,XLM-USD,0.0
2023-06-05,Combined Minimum Variance,XOM,0.011672
2023-06-05,Combined Minimum Variance,XRP-USD,0.0
2023-07-06,Combined Minimum Variance,ABBV,0.087084
2023-07-06,Combined Minimum Variance,ABT,0.000557
2023-07-06,Combined Minimum Variance,ADA-USD,0.0
2023-07-06,Combined Minimum Variance,ADBE,0.0
2023-07-06,Combined Minimum Variance,AEP,0.0
2023-07-06,Combined Minimum Variance,AMD,0.0
2023-07-06,Combined Minimum Variance,AMGN,0.081549
2023-07-06,Combined Minimum Variance,AMT,0.0
2023-07-06,Combined Minimum Variance,BA,0.0
2023-07-06,Combined Minimum Variance,BCH-USD,0.0
2023-07-06,Combined Minimum Variance,BTC-USD,0.0
2023-07-06,Combined Minimum Variance,CAT,0.0
2023-07-06,Combined Minimum Variance,CCI,0.0
2023-07-06,Combined Minimum Variance,CMCSA,0.0
2023-07-06,Combined Minimum Variance,COP,0.0
2023-07-06,Combined Minimum Variance,CVX,0.042859
2023-07-06,Combined Minimum Variance,D,0.019513
2023-07-06,Combined Minimum Variance,DD,0.0
2023-07-06,Combined Minimum Variance,DIS,0.0
2023-07-06,Combined Minimum Variance,DOW,0.0
2023-07-06,Combined Minimum Variance,DUK,0.043313
2023-07-06,Combined Minimum Variance,EA,0.085028
2023-07-06,Combined Minimum Variance,EOS-USD,0.0
2023-07-06,Combined Minimum Variance,ETC-USD,0.0
2023-07-06,Combined Minimum Variance,ETH-USD,0.0
2023-07-06,Combined Minimum Variance,GE,0.0
2023-07-06,Combined Minimum Variance,GILD,0.05653
2023-07-06,Combined Minimum Variance,GS,0.009313
2023-07-06,Combined Minimum Variance,INTC,0.0
2023-07-06,Combined Minimum Variance,KO,0.08805
2023-07-06,Combined Minimum Variance,LTC-USD,0.0
2023-07-06,Combined Minimum Variance,MMM,0.003194
2023-07-06,Combined Minimum Variance,MRK,0.107012
2023-07-06,Combined Minimum Variance,MS,0.0
2023-07-06,Combined Minimum Variance,NEE,0.002351
2023-07-06,Combined Minimum Variance,NEM,0.033808
2023-07-06,Combined Minimum Variance,NKE,0.0
2023-07-06,Combined Minimum Variance,NUE,0.0
2023-07-06,Combined Minimum Variance,NVDA,0.0
2023-07-06,Combined Minimum Variance,O,0.064581
2023-07-06,Combined Minimum Variance,OXY,0.0
2023-07-06,Combined Minimum Variance,PLD,0.0
2023-07-06,Combined Minimum Variance,PSA,0.004368
2023-07-06,Combined Minimum Variance,QCOM,0.0
2023-07-06,Combined Minimum Variance,SBUX,0.0
2023-07-06,Combined Minimum Variance,SHW,0.0
2023-07-06,Combined Minimum Variance,SLB,0.0
2023-07-06,Combined Minimum Variance,SO,0.033226
2023-07-06,Combined Minimum Variance,T,0.03103
2023-07-06,Combined Minimum Variance,TMUS,0.026093
2023-07-06,Combined Minimum Variance,TRX-USD,0.0
2023-07-06,Combined Minimum Variance,TTWO,0.030203
2023-07-06,Combined Minimum Variance,UPS,0.020649
2023-07-06,Combined Minimum Variance,USB,0.0
2023-07-06,Combined Minimum Variance,V,0.004507
2023-07-06,Combined Minimum Variance,WFC,0.0
2023-07-06,Combined Minimum Variance,WMT,0.112315
2023-07-06,Combined Minimum Variance,XLM-USD,0.0
2023-07-06,Combined Minimum Variance,XOM,0.012869
2023-07-06,Combined Minimum Variance,XRP-USD,0.0
2023-08-04,Combined Minimum Variance,ABBV,0.091037
2023-08-04,Combined Minimum Variance,ABT,0.006106
2023-08-04,Combined Minimum Variance,ADA-USD,0.0
2023-08-04,Combined Minimum Variance,ADBE,0.0
2023-08-04,Combined Minimum Variance,AEP,0.0
2023-08-04,Combined Minimum Variance,AMD,0.0
2023-08-04,Combined Minimum Variance,AMGN,0.082731
2023-08-04,Combined Minimum Variance,AMT,0.0
2023-08-04,Combined Minimum Variance,BA,0.0
2023-08-04,Combined Minimum Variance,BCH-USD,0.0
2023-08-04,Combined Minimum Variance,BTC-USD,0.0
2023-08-04,Combined Minimum Variance,CAT,0.00232
2023-08-04,Combined Minimum Variance,CCI,0.0
2023-08-04,Combined Minimum Variance,CMCSA,0.003035
2023-08-04,Combined Minimum Variance,COP,0.0
2023-08-04,Combined Minimum Variance,CVX,0.039643
2023-08-04,Combined Minimum Variance,D,0.015917
2023-08-04,Combined Minimum Variance,DD,0.0
2023-08-04,Combined Minimum Variance,DIS,0.0
2023-08-04,Combined Minimum Variance,DOW,0.002787
2023-08-04,Combined Minimum Variance,DUK,0.039471
2023-08-04,Combined Minimum Variance,EA,0.080356
2023-08-04,Combined Minimum Variance,EOS-USD,0.0
2023-08-04,Combined Minimum Variance,ETC-USD,0.0
2023-08-04,Combined Minimum Variance,ETH-USD,0.0
2023-08-04,Combined Minimum Variance,GE,0.0
2023-08-04,Combined Minimum Variance,GILD,0.058069
2023-08-04,Combined Minimum Variance,GS,0.007735
2023-08-04,Combined Minimum Variance,INTC,0.0
2023-08-04,Combined Minimum Variance,KO,0.087275
2023-08-04,Combined Minimum Variance,LTC-USD,0.0
2023-08-04,Combined Minimum Variance,MMM,0.009365
2023-08-04,Combined Minimum Variance,MRK,0.107651
2023-08-04,Combined Minimum Variance,MS,0.0
2023-08-04,Combined Minimum Variance,NEE,0.005075
2023-08-04,Combined Minimum Variance,NEM,0.035246
2023-08-04,Combined Minimum Variance,NKE,0.0
2023-08-04,Combined Minimum Variance,NUE,0.0
2023-08-04,Combined Minimum Variance,NVDA,0.0
2023-08-04,Combined Minimum Variance,O,0.058071
2023-08-04,Combined Minimum Variance,OXY,0.0
2023-08-04,Combined Minimum Variance,PLD,0.0
2023-08-04,Combined Minimum Variance,PSA,0.000266
2023-08-04,Combined Minimum Variance,QCOM,0.0
2023-08-04,Combined Minimum Variance,SBUX,0.0
2023-08-04,Combined Minimum Variance,SHW,0.0
2023-08-04,Combined Minimum Variance,SLB,0.0
2023-08-04,Combined Minimum Variance,SO,0.030169
2023-08-04,Combined Minimum Variance,T,0.027441
2023-08-04,Combined Minimum Variance,TMUS,0.028307
2023-08-04,Combined Minimum Variance,TRX-USD,0.0
2023-08-04,Combined Minimum Variance,TTWO,0.032234
2023-08-04,Combined Minimum Variance,UPS,0.014226
2023-08-04,Combined Minimum Variance,USB,0.0
2023-08-04,Combined Minimum Variance,V,0.007077
2023-08-04,Combined Minimum Variance,WFC,0.0
2023-08-04,Combined Minimum Variance,WMT,0.110578
2023-08-04,Combined Minimum Variance,XLM-USD,0.0
2023-08-04,Combined Minimum Variance,XOM,0.017812
2023-08-04,Combined Minimum Variance,XRP-USD,0.0
2023-09-05,Combined Minimum Variance,ABBV,0.090256
2023-09-05,Combined Minimum Variance,ABT,0.0
2023-09-05,Combined Minimum Variance,ADA-USD,0.0
2023-09-05,Combined Minimum Variance,ADBE,0.0
2023-09-05,Combined Minimum Variance,AEP,6.3e-05
2023-09-05,Combined Minimum Variance,AMD,0.0
2023-09-05,Combined Minimum Variance,AMGN,0.09228
2023-09-05,Combined Minimum Variance,AMT,0.0
2023-09-05,Combined Minimum Variance,BA,0.0
2023-09-05,Combined Minimum Variance,BCH-USD,0.0
2023-09-05,Combined Minimum Variance,BTC-USD,0.0
2023-09-05,Combined Minimum Variance,CAT,0.0
2023-09-05,Combined Minimum Variance,CCI,0.0
2023-09-05,Combined Minimum Variance,CMCSA,0.003458
2023-09-05,Combined Minimum Variance,COP,0.0
2023-09-05,Combined Minimum Variance,CVX,0.048935
2023-09-05,Combined Minimum Variance,D,0.011127
2023-09-05,Combined Minimum Variance,DD,0.0
2023-09-05,Combined Minimum Variance,DIS,0.0
2023-09-05,Combined Minimum Variance,DOW,0.0
2023-09-05,Combined Minimum Variance,DUK,0.039293
2023-09-05,Combined Minimum Variance,EA,0.07825
2023-09-05,Combined Minimum Variance,EOS-USD,0.0
2023-09-05,Combined Minimum Variance,ETC-USD,0.0
2023-09-05,Combined Minimum Variance,ETH-USD,0.0
2023-09-05,Combined Minimum Variance,GE,0.0
2023-09-05,Combined Minimum Variance,GILD,0.05075
2023-09-05,Combined Minimum Variance,GS,0.0087
2023-09-05,Combined Minimum Variance,INTC,0.0
2023-09-05,Combined Minimum Variance,KO,0.09948
2023-09-05,Combined Minimum Variance,LTC-USD,0.0
2023-09-05,Combined Minimum Variance,MMM,0.00474
2023-09-05,Combined Minimum Variance,MRK,0.096786
2023-09-05,Combined Minimum Variance,MS,0.0
2023-09-05,Combined Minimum Variance,NEE,0.0
2023-09-05,Combined Minimum Variance,NEM,0.038064
2023-09-05,Combined Minimum Variance,NKE,0.0
2023-09-05,Combined Minimum Variance,NUE,0.0
2023-09-05,Combined Minimum Variance,NVDA,0.0
2023-09-05,Combined Minimum Variance,O,0.069369
2023-09-05,Combined Minimum Variance,OXY,0.0
2023-09-05,Combined Minimum Variance,PLD,0.0
2023-09-05,Combined Minimum Variance,PSA,0.002324
2023-09-05,Combined Minimum Variance,QCOM,0.0
2023-09-05,Combined Minimum Variance,SBUX,0.0
2023-09-05,Combined Minimum Variance,SHW,0.000117
2023-09-05,Combined Minimum Variance,SLB,0.0
2023-09-05,Combined Minimum Variance,SO,0.030852
2023-09-05,Combined Minimum Variance,T,0.027695
2023-09-05,Combined Minimum Variance,TMUS,0.019729
2023-09-05,Combined Minimum Variance,TRX-USD,0.0
2023-09-05,Combined Minimum Variance,TTWO,0.030648
2023-09-05,Combined Minimum Variance,UPS,0.018082
2023-09-05,Combined Minimum Variance,USB,0.0
2023-09-05,Combined Minimum Variance,V,0.008297
2023-09-05,Combined Minimum Variance,WFC,0.0
2023-09-05,Combined Minimum Variance,WMT,0.115822
2023-09-05,Combined Minimum Variance,XLM-USD,0.0
2023-09-05,Combined Minimum Variance,XOM,0.014883
2023-09-05,Combined Minimum Variance,XRP-USD,0.0
2023-10-04,Combined Minimum Variance,ABBV,0.093784
2023-10-04,Combined Minimum Variance,ABT,0.0
2023-10-04,Combined Minimum Variance,ADA-USD,0.0
2023-10-04,Combined Minimum Variance,ADBE,0.0
2023-10-04,Combined Minimum Variance,AEP,0.0
2023-10-04,Combined Minimum Variance,AMD,0.0
2023-10-04,Combined Minimum Variance,AMGN,0.091836
2023-10-04,Combined Minimum Variance,AMT,0.0
2023-10-04,Combined Minimum Variance,BA,0.0
2023-10-04,Combined Minimum Variance,BCH-USD,0.0
2023-10-04,Combined Minimum Variance,BTC-USD,0.0
2023-10-04,Combined Minimum Variance,CAT,0.0
2023-10-04,Combined Minimum Variance,CCI,0.0
2023-10-04,Combined Minimum Variance,CMCSA,0.006735
2023-10-04,Combined Minimum Variance,COP,0.0
2023-10-04,Combined Minimum Variance,CVX,0.052284
2023-10-04,Combined Minimum Variance,D,0.003459
2023-10-04,Combined Minimum Variance,DD,0.0
2023-10-04,Combined Minimum Variance,DIS,0.0
2023-10-04,Combined Minimum Variance,DOW,0.0
2023-10-04,Combined Minimum Variance,DUK,0.040511
2023-10-04,Combined Minimum Variance,EA,0.076487
2023-10-04,Combined Minimum Variance,EOS-USD,0.0
2023-10-04,Combined Minimum Variance,ETC-USD,0.0
2023-10-04,Combined Minimum Variance,ETH-USD,0.0
2023-10-04,Combined Minimum Variance,GE,0.0
2023-10-04,Combined Minimum Variance,GILD,0.045789
2023-10-04,Combined Minimum Variance,GS,0.000572
2023-10-04,Combined Minimum Variance,INTC,0.0
2023-10-04,Combined Minimum Variance,KO,0.103188
2023-10-04,Combined Minimum Variance,LTC-USD,0.0
2023-10-04,Combined Minimum Variance,MMM,0.007696
2023-10-04,Combined Minimum Variance,MRK,0.108257
2023-10-04,Combined Minimum Variance,MS,0.0
2023-10-04,Combined Minimum Variance,NEE,0.0
2023-10-04,Combined Minimum Variance,NEM,0.033999
2023-10-04,Combined Minimum Variance,NKE,0.0
2023-10-04,Combined Minimum Variance,NUE,0.0
2023-10-04,Combined Minimum Variance,NVDA,0.0
2023-10-04,Combined Minimum Variance,O,0.072513
2023-10-04,Combined Minimum Variance,OXY,0.0
2023-10-04,Combined Minimum Variance,PLD,0.0
2023-10-04,Combined Minimum Variance,PSA,0.001332
2023-10-04,Combined Minimum Variance,QCOM,0.0
2023-10-04,Combined Minimum Variance,SBUX,0.0
2023-10-04,Combined Minimum Variance,SHW,0.000969
2023-10-04,Combined Minimum Variance,SLB,0.0
2023-10-04,Combined Minimum Variance,SO,0.023928
2023-10-04,Combined Minimum Variance,T,0.027785
2023-10-04,Combined Minimum Variance,TMUS,0.017098
2023-10-04,Combined Minimum Variance,TRX-USD,0.001094
2023-10-04,Combined Minimum Variance,TTWO,0.032533
2023-10-04,Combined Minimum Variance,UPS,0.015336
2023-10-04,Combined Minimum Variance,USB,0.0
2023-10-04,Combined Minimum Variance,V,0.011113
2023-10-04,Combined Minimum Variance,WFC,0.0
2023-10-04,Combined Minimum Variance,WMT,0.113636
2023-10-04,Combined Minimum Variance,XLM-USD,0.0
2023-10-04,Combined Minimum Variance,XOM,0.018066
2023-10-04,Combined Minimum Variance,XRP-USD,0.0
2023-11-02,Combined Minimum Variance,ABBV,0.095259
2023-11-02,Combined Minimum Variance,ABT,0.0
2023-11-02,Combined Minimum Variance,ADA-USD,0.0
2023-11-02,Combined Minimum Variance,ADBE,0.0
2023-11-02,Combined Minimum Variance,AEP,0.003664
2023-11-02,Combined Minimum Variance,AMD,0.0
2023-11-02,Combined Minimum Variance,AMGN,0.089616
2023-11-02,Combined Minimum Variance,AMT,0.0
2023-11-02,Combined Minimum Variance,BA,0.0
2023-11-02,Combined Minimum Variance,BCH-USD,0.0
2023-11-02,Combined Minimum Variance,BTC-USD,0.0
2023-11-02,Combined Minimum Variance,CAT,0.0
2023-11-02,Combined Minimum Variance,CCI,0.0
2023-11-02,Combined Minimum Variance,CMCSA,0.009646
2023-11-02,Combined Minimum Variance,COP,0.0
2023-11-02,Combined Minimum Variance,CVX,0.044571
2023-11-02,Combined Minimum Variance,D,0.003893
2023-11-02,Combined Minimum Variance,DD,0.0
2023-11-02,Combined Minimum Variance,DIS,0.0
2023-11-02,Combined Minimum Variance,DOW,0.007346
2023-11-02,Combined Minimum Variance,DUK,0.036773
2023-11-02,Combined Minimum Variance,EA,0.078469
2023-11-02,Combined Minimum Variance,EOS-USD,0.0
2023-11-02,Combined Minimum Variance,ETC-USD,0.0
2023-11-02,Combined Minimum Variance,ETH-USD,0.0
2023-11-02,Combined Minimum Variance,GE,0.0
2023-11-02,Combined Minimum Variance,GILD,0.046781
2023-11-02,Combined Minimum Variance,GS,0.0
2023-11-02,Combined Minimum Variance,INTC,0.0
2023-11-02,Combined Minimum Variance,KO,0.090486
2023-11-02,Combined Minimum Variance,LTC-USD,0.0
2023-11-02,Combined Minimum Variance,MMM,0.003759
2023-11-02,Combined Minimum Variance,MRK,0.126515
2023-11-02,Combined Minimum Variance,MS,0.0
2023-11-02,Combined Minimum Variance,NEE,0.0
2023-11-02,Combined Minimum Variance,NEM,0.032521
2023-11-02,Combined Minimum Variance,NKE,0.0
2023-11-02,Combined Minimum Variance,NUE,0.0
2023-11-02,Combined Minimum Variance,NVDA,0.0
2023-11-02,Combined Minimum Variance,O,0.057513
2023-11-02,Combined Minimum Variance,OXY,0.0
2023-11-02,Combined Minimum Variance,PLD,0.0
2023-11-02,Combined Minimum Variance,PSA,0.0
2023-11-02,Combined Minimum Variance,QCOM,0.0
2023-11-02,Combined Minimum Variance,SBUX,0.0
2023-11-02,Combined Minimum Variance,SHW,0.0
2023-11-02,Combined Minimum Variance,SLB,0.0
2023-11-02,Combined Minimum Variance,SO,0.021571
2023-11-02,Combined Minimum Variance,T,0.030659
2023-11-02,Combined Minimum Variance,TMUS,0.016696
2023-11-02,Combined Minimum Variance,TRX-USD,0.005629
2023-11-02,Combined Minimum Variance,TTWO,0.031953
2023-11-02,Combined Minimum Variance,UPS,0.012211
2023-11-02,Combined Minimum Variance,USB,0.0
2023-11-02,Combined Minimum Variance,V,0.010325
2023-11-02,Combined Minimum Variance,WFC,0.0
2023-11-02,Combined Minimum Variance,WMT,0.119846
2023-11-02,Combined Minimum Variance,XLM-USD,0.0
2023-11-02,Combined Minimum Variance,XOM,0.0243
2023-11-02,Combined Minimum Variance,XRP-USD,0.0
2023-12-04,Combined Minimum Variance,ABBV,0.091375
2023-12-04,Combined Minimum Variance,ABT,0.001515
2023-12-04,Combined Minimum Variance,ADA-USD,0.0
2023-12-04,Combined Minimum Variance,ADBE,0.0
2023-12-04,Combined Minimum Variance,AEP,0.0
2023-12-04,Combined Minimum Variance,AMD,0.0
2023-12-04,Combined Minimum Variance,AMGN,0.084751
2023-12-04,Combined Minimum Variance,AMT,0.0
2023-12-04,Combined Minimum Variance,BA,0.0
2023-12-04,Combined Minimum Variance,BCH-USD,0.0
2023-12-04,Combined Minimum Variance,BTC-USD,0.0
2023-12-04,Combined Minimum Variance,CAT,0.0
2023-12-04,Combined Minimum Variance,CCI,0.0
2023-12-04,Combined Minimum Variance,CMCSA,0.007244
2023-12-04,Combined Minimum Variance,COP,0.0
2023-12-04,Combined Minimum Variance,CVX,0.041917
2023-12-04,Combined Minimum Variance,D,0.0
2023-12-04,Combined Minimum Variance,DD,0.0
2023-12-04,Combined Minimum Variance,DIS,0.0
2023-12-04,Combined Minimum Variance,DOW,0.009433
2023-12-04,Combined Minimum Variance,DUK,0.035879
2023-12-04,Combined Minimum Variance,EA,0.085257
2023-12-04,Combined Minimum Variance,EOS-USD,0.0
2023-12-04,Combined Minimum Variance,ETC-USD,0.0
2023-12-04,Combined Minimum Variance,ETH-USD,0.0
2023-12-04,Combined Minimum Variance,GE,0.002119
2023-12-04,Combined Minimum Variance,GILD,0.033075
2023-12-04,Combined Minimum Variance,GS,0.0
2023-12-04,Combined Minimum Variance,INTC,0.0
2023-12-04,Combined Minimum Variance,KO,0.099292
2023-12-04,Combined Minimum Variance,LTC-USD,0.0
2023-12-04,Combined Minimum Variance,MMM,0.003131
2023-12-04,Combined Minimum Variance,MRK,0.142639
2023-12-04,Combined Minimum Variance,MS,0.0
2023-12-04,Combined Minimum Variance,NEE,0.0
2023-12-04,Combined Minimum Variance,NEM,0.026257
2023-12-04,Combined Minimum Variance,NKE,0.0
2023-12-04,Combined Minimum Variance,NUE,0.0
2023-12-04,Combined Minimum Variance,NVDA,0.0
2023-12-04,Combined Minimum Variance,O,0.054703
2023-12-04,Combined Minimum Variance,OXY,0.0
2023-12-04,Combined Minimum Variance,PLD,0.0
2023-12-04,Combined Minimum Variance,PSA,0.0
2023-12-04,Combined Minimum Variance,QCOM,0.0
2023-12-04,Combined Minimum Variance,SBUX,0.0
2023-12-04,Combined Minimum Variance,SHW,0.0
2023-12-04,Combined Minimum Variance,SLB,0.0
2023-12-04,Combined Minimum Variance,SO,0.017091
2023-12-04,Combined Minimum Variance,T,0.034271
2023-12-04,Combined Minimum Variance,TMUS,0.021414
2023-12-04,Combined Minimum Variance,TRX-USD,0.006758
2023-12-04,Combined Minimum Variance,TTWO,0.034143
2023-12-04,Combined Minimum Variance,UPS,0.012892
2023-12-04,Combined Minimum Variance,USB,0.0
2023-12-04,Combined Minimum Variance,V,0.006195
2023-12-04,Combined Minimum Variance,WFC,0.0
2023-12-04,Combined Minimum Variance,WMT,0.119324
2023-12-04,Combined Minimum Variance,XLM-USD,0.0
2023-12-04,Combined Minimum Variance,XOM,0.029324
2023-12-04,Combined Minimum Variance,XRP-USD,0.0
2021-12-31,Combined Maximum Sharpe,ABBV,0.068578
2021-12-31,Combined Maximum Sharpe,ABT,0.0
2021-12-31,Combined Maximum Sharpe,ADA-USD,0.109784
2021-12-31,Combined Maximum Sharpe,ADBE,0.0
2021-12-31,Combined Maximum Sharpe,AEP,0.0
2021-12-31,Combined Maximum Sharpe,AMD,0.025439
2021-12-31,Combined Maximum Sharpe,AMGN,0.0
2021-12-31,Combined Maximum Sharpe,AMT,0.0
2021-12-31,Combined Maximum Sharpe,BA,0.0
2021-12-31,Combined Maximum Sharpe,BCH-USD,0.0
2021-12-31,Combined Maximum Sharpe,BTC-USD,0.083388
2021-12-31,Combined Maximum Sharpe,CAT,0.0
2021-12-31,Combined Maximum Sharpe,CCI,0.0
2021-12-31,Combined Maximum Sharpe,CMCSA,0.0
2021-12-31,Combined Maximum Sharpe,COP,0.0
2021-12-31,Combined Maximum Sharpe,CVX,0.0
2021-12-31,Combined Maximum Sharpe,D,0.0
2021-12-31,Combined Maximum Sharpe,DD,0.0
2021-12-31,Combined Maximum Sharpe,DIS,0.0
2021-12-31,Combined Maximum Sharpe,DOW,0.0
2021-12-31,Combined Maximum Sharpe,DUK,0.0
2021-12-31,Combined Maximum Sharpe,EA,0.0
2021-12-31,Combined Maximum Sharpe,EOS-USD,0.0
2021-12-31,Combined Maximum Sharpe,ETC-USD,0.0
2021-12-31,Combined Maximum Sharpe,ETH-USD,0.069443
2021-12-31,Combined Maximum Sharpe,GE,0.0
2021-12-31,Combined Maximum Sharpe,GILD,0.0
2021-12-31,Combined Maximum Sharpe,GS,0.0
2021-12-31,Combined Maximum Sharpe,INTC,0.0
2021-12-31,Combined Maximum Sharpe,KO,0.0
2021-12-31,Combined Maximum Sharpe,LTC-USD,0.0
2021-12-31,Combined Maximum Sharpe,MMM,0.0
2021-12-31,Combined Maximum Sharpe,MRK,0.0
2021-12-31,Combined Maximum Sharpe,MS,0.0
2021-12-31,Combined Maximum Sharpe,NEE,0.0
2021-12-31,Combined Maximum Sharpe,NEM,0.076159
2021-12-31,Combined Maximum Sharpe,NKE,0.0
2021-12-31,Combined Maximum Sharpe,NUE,0.048563
2021-12-31,Combined Maximum Sharpe,NVDA,0.2
2021-12-31,Combined Maximum Sharpe,O,0.0
2021-12-31,Combined Maximum Sharpe,OXY,0.0
2021-12-31,Combined Maximum Sharpe,PLD,0.0
2021-12-31,Combined Maximum Sharpe,PSA,0.2
2021-12-31,Combined Maximum Sharpe,QCOM,0.0
2021-12-31,Combined Maximum Sharpe,SBUX,0.0
2021-12-31,Combined Maximum Sharpe,SHW,0.0
2021-12-31,Combined Maximum Sharpe,SLB,0.0
2021-12-31,Combined Maximum Sharpe,SO,0.0
2021-12-31,Combined Maximum Sharpe,T,0.0
2021-12-31,Combined Maximum Sharpe,TMUS,0.0
2021-12-31,Combined Maximum Sharpe,TRX-USD,0.0
2021-12-31,Combined Maximum Sharpe,TTWO,0.0
2021-12-31,Combined Maximum Sharpe,UPS,0.118646
2021-12-31,Combined Maximum Sharpe,USB,0.0
2021-12-31,Combined Maximum Sharpe,V,0.0
2021-12-31,Combined Maximum Sharpe,WFC,0.0
2021-12-31,Combined Maximum Sharpe,WMT,0.0
2021-12-31,Combined Maximum Sharpe,XLM-USD,0.0
2021-12-31,Combined Maximum Sharpe,XOM,0.0
2021-12-31,Combined Maximum Sharpe,XRP-USD,0.0
2022-02-01,Combined Maximum Sharpe,ABBV,0.157571
2022-02-01,Combined Maximum Sharpe,ABT,0.0
2022-02-01,Combined Maximum Sharpe,ADA-USD,0.048511
2022-02-01,Combined Maximum Sharpe,ADBE,0.0
2022-02-01,Combined Maximum Sharpe,AEP,0.0
2022-02-01,Combined Maximum Sharpe,AMD,0.0
2022-02-01,Combined Maximum Sharpe,AMGN,0.0
2022-02-01,Combined Maximum Sharpe,AMT,0.0
2022-02-01,Combined Maximum Sharpe,BA,0.0
2022-02-01,Combined Maximum Sharpe,BCH-USD,0.0
2022-02-01,Combined Maximum Sharpe,BTC-USD,0.067075
2022-02-01,Combined Maximum Sharpe,CAT,0.0
2022-02-01,Combined Maximum Sharpe,CCI,0.0
2022-02-01,Combined Maximum Sharpe,CMCSA,0.0
2022-02-01,Combined Maximum Sharpe,COP,0.0
2022-02-01,Combined Maximum Sharpe,CVX,0.0
2022-02-01,Combined Maximum Sharpe,D,0.0
2022-02-01,Combined Maximum Sharpe,DD,0.0
2022-02-01,Combined Maximum Sharpe,DIS,0.0
2022-02-01,Combined Maximum Sharpe,DOW,0.0
2022-02-01,Combined Maximum Sharpe,DUK,0.0
2022-02-01,Combined Maximum Sharpe,EA,0.0
2022-02-01,Combined Maximum Sharpe,EOS-USD,0.0
2022-02-01,Combined Maximum Sharpe,ETC-USD,0.0
2022-02-01,Combined Maximum Sharpe,ETH-USD,0.061654
2022-02-01,Combined Maximum Sharpe,GE,0.0
2022-02-01,Combined Maximum Sharpe,GILD,0.0
2022-02-01,Combined Maximum Sharpe,GS,0.0
2022-02-01,Combined Maximum Sharpe,INTC,0.0
2022-02-01,Combined Maximum Sharpe,KO,0.0
2022-02-01,Combined Maximum Sharpe,LTC-USD,0.0
2022-02-01,Combined Maximum Sharpe,MMM,0.0
2022-02-01,Combined Maximum Sharpe,MRK,0.0
2022-02-01,Combined Maximum Sharpe,MS,0.0
2022-02-01,Combined Maximum Sharpe,NEE,0.0
2022-02-01,Combined Maximum Sharpe,NEM,0.065447
2022-02-01,Combined Maximum Sharpe,NKE,0.0
2022-02-01,Combined Maximum Sharpe,NUE,0.086393
2022-02-01,Combined Maximum Sharpe,NVDA,0.2
2022-02-01,Combined Maximum Sharpe,O,0.0
2022-02-01,Combined Maximum Sharpe,OXY,0.0
2022-02-01,Combined Maximum Sharpe,PLD,0.0
2022-02-01,Combined Maximum Sharpe,PSA,0.105239
2022-02-01,Combined Maximum Sharpe,QCOM,0.0
2022-02-01,Combined Maximum Sharpe,SBUX,0.0
2022-02-01,Combined Maximum Sharpe,SHW,0.0
2022-02-01,Combined Maximum Sharpe,SLB,0.0
2022-02-01,Combined Maximum Sharpe,SO,0.0
2022-02-01,Combined Maximum Sharpe,T,0.0
2022-02-01,Combined Maximum Sharpe,TMUS,0.0
2022-02-01,Combined Maximum Sharpe,TRX-USD,0.0
2022-02-01,Combined Maximum Sharpe,TTWO,0.0
2022-02-01,Combined Maximum Sharpe,UPS,0.2
2022-02-01,Combined Maximum Sharpe,USB,0.0
2022-02-01,Combined Maximum Sharpe,V,0.0
2022-02-01,Combined Maximum Sharpe,WFC,0.0
2022-02-01,Combined Maximum Sharpe,WMT,0.0
2022-02-01,Combined Maximum Sharpe,XLM-USD,0.008109
2022-02-01,Combined Maximum Sharpe,XOM,0.0
2022-02-01,Combined Maximum Sharpe,XRP-USD,0.0
2022-03-03,Combined Maximum Sharpe,ABBV,0.122296
2022-03-03,Combined Maximum Sharpe,ABT,0.0
2022-03-03,Combined Maximum Sharpe,ADA-USD,0.044618
2022-03-03,Combined Maximum Sharpe,ADBE,0.0
2022-03-03,Combined Maximum Sharpe,AEP,0.0
2022-03-03,Combined Maximum Sharpe,AMD,0.0
2022-03-03,Combined Maximum Sharpe,AMGN,0.0
2022-03-03,Combined Maximum Sharpe,AMT,0.0
2022-03-03,Combined Maximum Sharpe,BA,0.0
2022-03-03,Combined Maximum Sharpe,BCH-USD,0.0
2022-03-03,Combined Maximum Sharpe,BTC-USD,0.150295
2022-03-03,Combined Maximum Sharpe,CAT,0.0
2022-03-03,Combined Maximum Sharpe,CCI,0.0
2022-03-03,Combined Maximum Sharpe,CMCSA,0.0
2022-03-03,Combined Maximum Sharpe,COP,0.0
2022-03-03,Combined Maximum Sharpe,CVX,0.0
2022-03-03,Combined Maximum Sharpe,D,0.0
2022-03-03,Combined Maximum Sharpe,DD,0.0
2022-03-03,Combined Maximum Sharpe,DIS,0.0
2022-03-03,Combined Maximum Sharpe,DOW,0.0
2022-03-03,Combined Maximum Sharpe,DUK,0.0
2022-03-03,Combined Maximum Sharpe,EA,0.0
2022-03-03,Combined Maximum Sharpe,EOS-USD,0.0
2022-03-03,Combined Maximum Sharpe,ETC-USD,0.0
2022-03-03,Combined Maximum Sharpe,ETH-USD,0.0
2022-03-03,Combined Maximum Sharpe,GE,0.0
2022-03-03,Combined Maximum Sharpe,GILD,0.0
2022-03-03,Combined Maximum Sharpe,GS,0.0
2022-03-03,Combined Maximum Sharpe,INTC,0.0
2022-03-03,Combined Maximum Sharpe,KO,0.0
2022-03-03,Combined Maximum Sharpe,LTC-USD,0.0
2022-03-03,Combined Maximum Sharpe,MMM,0.0
2022-03-03,Combined Maximum Sharpe,MRK,0.0
2022-03-03,Combined Maximum Sharpe,MS,0.0
2022-03-03,Combined Maximum Sharpe,NEE,0.0
2022-03-03,Combined Maximum Sharpe,NEM,0.073169
2022-03-03,Combined Maximum Sharpe,NKE,0.0
2022-03-03,Combined Maximum Sharpe,NUE,0.187755
2022-03-03,Combined Maximum Sharpe,NVDA,0.106766
2022-03-03,Combined Maximum Sharpe,O,0.0
2022-03-03,Combined Maximum Sharpe,OXY,0.0
2022-03-03,Combined Maximum Sharpe,PLD,0.0
2022-03-03,Combined Maximum Sharpe,PSA,0.115102
2022-03-03,Combined Maximum Sharpe,QCOM,0.0
2022-03-03,Combined Maximum Sharpe,SBUX,0.0
2022-03-03,Combined Maximum Sharpe,SHW,0.0
2022-03-03,Combined Maximum Sharpe,SLB,0.0
2022-03-03,Combined Maximum Sharpe,SO,0.0
2022-03-03,Combined Maximum Sharpe,T,0.0
2022-03-03,Combined Maximum Sharpe,TMUS,0.0
2022-03-03,Combined Maximum Sharpe,TRX-USD,0.0
2022-03-03,Combined Maximum Sharpe,TTWO,0.0
2022-03-03,Combined Maximum Sharpe,UPS,0.2
2022-03-03,Combined Maximum Sharpe,USB,0.0
2022-03-03,Combined Maximum Sharpe,V,0.0
2022-03-03,Combined Maximum Sharpe,WFC,0.0
2022-03-03,Combined Maximum Sharpe,WMT,0.0
2022-03-03,Combined Maximum Sharpe,XLM-USD,0.0
2022-03-03,Combined Maximum Sharpe,XOM,0.0
2022-03-03,Combined Maximum Sharpe,XRP-USD,0.0
2022-04-01,Combined Maximum Sharpe,ABBV,0.2
2022-04-01,Combined Maximum Sharpe,ABT,0.0
2022-04-01,Combined Maximum Sharpe,ADA-USD,0.024725
2022-04-01,Combined Maximum Sharpe,ADBE,0.0
2022-04-01,Combined Maximum Sharpe,AEP,0.0
2022-04-01,Combined Maximum Sharpe,AMD,0.0
2022-04-01,Combined Maximum Sharpe,AMGN,0.0
2022-04-01,Combined Maximum Sharpe,AMT,0.0
2022-04-01,Combined Maximum Sharpe,BA,0.0
2022-04-01,Combined Maximum Sharpe,BCH-USD,0.0
2022-04-01,Combined Maximum Sharpe,BTC-USD,0.065822
2022-04-01,Combined Maximum Sharpe,CAT,0.0
2022-04-01,Combined Maximum Sharpe,CCI,0.0
2022-04-01,Combined Maximum Sharpe,CMCSA,0.0
2022-04-01,Combined Maximum Sharpe,COP,0.030352
2022-04-01,Combined Maximum Sharpe,CVX,0.0
2022-04-01,Combined Maximum Sharpe,D,0.0
2022-04-01,Combined Maximum Sharpe,DD,0.0
2022-04-01,Combined Maximum Sharpe,DIS,0.0
2022-04-01,Combined Maximum Sharpe,DOW,0.0
2022-04-01,Combined Maximum Sharpe,DUK,0.0
2022-04-01,Combined Maximum Sharpe,EA,0.0
2022-04-01,Combined Maximum Sharpe,EOS-USD,0.0
2022-04-01,Combined Maximum Sharpe,ETC-USD,0.0
2022-04-01,Combined Maximum Sharpe,ETH-USD,0.007153
2022-04-01,Combined Maximum Sharpe,GE,0.0
2022-04-01,Combined Maximum Sharpe,GILD,0.0
2022-04-01,Combined Maximum Sharpe,GS,0.0
2022-04-01,Combined Maximum Sharpe,INTC,0.0
2022-04-01,Combined Maximum Sharpe,KO,0.0
2022-04-01,Combined Maximum Sharpe,LTC-USD,0.0
2022-04-01,Combined Maximum Sharpe,MMM,0.0
2022-04-01,Combined Maximum Sharpe,MRK,0.0
2022-04-01,Combined Maximum Sharpe,MS,0.017518
2022-04-01,Combined Maximum Sharpe,NEE,0.0
2022-04-01,Combined Maximum Sharpe,NEM,0.080001
2022-04-01,Combined Maximum Sharpe,NKE,0.0
2022-04-01,Combined Maximum Sharpe,NUE,0.130213
2022-04-01,Combined Maximum Sharpe,NVDA,0.106351
2022-04-01,Combined Maximum Sharpe,O,0.0
2022-04-01,Combined Maximum Sharpe,OXY,0.036158
2022-04-01,Combined Maximum Sharpe,PLD,0.038314
2022-04-01,Combined Maximum Sharpe,PSA,0.2
2022-04-01,Combined Maximum Sharpe,QCOM,0.0
2022-04-01,Combined Maximum Sharpe,SBUX,0.0
2022-04-01,Combined Maximum Sharpe,SHW,0.0
2022-04-01,Combined Maximum Sharpe,SLB,0.0
2022-04-01,Combined Maximum Sharpe,SO,0.0
2022-04-01,Combined Maximum Sharpe,T,0.0
2022-04-01,Combined Maximum Sharpe,TMUS,0.0
2022-04-01,Combined Maximum Sharpe,TRX-USD,0.0
2022-04-01,Combined Maximum Sharpe,TTWO,0.0
2022-04-01,Combined Maximum Sharpe,UPS,0.063393
2022-04-01,Combined Maximum Sharpe,USB,0.0
2022-04-01,Combined Maximum Sharpe,V,0.0
2022-04-01,Combined Maximum Sharpe,WFC,0.0
2022-04-01,Combined Maximum Sharpe,WMT,0.0
2022-04-01,Combined Maximum Sharpe,XLM-USD,0.0
2022-04-01,Combined Maximum Sharpe,XOM,0.0
2022-04-01,Combined Maximum Sharpe,XRP-USD,0.0
2022-05-03,Combined Maximum Sharpe,ABBV,0.2
2022-05-03,Combined Maximum Sharpe,ABT,0.0
2022-05-03,Combined Maximum Sharpe,ADA-USD,0.004514
2022-05-03,Combined Maximum Sharpe,ADBE,0.0
2022-05-03,Combined Maximum Sharpe,AEP,0.0
2022-05-03,Combined Maximum Sharpe,AMD,0.0
2022-05-03,Combined Maximum Sharpe,AMGN,0.0
2022-05-03,Combined Maximum Sharpe,AMT,0.0
2022-05-03,Combined Maximum Sharpe,BA,0.0
2022-05-03,Combined Maximum Sharpe,BCH-USD,0.0
2022-05-03,Combined Maximum Sharpe,BTC-USD,0.055801
2022-05-03,Combined Maximum Sharpe,CAT,0.013256
2022-05-03,Combined Maximum Sharpe,CCI,0.0
2022-05-03,Combined Maximum Sharpe,CMCSA,0.0
2022-05-03,Combined Maximum Sharpe,COP,0.000129
2022-05-03,Combined Maximum Sharpe,CVX,0.0
2022-05-03,Combined Maximum Sharpe,D,0.0
2022-05-03,Combined Maximum Sharpe,DD,0.0
2022-05-03,Combined Maximum Sharpe,DIS,0.0
2022-05-03,Combined Maximum Sharpe,DOW,0.0
2022-05-03,Combined Maximum Sharpe,DUK,0.055599
2022-05-03,Combined Maximum Sharpe,EA,0.0
2022-05-03,Combined Maximum Sharpe,EOS-USD,0.0
2022-05-03,Combined Maximum Sharpe,ETC-USD,0.0
2022-05-03,Combined Maximum Sharpe,ETH-USD,0.021456
2022-05-03,Combined Maximum Sharpe,GE,0.0
2022-05-03,Combined Maximum Sharpe,GILD,0.0
2022-05-03,Combined Maximum Sharpe,GS,0.0
2022-05-03,Combined Maximum Sharpe,INTC,0.0
2022-05-03,Combined Maximum Sharpe,KO,0.0
2022-05-03,Combined Maximum Sharpe,LTC-USD,0.0
2022-05-03,Combined Maximum Sharpe,MMM,0.0
2022-05-03,Combined Maximum Sharpe,MRK,0.0
2022-05-03,Combined Maximum Sharpe,MS,0.026694
2022-05-03,Combined Maximum Sharpe,NEE,0.0
2022-05-03,Combined Maximum Sharpe,NEM,0.0
2022-05-03,Combined Maximum Sharpe,NKE,0.0
2022-05-03,Combined Maximum Sharpe,NUE,0.163461
2022-05-03,Combined Maximum Sharpe,NVDA,0.080162
2022-05-03,Combined Maximum Sharpe,O,0.0
2022-05-03,Combined Maximum Sharpe,OXY,0.048429
2022-05-03,Combined Maximum Sharpe,PLD,0.012815
2022-05-03,Combined Maximum Sharpe,PSA,0.2
2022-05-03,Combined Maximum Sharpe,QCOM,0.0
2022-05-03,Combined Maximum Sharpe,SBUX,0.0
2022-05-03,Combined Maximum Sharpe,SHW,0.009853
2022-05-03,Combined Maximum Sharpe,SLB,0.0
2022-05-03,Combined Maximum Sharpe,SO,0.022747
2022-05-03,Combined Maximum Sharpe,T,0.0
2022-05-03,Combined Maximum Sharpe,TMUS,0.0
2022-05-03,Combined Maximum Sharpe,TRX-USD,0.001586
2022-05-03,Combined Maximum Sharpe,TTWO,0.0
2022-05-03,Combined Maximum Sharpe,UPS,0.069007
2022-05-03,Combined Maximum Sharpe,USB,0.0
2022-05-03,Combined Maximum Sharpe,V,0.0
2022-05-03,Combined Maximum Sharpe,WFC,0.0
2022-05-03,Combined Maximum Sharpe,WMT,0.013971
2022-05-03,Combined Maximum Sharpe,XLM-USD,0.0
2022-05-03,Combined Maximum Sharpe,XOM,0.000519
2022-05-03,Combined Maximum Sharpe,XRP-USD,0.0
2022-06-02,Combined Maximum Sharpe,ABBV,0.2
2022-06-02,Combined Maximum Sharpe,ABT,0.0
2022-06-02,Combined Maximum Sharpe,ADA-USD,0.0
2022-06-02,Combined Maximum Sharpe,ADBE,0.0
2022-06-02,Combined Maximum Sharpe,AEP,0.0
2022-06-02,Combined Maximum Sharpe,AMD,0.038981
2022-06-02,Combined Maximum Sharpe,AMGN,0.0
2022-06-02,Combined Maximum Sharpe,AMT,0.0
2022-06-02,Combined Maximum Sharpe,BA,0.0
2022-06-02,Combined Maximum Sharpe,BCH-USD,0.0
2022-06-02,Combined Maximum Sharpe,BTC-USD,0.0038
2022-06-02,Combined Maximum Sharpe,CAT,0.0
2022-06-02,Combined Maximum Sharpe,CCI,0.0
2022-06-02,Combined Maximum Sharpe,CMCSA,0.0
2022-06-02,Combined Maximum Sharpe,COP,0.007578
2022-06-02,Combined Maximum Sharpe,CVX,0.0
2022-06-02,Combined Maximum Sharpe,D,0.0
2022-06-02,Combined Maximum Sharpe,DD,0.0
2022-06-02,Combined Maximum Sharpe,DIS,0.0
2022-06-02,Combined Maximum Sharpe,DOW,0.0
2022-06-02,Combined Maximum Sharpe,DUK,0.060832
2022-06-02,Combined Maximum Sharpe,EA,0.000106
2022-06-02,Combined Maximum Sharpe,EOS-USD,0.0
2022-06-02,Combined Maximum Sharpe,ETC-USD,0.0
2022-06-02,Combined Maximum Sharpe,ETH-USD,0.0
2022-06-02,Combined Maximum Sharpe,GE,0.0
2022-06-02,Combined Maximum Sharpe,GILD,0.0
2022-06-02,Combined Maximum Sharpe,GS,0.0
2022-06-02,Combined Maximum Sharpe,INTC,0.0
2022-06-02,Combined Maximum Sharpe,KO,0.0
2022-06-02,Combined Maximum Sharpe,LTC-USD,0.0
2022-06-02,Combined Maximum Sharpe,MMM,0.0
2022-06-02,Combined Maximum Sharpe,MRK,0.0
2022-06-02,Combined Maximum Sharpe,MS,0.0
2022-06-02,Combined Maximum Sharpe,NEE,0.0
2022-06-02,Combined Maximum Sharpe,NEM,0.008538
2022-06-02,Combined Maximum Sharpe,NKE,0.0
2022-06-02,Combined Maximum Sharpe,NUE,0.145212
2022-06-02,Combined Maximum Sharpe,NVDA,0.050953
2022-06-02,Combined Maximum Sharpe,O,0.0
2022-06-02,Combined Maximum Sharpe,OXY,0.099853
2022-06-02,Combined Maximum Sharpe,PLD,0.0
2022-06-02,Combined Maximum Sharpe,PSA,0.19892
2022-06-02,Combined Maximum Sharpe,QCOM,0.0
2022-06-02,Combined Maximum Sharpe,SBUX,0.0
2022-06-02,Combined Maximum Sharpe,SHW,0.0
2022-06-02,Combined Maximum Sharpe,SLB,0.0
2022-06-02,Combined Maximum Sharpe,SO,0.063713
2022-06-02,Combined Maximum Sharpe,T,0.0
2022-06-02,Combined Maximum Sharpe,TMUS,0.0
2022-06-02,Combined Maximum Sharpe,TRX-USD,0.037563
2022-06-02,Combined Maximum Sharpe,TTWO,0.0
2022-06-02,Combined Maximum Sharpe,UPS,0.08395
2022-06-02,Combined Maximum Sharpe,USB,0.0
2022-06-02,Combined Maximum Sharpe,V,0.0
2022-06-02,Combined Maximum Sharpe,WFC,0.0
2022-06-02,Combined Maximum Sharpe,WMT,0.0
2022-06-02,Combined Maximum Sharpe,XLM-USD,0.0
2022-06-02,Combined Maximum Sharpe,XOM,0.0
2022-06-02,Combined Maximum Sharpe,XRP-USD,0.0
2022-07-05,Combined Maximum Sharpe,ABBV,0.188006
2022-07-05,Combined Maximum Sharpe,ABT,0.0
2022-07-05,Combined Maximum Sharpe,ADA-USD,0.0
2022-07-05,Combined Maximum Sharpe,ADBE,0.0
2022-07-05,Combined Maximum Sharpe,AEP,0.0
2022-07-05,Combined Maximum Sharpe,AMD,0.01095
2022-07-05,Combined Maximum Sharpe,AMGN,0.0
2022-07-05,Combined Maximum Sharpe,AMT,0.0
2022-07-05,Combined Maximum Sharpe,BA,0.0
2022-07-05,Combined Maximum Sharpe,BCH-USD,0.0
2022-07-05,Combined Maximum Sharpe,BTC-USD,0.0
2022-07-05,Combined Maximum Sharpe,CAT,0.0
2022-07-05,Combined Maximum Sharpe,CCI,0.0
2022-07-05,Combined Maximum Sharpe,CMCSA,0.0
2022-07-05,Combined Maximum Sharpe,COP,0.0
2022-07-05,Combined Maximum Sharpe,CVX,0.0
2022-07-05,Combined Maximum Sharpe,D,0.0
2022-07-05,Combined Maximum Sharpe,DD,0.0
2022-07-05,Combined Maximum Sharpe,DIS,0.0
2022-07-05,Combined Maximum Sharpe,DOW,0.0
2022-07-05,Combined Maximum Sharpe,DUK,0.064715
2022-07-05,Combined Maximum Sharpe,EA,0.0
2022-07-05,Combined Maximum Sharpe,EOS-USD,0.0
2022-07-05,Combined Maximum Sharpe,ETC-USD,0.0
2022-07-05,Combined Maximum Sharpe,ETH-USD,0.0
2022-07-05,Combined Maximum Sharpe,GE,0.0
2022-07-05,Combined Maximum Sharpe,GILD,0.0
2022-07-05,Combined Maximum Sharpe,GS,0.0
2022-07-05,Combined Maximum Sharpe,INTC,0.0
2022-07-05,Combined Maximum Sharpe,KO,0.0467
2022-07-05,Combined Maximum Sharpe,LTC-USD,0.0
2022-07-05,Combined Maximum Sharpe,MMM,0.0
2022-07-05,Combined Maximum Sharpe,MRK,0.022791
2022-07-05,Combined Maximum Sharpe,MS,0.0
2022-07-05,Combined Maximum Sharpe,NEE,0.003167
2022-07-05,Combined Maximum Sharpe,NEM,0.0
2022-07-05,Combined Maximum Sharpe,NKE,0.0
2022-07-05,Combined Maximum Sharpe,NUE,0.111358
2022-07-05,Combined Maximum Sharpe,NVDA,0.009491
2022-07-05,Combined Maximum Sharpe,O,0.0
2022-07-05,Combined Maximum Sharpe,OXY,0.097042
2022-07-05,Combined Maximum Sharpe,PLD,0.0
2022-07-05,Combined Maximum Sharpe,PSA,0.195592
2022-07-05,Combined Maximum Sharpe,QCOM,0.0
2022-07-05,Combined Maximum Sharpe,SBUX,0.0
2022-07-05,Combined Maximum Sharpe,SHW,0.0
2022-07-05,Combined Maximum Sharpe,SLB,0.0
2022-07-05,Combined Maximum Sharpe,SO,0.083294
2022-07-05,Combined Maximum Sharpe,T,0.0
2022-07-05,Combined Maximum Sharpe,TMUS,0.0
2022-07-05,Combined Maximum Sharpe,TRX-USD,0.03888
2022-07-05,Combined Maximum Sharpe,TTWO,0.0
2022-07-05,Combined Maximum Sharpe,UPS,0.096747
2022-07-05,Combined Maximum Sharpe,USB,0.0
2022-07-05,Combined Maximum Sharpe,V,0.0
2022-07-05,Combined Maximum Sharpe,WFC,0.0
2022-07-05,Combined Maximum Sharpe,WMT,0.0
2022-07-05,Combined Maximum Sharpe,XLM-USD,0.0
2022-07-05,Combined Maximum Sharpe,XOM,0.031268
2022-07-05,Combined Maximum Sharpe,XRP-USD,0.0
2022-08-03,Combined Maximum Sharpe,ABBV,0.154523
2022-08-03,Combined Maximum Sharpe,ABT,0.0
2022-08-03,Combined Maximum Sharpe,ADA-USD,0.0
2022-08-03,Combined Maximum Sharpe,ADBE,0.0
2022-08-03,Combined Maximum Sharpe,AEP,0.0
2022-08-03,Combined Maximum Sharpe,AMD,0.0
2022-08-03,Combined Maximum Sharpe,AMGN,0.0
2022-08-03,Combined Maximum Sharpe,AMT,0.0
2022-08-03,Combined Maximum Sharpe,BA,0.0
2022-08-03,Combined Maximum Sharpe,BCH-USD,0.0
2022-08-03,Combined Maximum Sharpe,BTC-USD,0.0
2022-08-03,Combined Maximum Sharpe,CAT,0.0
2022-08-03,Combined Maximum Sharpe,CCI,0.0
2022-08-03,Combined Maximum Sharpe,CMCSA,0.0
2022-08-03,Combined Maximum Sharpe,COP,0.0
2022-08-03,Combined Maximum Sharpe,CVX,0.0
2022-08-03,Combined Maximum Sharpe,D,0.0
2022-08-03,Combined Maximum Sharpe,DD,0.0
2022-08-03,Combined Maximum Sharpe,DIS,0.0
2022-08-03,Combined Maximum Sharpe,DOW,0.0
2022-08-03,Combined Maximum Sharpe,DUK,0.082039
2022-08-03,Combined Maximum Sharpe,EA,0.0
2022-08-03,Combined Maximum Sharpe,EOS-USD,0.0
2022-08-03,Combined Maximum Sharpe,ETC-USD,0.023784
2022-08-03,Combined Maximum Sharpe,ETH-USD,0.0
2022-08-03,Combined Maximum Sharpe,GE,0.0
2022-08-03,Combined Maximum Sharpe,GILD,0.0
2022-08-03,Combined Maximum Sharpe,GS,0.0
2022-08-03,Combined Maximum Sharpe,INTC,0.0
2022-08-03,Combined Maximum Sharpe,KO,0.03426
2022-08-03,Combined Maximum Sharpe,LTC-USD,0.0
2022-08-03,Combined Maximum Sharpe,MMM,0.0
2022-08-03,Combined Maximum Sharpe,MRK,0.0
2022-08-03,Combined Maximum Sharpe,MS,0.0
2022-08-03,Combined Maximum Sharpe,NEE,0.0
2022-08-03,Combined Maximum Sharpe,NEM,0.0
2022-08-03,Combined Maximum Sharpe,NKE,0.0
2022-08-03,Combined Maximum Sharpe,NUE,0.150788
2022-08-03,Combined Maximum Sharpe,NVDA,0.039656
2022-08-03,Combined Maximum Sharpe,O,0.0
2022-08-03,Combined Maximum Sharpe,OXY,0.107642
2022-08-03,Combined Maximum Sharpe,PLD,0.0
2022-08-03,Combined Maximum Sharpe,PSA,0.2
2022-08-03,Combined Maximum Sharpe,QCOM,0.0
2022-08-03,Combined Maximum Sharpe,SBUX,0.0
2022-08-03,Combined Maximum Sharpe,SHW,0.0
2022-08-03,Combined Maximum Sharpe,SLB,0.0
2022-08-03,Combined Maximum Sharpe,SO,0.144
2022-08-03,Combined Maximum Sharpe,T,0.0
2022-08-03,Combined Maximum Sharpe,TMUS,0.0
2022-08-03,Combined Maximum Sharpe,TRX-USD,0.01169
2022-08-03,Combined Maximum Sharpe,TTWO,0.0
2022-08-03,Combined Maximum Sharpe,UPS,0.0
2022-08-03,Combined Maximum Sharpe,USB,0.0
2022-08-03,Combined Maximum Sharpe,V,0.0
2022-08-03,Combined Maximum Sharpe,WFC,0.0
2022-08-03,Combined Maximum Sharpe,WMT,0.0
2022-08-03,Combined Maximum Sharpe,XLM-USD,0.0
2022-08-03,Combined Maximum Sharpe,XOM,0.051618
2022-08-03,Combined Maximum Sharpe,XRP-USD,0.0
2022-09-01,Combined Maximum Sharpe,ABBV,0.150699
2022-09-01,Combined Maximum Sharpe,ABT,0.0
2022-09-01,Combined Maximum Sharpe,ADA-USD,0.0
2022-09-01,Combined Maximum Sharpe,ADBE,0.0
2022-09-01,Combined Maximum Sharpe,AEP,0.04691
2022-09-01,Combined Maximum Sharpe,AMD,0.0
2022-09-01,Combined Maximum Sharpe,AMGN,0.0
2022-09-01,Combined Maximum Sharpe,AMT,0.0
2022-09-01,Combined Maximum Sharpe,BA,0.0
2022-09-01,Combined Maximum Sharpe,BCH-USD,0.0
2022-09-01,Combined Maximum Sharpe,BTC-USD,0.0
2022-09-01,Combined Maximum Sharpe,CAT,0.0
2022-09-01,Combined Maximum Sharpe,CCI,0.0
2022-09-01,Combined Maximum Sharpe,CMCSA,0.0
2022-09-01,Combined Maximum Sharpe,COP,0.0
2022-09-01,Combined Maximum Sharpe,CVX,0.0
2022-09-01,Combined Maximum Sharpe,D,0.0
2022-09-01,Combined Maximum Sharpe,DD,0.0
2022-09-01,Combined Maximum Sharpe,DIS,0.0
2022-09-01,Combined Maximum Sharpe,DOW,0.0
2022-09-01,Combined Maximum Sharpe,DUK,0.074463
2022-09-01,Combined Maximum Sharpe,EA,0.0
2022-09-01,Combined Maximum Sharpe,EOS-USD,0.0
2022-09-01,Combined Maximum Sharpe,ETC-USD,0.041697
2022-09-01,Combined Maximum Sharpe,ETH-USD,0.0
2022-09-01,Combined Maximum Sharpe,GE,0.0
2022-09-01,Combined Maximum Sharpe,GILD,0.0
2022-09-01,Combined Maximum Sharpe,GS,0.0
2022-09-01,Combined Maximum Sharpe,INTC,0.0
2022-09-01,Combined Maximum Sharpe,KO,0.0
2022-09-01,Combined Maximum Sharpe,LTC-USD,0.0
2022-09-01,Combined Maximum Sharpe,MMM,0.0
2022-09-01,Combined Maximum Sharpe,MRK,0.0
2022-09-01,Combined Maximum Sharpe,MS,0.0
2022-09-01,Combined Maximum Sharpe,NEE,0.0
2022-09-01,Combined Maximum Sharpe,NEM,0.0
2022-09-01,Combined Maximum Sharpe,NKE,0.0
2022-09-01,Combined Maximum Sharpe,NUE,0.114871
2022-09-01,Combined Maximum Sharpe,NVDA,0.0
2022-09-01,Combined Maximum Sharpe,O,0.0
2022-09-01,Combined Maximum Sharpe,OXY,0.16523
2022-09-01,Combined Maximum Sharpe,PLD,0.0
2022-09-01,Combined Maximum Sharpe,PSA,0.2
2022-09-01,Combined Maximum Sharpe,QCOM,0.0
2022-09-01,Combined Maximum Sharpe,SBUX,0.0
2022-09-01,Combined Maximum Sharpe,SHW,0.0
2022-09-01,Combined Maximum Sharpe,SLB,0.0
2022-09-01,Combined Maximum Sharpe,SO,0.183517
2022-09-01,Combined Maximum Sharpe,T,0.0
2022-09-01,Combined Maximum Sharpe,TMUS,0.0
2022-09-01,Combined Maximum Sharpe,TRX-USD,0.0
2022-09-01,Combined Maximum Sharpe,TTWO,0.0
2022-09-01,Combined Maximum Sharpe,UPS,0.0
2022-09-01,Combined Maximum Sharpe,USB,0.0
2022-09-01,Combined Maximum Sharpe,V,0.0
2022-09-01,Combined Maximum Sharpe,WFC,0.0
2022-09-01,Combined Maximum Sharpe,WMT,0.0
2022-09-01,Combined Maximum Sharpe,XLM-USD,0.0
2022-09-01,Combined Maximum Sharpe,XOM,0.022614
2022-09-01,Combined Maximum Sharpe,XRP-USD,0.0
2022-10-03,Combined Maximum Sharpe,ABBV,0.2
2022-10-03,Combined Maximum Sharpe,ABT,0.0
2022-10-03,Combined Maximum Sharpe,ADA-USD,0.0
2022-10-03,Combined Maximum Sharpe,ADBE,0.0
2022-10-03,Combined Maximum Sharpe,AEP,0.0
2022-10-03,Combined Maximum Sharpe,AMD,0.0
2022-10-03,Combined Maximum Sharpe,AMGN,0.0
2022-10-03,Combined Maximum Sharpe,AMT,0.0
2022-10-03,Combined Maximum Sharpe,BA,0.0
2022-10-03,Combined Maximum Sharpe,BCH-USD,0.0
2022-10-03,Combined Maximum Sharpe,BTC-USD,0.0
2022-10-03,Combined Maximum Sharpe,CAT,0.0
2022-10-03,Combined Maximum Sharpe,CCI,0.0
2022-10-03,Combined Maximum Sharpe,CMCSA,0.0
2022-10-03,Combined Maximum Sharpe,COP,0.043317
2022-10-03,Combined Maximum Sharpe,CVX,0.0
2022-10-03,Combined Maximum Sharpe,D,0.0
2022-10-03,Combined Maximum Sharpe,DD,0.0
2022-10-03,Combined Maximum Sharpe,DIS,0.0
2022-10-03,Combined Maximum Sharpe,DOW,0.0
2022-10-03,Combined Maximum Sharpe,DUK,0.0
2022-10-03,Combined Maximum Sharpe,EA,0.0
2022-10-03,Combined Maximum Sharpe,EOS-USD,0.0
2022-10-03,Combined Maximum Sharpe,ETC-USD,0.056205
2022-10-03,Combined Maximum Sharpe,ETH-USD,0.0
2022-10-03,Combined Maximum Sharpe,GE,0.0
2022-10-03,Combined Maximum Sharpe,GILD,0.0
2022-10-03,Combined Maximum Sharpe,GS,0.0
2022-10-03,Combined Maximum Sharpe,INTC,0.0
2022-10-03,Combined Maximum Sharpe,KO,0.0
2022-10-03,Combined Maximum Sharpe,LTC-USD,0.0
2022-10-03,Combined Maximum Sharpe,MMM,0.0
2022-10-03,Combined Maximum Sharpe,MRK,0.0
2022-10-03,Combined Maximum Sharpe,MS,0.0
2022-10-03,Combined Maximum Sharpe,NEE,0.0
2022-10-03,Combined Maximum Sharpe,NEM,0.0
2022-10-03,Combined Maximum Sharpe,NKE,0.0
2022-10-03,Combined Maximum Sharpe,NUE,0.106628
2022-10-03,Combined Maximum Sharpe,NVDA,0.0
2022-10-03,Combined Maximum Sharpe,O,0.0
2022-10-03,Combined Maximum Sharpe,OXY,0.2
2022-10-03,Combined Maximum Sharpe,PLD,0.0
2022-10-03,Combined Maximum Sharpe,PSA,0.187409
2022-10-03,Combined Maximum Sharpe,QCOM,0.0
2022-10-03,Combined Maximum Sharpe,SBUX,0.0
2022-10-03,Combined Maximum Sharpe,SHW,0.0
2022-10-03,Combined Maximum Sharpe,SLB,0.0
2022-10-03,Combined Maximum Sharpe,SO,0.117179
2022-10-03,Combined Maximum Sharpe,T,0.0
2022-10-03,Combined Maximum Sharpe,TMUS,0.0
2022-10-03,Combined Maximum Sharpe,TRX-USD,0.0
2022-10-03,Combined Maximum Sharpe,TTWO,0.0
2022-10-03,Combined Maximum Sharpe,UPS,0.0
2022-10-03,Combined Maximum Sharpe,USB,0.0
2022-10-03,Combined Maximum Sharpe,V,0.0
2022-10-03,Combined Maximum Sharpe,WFC,0.0
2022-10-03,Combined Maximum Sharpe,WMT,0.0
2022-10-03,Combined Maximum Sharpe,XLM-USD,0.0
2022-10-03,Combined Maximum Sharpe,XOM,0.089261
2022-10-03,Combined Maximum Sharpe,XRP-USD,0.0
2022-11-01,Combined Maximum Sharpe,ABBV,0.2
2022-11-01,Combined Maximum Sharpe,ABT,0.0
2022-11-01,Combined Maximum Sharpe,ADA-USD,0.0
2022-11-01,Combined Maximum Sharpe,ADBE,0.0
2022-11-01,Combined Maximum Sharpe,AEP,0.0
2022-11-01,Combined Maximum Sharpe,AMD,0.0
2022-11-01,Combined Maximum Sharpe,AMGN,0.001904
2022-11-01,Combined Maximum Sharpe,AMT,0.0
2022-11-01,Combined Maximum Sharpe,BA,0.0
2022-11-01,Combined Maximum Sharpe,BCH-USD,0.0
2022-11-01,Combined Maximum Sharpe,BTC-USD,0.0
2022-11-01,Combined Maximum Sharpe,CAT,0.0
2022-11-01,Combined Maximum Sharpe,CCI,0.0
2022-11-01,Combined Maximum Sharpe,CMCSA,0.0
2022-11-01,Combined Maximum Sharpe,COP,0.09316
2022-11-01,Combined Maximum Sharpe,CVX,0.0
2022-11-01,Combined Maximum Sharpe,D,0.0
2022-11-01,Combined Maximum Sharpe,DD,0.0
2022-11-01,Combined Maximum Sharpe,DIS,0.0
2022-11-01,Combined Maximum Sharpe,DOW,0.0
2022-11-01,Combined Maximum Sharpe,DUK,0.0
2022-11-01,Combined Maximum Sharpe,EA,0.0
2022-11-01,Combined Maximum Sharpe,EOS-USD,0.0
2022-11-01,Combined Maximum Sharpe,ETC-USD,0.039876
2022-11-01,Combined Maximum Sharpe,ETH-USD,0.0
2022-11-01,Combined Maximum Sharpe,GE,0.0
2022-11-01,Combined Maximum Sharpe,GILD,0.103618
2022-11-01,Combined Maximum Sharpe,GS,0.0
2022-11-01,Combined Maximum Sharpe,INTC,0.0
2022-11-01,Combined Maximum Sharpe,KO,0.0
2022-11-01,Combined Maximum Sharpe,LTC-USD,0.0
2022-11-01,Combined Maximum Sharpe,MMM,0.0
2022-11-01,Combined Maximum Sharpe,MRK,0.086565
2022-11-01,Combined Maximum Sharpe,MS,0.0
2022-11-01,Combined Maximum Sharpe,NEE,0.0
2022-11-01,Combined Maximum Sharpe,NEM,0.0
2022-11-01,Combined Maximum Sharpe,NKE,0.0
2022-11-01,Combined Maximum Sharpe,NUE,0.079743
2022-11-01,Combined Maximum Sharpe,NVDA,0.0
2022-11-01,Combined Maximum Sharpe,O,0.0
2022-11-01,Combined Maximum Sharpe,OXY,0.14187
2022-11-01,Combined Maximum Sharpe,PLD,0.0
2022-11-01,Combined Maximum Sharpe,PSA,0.143099
2022-11-01,Combined Maximum Sharpe,QCOM,0.0
2022-11-01,Combined Maximum Sharpe,SBUX,0.0
2022-11-01,Combined Maximum Sharpe,SHW,0.0
2022-11-01,Combined Maximum Sharpe,SLB,0.0
2022-11-01,Combined Maximum Sharpe,SO,0.0
2022-11-01,Combined Maximum Sharpe,T,0.0
2022-11-01,Combined Maximum Sharpe,TMUS,0.0
2022-11-01,Combined Maximum Sharpe,TRX-USD,0.0
2022-11-01,Combined Maximum Sharpe,TTWO,0.0
2022-11-01,Combined Maximum Sharpe,UPS,0.0
2022-11-01,Combined Maximum Sharpe,USB,0.0
2022-11-01,Combined Maximum Sharpe,V,0.0
2022-11-01,Combined Maximum Sharpe,WFC,0.0
2022-11-01,Combined Maximum Sharpe,WMT,0.0
2022-11-01,Combined Maximum Sharpe,XLM-USD,0.0
2022-11-01,Combined Maximum Sharpe,XOM,0.110163
2022-11-01,Combined Maximum Sharpe,XRP-USD,0.0
2022-12-01,Combined Maximum Sharpe,ABBV,0.164364
2022-12-01,Combined Maximum Sharpe,ABT,0.0
2022-12-01,Combined Maximum Sharpe,ADA-USD,0.0
2022-12-01,Combined Maximum Sharpe,ADBE,0.0
2022-12-01,Combined Maximum Sharpe,AEP,0.0
2022-12-01,Combined Maximum Sharpe,AMD,0.0
2022-12-01,Combined Maximum Sharpe,AMGN,0.023586
2022-12-01,Combined Maximum Sharpe,AMT,0.0
2022-12-01,Combined Maximum Sharpe,BA,0.0
2022-12-01,Combined Maximum Sharpe,BCH-USD,0.0
2022-12-01,Combined Maximum Sharpe,BTC-USD,0.0
2022-12-01,Combined Maximum Sharpe,CAT,0.0
2022-12-01,Combined Maximum Sharpe,CCI,0.0
2022-12-01,Combined Maximum Sharpe,CMCSA,0.0
2022-12-01,Combined Maximum Sharpe,COP,0.064324
2022-12-01,Combined Maximum Sharpe,CVX,0.0
2022-12-01,Combined Maximum Sharpe,D,0.0
2022-12-01,Combined Maximum Sharpe,DD,0.0
2022-12-01,Combined Maximum Sharpe,DIS,0.0
2022-12-01,Combined Maximum Sharpe,DOW,0.0
2022-12-01,Combined Maximum Sharpe,DUK,0.0
2022-12-01,Combined Maximum Sharpe,EA,0.0
2022-12-01,Combined Maximum Sharpe,EOS-USD,0.0
2022-12-01,Combined Maximum Sharpe,ETC-USD,0.028334
2022-12-01,Combined Maximum Sharpe,ETH-USD,0.0
2022-12-01,Combined Maximum Sharpe,GE,0.0
2022-12-01,Combined Maximum Sharpe,GILD,0.142262
2022-12-01,Combined Maximum Sharpe,GS,0.0
2022-12-01,Combined Maximum Sharpe,INTC,0.0
2022-12-01,Combined Maximum Sharpe,KO,0.0
2022-12-01,Combined Maximum Sharpe,LTC-USD,0.0
2022-12-01,Combined Maximum Sharpe,MMM,0.0
2022-12-01,Combined Maximum Sharpe,MRK,0.117488
2022-12-01,Combined Maximum Sharpe,MS,0.0
2022-12-01,Combined Maximum Sharpe,NEE,0.0
2022-12-01,Combined Maximum Sharpe,NEM,0.0
2022-12-01,Combined Maximum Sharpe,NKE,0.0
2022-12-01,Combined Maximum Sharpe,NUE,0.104285
2022-12-01,Combined Maximum Sharpe,NVDA,0.0
2022-12-01,Combined Maximum Sharpe,O,0.0
2022-12-01,Combined Maximum Sharpe,OXY,0.082957
2022-12-01,Combined Maximum Sharpe,PLD,0.0
2022-12-01,Combined Maximum Sharpe,PSA,0.086444
2022-12-01,Combined Maximum Sharpe,QCOM,0.0
2022-12-01,Combined Maximum Sharpe,SBUX,0.0
2022-12-01,Combined Maximum Sharpe,SHW,0.0
2022-12-01,Combined Maximum Sharpe,SLB,0.0
2022-12-01,Combined Maximum Sharpe,SO,0.0
2022-12-01,Combined Maximum Sharpe,T,0.0
2022-12-01,Combined Maximum Sharpe,TMUS,0.0
2022-12-01,Combined Maximum Sharpe,TRX-USD,0.0
2022-12-01,Combined Maximum Sharpe,TTWO,0.0
2022-12-01,Combined Maximum Sharpe,UPS,0.0
2022-12-01,Combined Maximum Sharpe,USB,0.0
2022-12-01,Combined Maximum Sharpe,V,0.0
2022-12-01,Combined Maximum Sharpe,WFC,0.0
2022-12-01,Combined Maximum Sharpe,WMT,0.0
2022-12-01,Combined Maximum Sharpe,XLM-USD,0.0
2022-12-01,Combined Maximum Sharpe,XOM,0.185957
2022-12-01,Combined Maximum Sharpe,XRP-USD,0.0
2023-01-03,Combined Maximum Sharpe,ABBV,0.184911
2023-01-03,Combined Maximum Sharpe,ABT,0.0
2023-01-03,Combined Maximum Sharpe,ADA-USD,0.0
2023-01-03,Combined Maximum Sharpe,ADBE,0.0
2023-01-03,Combined Maximum Sharpe,AEP,0.0
2023-01-03,Combined Maximum Sharpe,AMD,0.0
2023-01-03,Combined Maximum Sharpe,AMGN,0.0
2023-01-03,Combined Maximum Sharpe,AMT,0.0
2023-01-03,Combined Maximum Sharpe,BA,0.0
2023-01-03,Combined Maximum Sharpe,BCH-USD,0.0
2023-01-03,Combined Maximum Sharpe,BTC-USD,0.0
2023-01-03,Combined Maximum Sharpe,CAT,0.0
2023-01-03,Combined Maximum Sharpe,CCI,0.0
2023-01-03,Combined Maximum Sharpe,CMCSA,0.0
2023-01-03,Combined Maximum Sharpe,COP,0.090567
2023-01-03,Combined Maximum Sharpe,CVX,0.0
2023-01-03,Combined Maximum Sharpe,D,0.0
2023-01-03,Combined Maximum Sharpe,DD,0.0
2023-01-03,Combined Maximum Sharpe,DIS,0.0
2023-01-03,Combined Maximum Sharpe,DOW,0.0
2023-01-03,Combined Maximum Sharpe,DUK,0.0
2023-01-03,Combined Maximum Sharpe,EA,0.0
2023-01-03,Combined Maximum Sharpe,EOS-USD,0.0
2023-01-03,Combined Maximum Sharpe,ETC-USD,0.030448
2023-01-03,Combined Maximum Sharpe,ETH-USD,0.0
2023-01-03,Combined Maximum Sharpe,GE,0.0
2023-01-03,Combined Maximum Sharpe,GILD,0.18737
2023-01-03,Combined Maximum Sharpe,GS,0.0
2023-01-03,Combined Maximum Sharpe,INTC,0.0
2023-01-03,Combined Maximum Sharpe,KO,0.0
2023-01-03,Combined Maximum Sharpe,LTC-USD,0.0
2023-01-03,Combined Maximum Sharpe,MMM,0.0
2023-01-03,Combined Maximum Sharpe,MRK,0.146483
2023-01-03,Combined Maximum Sharpe,MS,0.0
2023-01-03,Combined Maximum Sharpe,NEE,0.0
2023-01-03,Combined Maximum Sharpe,NEM,0.0
2023-01-03,Combined Maximum Sharpe,NKE,0.0
2023-01-03,Combined Maximum Sharpe,NUE,0.102925
2023-01-03,Combined Maximum Sharpe,NVDA,0.0
2023-01-03,Combined Maximum Sharpe,O,0.0
2023-01-03,Combined Maximum Sharpe,OXY,0.058238
2023-01-03,Combined Maximum Sharpe,PLD,0.0
2023-01-03,Combined Maximum Sharpe,PSA,0.010673
2023-01-03,Combined Maximum Sharpe,QCOM,0.0
2023-01-03,Combined Maximum Sharpe,SBUX,0.0
2023-01-03,Combined Maximum Sharpe,SHW,0.0
2023-01-03,Combined Maximum Sharpe,SLB,0.0
2023-01-03,Combined Maximum Sharpe,SO,0.0
2023-01-03,Combined Maximum Sharpe,T,0.0
2023-01-03,Combined Maximum Sharpe,TMUS,0.0
2023-01-03,Combined Maximum Sharpe,TRX-USD,0.0
2023-01-03,Combined Maximum Sharpe,TTWO,0.0
2023-01-03,Combined Maximum Sharpe,UPS,0.0
2023-01-03,Combined Maximum Sharpe,USB,0.0
2023-01-03,Combined Maximum Sharpe,V,0.0
2023-01-03,Combined Maximum Sharpe,WFC,0.0
2023-01-03,Combined Maximum Sharpe,WMT,0.0
2023-01-03,Combined Maximum Sharpe,XLM-USD,0.0
2023-01-03,Combined Maximum Sharpe,XOM,0.188385
2023-01-03,Combined Maximum Sharpe,XRP-USD,0.0
2023-02-02,Combined Maximum Sharpe,ABBV,0.151667
2023-02-02,Combined Maximum Sharpe,ABT,0.0
2023-02-02,Combined Maximum Sharpe,ADA-USD,0.0
2023-02-02,Combined Maximum Sharpe,ADBE,0.0
2023-02-02,Combined Maximum Sharpe,AEP,0.0
2023-02-02,Combined Maximum Sharpe,AMD,0.0
2023-02-02,Combined Maximum Sharpe,AMGN,0.0
2023-02-02,Combined Maximum Sharpe,AMT,0.0
2023-02-02,Combined Maximum Sharpe,BA,0.0
2023-02-02,Combined Maximum Sharpe,BCH-USD,0.0
2023-02-02,Combined Maximum Sharpe,BTC-USD,0.0
2023-02-02,Combined Maximum Sharpe,CAT,0.0
2023-02-02,Combined Maximum Sharpe,CCI,0.0
2023-02-02,Combined Maximum Sharpe,CMCSA,0.0
2023-02-02,Combined Maximum Sharpe,COP,0.107871
2023-02-02,Combined Maximum Sharpe,CVX,0.0
2023-02-02,Combined Maximum Sharpe,D,0.0
2023-02-02,Combined Maximum Sharpe,DD,0.0
2023-02-02,Combined Maximum Sharpe,DIS,0.0
2023-02-02,Combined Maximum Sharpe,DOW,0.0
2023-02-02,Combined Maximum Sharpe,DUK,0.0
2023-02-02,Combined Maximum Sharpe,EA,0.0
2023-02-02,Combined Maximum Sharpe,EOS-USD,0.0
2023-02-02,Combined Maximum Sharpe,ETC-USD,0.037779
2023-02-02,Combined Maximum Sharpe,ETH-USD,0.0
2023-02-02,Combined Maximum Sharpe,GE,0.0
2023-02-02,Combined Maximum Sharpe,GILD,0.06379
2023-02-02,Combined Maximum Sharpe,GS,0.0
2023-02-02,Combined Maximum Sharpe,INTC,0.0
2023-02-02,Combined Maximum Sharpe,KO,0.0
2023-02-02,Combined Maximum Sharpe,LTC-USD,0.0
2023-02-02,Combined Maximum Sharpe,MMM,0.0
2023-02-02,Combined Maximum Sharpe,MRK,0.149871
2023-02-02,Combined Maximum Sharpe,MS,0.0
2023-02-02,Combined Maximum Sharpe,NEE,0.0
2023-02-02,Combined Maximum Sharpe,NEM,0.0
2023-02-02,Combined Maximum Sharpe,NKE,0.0
2023-02-02,Combined Maximum Sharpe,NUE,0.2
2023-02-02,Combined Maximum Sharpe,NVDA,0.0
2023-02-02,Combined Maximum Sharpe,O,0.0
2023-02-02,Combined Maximum Sharpe,OXY,0.030843
2023-02-02,Combined Maximum Sharpe,PLD,0.0
2023-02-02,Combined Maximum Sharpe,PSA,0.083717
2023-02-02,Combined Maximum Sharpe,QCOM,0.0
2023-02-02,Combined Maximum Sharpe,SBUX,0.0
2023-02-02,Combined Maximum Sharpe,SHW,0.0
2023-02-02,Combined Maximum Sharpe,SLB,0.0
2023-02-02,Combined Maximum Sharpe,SO,0.0
2023-02-02,Combined Maximum Sharpe,T,0.0
2023-02-02,Combined Maximum Sharpe,TMUS,0.0
2023-02-02,Combined Maximum Sharpe,TRX-USD,0.0
2023-02-02,Combined Maximum Sharpe,TTWO,0.0
2023-02-02,Combined Maximum Sharpe,UPS,0.0
2023-02-02,Combined Maximum Sharpe,USB,0.0
2023-02-02,Combined Maximum Sharpe,V,0.0
2023-02-02,Combined Maximum Sharpe,WFC,0.0
2023-02-02,Combined Maximum Sharpe,WMT,0.0
2023-02-02,Combined Maximum Sharpe,XLM-USD,0.0
2023-02-02,Combined Maximum Sharpe,XOM,0.173273
2023-02-02,Combined Maximum Sharpe,XRP-USD,0.001188
2023-03-06,Combined Maximum Sharpe,ABBV,0.2
2023-03-06,Combined Maximum Sharpe,ABT,0.0
2023-03-06,Combined Maximum Sharpe,ADA-USD,0.0
2023-03-06,Combined Maximum Sharpe,ADBE,0.0
2023-03-06,Combined Maximum Sharpe,AEP,0.0
2023-03-06,Combined Maximum Sharpe,AMD,0.0
2023-03-06,Combined Maximum Sharpe,AMGN,0.0
2023-03-06,Combined Maximum Sharpe,AMT,0.0
2023-03-06,Combined Maximum Sharpe,BA,0.0
2023-03-06,Combined Maximum Sharpe,BCH-USD,0.0
2023-03-06,Combined Maximum Sharpe,BTC-USD,0.0
2023-03-06,Combined Maximum Sharpe,CAT,0.0
2023-03-06,Combined Maximum Sharpe,CCI,0.0
2023-03-06,Combined Maximum Sharpe,CMCSA,0.0
2023-03-06,Combined Maximum Sharpe,COP,0.039249
2023-03-06,Combined Maximum Sharpe,CVX,0.0
2023-03-06,Combined Maximum Sharpe,D,0.0
2023-03-06,Combined Maximum Sharpe,DD,0.0
2023-03-06,Combined Maximum Sharpe,DIS,0.0
2023-03-06,Combined Maximum Sharpe,DOW,0.0
2023-03-06,Combined Maximum Sharpe,DUK,0.0
2023-03-06,Combined Maximum Sharpe,EA,0.0
2023-03-06,Combined Maximum Sharpe,EOS-USD,0.0
2023-03-06,Combined Maximum Sharpe,ETC-USD,0.024232
2023-03-06,Combined Maximum Sharpe,ETH-USD,0.0
2023-03-06,Combined Maximum Sharpe,GE,0.0
2023-03-06,Combined Maximum Sharpe,GILD,0.082027
2023-03-06,Combined Maximum Sharpe,GS,0.0
2023-03-06,Combined Maximum Sharpe,INTC,0.0
2023-03-06,Combined Maximum Sharpe,KO,0.0
2023-03-06,Combined Maximum Sharpe,LTC-USD,0.0
2023-03-06,Combined Maximum Sharpe,MMM,0.0
2023-03-06,Combined Maximum Sharpe,MRK,0.2
2023-03-06,Combined Maximum Sharpe,MS,0.0
2023-03-06,Combined Maximum Sharpe,NEE,0.0
2023-03-06,Combined Maximum Sharpe,NEM,0.0
2023-03-06,Combined Maximum Sharpe,NKE,0.0
2023-03-06,Combined Maximum Sharpe,NUE,0.17757
2023-03-06,Combined Maximum Sharpe,NVDA,0.041655
2023-03-06,Combined Maximum Sharpe,O,0.0
2023-03-06,Combined Maximum Sharpe,OXY,0.007855
2023-03-06,Combined Maximum Sharpe,PLD,0.0
2023-03-06,Combined Maximum Sharpe,PSA,0.065605
2023-03-06,Combined Maximum Sharpe,QCOM,0.0
2023-03-06,Combined Maximum Sharpe,SBUX,0.0
2023-03-06,Combined Maximum Sharpe,SHW,0.0
2023-03-06,Combined Maximum Sharpe,SLB,0.0
2023-03-06,Combined Maximum Sharpe,SO,0.0
2023-03-06,Combined Maximum Sharpe,T,0.0
2023-03-06,Combined Maximum Sharpe,TMUS,0.0
2023-03-06,Combined Maximum Sharpe,TRX-USD,0.0
2023-03-06,Combined Maximum Sharpe,TTWO,0.0
2023-03-06,Combined Maximum Sharpe,UPS,0.0
2023-03-06,Combined Maximum Sharpe,USB,0.0
2023-03-06,Combined Maximum Sharpe,V,0.0
2023-03-06,Combined Maximum Sharpe,WFC,0.0
2023-03-06,Combined Maximum Sharpe,WMT,0.0
2023-03-06,Combined Maximum Sharpe,XLM-USD,0.0
2023-03-06,Combined Maximum Sharpe,XOM,0.161807
2023-03-06,Combined Maximum Sharpe,XRP-USD,0.0
2023-04-04,Combined Maximum Sharpe,ABBV,0.2
2023-04-04,Combined Maximum Sharpe,ABT,0.0
2023-04-04,Combined Maximum Sharpe,ADA-USD,0.0
2023-04-04,Combined Maximum Sharpe,ADBE,0.0
2023-04-04,Combined Maximum Sharpe,AEP,0.0
2023-04-04,Combined Maximum Sharpe,AMD,0.0
2023-04-04,Combined Maximum Sharpe,AMGN,0.0
2023-04-04,Combined Maximum Sharpe,AMT,0.0
2023-04-04,Combined Maximum Sharpe,BA,0.0
2023-04-04,Combined Maximum Sharpe,BCH-USD,0.0
2023-04-04,Combined Maximum Sharpe,BTC-USD,0.0
2023-04-04,Combined Maximum Sharpe,CAT,0.0
2023-04-04,Combined Maximum Sharpe,CCI,0.0
2023-04-04,Combined Maximum Sharpe,CMCSA,0.0
2023-04-04,Combined Maximum Sharpe,COP,0.017158
2023-04-04,Combined Maximum Sharpe,CVX,0.0
2023-04-04,Combined Maximum Sharpe,D,0.0
2023-04-04,Combined Maximum Sharpe,DD,0.0
2023-04-04,Combined Maximum Sharpe,DIS,0.0
2023-04-04,Combined Maximum Sharpe,DOW,0.0
2023-04-04,Combined Maximum Sharpe,DUK,0.0
2023-04-04,Combined Maximum Sharpe,EA,0.0
2023-04-04,Combined Maximum Sharpe,EOS-USD,0.0
2023-04-04,Combined Maximum Sharpe,ETC-USD,0.019376
2023-04-04,Combined Maximum Sharpe,ETH-USD,0.0
2023-04-04,Combined Maximum Sharpe,GE,0.0
2023-04-04,Combined Maximum Sharpe,GILD,0.091155
2023-04-04,Combined Maximum Sharpe,GS,0.0
2023-04-04,Combined Maximum Sharpe,INTC,0.0
2023-04-04,Combined Maximum Sharpe,KO,0.017539
2023-04-04,Combined Maximum Sharpe,LTC-USD,0.0
2023-04-04,Combined Maximum Sharpe,MMM,0.0
2023-04-04,Combined Maximum Sharpe,MRK,0.2
2023-04-04,Combined Maximum Sharpe,MS,0.0
2023-04-04,Combined Maximum Sharpe,NEE,0.0
2023-04-04,Combined Maximum Sharpe,NEM,0.0
2023-04-04,Combined Maximum Sharpe,NKE,0.0
2023-04-04,Combined Maximum Sharpe,NUE,0.044396
2023-04-04,Combined Maximum Sharpe,NVDA,0.082499
2023-04-04,Combined Maximum Sharpe,O,0.0
2023-04-04,Combined Maximum Sharpe,OXY,0.081866
2023-04-04,Combined Maximum Sharpe,PLD,0.0
2023-04-04,Combined Maximum Sharpe,PSA,0.033429
2023-04-04,Combined Maximum Sharpe,QCOM,0.0
2023-04-04,Combined Maximum Sharpe,SBUX,0.0
2023-04-04,Combined Maximum Sharpe,SHW,0.0
2023-04-04,Combined Maximum Sharpe,SLB,0.0
2023-04-04,Combined Maximum Sharpe,SO,0.012582
2023-04-04,Combined Maximum Sharpe,T,0.0
2023-04-04,Combined Maximum Sharpe,TMUS,0.0
2023-04-04,Combined Maximum Sharpe,TRX-USD,0.0
2023-04-04,Combined Maximum Sharpe,TTWO,0.0
2023-04-04,Combined Maximum Sharpe,UPS,0.0
2023-04-04,Combined Maximum Sharpe,USB,0.0
2023-04-04,Combined Maximum Sharpe,V,0.0
2023-04-04,Combined Maximum Sharpe,WFC,0.0
2023-04-04,Combined Maximum Sharpe,WMT,0.0
2023-04-04,Combined Maximum Sharpe,XLM-USD,0.0
2023-04-04,Combined Maximum Sharpe,XOM,0.2
2023-04-04,Combined Maximum Sharpe,XRP-USD,0.0
2023-05-04,Combined Maximum Sharpe,ABBV,0.16924
2023-05-04,Combined Maximum Sharpe,ABT,0.0
2023-05-04,Combined Maximum Sharpe,ADA-USD,0.0
2023-05-04,Combined Maximum Sharpe,ADBE,0.0
2023-05-04,Combined Maximum Sharpe,AEP,0.0
2023-05-04,Combined Maximum Sharpe,AMD,0.0
2023-05-04,Combined Maximum Sharpe,AMGN,0.0
2023-05-04,Combined Maximum Sharpe,AMT,0.0
2023-05-04,Combined Maximum Sharpe,BA,0.0
2023-05-04,Combined Maximum Sharpe,BCH-USD,0.0
2023-05-04,Combined Maximum Sharpe,BTC-USD,0.0
2023-05-04,Combined Maximum Sharpe,CAT,0.0
2023-05-04,Combined Maximum Sharpe,CCI,0.0
2023-05-04,Combined Maximum Sharpe,CMCSA,0.0
2023-05-04,Combined Maximum Sharpe,COP,0.031952
2023-05-04,Combined Maximum Sharpe,CVX,0.0
2023-05-04,Combined Maximum Sharpe,D,0.0
2023-05-04,Combined Maximum Sharpe,DD,0.0
2023-05-04,Combined Maximum Sharpe,DIS,0.0
2023-05-04,Combined Maximum Sharpe,DOW,0.0
2023-05-04,Combined Maximum Sharpe,DUK,0.0
2023-05-04,Combined Maximum Sharpe,EA,0.0
2023-05-04,Combined Maximum Sharpe,EOS-USD,0.0
2023-05-04,Combined Maximum Sharpe,ETC-USD,0.0
2023-05-04,Combined Maximum Sharpe,ETH-USD,0.0
2023-05-04,Combined Maximum Sharpe,GE,0.0
2023-05-04,Combined Maximum Sharpe,GILD,0.096712
2023-05-04,Combined Maximum Sharpe,GS,0.0
2023-05-04,Combined Maximum Sharpe,INTC,0.0
2023-05-04,Combined Maximum Sharpe,KO,0.060328
2023-05-04,Combined Maximum Sharpe,LTC-USD,0.0
2023-05-04,Combined Maximum Sharpe,MMM,0.0
2023-05-04,Combined Maximum Sharpe,MRK,0.2
2023-05-04,Combined Maximum Sharpe,MS,0.0
2023-05-04,Combined Maximum Sharpe,NEE,0.0
2023-05-04,Combined Maximum Sharpe,NEM,0.0
2023-05-04,Combined Maximum Sharpe,NKE,0.0
2023-05-04,Combined Maximum Sharpe,NUE,0.031495
2023-05-04,Combined Maximum Sharpe,NVDA,0.109401
2023-05-04,Combined Maximum Sharpe,O,0.0
2023-05-04,Combined Maximum Sharpe,OXY,0.085762
2023-05-04,Combined Maximum Sharpe,PLD,0.0
2023-05-04,Combined Maximum Sharpe,PSA,0.0
2023-05-04,Combined Maximum Sharpe,QCOM,0.0
2023-05-04,Combined Maximum Sharpe,SBUX,0.0
2023-05-04,Combined Maximum Sharpe,SHW,0.0
2023-05-04,Combined Maximum Sharpe,SLB,0.0
2023-05-04,Combined Maximum Sharpe,SO,0.04871
2023-05-04,Combined Maximum Sharpe,T,0.0
2023-05-04,Combined Maximum Sharpe,TMUS,0.0
2023-05-04,Combined Maximum Sharpe,TRX-USD,0.0
2023-05-04,Combined Maximum Sharpe,TTWO,0.0
2023-05-04,Combined Maximum Sharpe,UPS,0.0
2023-05-04,Combined Maximum Sharpe,USB,0.0
2023-05-04,Combined Maximum Sharpe,V,0.0
2023-05-04,Combined Maximum Sharpe,WFC,0.0
2023-05-04,Combined Maximum Sharpe,WMT,0.0
2023-05-04,Combined Maximum Sharpe,XLM-USD,0.0
2023-05-04,Combined Maximum Sharpe,XOM,0.166401
2023-05-04,Combined Maximum Sharpe,XRP-USD,0.0
2023-06-05,Combined Maximum Sharpe,ABBV,0.166717
2023-06-05,Combined Maximum Sharpe,ABT,0.0
2023-06-05,Combined Maximum Sharpe,ADA-USD,0.0
2023-06-05,Combined Maximum Sharpe,ADBE,0.0
2023-06-05,Combined Maximum Sharpe,AEP,0.0
2023-06-05,Combined Maximum Sharpe,AMD,0.0
2023-06-05,Combined Maximum Sharpe,AMGN,0.0
2023-06-05,Combined Maximum Sharpe,AMT,0.0
2023-06-05,Combined Maximum Sharpe,BA,0.0
2023-06-05,Combined Maximum Sharpe,BCH-USD,0.0
2023-06-05,Combined Maximum Sharpe,BTC-USD,0.0
2023-06-05,Combined Maximum Sharpe,CAT,0.0
2023-06-05,Combined Maximum Sharpe,CCI,0.0
2023-06-05,Combined Maximum Sharpe,CMCSA,0.0
2023-06-05,Combined Maximum Sharpe,COP,0.028771
2023-06-05,Combined Maximum Sharpe,CVX,0.0
2023-06-05,Combined Maximum Sharpe,D,0.0
2023-06-05,Combined Maximum Sharpe,DD,0.0
2023-06-05,Combined Maximum Sharpe,DIS,0.0
2023-06-05,Combined Maximum Sharpe,DOW,0.0
2023-06-05,Combined Maximum Sharpe,DUK,0.0
2023-06-05,Combined Maximum Sharpe,EA,0.0
2023-06-05,Combined Maximum Sharpe,EOS-USD,0.0
2023-06-05,Combined Maximum Sharpe,ETC-USD,0.0
2023-06-05,Combined Maximum Sharpe,ETH-USD,0.0
2023-06-05,Combined Maximum Sharpe,GE,0.0
2023-06-05,Combined Maximum Sharpe,GILD,0.116735
2023-06-05,Combined Maximum Sharpe,GS,0.0
2023-06-05,Combined Maximum Sharpe,INTC,0.0
2023-06-05,Combined Maximum Sharpe,KO,0.0
2023-06-05,Combined Maximum Sharpe,LTC-USD,0.0
2023-06-05,Combined Maximum Sharpe,MMM,0.0
2023-06-05,Combined Maximum Sharpe,MRK,0.2
2023-06-05,Combined Maximum Sharpe,MS,0.0
2023-06-05,Combined Maximum Sharpe,NEE,0.0
2023-06-05,Combined Maximum Sharpe,NEM,0.0
2023-06-05,Combined Maximum Sharpe,NKE,0.0
2023-06-05,Combined Maximum Sharpe,NUE,0.0
2023-06-05,Combined Maximum Sharpe,NVDA,0.16849
2023-06-05,Combined Maximum Sharpe,O,0.0
2023-06-05,Combined Maximum Sharpe,OXY,0.072627
2023-06-05,Combined Maximum Sharpe,PLD,0.0
2023-06-05,Combined Maximum Sharpe,PSA,0.0
2023-06-05,Combined Maximum Sharpe,QCOM,0.0
2023-06-05,Combined Maximum Sharpe,SBUX,0.0
2023-06-05,Combined Maximum Sharpe,SHW,0.0
2023-06-05,Combined Maximum Sharpe,SLB,0.0
2023-06-05,Combined Maximum Sharpe,SO,0.04666
2023-06-05,Combined Maximum Sharpe,T,0.0
2023-06-05,Combined Maximum Sharpe,TMUS,0.0
2023-06-05,Combined Maximum Sharpe,TRX-USD,0.0
2023-06-05,Combined Maximum Sharpe,TTWO,0.0
2023-06-05,Combined Maximum Sharpe,UPS,0.0
2023-06-05,Combined Maximum Sharpe,USB,0.0
2023-06-05,Combined Maximum Sharpe,V,0.0
2023-06-05,Combined Maximum Sharpe,WFC,0.0
2023-06-05,Combined Maximum Sharpe,WMT,0.0
2023-06-05,Combined Maximum Sharpe,XLM-USD,0.0
2023-06-05,Combined Maximum Sharpe,XOM,0.2
2023-06-05,Combined Maximum Sharpe,XRP-USD,0.0
2023-07-06,Combined Maximum Sharpe,ABBV,0.147089
2023-07-06,Combined Maximum Sharpe,ABT,0.0
2023-07-06,Combined Maximum Sharpe,ADA-USD,0.0
2023-07-06,Combined Maximum Sharpe,ADBE,0.0
2023-07-06,Combined Maximum Sharpe,AEP,0.0
2023-07-06,Combined Maximum Sharpe,AMD,0.0
2023-07-06,Combined Maximum Sharpe,AMGN,0.0
2023-07-06,Combined Maximum Sharpe,AMT,0.0
2023-07-06,Combined Maximum Sharpe,BA,0.0
2023-07-06,Combined Maximum Sharpe,BCH-USD,0.0
2023-07-06,Combined Maximum Sharpe,BTC-USD,0.0
2023-07-06,Combined Maximum Sharpe,CAT,0.0
2023-07-06,Combined Maximum Sharpe,CCI,0.0
2023-07-06,Combined Maximum Sharpe,CMCSA,0.0
2023-07-06,Combined Maximum Sharpe,COP,0.022424
2023-07-06,Combined Maximum Sharpe,CVX,0.003703
2023-07-06,Combined Maximum Sharpe,D,0.0
2023-07-06,Combined Maximum Sharpe,DD,0.0
2023-07-06,Combined Maximum Sharpe,DIS,0.0
2023-07-06,Combined Maximum Sharpe,DOW,0.0
2023-07-06,Combined Maximum Sharpe,DUK,0.0
2023-07-06,Combined Maximum Sharpe,EA,0.0
2023-07-06,Combined Maximum Sharpe,EOS-USD,0.0
2023-07-06,Combined Maximum Sharpe,ETC-USD,0.0
2023-07-06,Combined Maximum Sharpe,ETH-USD,0.0
2023-07-06,Combined Maximum Sharpe,GE,0.0
2023-07-06,Combined Maximum Sharpe,GILD,0.030429
2023-07-06,Combined Maximum Sharpe,GS,0.0
2023-07-06,Combined Maximum Sharpe,INTC,0.0
2023-07-06,Combined Maximum Sharpe,KO,0.0
2023-07-06,Combined Maximum Sharpe,LTC-USD,0.0
2023-07-06,Combined Maximum Sharpe,MMM,0.0
2023-07-06,Combined Maximum Sharpe,MRK,0.2
2023-07-06,Combined Maximum Sharpe,MS,0.0
2023-07-06,Combined Maximum Sharpe,NEE,0.0
2023-07-06,Combined Maximum Sharpe,NEM,0.0
2023-07-06,Combined Maximum Sharpe,NKE,0.0
2023-07-06,Combined Maximum Sharpe,NUE,0.080135
2023-07-06,Combined Maximum Sharpe,NVDA,0.140669
2023-07-06,Combined Maximum Sharpe,O,0.0
2023-07-06,Combined Maximum Sharpe,OXY,0.037021
2023-07-06,Combined Maximum Sharpe,PLD,0.0
2023-07-06,Combined Maximum Sharpe,PSA,0.0
2023-07-06,Combined Maximum Sharpe,QCOM,0.0
2023-07-06,Combined Maximum Sharpe,SBUX,0.0
2023-07-06,Combined Maximum Sharpe,SHW,0.0
2023-07-06,Combined Maximum Sharpe,SLB,0.0
2023-07-06,Combined Maximum Sharpe,SO,0.128856
2023-07-06,Combined Maximum Sharpe,T,0.0
2023-07-06,Combined Maximum Sharpe,TMUS,0.0
2023-07-06,Combined Maximum Sharpe,TRX-USD,0.0
2023-07-06,Combined Maximum Sharpe,TTWO,0.0
2023-07-06,Combined Maximum Sharpe,UPS,0.0
2023-07-06,Combined Maximum Sharpe,USB,0.0
2023-07-06,Combined Maximum Sharpe,V,0.0
2023-07-06,Combined Maximum Sharpe,WFC,0.0
2023-07-06,Combined Maximum Sharpe,WMT,0.009675
2023-07-06,Combined Maximum Sharpe,XLM-USD,0.0
2023-07-06,Combined Maximum Sharpe,XOM,0.2
2023-07-06,Combined Maximum Sharpe,XRP-USD,0.0
2023-08-04,Combined Maximum Sharpe,ABBV,0.198003
2023-08-04,Combined Maximum Sharpe,ABT,0.0
2023-08-04,Combined Maximum Sharpe,ADA-USD,0.0
2023-08-04,Combined Maximum Sharpe,ADBE,0.0
2023-08-04,Combined Maximum Sharpe,AEP,0.0
2023-08-04,Combined Maximum Sharpe,AMD,0.0
2023-08-04,Combined Maximum Sharpe,AMGN,0.0
2023-08-04,Combined Maximum Sharpe,AMT,0.0
2023-08-04,Combined Maximum Sharpe,BA,0.0
2023-08-04,Combined Maximum Sharpe,BCH-USD,0.0
2023-08-04,Combined Maximum Sharpe,BTC-USD,0.0
2023-08-04,Combined Maximum Sharpe,CAT,0.0
2023-08-04,Combined Maximum Sharpe,CCI,0.0
2023-08-04,Combined Maximum Sharpe,CMCSA,0.0
2023-08-04,Combined Maximum Sharpe,COP,0.076551
2023-08-04,Combined Maximum Sharpe,CVX,0.0
2023-08-04,Combined Maximum Sharpe,D,0.0
2023-08-04,Combined Maximum Sharpe,DD,0.0
2023-08-04,Combined Maximum Sharpe,DIS,0.0
2023-08-04,Combined Maximum Sharpe,DOW,0.0
2023-08-04,Combined Maximum Sharpe,DUK,0.0
2023-08-04,Combined Maximum Sharpe,EA,0.0
2023-08-04,Combined Maximum Sharpe,EOS-USD,0.0
2023-08-04,Combined Maximum Sharpe,ETC-USD,0.0
2023-08-04,Combined Maximum Sharpe,ETH-USD,0.0
2023-08-04,Combined Maximum Sharpe,GE,0.0
2023-08-04,Combined Maximum Sharpe,GILD,0.054326
2023-08-04,Combined Maximum Sharpe,GS,0.0
2023-08-04,Combined Maximum Sharpe,INTC,0.0
2023-08-04,Combined Maximum Sharpe,KO,0.0
2023-08-04,Combined Maximum Sharpe,LTC-USD,0.0
2023-08-04,Combined Maximum Sharpe,MMM,0.0
2023-08-04,Combined Maximum Sharpe,MRK,0.2
2023-08-04,Combined Maximum Sharpe,MS,0.0
2023-08-04,Combined Maximum Sharpe,NEE,0.0
2023-08-04,Combined Maximum Sharpe,NEM,0.0
2023-08-04,Combined Maximum Sharpe,NKE,0.0
2023-08-04,Combined Maximum Sharpe,NUE,0.02749
2023-08-04,Combined Maximum Sharpe,NVDA,0.151981
2023-08-04,Combined Maximum Sharpe,O,0.0
2023-08-04,Combined Maximum Sharpe,OXY,0.100258
2023-08-04,Combined Maximum Sharpe,PLD,0.0
2023-08-04,Combined Maximum Sharpe,PSA,0.0
2023-08-04,Combined Maximum Sharpe,QCOM,0.0
2023-08-04,Combined Maximum Sharpe,SBUX,0.0
2023-08-04,Combined Maximum Sharpe,SHW,0.0
2023-08-04,Combined Maximum Sharpe,SLB,0.023637
2023-08-04,Combined Maximum Sharpe,SO,0.0
2023-08-04,Combined Maximum Sharpe,T,0.0
2023-08-04,Combined Maximum Sharpe,TMUS,0.0
2023-08-04,Combined Maximum Sharpe,TRX-USD,0.0
2023-08-04,Combined Maximum Sharpe,TTWO,0.0
2023-08-04,Combined Maximum Sharpe,UPS,0.0
2023-08-04,Combined Maximum Sharpe,USB,0.0
2023-08-04,Combined Maximum Sharpe,V,0.0
2023-08-04,Combined Maximum Sharpe,WFC,0.0
2023-08-04,Combined Maximum Sharpe,WMT,0.0
2023-08-04,Combined Maximum Sharpe,XLM-USD,0.0
2023-08-04,Combined Maximum Sharpe,XOM,0.167755
2023-08-04,Combined Maximum Sharpe,XRP-USD,0.0
2023-09-05,Combined Maximum Sharpe,ABBV,0.2
2023-09-05,Combined Maximum Sharpe,ABT,0.0
2023-09-05,Combined Maximum Sharpe,ADA-USD,0.0
2023-09-05,Combined Maximum Sharpe,ADBE,0.0
2023-09-05,Combined Maximum Sharpe,AEP,0.0
2023-09-05,Combined Maximum Sharpe,AMD,0.0
2023-09-05,Combined Maximum Sharpe,AMGN,0.052725
2023-09-05,Combined Maximum Sharpe,AMT,0.0
2023-09-05,Combined Maximum Sharpe,BA,0.0
2023-09-05,Combined Maximum Sharpe,BCH-USD,0.0
2023-09-05,Combined Maximum Sharpe,BTC-USD,0.0
2023-09-05,Combined Maximum Sharpe,CAT,0.0
2023-09-05,Combined Maximum Sharpe,CCI,0.0
2023-09-05,Combined Maximum Sharpe,CMCSA,0.0
2023-09-05,Combined Maximum Sharpe,COP,0.11029
2023-09-05,Combined Maximum Sharpe,CVX,0.0
2023-09-05,Combined Maximum Sharpe,D,0.0
2023-09-05,Combined Maximum Sharpe,DD,0.0
2023-09-05,Combined Maximum Sharpe,DIS,0.0
2023-09-05,Combined Maximum Sharpe,DOW,0.0
2023-09-05,Combined Maximum Sharpe,DUK,0.0
2023-09-05,Combined Maximum Sharpe,EA,0.0
2023-09-05,Combined Maximum Sharpe,EOS-USD,0.0
2023-09-05,Combined Maximum Sharpe,ETC-USD,0.0
2023-09-05,Combined Maximum Sharpe,ETH-USD,0.0
2023-09-05,Combined Maximum Sharpe,GE,0.0
2023-09-05,Combined Maximum Sharpe,GILD,0.0
2023-09-05,Combined Maximum Sharpe,GS,0.0
2023-09-05,Combined Maximum Sharpe,INTC,0.0
2023-09-05,Combined Maximum Sharpe,KO,0.0
2023-09-05,Combined Maximum Sharpe,LTC-USD,0.0
2023-09-05,Combined Maximum Sharpe,MMM,0.0
2023-09-05,Combined Maximum Sharpe,MRK,0.2
2023-09-05,Combined Maximum Sharpe,MS,0.0
2023-09-05,Combined Maximum Sharpe,NEE,0.0
2023-09-05,Combined Maximum Sharpe,NEM,0.0
2023-09-05,Combined Maximum Sharpe,NKE,0.0
2023-09-05,Combined Maximum Sharpe,NUE,0.0
2023-09-05,Combined Maximum Sharpe,NVDA,0.13486
2023-09-05,Combined Maximum Sharpe,O,0.0
2023-09-05,Combined Maximum Sharpe,OXY,0.097454
2023-09-05,Combined Maximum Sharpe,PLD,0.0
2023-09-05,Combined Maximum Sharpe,PSA,0.0
2023-09-05,Combined Maximum Sharpe,QCOM,0.0
2023-09-05,Combined Maximum Sharpe,SBUX,0.0
2023-09-05,Combined Maximum Sharpe,SHW,0.0
2023-09-05,Combined Maximum Sharpe,SLB,0.004671
2023-09-05,Combined Maximum Sharpe,SO,0.0
2023-09-05,Combined Maximum Sharpe,T,0.0
2023-09-05,Combined Maximum Sharpe,TMUS,0.0
2023-09-05,Combined Maximum Sharpe,TRX-USD,0.0
2023-09-05,Combined Maximum Sharpe,TTWO,0.0
2023-09-05,Combined Maximum Sharpe,UPS,0.0
2023-09-05,Combined Maximum Sharpe,USB,0.0
2023-09-05,Combined Maximum Sharpe,V,0.0
2023-09-05,Combined Maximum Sharpe,WFC,0.0
2023-09-05,Combined Maximum Sharpe,WMT,0.0
2023-09-05,Combined Maximum Sharpe,XLM-USD,0.0
2023-09-05,Combined Maximum Sharpe,XOM,0.2
2023-09-05,Combined Maximum Sharpe,XRP-USD,0.0
2023-10-04,Combined Maximum Sharpe,ABBV,0.2
2023-10-04,Combined Maximum Sharpe,ABT,0.0
2023-10-04,Combined Maximum Sharpe,ADA-USD,0.0
2023-10-04,Combined Maximum Sharpe,ADBE,0.0
2023-10-04,Combined Maximum Sharpe,AEP,0.0
2023-10-04,Combined Maximum Sharpe,AMD,0.0
2023-10-04,Combined Maximum Sharpe,AMGN,0.145459
2023-10-04,Combined Maximum Sharpe,AMT,0.0
2023-10-04,Combined Maximum Sharpe,BA,0.0
2023-10-04,Combined Maximum Sharpe,BCH-USD,0.0
2023-10-04,Combined Maximum Sharpe,BTC-USD,0.0
2023-10-04,Combined Maximum Sharpe,CAT,0.0
2023-10-04,Combined Maximum Sharpe,CCI,0.0
2023-10-04,Combined Maximum Sharpe,CMCSA,0.0
2023-10-04,Combined Maximum Sharpe,COP,0.0
2023-10-04,Combined Maximum Sharpe,CVX,0.034447
2023-10-04,Combined Maximum Sharpe,D,0.0
2023-10-04,Combined Maximum Sharpe,DD,0.0
2023-10-04,Combined Maximum Sharpe,DIS,0.0
2023-10-04,Combined Maximum Sharpe,DOW,0.0
2023-10-04,Combined Maximum Sharpe,DUK,0.0
2023-10-04,Combined Maximum Sharpe,EA,0.0
2023-10-04,Combined Maximum Sharpe,EOS-USD,0.0
2023-10-04,Combined Maximum Sharpe,ETC-USD,0.0
2023-10-04,Combined Maximum Sharpe,ETH-USD,0.0
2023-10-04,Combined Maximum Sharpe,GE,0.0
2023-10-04,Combined Maximum Sharpe,GILD,0.0
2023-10-04,Combined Maximum Sharpe,GS,0.0
2023-10-04,Combined Maximum Sharpe,INTC,0.0
2023-10-04,Combined Maximum Sharpe,KO,0.0
2023-10-04,Combined Maximum Sharpe,LTC-USD,0.0
2023-10-04,Combined Maximum Sharpe,MMM,0.0
2023-10-04,Combined Maximum Sharpe,MRK,0.149826
2023-10-04,Combined Maximum Sharpe,MS,0.0
2023-10-04,Combined Maximum Sharpe,NEE,0.0
2023-10-04,Combined Maximum Sharpe,NEM,0.0
2023-10-04,Combined Maximum Sharpe,NKE,0.0
2023-10-04,Combined Maximum Sharpe,NUE,0.036277
2023-10-04,Combined Maximum Sharpe,NVDA,0.127015
2023-10-04,Combined Maximum Sharpe,O,0.0
2023-10-04,Combined Maximum Sharpe,OXY,0.044008
2023-10-04,Combined Maximum Sharpe,PLD,0.0
2023-10-04,Combined Maximum Sharpe,PSA,0.0
2023-10-04,Combined Maximum Sharpe,QCOM,0.0
2023-10-04,Combined Maximum Sharpe,SBUX,0.0
2023-10-04,Combined Maximum Sharpe,SHW,0.0
2023-10-04,Combined Maximum Sharpe,SLB,0.0315
2023-10-04,Combined Maximum Sharpe,SO,0.0
2023-10-04,Combined Maximum Sharpe,T,0.0
2023-10-04,Combined Maximum Sharpe,TMUS,0.0
2023-10-04,Combined Maximum Sharpe,TRX-USD,0.0
2023-10-04,Combined Maximum Sharpe,TTWO,0.0
2023-10-04,Combined Maximum Sharpe,UPS,0.0
2023-10-04,Combined Maximum Sharpe,USB,0.0
2023-10-04,Combined Maximum Sharpe,V,0.0
2023-10-04,Combined Maximum Sharpe,WFC,0.0
2023-10-04,Combined Maximum Sharpe,WMT,0.031469
2023-10-04,Combined Maximum Sharpe,XLM-USD,0.0
2023-10-04,Combined Maximum Sharpe,XOM,0.2
2023-10-04,Combined Maximum Sharpe,XRP-USD,0.0
2023-11-02,Combined Maximum Sharpe,ABBV,0.154111
2023-11-02,Combined Maximum Sharpe,ABT,0.0
2023-11-02,Combined Maximum Sharpe,ADA-USD,0.0
2023-11-02,Combined Maximum Sharpe,ADBE,0.0
2023-11-02,Combined Maximum Sharpe,AEP,0.0
2023-11-02,Combined Maximum Sharpe,AMD,0.0
2023-11-02,Combined Maximum Sharpe,AMGN,0.178248
2023-11-02,Combined Maximum Sharpe,AMT,0.0
2023-11-02,Combined Maximum Sharpe,BA,0.0
2023-11-02,Combined Maximum Sharpe,BCH-USD,0.0
2023-11-02,Combined Maximum Sharpe,BTC-USD,0.0
2023-11-02,Combined Maximum Sharpe,CAT,0.0
2023-11-02,Combined Maximum Sharpe,CCI,0.0
2023-11-02,Combined Maximum Sharpe,CMCSA,0.0
2023-11-02,Combined Maximum Sharpe,COP,0.009841
2023-11-02,Combined Maximum Sharpe,CVX,0.0
2023-11-02,Combined Maximum Sharpe,D,0.0
2023-11-02,Combined Maximum Sharpe,DD,0.0
2023-11-02,Combined Maximum Sharpe,DIS,0.0
2023-11-02,Combined Maximum Sharpe,DOW,0.0
2023-11-02,Combined Maximum Sharpe,DUK,0.0
2023-11-02,Combined Maximum Sharpe,EA,0.0
2023-11-02,Combined Maximum Sharpe,EOS-USD,0.0
2023-11-02,Combined Maximum Sharpe,ETC-USD,0.0
2023-11-02,Combined Maximum Sharpe,ETH-USD,0.0
2023-11-02,Combined Maximum Sharpe,GE,0.0
2023-11-02,Combined Maximum Sharpe,GILD,0.112415
2023-11-02,Combined Maximum Sharpe,GS,0.0
2023-11-02,Combined Maximum Sharpe,INTC,0.0
2023-11-02,Combined Maximum Sharpe,KO,0.0
2023-11-02,Combined Maximum Sharpe,LTC-USD,0.0
2023-11-02,Combined Maximum Sharpe,MMM,0.0
2023-11-02,Combined Maximum Sharpe,MRK,0.092975
2023-11-02,Combined Maximum Sharpe,MS,0.0
2023-11-02,Combined Maximum Sharpe,NEE,0.0
2023-11-02,Combined Maximum Sharpe,NEM,0.0
2023-11-02,Combined Maximum Sharpe,NKE,0.0
2023-11-02,Combined Maximum Sharpe,NUE,0.011743
2023-11-02,Combined Maximum Sharpe,NVDA,0.104969
2023-11-02,Combined Maximum Sharpe,O,0.0
2023-11-02,Combined Maximum Sharpe,OXY,0.063803
2023-11-02,Combined Maximum Sharpe,PLD,0.0
2023-11-02,Combined Maximum Sharpe,PSA,0.0
2023-11-02,Combined Maximum Sharpe,QCOM,0.0
2023-11-02,Combined Maximum Sharpe,SBUX,0.0
2023-11-02,Combined Maximum Sharpe,SHW,0.0
2023-11-02,Combined Maximum Sharpe,SLB,0.044845
2023-11-02,Combined Maximum Sharpe,SO,0.02705
2023-11-02,Combined Maximum Sharpe,T,0.0
2023-11-02,Combined Maximum Sharpe,TMUS,0.0
2023-11-02,Combined Maximum Sharpe,TRX-USD,0.0
2023-11-02,Combined Maximum Sharpe,TTWO,0.0
2023-11-02,Combined Maximum Sharpe,UPS,0.0
2023-11-02,Combined Maximum Sharpe,USB,0.0
2023-11-02,Combined Maximum Sharpe,V,0.0
2023-11-02,Combined Maximum Sharpe,WFC,0.0
2023-11-02,Combined Maximum Sharpe,WMT,0.0
2023-11-02,Combined Maximum Sharpe,XLM-USD,0.0
2023-11-02,Combined Maximum Sharpe,XOM,0.2
2023-11-02,Combined Maximum Sharpe,XRP-USD,0.0
2023-12-04,Combined Maximum Sharpe,ABBV,0.078704
2023-12-04,Combined Maximum Sharpe,ABT,0.0
2023-12-04,Combined Maximum Sharpe,ADA-USD,0.0
2023-12-04,Combined Maximum Sharpe,ADBE,0.0
2023-12-04,Combined Maximum Sharpe,AEP,0.0
2023-12-04,Combined Maximum Sharpe,AMD,0.0
2023-12-04,Combined Maximum Sharpe,AMGN,0.190756
2023-12-04,Combined Maximum Sharpe,AMT,0.0
2023-12-04,Combined Maximum Sharpe,BA,0.0
2023-12-04,Combined Maximum Sharpe,BCH-USD,0.0
2023-12-04,Combined Maximum Sharpe,BTC-USD,0.0
2023-12-04,Combined Maximum Sharpe,CAT,0.0
2023-12-04,Combined Maximum Sharpe,CCI,0.0
2023-12-04,Combined Maximum Sharpe,CMCSA,0.0
2023-12-04,Combined Maximum Sharpe,COP,0.0
2023-12-04,Combined Maximum Sharpe,CVX,0.0
2023-12-04,Combined Maximum Sharpe,D,0.0
2023-12-04,Combined Maximum Sharpe,DD,0.0
2023-12-04,Combined Maximum Sharpe,DIS,0.0
2023-12-04,Combined Maximum Sharpe,DOW,0.0
2023-12-04,Combined Maximum Sharpe,DUK,0.0
2023-12-04,Combined Maximum Sharpe,EA,0.0
2023-12-04,Combined Maximum Sharpe,EOS-USD,0.0
2023-12-04,Combined Maximum Sharpe,ETC-USD,0.0
2023-12-04,Combined Maximum Sharpe,ETH-USD,0.0
2023-12-04,Combined Maximum Sharpe,GE,0.112008
2023-12-04,Combined Maximum Sharpe,GILD,0.0
2023-12-04,Combined Maximum Sharpe,GS,0.0
2023-12-04,Combined Maximum Sharpe,INTC,0.0
2023-12-04,Combined Maximum Sharpe,KO,0.0
2023-12-04,Combined Maximum Sharpe,LTC-USD,0.0
2023-12-04,Combined Maximum Sharpe,MMM,0.0
2023-12-04,Combined Maximum Sharpe,MRK,0.2
2023-12-04,Combined Maximum Sharpe,MS,0.0
2023-12-04,Combined Maximum Sharpe,NEE,0.0
2023-12-04,Combined Maximum Sharpe,NEM,0.0
2023-12-04,Combined Maximum Sharpe,NKE,0.0
2023-12-04,Combined Maximum Sharpe,NUE,0.03178
2023-12-04,Combined Maximum Sharpe,NVDA,0.027907
2023-12-04,Combined Maximum Sharpe,O,0.0
2023-12-04,Combined Maximum Sharpe,OXY,0.086746
2023-12-04,Combined Maximum Sharpe,PLD,0.0
2023-12-04,Combined Maximum Sharpe,PSA,0.0
2023-12-04,Combined Maximum Sharpe,QCOM,0.0
2023-12-04,Combined Maximum Sharpe,SBUX,0.0
2023-12-04,Combined Maximum Sharpe,SHW,0.0
2023-12-04,Combined Maximum Sharpe,SLB,0.031814
2023-12-04,Combined Maximum Sharpe,SO,0.021426
2023-12-04,Combined Maximum Sharpe,T,0.0
2023-12-04,Combined Maximum Sharpe,TMUS,0.082772
2023-12-04,Combined Maximum Sharpe,TRX-USD,0.0
2023-12-04,Combined Maximum Sharpe,TTWO,0.0
2023-12-04,Combined Maximum Sharpe,UPS,0.0
2023-12-04,Combined Maximum Sharpe,USB,0.0
2023-12-04,Combined Maximum Sharpe,V,0.0
2023-12-04,Combined Maximum Sharpe,WFC,0.0
2023-12-04,Combined Maximum Sharpe,WMT,0.0
2023-12-04,Combined Maximum Sharpe,XLM-USD,0.0
2023-12-04,Combined Maximum Sharpe,XOM,0.136087
2023-12-04,Combined Maximum Sharpe,XRP-USD,0.0
2021-12-31,Combined Risk Parity,ABBV,0.024604
2021-12-31,Combined Risk Parity,ABT,0.021539
2021-12-31,Combined Risk Parity,ADA-USD,0.008012
2021-12-31,Combined Risk Parity,ADBE,0.016995
2021-12-31,Combined Risk Parity,AEP,0.02317
2021-12-31,Combined Risk Parity,AMD,0.015031
2021-12-31,Combined Risk Parity,AMGN,0.021924
2021-12-31,Combined Risk Parity,AMT,0.018042
2021-12-31,Combined Risk Parity,BA,0.010154
2021-12-31,Combined Risk Parity,BCH-USD,0.008103
2021-12-31,Combined Risk Parity,BTC-USD,0.011643
2021-12-31,Combined Risk Parity,CAT,0.016558
2021-12-31,Combined Risk Parity,CCI,0.019318
2021-12-31,Combined Risk Parity,CMCSA,0.018329
2021-12-31,Combined Risk Parity,COP,0.011584
2021-12-31,Combined Risk Parity,CVX,0.012815
2021-12-31,Combined Risk Parity,D,0.01917
2021-12-31,Combined Risk Parity,DD,0.014374
2021-12-31,Combined Risk Parity,DIS,0.016391
2021-12-31,Combined Risk Parity,DOW,0.012385
2021-12-31,Combined Risk Parity,DUK,0.01891
2021-12-31,Combined Risk Parity,EA,0.028215
2021-12-31,Combined Risk Parity,EOS-USD,0.008138
2021-12-31,Combined Risk Parity,ETC-USD,0.008361
2021-12-31,Combined Risk Parity,ETH-USD,0.008882
2021-12-31,Combined Risk Parity,GE,0.013747
2021-12-31,Combined Risk Parity,GILD,0.032652
2021-12-31,Combined Risk Parity,GS,0.013713
2021-12-31,Combined Risk Parity,INTC,0.014945
2021-12-31,Combined Risk Parity,KO,0.021638
2021-12-31,Combined Risk Parity,LTC-USD,0.008686
2021-12-31,Combined Risk Parity,MMM,0.021378
2021-12-31,Combined Risk Parity,MRK,0.02542
2021-12-31,Combined Risk Parity,MS,0.012259
2021-12-31,Combined Risk Parity,NEE,0.018123
2021-12-31,Combined Risk Parity,NEM,0.032109
2021-12-31,Combined Risk Parity,NKE,0.018695
2021-12-31,Combined Risk Parity,NUE,0.01423
2021-12-31,Combined Risk Parity,NVDA,0.013286
2021-12-31,Combined Risk Parity,O,0.01528
2021-12-31,Combined Risk Parity,OXY,0.009273
2021-12-31,Combined Risk Parity,PLD,0.016509
2021-12-31,Combined Risk Parity,PSA,0.024802
2021-12-31,Combined Risk Parity,QCOM,0.015071
2021-12-31,Combined Risk Parity,SBUX,0.015878
2021-12-31,Combined Risk Parity,SHW,0.018616
2021-12-31,Combined Risk Parity,SLB,0.011005
2021-12-31,Combined Risk Parity,SO,0.01742
2021-12-31,Combined Risk Parity,T,0.020812
2021-12-31,Combined Risk Parity,TMUS,0.019407
2021-12-31,Combined Risk Parity,TRX-USD,0.009407
2021-12-31,Combined Risk Parity,TTWO,0.026892
2021-12-31,Combined Risk Parity,UPS,0.022019
2021-12-31,Combined Risk Parity,USB,0.01332
2021-12-31,Combined Risk Parity,V,0.016043
2021-12-31,Combined Risk Parity,WFC,0.012427
2021-12-31,Combined Risk Parity,WMT,0.030693
2021-12-31,Combined Risk Parity,XLM-USD,0.007971
2021-12-31,Combined Risk Parity,XOM,0.014883
2021-12-31,Combined Risk Parity,XRP-USD,0.008745
2022-02-01,Combined Risk Parity,ABBV,0.024759
2022-02-01,Combined Risk Parity,ABT,0.021564
2022-02-01,Combined Risk Parity,ADA-USD,0.007951
2022-02-01,Combined Risk Parity,ADBE,0.016822
2022-02-01,Combined Risk Parity,AEP,0.023371
2022-02-01,Combined Risk Parity,AMD,0.01476
2022-02-01,Combined Risk Parity,AMGN,0.022202
2022-02-01,Combined Risk Parity,AMT,0.017869
2022-02-01,Combined Risk Parity,BA,0.010065
2022-02-01,Combined Risk Parity,BCH-USD,0.008205
2022-02-01,Combined Risk Parity,BTC-USD,0.011563
2022-02-01,Combined Risk Parity,CAT,0.01679
2022-02-01,Combined Risk Parity,CCI,0.019079
2022-02-01,Combined Risk Parity,CMCSA,0.018409
2022-02-01,Combined Risk Parity,COP,0.011632
2022-02-01,Combined Risk Parity,CVX,0.012977
2022-02-01,Combined Risk Parity,D,0.019347
2022-02-01,Combined Risk Parity,DD,0.014371
2022-02-01,Combined Risk Parity,DIS,0.016217
2022-02-01,Combined Risk Parity,DOW,0.012483
2022-02-01,Combined Risk Parity,DUK,0.019039
2022-02-01,Combined Risk Parity,EA,0.028636
2022-02-01,Combined Risk Parity,EOS-USD,0.008139
2022-02-01,Combined Risk Parity,ETC-USD,0.008425
2022-02-01,Combined Risk Parity,ETH-USD,0.008787
2022-02-01,Combined Risk Parity,GE,0.013611
2022-02-01,Combined Risk Parity,GILD,0.032585
2022-02-01,Combined Risk Parity,GS,0.013719
2022-02-01,Combined Risk Parity,INTC,0.015009
2022-02-01,Combined Risk Parity,KO,0.021731
2022-02-01,Combined Risk Parity,LTC-USD,0.008609
2022-02-01,Combined Risk Parity,MMM,0.02143
2022-02-01,Combined Risk Parity,MRK,0.025897
2022-02-01,Combined Risk Parity,MS,0.012403
2022-02-01,Combined Risk Parity,NEE,0.01791
2022-02-01,Combined Risk Parity,NEM,0.032076
2022-02-01,Combined Risk Parity,NKE,0.018674
2022-02-01,Combined Risk Parity,NUE,0.014093
2022-02-01,Combined Risk Parity,NVDA,0.013084
2022-02-01,Combined Risk Parity,O,0.015275
2022-02-01,Combined Risk Parity,OXY,0.009263
2022-02-01,Combined Risk Parity,PLD,0.016576
2022-02-01,Combined Risk Parity,PSA,0.024646
2022-02-01,Combined Risk Parity,QCOM,0.014965
2022-02-01,Combined Risk Parity,SBUX,0.015887
2022-02-01,Combined Risk Parity,SHW,0.018629
2022-02-01,Combined Risk Parity,SLB,0.011078
2022-02-01,Combined Risk Parity,SO,0.017561
2022-02-01,Combined Risk Parity,T,0.020731
2022-02-01,Combined Risk Parity,TMUS,0.019341
2022-02-01,Combined Risk Parity,TRX-USD,0.009431
2022-02-01,Combined Risk Parity,TTWO,0.026556
2022-02-01,Combined Risk Parity,UPS,0.021765
2022-02-01,Combined Risk Parity,USB,0.013307
2022-02-01,Combined Risk Parity,V,0.015962
2022-02-01,Combined Risk Parity,WFC,0.012393
2022-02-01,Combined Risk Parity,WMT,0.030718
2022-02-01,Combined Risk Parity,XLM-USD,0.007908
2022-02-01,Combined Risk Parity,XOM,0.014977
2022-02-01,Combined Risk Parity,XRP-USD,0.008738
2022-03-03,Combined Risk Parity,ABBV,0.025213
2022-03-03,Combined Risk Parity,ABT,0.021805
2022-03-03,Combined Risk Parity,ADA-USD,0.007768
2022-03-03,Combined Risk Parity,ADBE,0.016463
2022-03-03,Combined Risk Parity,AEP,0.023782
2022-03-03,Combined Risk Parity,AMD,0.014364
2022-03-03,Combined Risk Parity,AMGN,0.022768
2022-03-03,Combined Risk Parity,AMT,0.017698
2022-03-03,Combined Risk Parity,BA,0.00988
2022-03-03,Combined Risk Parity,BCH-USD,0.008051
2022-03-03,Combined Risk Parity,BTC-USD,0.011195
2022-03-03,Combined Risk Parity,CAT,0.016463
2022-03-03,Combined Risk Parity,CCI,0.019491
2022-03-03,Combined Risk Parity,CMCSA,0.018298
2022-03-03,Combined Risk Parity,COP,0.011524
2022-03-03,Combined Risk Parity,CVX,0.012914
2022-03-03,Combined Risk Parity,D,0.019751
2022-03-03,Combined Risk Parity,DD,0.014206
2022-03-03,Combined Risk Parity,DIS,0.016084
2022-03-03,Combined Risk Parity,DOW,0.012354
2022-03-03,Combined Risk Parity,DUK,0.019097
2022-03-03,Combined Risk Parity,EA,0.029095
2022-03-03,Combined Risk Parity,EOS-USD,0.007885
2022-03-03,Combined Risk Parity,ETC-USD,0.00816
2022-03-03,Combined Risk Parity,ETH-USD,0.008543
2022-03-03,Combined Risk Parity,GE,0.013267
2022-03-03,Combined Risk Parity,GILD,0.03318
2022-03-03,Combined Risk Parity,GS,0.013457
2022-03-03,Combined Risk Parity,INTC,0.014918
2022-03-03,Combined Risk Parity,KO,0.022014
2022-03-03,Combined Risk Parity,LTC-USD,0.008359
2022-03-03,Combined Risk Parity,MMM,0.021077
2022-03-03,Combined Risk Parity,MRK,0.026179
2022-03-03,Combined Risk Parity,MS,0.012117
2022-03-03,Combined Risk Parity,NEE,0.01791
2022-03-03,Combined Risk Parity,NEM,0.033161
2022-03-03,Combined Risk Parity,NKE,0.018465
2022-03-03,Combined Risk Parity,NUE,0.013762
2022-03-03,Combined Risk Parity,NVDA,0.012617
2022-03-03,Combined Risk Parity,O,0.015167
2022-03-03,Combined Risk Parity,OXY,0.009195
2022-03-03,Combined Risk Parity,PLD,0.016509
2022-03-03,Combined Risk Parity,PSA,0.024962
2022-03-03,Combined Risk Parity,QCOM,0.014524
2022-03-03,Combined Risk Parity,SBUX,0.0156
2022-03-03,Combined Risk Parity,SHW,0.018446
2022-03-03,Combined Risk Parity,SLB,0.010931
2022-03-03,Combined Risk Parity,SO,0.01759
2022-03-03,Combined Risk Parity,T,0.020853
2022-03-03,Combined Risk Parity,TMUS,0.019526
2022-03-03,Combined Risk Parity,TRX-USD,0.0094
2022-03-03,Combined Risk Parity,TTWO,0.027011
2022-03-03,Combined Risk Parity,UPS,0.021815
2022-03-03,Combined Risk Parity,USB,0.013026
2022-03-03,Combined Risk Parity,V,0.016066
2022-03-03,Combined Risk Parity,WFC,0.012068
2022-03-03,Combined Risk Parity,WMT,0.032729
2022-03-03,Combined Risk Parity,XLM-USD,0.007731
2022-03-03,Combined Risk Parity,XOM,0.015121
2022-03-03,Combined Risk Parity,XRP-USD,0.008397
2022-04-01,Combined Risk Parity,ABBV,0.027811
2022-04-01,Combined Risk Parity,ABT,0.023701
2022-04-01,Combined Risk Parity,ADA-USD,0.006022
2022-04-01,Combined Risk Parity,ADBE,0.016506
2022-04-01,Combined Risk Parity,AEP,0.024413
2022-04-01,Combined Risk Parity,AMD,0.012847
2022-04-01,Combined Risk Parity,AMGN,0.025541
2022-04-01,Combined Risk Parity,AMT,0.019809
2022-04-01,Combined Risk Parity,BA,0.009039
2022-04-01,Combined Risk Parity,BCH-USD,0.006069
2022-04-01,Combined Risk Parity,BTC-USD,0.009169
2022-04-01,Combined Risk Parity,CAT,0.015598
2022-04-01,Combined Risk Parity,CCI,0.021745
2022-04-01,Combined Risk Parity,CMCSA,0.017061
2022-04-01,Combined Risk Parity,COP,0.012452
2022-04-01,Combined Risk Parity,CVX,0.014647
2022-04-01,Combined Risk Parity,D,0.026331
2022-04-01,Combined Risk Parity,DD,0.012496
2022-04-01,Combined Risk Parity,DIS,0.015599
2022-04-01,Combined Risk Parity,DOW,0.011698
2022-04-01,Combined Risk Parity,DUK,0.023691
2022-04-01,Combined Risk Parity,EA,0.031937
2022-04-01,Combined Risk Parity,EOS-USD,0.005667
2022-04-01,Combined Risk Parity,ETC-USD,0.006037
2022-04-01,Combined Risk Parity,ETH-USD,0.006645
2022-04-01,Combined Risk Parity,GE,0.012831
2022-04-01,Combined Risk Parity,GILD,0.029476
2022-04-01,Combined Risk Parity,GS,0.013977
2022-04-01,Combined Risk Parity,INTC,0.016466
2022-04-01,Combined Risk Parity,KO,0.020962
2022-04-01,Combined Risk Parity,LTC-USD,0.00638
2022-04-01,Combined Risk Parity,MMM,0.020542
2022-04-01,Combined Risk Parity,MRK,0.027211
2022-04-01,Combined Risk Parity,MS,0.012952
2022-04-01,Combined Risk Parity,NEE,0.02075
2022-04-01,Combined Risk Parity,NEM,0.027883
2022-04-01,Combined Risk Parity,NKE,0.017771
2022-04-01,Combined Risk Parity,NUE,0.012307
2022-04-01,Combined Risk Parity,NVDA,0.011817
2022-04-01,Combined Risk Parity,O,0.016316
2022-04-01,Combined Risk Parity,OXY,0.008321
2022-04-01,Combined Risk Parity,PLD,0.017213
2022-04-01,Combined Risk Parity,PSA,0.026822
2022-04-01,Combined Risk Parity,QCOM,0.013292
2022-04-01,Combined Risk Parity,SBUX,0.015539
2022-04-01,Combined Risk Parity,SHW,0.019074
2022-04-01,Combined Risk Parity,SLB,0.01049
2022-04-01,Combined Risk Parity,SO,0.020778
2022-04-01,Combined Risk Parity,T,0.021174
2022-04-01,Combined Risk Parity,TMUS,0.019139
2022-04-01,Combined Risk Parity,TRX-USD,0.007926
2022-04-01,Combined Risk Parity,TTWO,0.029177
2022-04-01,Combined Risk Parity,UPS,0.018372
2022-04-01,Combined Risk Parity,USB,0.012199
2022-04-01,Combined Risk Parity,V,0.014943
2022-04-01,Combined Risk Parity,WFC,0.011755
2022-04-01,Combined Risk Parity,WMT,0.03773
2022-04-01,Combined Risk Parity,XLM-USD,0.00556
2022-04-01,Combined Risk Parity,XOM,0.014094
2022-04-01,Combined Risk Parity,XRP-USD,0.006226
2022-05-03,Combined Risk Parity,ABBV,0.027427
2022-05-03,Combined Risk Parity,ABT,0.021812
2022-05-03,Combined Risk Parity,ADA-USD,0.005474
2022-05-03,Combined Risk Parity,ADBE,0.016671
2022-05-03,Combined Risk Parity,AEP,0.027735
2022-05-03,Combined Risk Parity,AMD,0.012329
2022-05-03,Combined Risk Parity,AMGN,0.025822
2022-05-03,Combined Risk Parity,AMT,0.020585
2022-05-03,Combined Risk Parity,BA,0.008924
2022-05-03,Combined Risk Parity,BCH-USD,0.005582
2022-05-03,Combined Risk Parity,BTC-USD,0.008489
2022-05-03,Combined Risk Parity,CAT,0.015535
2022-05-03,Combined Risk Parity,CCI,0.021499
2022-05-03,Combined Risk Parity,CMCSA,0.01693
2022-05-03,Combined Risk Parity,COP,0.011901
2022-05-03,Combined Risk Parity,CVX,0.014573
2022-05-03,Combined Risk Parity,D,0.030807
2022-05-03,Combined Risk Parity,DD,0.012769
2022-05-03,Combined Risk Parity,DIS,0.015068
2022-05-03,Combined Risk Parity,DOW,0.012522
2022-05-03,Combined Risk Parity,DUK,0.02763
2022-05-03,Combined Risk Parity,EA,0.028498
2022-05-03,Combined Risk Parity,EOS-USD,0.005242
2022-05-03,Combined Risk Parity,ETC-USD,0.005508
2022-05-03,Combined Risk Parity,ETH-USD,0.006394
2022-05-03,Combined Risk Parity,GE,0.011704
2022-05-03,Combined Risk Parity,GILD,0.029709
2022-05-03,Combined Risk Parity,GS,0.013516
2022-05-03,Combined Risk Parity,INTC,0.015805
2022-05-03,Combined Risk Parity,KO,0.021789
2022-05-03,Combined Risk Parity,LTC-USD,0.005819
2022-05-03,Combined Risk Parity,MMM,0.020049
2022-05-03,Combined Risk Parity,MRK,0.029464
2022-05-03,Combined Risk Parity,MS,0.01278
2022-05-03,Combined Risk Parity,NEE,0.021004
2022-05-03,Combined Risk Parity,NEM,0.028209
2022-05-03,Combined Risk Parity,NKE,0.017267
2022-05-03,Combined Risk Parity,NUE,0.01164
2022-05-03,Combined Risk Parity,NVDA,0.011096
2022-05-03,Combined Risk Parity,O,0.018244
2022-05-03,Combined Risk Parity,OXY,0.007853
2022-05-03,Combined Risk Parity,PLD,0.017495
2022-05-03,Combined Risk Parity,PSA,0.025071
2022-05-03,Combined Risk Parity,QCOM,0.012309
2022-05-03,Combined Risk Parity,SBUX,0.015733
2022-05-03,Combined Risk Parity,SHW,0.022911
2022-05-03,Combined Risk Parity,SLB,0.010406
2022-05-03,Combined Risk Parity,SO,0.024186
2022-05-03,Combined Risk Parity,T,0.023166
2022-05-03,Combined Risk Parity,TMUS,0.017373
2022-05-03,Combined Risk Parity,TRX-USD,0.007403
2022-05-03,Combined Risk Parity,TTWO,0.024836
2022-05-03,Combined Risk Parity,UPS,0.017397
2022-05-03,Combined Risk Parity,USB,0.012948
2022-05-03,Combined Risk Parity,V,0.015759
2022-05-03,Combined Risk Parity,WFC,0.0118
2022-05-03,Combined Risk Parity,WMT,0.034888
2022-05-03,Combined Risk Parity,XLM-USD,0.005129
2022-05-03,Combined Risk Parity,XOM,0.013877
2022-05-03,Combined Risk Parity,XRP-USD,0.005635
2022-06-02,Combined Risk Parity,ABBV,0.026453
2022-06-02,Combined Risk Parity,ABT,0.020691
2022-06-02,Combined Risk Parity,ADA-USD,0.005125
2022-06-02,Combined Risk Parity,ADBE,0.015331
2022-06-02,Combined Risk Parity,AEP,0.029943
2022-06-02,Combined Risk Parity,AMD,0.010908
2022-06-02,Combined Risk Parity,AMGN,0.025778
2022-06-02,Combined Risk Parity,AMT,0.02024
2022-06-02,Combined Risk Parity,BA,0.00895
2022-06-02,Combined Risk Parity,BCH-USD,0.005429
2022-06-02,Combined Risk Parity,BTC-USD,0.008132
2022-06-02,Combined Risk Parity,CAT,0.015827
2022-06-02,Combined Risk Parity,CCI,0.022393
2022-06-02,Combined Risk Parity,CMCSA,0.017736
2022-06-02,Combined Risk Parity,COP,0.01175
2022-06-02,Combined Risk Parity,CVX,0.014879
2022-06-02,Combined Risk Parity,D,0.031317
2022-06-02,Combined Risk Parity,DD,0.01292
2022-06-02,Combined Risk Parity,DIS,0.015324
2022-06-02,Combined Risk Parity,DOW,0.013564
2022-06-02,Combined Risk Parity,DUK,0.029804
2022-06-02,Combined Risk Parity,EA,0.027839
2022-06-02,Combined Risk Parity,EOS-USD,0.005079
2022-06-02,Combined Risk Parity,ETC-USD,0.005157
2022-06-02,Combined Risk Parity,ETH-USD,0.006304
2022-06-02,Combined Risk Parity,GE,0.012376
2022-06-02,Combined Risk Parity,GILD,0.030409
2022-06-02,Combined Risk Parity,GS,0.014123
2022-06-02,Combined Risk Parity,INTC,0.015288
2022-06-02,Combined Risk Parity,KO,0.021702
2022-06-02,Combined Risk Parity,LTC-USD,0.005549
2022-06-02,Combined Risk Parity,MMM,0.021452
2022-06-02,Combined Risk Parity,MRK,0.029997
2022-06-02,Combined Risk Parity,MS,0.01341
2022-06-02,Combined Risk Parity,NEE,0.021002
2022-06-02,Combined Risk Parity,NEM,0.025518
2022-06-02,Combined Risk Parity,NKE,0.016425
2022-06-02,Combined Risk Parity,NUE,0.01134
2022-06-02,Combined Risk Parity,NVDA,0.010088
2022-06-02,Combined Risk Parity,O,0.019164
2022-06-02,Combined Risk Parity,OXY,0.008131
2022-06-02,Combined Risk Parity,PLD,0.017199
2022-06-02,Combined Risk Parity,PSA,0.025644
2022-06-02,Combined Risk Parity,QCOM,0.012133
2022-06-02,Combined Risk Parity,SBUX,0.014252
2022-06-02,Combined Risk Parity,SHW,0.022193
2022-06-02,Combined Risk Parity,SLB,0.010607
2022-06-02,Combined Risk Parity,SO,0.026479
2022-06-02,Combined Risk Parity,T,0.024404
2022-06-02,Combined Risk Parity,TMUS,0.018136
2022-06-02,Combined Risk Parity,TRX-USD,0.00678
2022-06-02,Combined Risk Parity,TTWO,0.021472
2022-06-02,Combined Risk Parity,UPS,0.017492
2022-06-02,Combined Risk Parity,USB,0.014252
2022-06-02,Combined Risk Parity,V,0.015275
2022-06-02,Combined Risk Parity,WFC,0.01243
2022-06-02,Combined Risk Parity,WMT,0.033855
2022-06-02,Combined Risk Parity,XLM-USD,0.004954
2022-06-02,Combined Risk Parity,XOM,0.014185
2022-06-02,Combined Risk Parity,XRP-USD,0.005409
2022-07-05,Combined Risk Parity,ABBV,0.026729
2022-07-05,Combined Risk Parity,ABT,0.02071
2022-07-05,Combined Risk Parity,ADA-USD,0.005061
2022-07-05,Combined Risk Parity,ADBE,0.014794
2022-07-05,Combined Risk Parity,AEP,0.029041
2022-07-05,Combined Risk Parity,AMD,0.010302
2022-07-05,Combined Risk Parity,AMGN,0.026626
2022-07-05,Combined Risk Parity,AMT,0.020428
2022-07-05,Combined Risk Parity,BA,0.010046
2022-07-05,Combined Risk Parity,BCH-USD,0.005235
2022-07-05,Combined Risk Parity,BTC-USD,0.007554
2022-07-05,Combined Risk Parity,CAT,0.016277
2022-07-05,Combined Risk Parity,CCI,0.02225
2022-07-05,Combined Risk Parity,CMCSA,0.017569
2022-07-05,Combined Risk Parity,COP,0.012129
2022-07-05,Combined Risk Parity,CVX,0.015523
2022-07-05,Combined Risk Parity,D,0.030164
2022-07-05,Combined Risk Parity,DD,0.012768
2022-07-05,Combined Risk Parity,DIS,0.015735
2022-07-05,Combined Risk Parity,DOW,0.014234
2022-07-05,Combined Risk Parity,DUK,0.02935
2022-07-05,Combined Risk Parity,EA,0.025673
2022-07-05,Combined Risk Parity,EOS-USD,0.004953
2022-07-05,Combined Risk Parity,ETC-USD,0.004928
2022-07-05,Combined Risk Parity,ETH-USD,0.005825
2022-07-05,Combined Risk Parity,GE,0.012778
2022-07-05,Combined Risk Parity,GILD,0.029083
2022-07-05,Combined Risk Parity,GS,0.014882
2022-07-05,Combined Risk Parity,INTC,0.014868
2022-07-05,Combined Risk Parity,KO,0.023593
2022-07-05,Combined Risk Parity,LTC-USD,0.005301
2022-07-05,Combined Risk Parity,MMM,0.022809
2022-07-05,Combined Risk Parity,MRK,0.030773
2022-07-05,Combined Risk Parity,MS,0.013521
2022-07-05,Combined Risk Parity,NEE,0.019592
2022-07-05,Combined Risk Parity,NEM,0.024958
2022-07-05,Combined Risk Parity,NKE,0.016455
2022-07-05,Combined Risk Parity,NUE,0.011299
2022-07-05,Combined Risk Parity,NVDA,0.009471
2022-07-05,Combined Risk Parity,O,0.02059
2022-07-05,Combined Risk Parity,OXY,0.009563
2022-07-05,Combined Risk Parity,PLD,0.01665
2022-07-05,Combined Risk Parity,PSA,0.025506
2022-07-05,Combined Risk Parity,QCOM,0.012274
2022-07-05,Combined Risk Parity,SBUX,0.014713
2022-07-05,Combined Risk Parity,SHW,0.02137
2022-07-05,Combined Risk Parity,SLB,0.011451
2022-07-05,Combined Risk Parity,SO,0.026401
2022-07-05,Combined Risk Parity,T,0.025094
2022-07-05,Combined Risk Parity,TMUS,0.017773
2022-07-05,Combined Risk Parity,TRX-USD,0.006479
2022-07-05,Combined Risk Parity,TTWO,0.020118
2022-07-05,Combined Risk Parity,UPS,0.018707
2022-07-05,Combined Risk Parity,USB,0.015059
2022-07-05,Combined Risk Parity,V,0.014863
2022-07-05,Combined Risk Parity,WFC,0.012985
2022-07-05,Combined Risk Parity,WMT,0.032221
2022-07-05,Combined Risk Parity,XLM-USD,0.004838
2022-07-05,Combined Risk Parity,XOM,0.014884
2022-07-05,Combined Risk Parity,XRP-USD,0.005175
2022-08-03,Combined Risk Parity,ABBV,0.027149
2022-08-03,Combined Risk Parity,ABT,0.020587
2022-08-03,Combined Risk Parity,ADA-USD,0.005014
2022-08-03,Combined Risk Parity,ADBE,0.014393
2022-08-03,Combined Risk Parity,AEP,0.029053
2022-08-03,Combined Risk Parity,AMD,0.010067
2022-08-03,Combined Risk Parity,AMGN,0.026401
2022-08-03,Combined Risk Parity,AMT,0.020242
2022-08-03,Combined Risk Parity,BA,0.010222
2022-08-03,Combined Risk Parity,BCH-USD,0.005121
2022-08-03,Combined Risk Parity,BTC-USD,0.007493
2022-08-03,Combined Risk Parity,CAT,0.01587
2022-08-03,Combined Risk Parity,CCI,0.022182
2022-08-03,Combined Risk Parity,CMCSA,0.018314
2022-08-03,Combined Risk Parity,COP,0.012313
2022-08-03,Combined Risk Parity,CVX,0.015748
2022-08-03,Combined Risk Parity,D,0.029629
2022-08-03,Combined Risk Parity,DD,0.012692
2022-08-03,Combined Risk Parity,DIS,0.01536
2022-08-03,Combined Risk Parity,DOW,0.014437
2022-08-03,Combined Risk Parity,DUK,0.029745
2022-08-03,Combined Risk Parity,EA,0.025158
2022-08-03,Combined Risk Parity,EOS-USD,0.004945
2022-08-03,Combined Risk Parity,ETC-USD,0.004768
2022-08-03,Combined Risk Parity,ETH-USD,0.005779
2022-08-03,Combined Risk Parity,GE,0.012893
2022-08-03,Combined Risk Parity,GILD,0.028893
2022-08-03,Combined Risk Parity,GS,0.014684
2022-08-03,Combined Risk Parity,INTC,0.014879
2022-08-03,Combined Risk Parity,KO,0.024253
2022-08-03,Combined Risk Parity,LTC-USD,0.005314
2022-08-03,Combined Risk Parity,MMM,0.023139
2022-08-03,Combined Risk Parity,MRK,0.031613
2022-08-03,Combined Risk Parity,MS,0.013425
2022-08-03,Combined Risk Parity,NEE,0.019804
2022-08-03,Combined Risk Parity,NEM,0.025524
2022-08-03,Combined Risk Parity,NKE,0.01594
2022-08-03,Combined Risk Parity,NUE,0.011205
2022-08-03,Combined Risk Parity,NVDA,0.009303
2022-08-03,Combined Risk Parity,O,0.021059
2022-08-03,Combined Risk Parity,OXY,0.009816
2022-08-03,Combined Risk Parity,PLD,0.016283
2022-08-03,Combined Risk Parity,PSA,0.024741
2022-08-03,Combined Risk Parity,QCOM,0.012178
2022-08-03,Combined Risk Parity,SBUX,0.014695
2022-08-03,Combined Risk Parity,SHW,0.022619
2022-08-03,Combined Risk Parity,SLB,0.011755
2022-08-03,Combined Risk Parity,SO,0.026734
2022-08-03,Combined Risk Parity,T,0.025155
2022-08-03,Combined Risk Parity,TMUS,0.017625
2022-08-03,Combined Risk Parity,TRX-USD,0.006555
2022-08-03,Combined Risk Parity,TTWO,0.020074
2022-08-03,Combined Risk Parity,UPS,0.018095
2022-08-03,Combined Risk Parity,USB,0.015243
2022-08-03,Combined Risk Parity,V,0.015001
2022-08-03,Combined Risk Parity,WFC,0.012854
2022-08-03,Combined Risk Parity,WMT,0.030827
2022-08-03,Combined Risk Parity,XLM-USD,0.004819
2022-08-03,Combined Risk Parity,XOM,0.01511
2022-08-03,Combined Risk Parity,XRP-USD,0.005211
2022-09-01,Combined Risk Parity,ABBV,0.026654
2022-09-01,Combined Risk Parity,ABT,0.020207
2022-09-01,Combined Risk Parity,ADA-USD,0.005047
2022-09-01,Combined Risk Parity,ADBE,0.014056
2022-09-01,Combined Risk Parity,AEP,0.029082
2022-09-01,Combined Risk Parity,AMD,0.010058
2022-09-01,Combined Risk Parity,AMGN,0.026259
2022-09-01,Combined Risk Parity,AMT,0.020289
2022-09-01,Combined Risk Parity,BA,0.01025
2022-09-01,Combined Risk Parity,BCH-USD,0.005141
2022-09-01,Combined Risk Parity,BTC-USD,0.007479
2022-09-01,Combined Risk Parity,CAT,0.015639
2022-09-01,Combined Risk Parity,CCI,0.022256
2022-09-01,Combined Risk Parity,CMCSA,0.018114
2022-09-01,Combined Risk Parity,COP,0.012704
2022-09-01,Combined Risk Parity,CVX,0.016171
2022-09-01,Combined Risk Parity,D,0.029788
2022-09-01,Combined Risk Parity,DD,0.012656
2022-09-01,Combined Risk Parity,DIS,0.015063
2022-09-01,Combined Risk Parity,DOW,0.014582
2022-09-01,Combined Risk Parity,DUK,0.029745
2022-09-01,Combined Risk Parity,EA,0.026063
2022-09-01,Combined Risk Parity,EOS-USD,0.005023
2022-09-01,Combined Risk Parity,ETC-USD,0.004736
2022-09-01,Combined Risk Parity,ETH-USD,0.005727
2022-09-01,Combined Risk Parity,GE,0.012792
2022-09-01,Combined Risk Parity,GILD,0.028711
2022-09-01,Combined Risk Parity,GS,0.014584
2022-09-01,Combined Risk Parity,INTC,0.014579
2022-09-01,Combined Risk Parity,KO,0.024426
2022-09-01,Combined Risk Parity,LTC-USD,0.005376
2022-09-01,Combined Risk Parity,MMM,0.021742
2022-09-01,Combined Risk Parity,MRK,0.031418
2022-09-01,Combined Risk Parity,MS,0.013253
2022-09-01,Combined Risk Parity,NEE,0.020108
2022-09-01,Combined Risk Parity,NEM,0.025769
2022-09-01,Combined Risk Parity,NKE,0.015581
2022-09-01,Combined Risk Parity,NUE,0.011269
2022-09-01,Combined Risk Parity,NVDA,0.009101
2022-09-01,Combined Risk Parity,O,0.021639
2022-09-01,Combined Risk Parity,OXY,0.010214
2022-09-01,Combined Risk Parity,PLD,0.016263
2022-09-01,Combined Risk Parity,PSA,0.02469
2022-09-01,Combined Risk Parity,QCOM,0.011962
2022-09-01,Combined Risk Parity,SBUX,0.01452
2022-09-01,Combined Risk Parity,SHW,0.021819
2022-09-01,Combined Risk Parity,SLB,0.012043
2022-09-01,Combined Risk Parity,SO,0.027151
2022-09-01,Combined Risk Parity,T,0.025358
2022-09-01,Combined Risk Parity,TMUS,0.018008
2022-09-01,Combined Risk Parity,TRX-USD,0.00677
2022-09-01,Combined Risk Parity,TTWO,0.020436
2022-09-01,Combined Risk Parity,UPS,0.018308
2022-09-01,Combined Risk Parity,USB,0.015201
2022-09-01,Combined Risk Parity,V,0.014947
2022-09-01,Combined Risk Parity,WFC,0.012768
2022-09-01,Combined Risk Parity,WMT,0.030858
2022-09-01,Combined Risk Parity,XLM-USD,0.004893
2022-09-01,Combined Risk Parity,XOM,0.015376
2022-09-01,Combined Risk Parity,XRP-USD,0.00528
2022-10-03,Combined Risk Parity,ABBV,0.026846
2022-10-03,Combined Risk Parity,ABT,0.020779
2022-10-03,Combined Risk Parity,ADA-USD,0.005351
2022-10-03,Combined Risk Parity,ADBE,0.013637
2022-10-03,Combined Risk Parity,AEP,0.027236
2022-10-03,Combined Risk Parity,AMD,0.009995
2022-10-03,Combined Risk Parity,AMGN,0.027711
2022-10-03,Combined Risk Parity,AMT,0.020579
2022-10-03,Combined Risk Parity,BA,0.010398
2022-10-03,Combined Risk Parity,BCH-USD,0.005383
2022-10-03,Combined Risk Parity,BTC-USD,0.007507
2022-10-03,Combined Risk Parity,CAT,0.015319
2022-10-03,Combined Risk Parity,CCI,0.022335
2022-10-03,Combined Risk Parity,CMCSA,0.017049
2022-10-03,Combined Risk Parity,COP,0.012769
2022-10-03,Combined Risk Parity,CVX,0.016257
2022-10-03,Combined Risk Parity,D,0.028073
2022-10-03,Combined Risk Parity,DD,0.012922
2022-10-03,Combined Risk Parity,DIS,0.014446
2022-10-03,Combined Risk Parity,DOW,0.014678
2022-10-03,Combined Risk Parity,DUK,0.028765
2022-10-03,Combined Risk Parity,EA,0.026137
2022-10-03,Combined Risk Parity,EOS-USD,0.005032
2022-10-03,Combined Risk Parity,ETC-USD,0.004753
2022-10-03,Combined Risk Parity,ETH-USD,0.005855
2022-10-03,Combined Risk Parity,GE,0.013338
2022-10-03,Combined Risk Parity,GILD,0.02783
2022-10-03,Combined Risk Parity,GS,0.014681
2022-10-03,Combined Risk Parity,INTC,0.014353
2022-10-03,Combined Risk Parity,KO,0.025396
2022-10-03,Combined Risk Parity,LTC-USD,0.005623
2022-10-03,Combined Risk Parity,MMM,0.022005
2022-10-03,Combined Risk Parity,MRK,0.03308
2022-10-03,Combined Risk Parity,MS,0.013674
2022-10-03,Combined Risk Parity,NEE,0.019966
2022-10-03,Combined Risk Parity,NEM,0.025884
2022-10-03,Combined Risk Parity,NKE,0.01395
2022-10-03,Combined Risk Parity,NUE,0.011452
2022-10-03,Combined Risk Parity,NVDA,0.009504
2022-10-03,Combined Risk Parity,O,0.022203
2022-10-03,Combined Risk Parity,OXY,0.01061
2022-10-03,Combined Risk Parity,PLD,0.016735
2022-10-03,Combined Risk Parity,PSA,0.025083
2022-10-03,Combined Risk Parity,QCOM,0.012345
2022-10-03,Combined Risk Parity,SBUX,0.014926
2022-10-03,Combined Risk Parity,SHW,0.021445
2022-10-03,Combined Risk Parity,SLB,0.012054
2022-10-03,Combined Risk Parity,SO,0.025685
2022-10-03,Combined Risk Parity,T,0.024292
2022-10-03,Combined Risk Parity,TMUS,0.018248
2022-10-03,Combined Risk Parity,TRX-USD,0.006589
2022-10-03,Combined Risk Parity,TTWO,0.019749
2022-10-03,Combined Risk Parity,UPS,0.018451
2022-10-03,Combined Risk Parity,USB,0.015614
2022-10-03,Combined Risk Parity,V,0.015557
2022-10-03,Combined Risk Parity,WFC,0.012965
2022-10-03,Combined Risk Parity,WMT,0.031114
2022-10-03,Combined Risk Parity,XLM-USD,0.005147
2022-10-03,Combined Risk Parity,XOM,0.015151
2022-10-03,Combined Risk Parity,XRP-USD,0.005492
2022-11-01,Combined Risk Parity,ABBV,0.028036
2022-11-01,Combined Risk Parity,ABT,0.020679
2022-11-01,Combined Risk Parity,ADA-USD,0.005474
2022-11-01,Combined Risk Parity,ADBE,0.013999
2022-11-01,Combined Risk Parity,AEP,0.025634
2022-11-01,Combined Risk Parity,AMD,0.009869
2022-11-01,Combined Risk Parity,AMGN,0.028581
2022-11-01,Combined Risk Parity,AMT,0.01951
2022-11-01,Combined Risk Parity,BA,0.010945
2022-11-01,Combined Risk Parity,BCH-USD,0.005476
2022-11-01,Combined Risk Parity,BTC-USD,0.007608
2022-11-01,Combined Risk Parity,CAT,0.015431
2022-11-01,Combined Risk Parity,CCI,0.02134
2022-11-01,Combined Risk Parity,CMCSA,0.017613
2022-11-01,Combined Risk Parity,COP,0.013621
2022-11-01,Combined Risk Parity,CVX,0.016805
2022-11-01,Combined Risk Parity,D,0.026825
2022-11-01,Combined Risk Parity,DD,0.012938
2022-11-01,Combined Risk Parity,DIS,0.014427
2022-11-01,Combined Risk Parity,DOW,0.014699
2022-11-01,Combined Risk Parity,DUK,0.027241
2022-11-01,Combined Risk Parity,EA,0.026509
2022-11-01,Combined Risk Parity,EOS-USD,0.005116
2022-11-01,Combined Risk Parity,ETC-USD,0.004865
2022-11-01,Combined Risk Parity,ETH-USD,0.006026
2022-11-01,Combined Risk Parity,GE,0.01299
2022-11-01,Combined Risk Parity,GILD,0.026071
2022-11-01,Combined Risk Parity,GS,0.014587
2022-11-01,Combined Risk Parity,INTC,0.013938
2022-11-01,Combined Risk Parity,KO,0.025959
2022-11-01,Combined Risk Parity,LTC-USD,0.005787
2022-11-01,Combined Risk Parity,MMM,0.021316
2022-11-01,Combined Risk Parity,MRK,0.033828
2022-11-01,Combined Risk Parity,MS,0.013503
2022-11-01,Combined Risk Parity,NEE,0.019388
2022-11-01,Combined Risk Parity,NEM,0.02626
2022-11-01,Combined Risk Parity,NKE,0.013951
2022-11-01,Combined Risk Parity,NUE,0.011577
2022-11-01,Combined Risk Parity,NVDA,0.009408
2022-11-01,Combined Risk Parity,O,0.022193
2022-11-01,Combined Risk Parity,OXY,0.011347
2022-11-01,Combined Risk Parity,PLD,0.016666
2022-11-01,Combined Risk Parity,PSA,0.024613
2022-11-01,Combined Risk Parity,QCOM,0.012406
2022-11-01,Combined Risk Parity,SBUX,0.015178
2022-11-01,Combined Risk Parity,SHW,0.02023
2022-11-01,Combined Risk Parity,SLB,0.012462
2022-11-01,Combined Risk Parity,SO,0.024932
2022-11-01,Combined Risk Parity,T,0.024032
2022-11-01,Combined Risk Parity,TMUS,0.018334
2022-11-01,Combined Risk Parity,TRX-USD,0.006885
2022-11-01,Combined Risk Parity,TTWO,0.020354
2022-11-01,Combined Risk Parity,UPS,0.019247
2022-11-01,Combined Risk Parity,USB,0.015979
2022-11-01,Combined Risk Parity,V,0.015961
2022-11-01,Combined Risk Parity,WFC,0.013289
2022-11-01,Combined Risk Parity,WMT,0.031027
2022-11-01,Combined Risk Parity,XLM-USD,0.005361
2022-11-01,Combined Risk Parity,XOM,0.015964
2022-11-01,Combined Risk Parity,XRP-USD,0.005714
2022-12-01,Combined Risk Parity,ABBV,0.02908
2022-12-01,Combined Risk Parity,ABT,0.020015
2022-12-01,Combined Risk Parity,ADA-USD,0.005339
2022-12-01,Combined Risk Parity,ADBE,0.013013
2022-12-01,Combined Risk Parity,AEP,0.025241
2022-12-01,Combined Risk Parity,AMD,0.009134
2022-12-01,Combined Risk Parity,AMGN,0.030003
2022-12-01,Combined Risk Parity,AMT,0.017933
2022-12-01,Combined Risk Parity,BA,0.012055
2022-12-01,Combined Risk Parity,BCH-USD,0.005377
2022-12-01,Combined Risk Parity,BTC-USD,0.007375
2022-12-01,Combined Risk Parity,CAT,0.01569
2022-12-01,Combined Risk Parity,CCI,0.019269
2022-12-01,Combined Risk Parity,CMCSA,0.017976
2022-12-01,Combined Risk Parity,COP,0.01467
2022-12-01,Combined Risk Parity,CVX,0.018368
2022-12-01,Combined Risk Parity,D,0.026906
2022-12-01,Combined Risk Parity,DD,0.013503
2022-12-01,Combined Risk Parity,DIS,0.014375
2022-12-01,Combined Risk Parity,DOW,0.014956
2022-12-01,Combined Risk Parity,DUK,0.028134
2022-12-01,Combined Risk Parity,EA,0.025605
2022-12-01,Combined Risk Parity,EOS-USD,0.005077
2022-12-01,Combined Risk Parity,ETC-USD,0.004728
2022-12-01,Combined Risk Parity,ETH-USD,0.00571
2022-12-01,Combined Risk Parity,GE,0.013705
2022-12-01,Combined Risk Parity,GILD,0.026615
2022-12-01,Combined Risk Parity,GS,0.015198
2022-12-01,Combined Risk Parity,INTC,0.013291
2022-12-01,Combined Risk Parity,KO,0.026709
2022-12-01,Combined Risk Parity,LTC-USD,0.005662
2022-12-01,Combined Risk Parity,MMM,0.021291
2022-12-01,Combined Risk Parity,MRK,0.03583
2022-12-01,Combined Risk Parity,MS,0.01402
2022-12-01,Combined Risk Parity,NEE,0.019004
2022-12-01,Combined Risk Parity,NEM,0.022426
2022-12-01,Combined Risk Parity,NKE,0.013314
2022-12-01,Combined Risk Parity,NUE,0.01186
2022-12-01,Combined Risk Parity,NVDA,0.008619
2022-12-01,Combined Risk Parity,O,0.023102
2022-12-01,Combined Risk Parity,OXY,0.012321
2022-12-01,Combined Risk Parity,PLD,0.01562
2022-12-01,Combined Risk Parity,PSA,0.022528
2022-12-01,Combined Risk Parity,QCOM,0.011909
2022-12-01,Combined Risk Parity,SBUX,0.01513
2022-12-01,Combined Risk Parity,SHW,0.018894
2022-12-01,Combined Risk Parity,SLB,0.013718
2022-12-01,Combined Risk Parity,SO,0.025335
2022-12-01,Combined Risk Parity,T,0.024763
2022-12-01,Combined Risk Parity,TMUS,0.018666
2022-12-01,Combined Risk Parity,TRX-USD,0.006972
2022-12-01,Combined Risk Parity,TTWO,0.019281
2022-12-01,Combined Risk Parity,UPS,0.018456
2022-12-01,Combined Risk Parity,USB,0.016715
2022-12-01,Combined Risk Parity,V,0.015983
2022-12-01,Combined Risk Parity,WFC,0.014061
2022-12-01,Combined Risk Parity,WMT,0.030732
2022-12-01,Combined Risk Parity,XLM-USD,0.005574
2022-12-01,Combined Risk Parity,XOM,0.017414
2022-12-01,Combined Risk Parity,XRP-USD,0.005749
2023-01-03,Combined Risk Parity,ABBV,0.029556
2023-01-03,Combined Risk Parity,ABT,0.019792
2023-01-03,Combined Risk Parity,ADA-USD,0.0054
2023-01-03,Combined Risk Parity,ADBE,0.012923
2023-01-03,Combined Risk Parity,AEP,0.025283
2023-01-03,Combined Risk Parity,AMD,0.009052
2023-01-03,Combined Risk Parity,AMGN,0.030537
2023-01-03,Combined Risk Parity,AMT,0.017962
2023-01-03,Combined Risk Parity,BA,0.012024
2023-01-03,Combined Risk Parity,BCH-USD,0.005499
2023-01-03,Combined Risk Parity,BTC-USD,0.007481
2023-01-03,Combined Risk Parity,CAT,0.015752
2023-01-03,Combined Risk Parity,CCI,0.019213
2023-01-03,Combined Risk Parity,CMCSA,0.017813
2023-01-03,Combined Risk Parity,COP,0.014657
2023-01-03,Combined Risk Parity,CVX,0.018278
2023-01-03,Combined Risk Parity,D,0.026898
2023-01-03,Combined Risk Parity,DD,0.013643
2023-01-03,Combined Risk Parity,DIS,0.014262
2023-01-03,Combined Risk Parity,DOW,0.014979
2023-01-03,Combined Risk Parity,DUK,0.028215
2023-01-03,Combined Risk Parity,EA,0.025195
2023-01-03,Combined Risk Parity,EOS-USD,0.005223
2023-01-03,Combined Risk Parity,ETC-USD,0.004765
2023-01-03,Combined Risk Parity,ETH-USD,0.005762
2023-01-03,Combined Risk Parity,GE,0.013668
2023-01-03,Combined Risk Parity,GILD,0.026802
2023-01-03,Combined Risk Parity,GS,0.015143
2023-01-03,Combined Risk Parity,INTC,0.013331
2023-01-03,Combined Risk Parity,KO,0.026811
2023-01-03,Combined Risk Parity,LTC-USD,0.005739
2023-01-03,Combined Risk Parity,MMM,0.021237
2023-01-03,Combined Risk Parity,MRK,0.035766
2023-01-03,Combined Risk Parity,MS,0.013951
2023-01-03,Combined Risk Parity,NEE,0.019
2023-01-03,Combined Risk Parity,NEM,0.022376
2023-01-03,Combined Risk Parity,NKE,0.012898
2023-01-03,Combined Risk Parity,NUE,0.011772
2023-01-03,Combined Risk Parity,NVDA,0.008515
2023-01-03,Combined Risk Parity,O,0.023399
2023-01-03,Combined Risk Parity,OXY,0.012509
2023-01-03,Combined Risk Parity,PLD,0.015518
2023-01-03,Combined Risk Parity,PSA,0.022163
2023-01-03,Combined Risk Parity,QCOM,0.011793
2023-01-03,Combined Risk Parity,SBUX,0.015183
2023-01-03,Combined Risk Parity,SHW,0.01862
2023-01-03,Combined Risk Parity,SLB,0.01364
2023-01-03,Combined Risk Parity,SO,0.025554
2023-01-03,Combined Risk Parity,T,0.024888
2023-01-03,Combined Risk Parity,TMUS,0.018986
2023-01-03,Combined Risk Parity,TRX-USD,0.007223
2023-01-03,Combined Risk Parity,TTWO,0.018965
2023-01-03,Combined Risk Parity,UPS,0.018139
2023-01-03,Combined Risk Parity,USB,0.01657
2023-01-03,Combined Risk Parity,V,0.016074
2023-01-03,Combined Risk Parity,WFC,0.014209
2023-01-03,Combined Risk Parity,WMT,0.030131
2023-01-03,Combined Risk Parity,XLM-USD,0.005742
2023-01-03,Combined Risk Parity,XOM,0.017494
2023-01-03,Combined Risk Parity,XRP-USD,0.006027
2023-02-02,Combined Risk Parity,ABBV,0.030814
2023-02-02,Combined Risk Parity,ABT,0.019426
2023-02-02,Combined Risk Parity,ADA-USD,0.005633
2023-02-02,Combined Risk Parity,ADBE,0.012777
2023-02-02,Combined Risk Parity,AEP,0.024739
2023-02-02,Combined Risk Parity,AMD,0.008748
2023-02-02,Combined Risk Parity,AMGN,0.030946
2023-02-02,Combined Risk Parity,AMT,0.017397
2023-02-02,Combined Risk Parity,BA,0.012112
2023-02-02,Combined Risk Parity,BCH-USD,0.005684
2023-02-02,Combined Risk Parity,BTC-USD,0.007796
2023-02-02,Combined Risk Parity,CAT,0.016011
2023-02-02,Combined Risk Parity,CCI,0.018337
2023-02-02,Combined Risk Parity,CMCSA,0.017972
2023-02-02,Combined Risk Parity,COP,0.01508
2023-02-02,Combined Risk Parity,CVX,0.018898
2023-02-02,Combined Risk Parity,D,0.0263
2023-02-02,Combined Risk Parity,DD,0.013896
2023-02-02,Combined Risk Parity,DIS,0.014298
2023-02-02,Combined Risk Parity,DOW,0.015134
2023-02-02,Combined Risk Parity,DUK,0.027847
2023-02-02,Combined Risk Parity,EA,0.02502
2023-02-02,Combined Risk Parity,EOS-USD,0.005239
2023-02-02,Combined Risk Parity,ETC-USD,0.004643
2023-02-02,Combined Risk Parity,ETH-USD,0.00595
2023-02-02,Combined Risk Parity,GE,0.013541
2023-02-02,Combined Risk Parity,GILD,0.026815
2023-02-02,Combined Risk Parity,GS,0.015498
2023-02-02,Combined Risk Parity,INTC,0.013034
2023-02-02,Combined Risk Parity,KO,0.026369
2023-02-02,Combined Risk Parity,LTC-USD,0.005897
2023-02-02,Combined Risk Parity,MMM,0.01935
2023-02-02,Combined Risk Parity,MRK,0.036823
2023-02-02,Combined Risk Parity,MS,0.014373
2023-02-02,Combined Risk Parity,NEE,0.020612
2023-02-02,Combined Risk Parity,NEM,0.022036
2023-02-02,Combined Risk Parity,NKE,0.012843
2023-02-02,Combined Risk Parity,NUE,0.011564
2023-02-02,Combined Risk Parity,NVDA,0.008163
2023-02-02,Combined Risk Parity,O,0.023024
2023-02-02,Combined Risk Parity,OXY,0.01284
2023-02-02,Combined Risk Parity,PLD,0.015127
2023-02-02,Combined Risk Parity,PSA,0.021393
2023-02-02,Combined Risk Parity,QCOM,0.011642
2023-02-02,Combined Risk Parity,SBUX,0.015418
2023-02-02,Combined Risk Parity,SHW,0.017953
2023-02-02,Combined Risk Parity,SLB,0.014093
2023-02-02,Combined Risk Parity,SO,0.025812
2023-02-02,Combined Risk Parity,T,0.024283
2023-02-02,Combined Risk Parity,TMUS,0.019757
2023-02-02,Combined Risk Parity,TRX-USD,0.007162
2023-02-02,Combined Risk Parity,TTWO,0.019087
2023-02-02,Combined Risk Parity,UPS,0.017703
2023-02-02,Combined Risk Parity,USB,0.016762
2023-02-02,Combined Risk Parity,V,0.015957
2023-02-02,Combined Risk Parity,WFC,0.014775
2023-02-02,Combined Risk Parity,WMT,0.029477
2023-02-02,Combined Risk Parity,XLM-USD,0.006409
2023-02-02,Combined Risk Parity,XOM,0.017716
2023-02-02,Combined Risk Parity,XRP-USD,0.005996
2023-03-06,Combined Risk Parity,ABBV,0.031469
2023-03-06,Combined Risk Parity,ABT,0.019519
2023-03-06,Combined Risk Parity,ADA-USD,0.005614
2023-03-06,Combined Risk Parity,ADBE,0.012602
2023-03-06,Combined Risk Parity,AEP,0.024015
2023-03-06,Combined Risk Parity,AMD,0.00873
2023-03-06,Combined Risk Parity,AMGN,0.030582
2023-03-06,Combined Risk Parity,AMT,0.01703
2023-03-06,Combined Risk Parity,BA,0.012282
2023-03-06,Combined Risk Parity,BCH-USD,0.005833
2023-03-06,Combined Risk Parity,BTC-USD,0.008129
2023-03-06,Combined Risk Parity,CAT,0.016025
2023-03-06,Combined Risk Parity,CCI,0.017913
2023-03-06,Combined Risk Parity,CMCSA,0.017746
2023-03-06,Combined Risk Parity,COP,0.015082
2023-03-06,Combined Risk Parity,CVX,0.018951
2023-03-06,Combined Risk Parity,D,0.025994
2023-03-06,Combined Risk Parity,DD,0.013825
2023-03-06,Combined Risk Parity,DIS,0.014352
2023-03-06,Combined Risk Parity,DOW,0.015461
2023-03-06,Combined Risk Parity,DUK,0.027231
2023-03-06,Combined Risk Parity,EA,0.024952
2023-03-06,Combined Risk Parity,EOS-USD,0.005286
2023-03-06,Combined Risk Parity,ETC-USD,0.004733
2023-03-06,Combined Risk Parity,ETH-USD,0.006134
2023-03-06,Combined Risk Parity,GE,0.013758
2023-03-06,Combined Risk Parity,GILD,0.027468
2023-03-06,Combined Risk Parity,GS,0.015633
2023-03-06,Combined Risk Parity,INTC,0.012984
2023-03-06,Combined Risk Parity,KO,0.026796
2023-03-06,Combined Risk Parity,LTC-USD,0.006045
2023-03-06,Combined Risk Parity,MMM,0.018946
2023-03-06,Combined Risk Parity,MRK,0.036167
2023-03-06,Combined Risk Parity,MS,0.014524
2023-03-06,Combined Risk Parity,NEE,0.02018
2023-03-06,Combined Risk Parity,NEM,0.021725
2023-03-06,Combined Risk Parity,NKE,0.012701
2023-03-06,Combined Risk Parity,NUE,0.011687
2023-03-06,Combined Risk Parity,NVDA,0.008193
2023-03-06,Combined Risk Parity,O,0.022984
2023-03-06,Combined Risk Parity,OXY,0.013243
2023-03-06,Combined Risk Parity,PLD,0.014996
2023-03-06,Combined Risk Parity,PSA,0.021311
2023-03-06,Combined Risk Parity,QCOM,0.011597
2023-03-06,Combined Risk Parity,SBUX,0.015001
2023-03-06,Combined Risk Parity,SHW,0.017852
2023-03-06,Combined Risk Parity,SLB,0.014483
2023-03-06,Combined Risk Parity,SO,0.025402
2023-03-06,Combined Risk Parity,T,0.024504
2023-03-06,Combined Risk Parity,TMUS,0.019412
2023-03-06,Combined Risk Parity,TRX-USD,0.007323
2023-03-06,Combined Risk Parity,TTWO,0.018695
2023-03-06,Combined Risk Parity,UPS,0.01765
2023-03-06,Combined Risk Parity,USB,0.017081
2023-03-06,Combined Risk Parity,V,0.016087
2023-03-06,Combined Risk Parity,WFC,0.015142
2023-03-06,Combined Risk Parity,WMT,0.030082
2023-03-06,Combined Risk Parity,XLM-USD,0.006555
2023-03-06,Combined Risk Parity,XOM,0.018146
2023-03-06,Combined Risk Parity,XRP-USD,0.006156
2023-04-04,Combined Risk Parity,ABBV,0.031299
2023-04-04,Combined Risk Parity,ABT,0.019295
2023-04-04,Combined Risk Parity,ADA-USD,0.005733
2023-04-04,Combined Risk Parity,ADBE,0.012569
2023-04-04,Combined Risk Parity,AEP,0.024015
2023-04-04,Combined Risk Parity,AMD,0.008931
2023-04-04,Combined Risk Parity,AMGN,0.031259
2023-04-04,Combined Risk Parity,AMT,0.017055
2023-04-04,Combined Risk Parity,BA,0.012219
2023-04-04,Combined Risk Parity,BCH-USD,0.0059
2023-04-04,Combined Risk Parity,BTC-USD,0.008179
2023-04-04,Combined Risk Parity,CAT,0.015772
2023-04-04,Combined Risk Parity,CCI,0.018004
2023-04-04,Combined Risk Parity,CMCSA,0.017693
2023-04-04,Combined Risk Parity,COP,0.014981
2023-04-04,Combined Risk Parity,CVX,0.018805
2023-04-04,Combined Risk Parity,D,0.026127
2023-04-04,Combined Risk Parity,DD,0.013659
2023-04-04,Combined Risk Parity,DIS,0.014186
2023-04-04,Combined Risk Parity,DOW,0.015367
2023-04-04,Combined Risk Parity,DUK,0.027126
2023-04-04,Combined Risk Parity,EA,0.025118
2023-04-04,Combined Risk Parity,EOS-USD,0.005358
2023-04-04,Combined Risk Parity,ETC-USD,0.00476
2023-04-04,Combined Risk Parity,ETH-USD,0.006185
2023-04-04,Combined Risk Parity,GE,0.013909
2023-04-04,Combined Risk Parity,GILD,0.02732
2023-04-04,Combined Risk Parity,GS,0.015079
2023-04-04,Combined Risk Parity,INTC,0.013372
2023-04-04,Combined Risk Parity,KO,0.027231
2023-04-04,Combined Risk Parity,LTC-USD,0.006145
2023-04-04,Combined Risk Parity,MMM,0.018719
2023-04-04,Combined Risk Parity,MRK,0.036589
2023-04-04,Combined Risk Parity,MS,0.014045
2023-04-04,Combined Risk Parity,NEE,0.020304
2023-04-04,Combined Risk Parity,NEM,0.022986
2023-04-04,Combined Risk Parity,NKE,0.012709
2023-04-04,Combined Risk Parity,NUE,0.011691
2023-04-04,Combined Risk Parity,NVDA,0.008295
2023-04-04,Combined Risk Parity,O,0.022683
2023-04-04,Combined Risk Parity,OXY,0.013068
2023-04-04,Combined Risk Parity,PLD,0.014673
2023-04-04,Combined Risk Parity,PSA,0.020902
2023-04-04,Combined Risk Parity,QCOM,0.011731
2023-04-04,Combined Risk Parity,SBUX,0.015059
2023-04-04,Combined Risk Parity,SHW,0.017744
2023-04-04,Combined Risk Parity,SLB,0.014177
2023-04-04,Combined Risk Parity,SO,0.025611
2023-04-04,Combined Risk Parity,T,0.024551
2023-04-04,Combined Risk Parity,TMUS,0.019997
2023-04-04,Combined Risk Parity,TRX-USD,0.007339
2023-04-04,Combined Risk Parity,TTWO,0.01839
2023-04-04,Combined Risk Parity,UPS,0.017848
2023-04-04,Combined Risk Parity,USB,0.015744
2023-04-04,Combined Risk Parity,V,0.016311
2023-04-04,Combined Risk Parity,WFC,0.014598
2023-04-04,Combined Risk Parity,WMT,0.030719
2023-04-04,Combined Risk Parity,XLM-USD,0.006585
2023-04-04,Combined Risk Parity,XOM,0.017995
2023-04-04,Combined Risk Parity,XRP-USD,0.006288
2023-05-04,Combined Risk Parity,ABBV,0.032369
2023-05-04,Combined Risk Parity,ABT,0.019458
2023-05-04,Combined Risk Parity,ADA-USD,0.005836
2023-05-04,Combined Risk Parity,ADBE,0.012482
2023-05-04,Combined Risk Parity,AEP,0.023989
2023-05-04,Combined Risk Parity,AMD,0.009026
2023-05-04,Combined Risk Parity,AMGN,0.031149
2023-05-04,Combined Risk Parity,AMT,0.016886
2023-05-04,Combined Risk Parity,BA,0.012272
2023-05-04,Combined Risk Parity,BCH-USD,0.006112
2023-05-04,Combined Risk Parity,BTC-USD,0.008284
2023-05-04,Combined Risk Parity,CAT,0.015754
2023-05-04,Combined Risk Parity,CCI,0.017655
2023-05-04,Combined Risk Parity,CMCSA,0.017436
2023-05-04,Combined Risk Parity,COP,0.014894
2023-05-04,Combined Risk Parity,CVX,0.018601
2023-05-04,Combined Risk Parity,D,0.026071
2023-05-04,Combined Risk Parity,DD,0.013549
2023-05-04,Combined Risk Parity,DIS,0.014007
2023-05-04,Combined Risk Parity,DOW,0.015525
2023-05-04,Combined Risk Parity,DUK,0.027182
2023-05-04,Combined Risk Parity,EA,0.024854
2023-05-04,Combined Risk Parity,EOS-USD,0.00549
2023-05-04,Combined Risk Parity,ETC-USD,0.004897
2023-05-04,Combined Risk Parity,ETH-USD,0.006336
2023-05-04,Combined Risk Parity,GE,0.013959
2023-05-04,Combined Risk Parity,GILD,0.02763
2023-05-04,Combined Risk Parity,GS,0.015187
2023-05-04,Combined Risk Parity,INTC,0.013336
2023-05-04,Combined Risk Parity,KO,0.027325
2023-05-04,Combined Risk Parity,LTC-USD,0.006277
2023-05-04,Combined Risk Parity,MMM,0.01846
2023-05-04,Combined Risk Parity,MRK,0.036282
2023-05-04,Combined Risk Parity,MS,0.014039
2023-05-04,Combined Risk Parity,NEE,0.019915
2023-05-04,Combined Risk Parity,NEM,0.023564
2023-05-04,Combined Risk Parity,NKE,0.012758
2023-05-04,Combined Risk Parity,NUE,0.011767
2023-05-04,Combined Risk Parity,NVDA,0.008402
2023-05-04,Combined Risk Parity,O,0.022686
2023-05-04,Combined Risk Parity,OXY,0.013088
2023-05-04,Combined Risk Parity,PLD,0.014665
2023-05-04,Combined Risk Parity,PSA,0.020824
2023-05-04,Combined Risk Parity,QCOM,0.011829
2023-05-04,Combined Risk Parity,SBUX,0.01513
2023-05-04,Combined Risk Parity,SHW,0.017792
2023-05-04,Combined Risk Parity,SLB,0.014038
2023-05-04,Combined Risk Parity,SO,0.025605
2023-05-04,Combined Risk Parity,T,0.023483
2023-05-04,Combined Risk Parity,TMUS,0.020217
2023-05-04,Combined Risk Parity,TRX-USD,0.00771
2023-05-04,Combined Risk Parity,TTWO,0.017988
2023-05-04,Combined Risk Parity,UPS,0.017648
2023-05-04,Combined Risk Parity,USB,0.01524
2023-05-04,Combined Risk Parity,V,0.016325
2023-05-04,Combined Risk Parity,WFC,0.014569
2023-05-04,Combined Risk Parity,WMT,0.031087
2023-05-04,Combined Risk Parity,XLM-USD,0.006742
2023-05-04,Combined Risk Parity,XOM,0.017807
2023-05-04,Combined Risk Parity,XRP-USD,0.006513
2023-06-05,Combined Risk Parity,ABBV,0.03219
2023-06-05,Combined Risk Parity,ABT,0.019306
2023-06-05,Combined Risk Parity,ADA-USD,0.006493
2023-06-05,Combined Risk Parity,ADBE,0.012253
2023-06-05,Combined Risk Parity,AEP,0.02365
2023-06-05,Combined Risk Parity,AMD,0.008893
2023-06-05,Combined Risk Parity,AMGN,0.030864
2023-06-05,Combined Risk Parity,AMT,0.016577
2023-06-05,Combined Risk Parity,BA,0.012087
2023-06-05,Combined Risk Parity,BCH-USD,0.007344
2023-06-05,Combined Risk Parity,BTC-USD,0.008716
2023-06-05,Combined Risk Parity,CAT,0.015093
2023-06-05,Combined Risk Parity,CCI,0.017343
2023-06-05,Combined Risk Parity,CMCSA,0.017621
2023-06-05,Combined Risk Parity,COP,0.014884
2023-06-05,Combined Risk Parity,CVX,0.018559
2023-06-05,Combined Risk Parity,D,0.02546
2023-06-05,Combined Risk Parity,DD,0.013325
2023-06-05,Combined Risk Parity,DIS,0.013376
2023-06-05,Combined Risk Parity,DOW,0.015293
2023-06-05,Combined Risk Parity,DUK,0.027212
2023-06-05,Combined Risk Parity,EA,0.02522
2023-06-05,Combined Risk Parity,EOS-USD,0.006502
2023-06-05,Combined Risk Parity,ETC-USD,0.005781
2023-06-05,Combined Risk Parity,ETH-USD,0.006784
2023-06-05,Combined Risk Parity,GE,0.013646
2023-06-05,Combined Risk Parity,GILD,0.02738
2023-06-05,Combined Risk Parity,GS,0.015221
2023-06-05,Combined Risk Parity,INTC,0.013083
2023-06-05,Combined Risk Parity,KO,0.027078
2023-06-05,Combined Risk Parity,LTC-USD,0.007047
2023-06-05,Combined Risk Parity,MMM,0.017602
2023-06-05,Combined Risk Parity,MRK,0.036629
2023-06-05,Combined Risk Parity,MS,0.013965
2023-06-05,Combined Risk Parity,NEE,0.019756
2023-06-05,Combined Risk Parity,NEM,0.023572
2023-06-05,Combined Risk Parity,NKE,0.01255
2023-06-05,Combined Risk Parity,NUE,0.01178
2023-06-05,Combined Risk Parity,NVDA,0.00843
2023-06-05,Combined Risk Parity,O,0.022448
2023-06-05,Combined Risk Parity,OXY,0.012988
2023-06-05,Combined Risk Parity,PLD,0.014301
2023-06-05,Combined Risk Parity,PSA,0.020401
2023-06-05,Combined Risk Parity,QCOM,0.011661
2023-06-05,Combined Risk Parity,SBUX,0.014947
2023-06-05,Combined Risk Parity,SHW,0.017564
2023-06-05,Combined Risk Parity,SLB,0.013933
2023-06-05,Combined Risk Parity,SO,0.025589
2023-06-05,Combined Risk Parity,T,0.023826
2023-06-05,Combined Risk Parity,TMUS,0.021508
2023-06-05,Combined Risk Parity,TRX-USD,0.008812
2023-06-05,Combined Risk Parity,TTWO,0.017301
2023-06-05,Combined Risk Parity,UPS,0.017441
2023-06-05,Combined Risk Parity,USB,0.014569
2023-06-05,Combined Risk Parity,V,0.016103
2023-06-05,Combined Risk Parity,WFC,0.014192
2023-06-05,Combined Risk Parity,WMT,0.031272
2023-06-05,Combined Risk Parity,XLM-USD,0.007629
2023-06-05,Combined Risk Parity,XOM,0.017726
2023-06-05,Combined Risk Parity,XRP-USD,0.007224
2023-07-06,Combined Risk Parity,ABBV,0.032638
2023-07-06,Combined Risk Parity,ABT,0.019498
2023-07-06,Combined Risk Parity,ADA-USD,0.006576
2023-07-06,Combined Risk Parity,ADBE,0.012097
2023-07-06,Combined Risk Parity,AEP,0.023705
2023-07-06,Combined Risk Parity,AMD,0.008942
2023-07-06,Combined Risk Parity,AMGN,0.030788
2023-07-06,Combined Risk Parity,AMT,0.016521
2023-07-06,Combined Risk Parity,BA,0.012059
2023-07-06,Combined Risk Parity,BCH-USD,0.007228
2023-07-06,Combined Risk Parity,BTC-USD,0.008867
2023-07-06,Combined Risk Parity,CAT,0.014962
2023-07-06,Combined Risk Parity,CCI,0.017242
2023-07-06,Combined Risk Parity,CMCSA,0.017558
2023-07-06,Combined Risk Parity,COP,0.014837
2023-07-06,Combined Risk Parity,CVX,0.018623
2023-07-06,Combined Risk Parity,D,0.025488
2023-07-06,Combined Risk Parity,DD,0.013383
2023-07-06,Combined Risk Parity,DIS,0.013347
2023-07-06,Combined Risk Parity,DOW,0.015327
2023-07-06,Combined Risk Parity,DUK,0.027175
2023-07-06,Combined Risk Parity,EA,0.025176
2023-07-06,Combined Risk Parity,EOS-USD,0.00655
2023-07-06,Combined Risk Parity,ETC-USD,0.005819
2023-07-06,Combined Risk Parity,ETH-USD,0.006847
2023-07-06,Combined Risk Parity,GE,0.013687
2023-07-06,Combined Risk Parity,GILD,0.027541
2023-07-06,Combined Risk Parity,GS,0.015257
2023-07-06,Combined Risk Parity,INTC,0.012992
2023-07-06,Combined Risk Parity,KO,0.027384
2023-07-06,Combined Risk Parity,LTC-USD,0.006959
2023-07-06,Combined Risk Parity,MMM,0.017514
2023-07-06,Combined Risk Parity,MRK,0.036951
2023-07-06,Combined Risk Parity,MS,0.014019
2023-07-06,Combined Risk Parity,NEE,0.019445
2023-07-06,Combined Risk Parity,NEM,0.023348
2023-07-06,Combined Risk Parity,NKE,0.01257
2023-07-06,Combined Risk Parity,NUE,0.011781
2023-07-06,Combined Risk Parity,NVDA,0.008416
2023-07-06,Combined Risk Parity,O,0.022553
2023-07-06,Combined Risk Parity,OXY,0.012932
2023-07-06,Combined Risk Parity,PLD,0.014266
2023-07-06,Combined Risk Parity,PSA,0.019978
2023-07-06,Combined Risk Parity,QCOM,0.0116
2023-07-06,Combined Risk Parity,SBUX,0.014931
2023-07-06,Combined Risk Parity,SHW,0.017343
2023-07-06,Combined Risk Parity,SLB,0.014017
2023-07-06,Combined Risk Parity,SO,0.025615
2023-07-06,Combined Risk Parity,T,0.023588
2023-07-06,Combined Risk Parity,TMUS,0.021402
2023-07-06,Combined Risk Parity,TRX-USD,0.009057
2023-07-06,Combined Risk Parity,TTWO,0.017332
2023-07-06,Combined Risk Parity,UPS,0.017208
2023-07-06,Combined Risk Parity,USB,0.014396
2023-07-06,Combined Risk Parity,V,0.016113
2023-07-06,Combined Risk Parity,WFC,0.014156
2023-07-06,Combined Risk Parity,WMT,0.031698
2023-07-06,Combined Risk Parity,XLM-USD,0.007696
2023-07-06,Combined Risk Parity,XOM,0.017642
2023-07-06,Combined Risk Parity,XRP-USD,0.007358
2023-08-04,Combined Risk Parity,ABBV,0.033232
2023-08-04,Combined Risk Parity,ABT,0.019152
2023-08-04,Combined Risk Parity,ADA-USD,0.006495
2023-08-04,Combined Risk Parity,ADBE,0.011976
2023-08-04,Combined Risk Parity,AEP,0.023537
2023-08-04,Combined Risk Parity,AMD,0.009033
2023-08-04,Combined Risk Parity,AMGN,0.03056
2023-08-04,Combined Risk Parity,AMT,0.016403
2023-08-04,Combined Risk Parity,BA,0.012217
2023-08-04,Combined Risk Parity,BCH-USD,0.007368
2023-08-04,Combined Risk Parity,BTC-USD,0.008999
2023-08-04,Combined Risk Parity,CAT,0.015221
2023-08-04,Combined Risk Parity,CCI,0.017109
2023-08-04,Combined Risk Parity,CMCSA,0.017712
2023-08-04,Combined Risk Parity,COP,0.01487
2023-08-04,Combined Risk Parity,CVX,0.018885
2023-08-04,Combined Risk Parity,D,0.02477
2023-08-04,Combined Risk Parity,DD,0.013626
2023-08-04,Combined Risk Parity,DIS,0.013389
2023-08-04,Combined Risk Parity,DOW,0.01565
2023-08-04,Combined Risk Parity,DUK,0.026615
2023-08-04,Combined Risk Parity,EA,0.024386
2023-08-04,Combined Risk Parity,EOS-USD,0.006666
2023-08-04,Combined Risk Parity,ETC-USD,0.005848
2023-08-04,Combined Risk Parity,ETH-USD,0.006951
2023-08-04,Combined Risk Parity,GE,0.014133
2023-08-04,Combined Risk Parity,GILD,0.027648
2023-08-04,Combined Risk Parity,GS,0.015476
2023-08-04,Combined Risk Parity,INTC,0.012942
2023-08-04,Combined Risk Parity,KO,0.027514
2023-08-04,Combined Risk Parity,LTC-USD,0.006988
2023-08-04,Combined Risk Parity,MMM,0.017273
2023-08-04,Combined Risk Parity,MRK,0.03732
2023-08-04,Combined Risk Parity,MS,0.014173
2023-08-04,Combined Risk Parity,NEE,0.01918
2023-08-04,Combined Risk Parity,NEM,0.023212
2023-08-04,Combined Risk Parity,NKE,0.012593
2023-08-04,Combined Risk Parity,NUE,0.012067
2023-08-04,Combined Risk Parity,NVDA,0.00837
2023-08-04,Combined Risk Parity,O,0.022437
2023-08-04,Combined Risk Parity,OXY,0.013169
2023-08-04,Combined Risk Parity,PLD,0.01424
2023-08-04,Combined Risk Parity,PSA,0.020119
2023-08-04,Combined Risk Parity,QCOM,0.011566
2023-08-04,Combined Risk Parity,SBUX,0.015088
2023-08-04,Combined Risk Parity,SHW,0.017227
2023-08-04,Combined Risk Parity,SLB,0.014338
2023-08-04,Combined Risk Parity,SO,0.025265
2023-08-04,Combined Risk Parity,T,0.023132
2023-08-04,Combined Risk Parity,TMUS,0.021394
2023-08-04,Combined Risk Parity,TRX-USD,0.00918
2023-08-04,Combined Risk Parity,TTWO,0.01715
2023-08-04,Combined Risk Parity,UPS,0.017035
2023-08-04,Combined Risk Parity,USB,0.014519
2023-08-04,Combined Risk Parity,V,0.01629
2023-08-04,Combined Risk Parity,WFC,0.014474
2023-08-04,Combined Risk Parity,WMT,0.031779
2023-08-04,Combined Risk Parity,XLM-USD,0.007137
2023-08-04,Combined Risk Parity,XOM,0.018101
2023-08-04,Combined Risk Parity,XRP-USD,0.006799
2023-09-05,Combined Risk Parity,ABBV,0.032813
2023-09-05,Combined Risk Parity,ABT,0.018995
2023-09-05,Combined Risk Parity,ADA-USD,0.006711
2023-09-05,Combined Risk Parity,ADBE,0.011973
2023-09-05,Combined Risk Parity,AEP,0.023474
2023-09-05,Combined Risk Parity,AMD,0.008959
2023-09-05,Combined Risk Parity,AMGN,0.031097
2023-09-05,Combined Risk Parity,AMT,0.016275
2023-09-05,Combined Risk Parity,BA,0.012241
2023-09-05,Combined Risk Parity,BCH-USD,0.007294
2023-09-05,Combined Risk Parity,BTC-USD,0.009036
2023-09-05,Combined Risk Parity,CAT,0.015247
2023-09-05,Combined Risk Parity,CCI,0.017133
2023-09-05,Combined Risk Parity,CMCSA,0.017767
2023-09-05,Combined Risk Parity,COP,0.015107
2023-09-05,Combined Risk Parity,CVX,0.019126
2023-09-05,Combined Risk Parity,D,0.024658
2023-09-05,Combined Risk Parity,DD,0.013602
2023-09-05,Combined Risk Parity,DIS,0.013472
2023-09-05,Combined Risk Parity,DOW,0.015739
2023-09-05,Combined Risk Parity,DUK,0.026489
2023-09-05,Combined Risk Parity,EA,0.024272
2023-09-05,Combined Risk Parity,EOS-USD,0.006763
2023-09-05,Combined Risk Parity,ETC-USD,0.005887
2023-09-05,Combined Risk Parity,ETH-USD,0.007007
2023-09-05,Combined Risk Parity,GE,0.014031
2023-09-05,Combined Risk Parity,GILD,0.027081
2023-09-05,Combined Risk Parity,GS,0.015509
2023-09-05,Combined Risk Parity,INTC,0.012764
2023-09-05,Combined Risk Parity,KO,0.027704
2023-09-05,Combined Risk Parity,LTC-USD,0.007013
2023-09-05,Combined Risk Parity,MMM,0.017224
2023-09-05,Combined Risk Parity,MRK,0.036393
2023-09-05,Combined Risk Parity,MS,0.014285
2023-09-05,Combined Risk Parity,NEE,0.019196
2023-09-05,Combined Risk Parity,NEM,0.023521
2023-09-05,Combined Risk Parity,NKE,0.012574
2023-09-05,Combined Risk Parity,NUE,0.012194
2023-09-05,Combined Risk Parity,NVDA,0.008434
2023-09-05,Combined Risk Parity,O,0.022364
2023-09-05,Combined Risk Parity,OXY,0.013499
2023-09-05,Combined Risk Parity,PLD,0.014145
2023-09-05,Combined Risk Parity,PSA,0.019835
2023-09-05,Combined Risk Parity,QCOM,0.011604
2023-09-05,Combined Risk Parity,SBUX,0.014995
2023-09-05,Combined Risk Parity,SHW,0.017237
2023-09-05,Combined Risk Parity,SLB,0.014463
2023-09-05,Combined Risk Parity,SO,0.025327
2023-09-05,Combined Risk Parity,T,0.023154
2023-09-05,Combined Risk Parity,TMUS,0.021331
2023-09-05,Combined Risk Parity,TRX-USD,0.009502
2023-09-05,Combined Risk Parity,TTWO,0.017026
2023-09-05,Combined Risk Parity,UPS,0.016879
2023-09-05,Combined Risk Parity,USB,0.014548
2023-09-05,Combined Risk Parity,V,0.016235
2023-09-05,Combined Risk Parity,WFC,0.014559
2023-09-05,Combined Risk Parity,WMT,0.031783
2023-09-05,Combined Risk Parity,XLM-USD,0.007199
2023-09-05,Combined Risk Parity,XOM,0.018288
2023-09-05,Combined Risk Parity,XRP-USD,0.006969
2023-10-04,Combined Risk Parity,ABBV,0.033275
2023-10-04,Combined Risk Parity,ABT,0.018724
2023-10-04,Combined Risk Parity,ADA-USD,0.006935
2023-10-04,Combined Risk Parity,ADBE,0.011814
2023-10-04,Combined Risk Parity,AEP,0.023177
2023-10-04,Combined Risk Parity,AMD,0.008791
2023-10-04,Combined Risk Parity,AMGN,0.031417
2023-10-04,Combined Risk Parity,AMT,0.015894
2023-10-04,Combined Risk Parity,BA,0.012383
2023-10-04,Combined Risk Parity,BCH-USD,0.007574
2023-10-04,Combined Risk Parity,BTC-USD,0.009412
2023-10-04,Combined Risk Parity,CAT,0.015299
2023-10-04,Combined Risk Parity,CCI,0.016662
2023-10-04,Combined Risk Parity,CMCSA,0.018109
2023-10-04,Combined Risk Parity,COP,0.015135
2023-10-04,Combined Risk Parity,CVX,0.019423
2023-10-04,Combined Risk Parity,D,0.023845
2023-10-04,Combined Risk Parity,DD,0.013592
2023-10-04,Combined Risk Parity,DIS,0.013504
2023-10-04,Combined Risk Parity,DOW,0.015758
2023-10-04,Combined Risk Parity,DUK,0.026321
2023-10-04,Combined Risk Parity,EA,0.023791
2023-10-04,Combined Risk Parity,EOS-USD,0.007114
2023-10-04,Combined Risk Parity,ETC-USD,0.006101
2023-10-04,Combined Risk Parity,ETH-USD,0.007316
2023-10-04,Combined Risk Parity,GE,0.014051
2023-10-04,Combined Risk Parity,GILD,0.026674
2023-10-04,Combined Risk Parity,GS,0.015334
2023-10-04,Combined Risk Parity,INTC,0.012643
2023-10-04,Combined Risk Parity,KO,0.027952
2023-10-04,Combined Risk Parity,LTC-USD,0.007348
2023-10-04,Combined Risk Parity,MMM,0.017264
2023-10-04,Combined Risk Parity,MRK,0.038264
2023-10-04,Combined Risk Parity,MS,0.014175
2023-10-04,Combined Risk Parity,NEE,0.018624
2023-10-04,Combined Risk Parity,NEM,0.023054
2023-10-04,Combined Risk Parity,NKE,0.012476
2023-10-04,Combined Risk Parity,NUE,0.012121
2023-10-04,Combined Risk Parity,NVDA,0.008385
2023-10-04,Combined Risk Parity,O,0.022344
2023-10-04,Combined Risk Parity,OXY,0.013868
2023-10-04,Combined Risk Parity,PLD,0.013808
2023-10-04,Combined Risk Parity,PSA,0.019425
2023-10-04,Combined Risk Parity,QCOM,0.011446
2023-10-04,Combined Risk Parity,SBUX,0.014844
2023-10-04,Combined Risk Parity,SHW,0.017217
2023-10-04,Combined Risk Parity,SLB,0.01464
2023-10-04,Combined Risk Parity,SO,0.024658
2023-10-04,Combined Risk Parity,T,0.023039
2023-10-04,Combined Risk Parity,TMUS,0.021251
2023-10-04,Combined Risk Parity,TRX-USD,0.010285
2023-10-04,Combined Risk Parity,TTWO,0.016899
2023-10-04,Combined Risk Parity,UPS,0.016522
2023-10-04,Combined Risk Parity,USB,0.014333
2023-10-04,Combined Risk Parity,V,0.016236
2023-10-04,Combined Risk Parity,WFC,0.014329
2023-10-04,Combined Risk Parity,WMT,0.031564
2023-10-04,Combined Risk Parity,XLM-USD,0.007612
2023-10-04,Combined Risk Parity,XOM,0.018594
2023-10-04,Combined Risk Parity,XRP-USD,0.007357
2023-11-02,Combined Risk Parity,ABBV,0.03324
2023-11-02,Combined Risk Parity,ABT,0.019157
2023-11-02,Combined Risk Parity,ADA-USD,0.007051
2023-11-02,Combined Risk Parity,ADBE,0.011731
2023-11-02,Combined Risk Parity,AEP,0.02255
2023-11-02,Combined Risk Parity,AMD,0.008781
2023-11-02,Combined Risk Parity,AMGN,0.031224
2023-11-02,Combined Risk Parity,AMT,0.01568
2023-11-02,Combined Risk Parity,BA,0.0123
2023-11-02,Combined Risk Parity,BCH-USD,0.007861
2023-11-02,Combined Risk Parity,BTC-USD,0.009605
2023-11-02,Combined Risk Parity,CAT,0.015271
2023-11-02,Combined Risk Parity,CCI,0.016351
2023-11-02,Combined Risk Parity,CMCSA,0.018274
2023-11-02,Combined Risk Parity,COP,0.015172
2023-11-02,Combined Risk Parity,CVX,0.019441
2023-11-02,Combined Risk Parity,D,0.023518
2023-11-02,Combined Risk Parity,DD,0.013872
2023-11-02,Combined Risk Parity,DIS,0.013419
2023-11-02,Combined Risk Parity,DOW,0.015966
2023-11-02,Combined Risk Parity,DUK,0.025967
2023-11-02,Combined Risk Parity,EA,0.023463
2023-11-02,Combined Risk Parity,EOS-USD,0.007361
2023-11-02,Combined Risk Parity,ETC-USD,0.00624
2023-11-02,Combined Risk Parity,ETH-USD,0.007564
2023-11-02,Combined Risk Parity,GE,0.014037
2023-11-02,Combined Risk Parity,GILD,0.026398
2023-11-02,Combined Risk Parity,GS,0.015238
2023-11-02,Combined Risk Parity,INTC,0.012785
2023-11-02,Combined Risk Parity,KO,0.027192
2023-11-02,Combined Risk Parity,LTC-USD,0.007603
2023-11-02,Combined Risk Parity,MMM,0.017029
2023-11-02,Combined Risk Parity,MRK,0.039987
2023-11-02,Combined Risk Parity,MS,0.014007
2023-11-02,Combined Risk Parity,NEE,0.018388
2023-11-02,Combined Risk Parity,NEM,0.022705
2023-11-02,Combined Risk Parity,NKE,0.012324
2023-11-02,Combined Risk Parity,NUE,0.012146
2023-11-02,Combined Risk Parity,NVDA,0.008397
2023-11-02,Combined Risk Parity,O,0.022141
2023-11-02,Combined Risk Parity,OXY,0.014025
2023-11-02,Combined Risk Parity,PLD,0.013667
2023-11-02,Combined Risk Parity,PSA,0.019241
2023-11-02,Combined Risk Parity,QCOM,0.011392
2023-11-02,Combined Risk Parity,SBUX,0.014541
2023-11-02,Combined Risk Parity,SHW,0.017081
2023-11-02,Combined Risk Parity,SLB,0.01488
2023-11-02,Combined Risk Parity,SO,0.024339
2023-11-02,Combined Risk Parity,T,0.023214
2023-11-02,Combined Risk Parity,TMUS,0.021004
2023-11-02,Combined Risk Parity,TRX-USD,0.010709
2023-11-02,Combined Risk Parity,TTWO,0.016806
2023-11-02,Combined Risk Parity,UPS,0.016605
2023-11-02,Combined Risk Parity,USB,0.013937
2023-11-02,Combined Risk Parity,V,0.016451
2023-11-02,Combined Risk Parity,WFC,0.01427
2023-11-02,Combined Risk Parity,WMT,0.032166
2023-11-02,Combined Risk Parity,XLM-USD,0.007871
2023-11-02,Combined Risk Parity,XOM,0.018837
2023-11-02,Combined Risk Parity,XRP-USD,0.007529
2023-12-04,Combined Risk Parity,ABBV,0.03379
2023-12-04,Combined Risk Parity,ABT,0.018853
2023-12-04,Combined Risk Parity,ADA-USD,0.007071
2023-12-04,Combined Risk Parity,ADBE,0.011672
2023-12-04,Combined Risk Parity,AEP,0.022407
2023-12-04,Combined Risk Parity,AMD,0.008762
2023-12-04,Combined Risk Parity,AMGN,0.031013
2023-12-04,Combined Risk Parity,AMT,0.015345
2023-12-04,Combined Risk Parity,BA,0.012332
2023-12-04,Combined Risk Parity,BCH-USD,0.008042
2023-12-04,Combined Risk Parity,BTC-USD,0.009725
2023-12-04,Combined Risk Parity,CAT,0.015245
2023-12-04,Combined Risk Parity,CCI,0.016043
2023-12-04,Combined Risk Parity,CMCSA,0.018219
2023-12-04,Combined Risk Parity,COP,0.015422
2023-12-04,Combined Risk Parity,CVX,0.019518
2023-12-04,Combined Risk Parity,D,0.022999
2023-12-04,Combined Risk Parity,DD,0.013932
2023-12-04,Combined Risk Parity,DIS,0.013449
2023-12-04,Combined Risk Parity,DOW,0.015969
2023-12-04,Combined Risk Parity,DUK,0.025999
2023-12-04,Combined Risk Parity,EA,0.023605
2023-12-04,Combined Risk Parity,EOS-USD,0.007413
2023-12-04,Combined Risk Parity,ETC-USD,0.006301
2023-12-04,Combined Risk Parity,ETH-USD,0.007639
2023-12-04,Combined Risk Parity,GE,0.014329
2023-12-04,Combined Risk Parity,GILD,0.025799
2023-12-04,Combined Risk Parity,GS,0.015027
2023-12-04,Combined Risk Parity,INTC,0.012696
2023-12-04,Combined Risk Parity,KO,0.028123
2023-12-04,Combined Risk Parity,LTC-USD,0.007781
2023-12-04,Combined Risk Parity,MMM,0.016805
2023-12-04,Combined Risk Parity,MRK,0.040927
2023-12-04,Combined Risk Parity,MS,0.013768
2023-12-04,Combined Risk Parity,NEE,0.017916
2023-12-04,Combined Risk Parity,NEM,0.021682
2023-12-04,Combined Risk Parity,NKE,0.012148
2023-12-04,Combined Risk Parity,NUE,0.012136
2023-12-04,Combined Risk Parity,NVDA,0.008419
2023-12-04,Combined Risk Parity,O,0.021921
2023-12-04,Combined Risk Parity,OXY,0.014562
2023-12-04,Combined Risk Parity,PLD,0.013361
2023-12-04,Combined Risk Parity,PSA,0.018887
2023-12-04,Combined Risk Parity,QCOM,0.011246
2023-12-04,Combined Risk Parity,SBUX,0.014495
2023-12-04,Combined Risk Parity,SHW,0.016726
2023-12-04,Combined Risk Parity,SLB,0.015237
2023-12-04,Combined Risk Parity,SO,0.024337
2023-12-04,Combined Risk Parity,T,0.023507
2023-12-04,Combined Risk Parity,TMUS,0.021382
2023-12-04,Combined Risk Parity,TRX-USD,0.01102
2023-12-04,Combined Risk Parity,TTWO,0.016665
2023-12-04,Combined Risk Parity,UPS,0.016417
2023-12-04,Combined Risk Parity,USB,0.013701
2023-12-04,Combined Risk Parity,V,0.016472
2023-12-04,Combined Risk Parity,WFC,0.014277
2023-12-04,Combined Risk Parity,WMT,0.0327
2023-12-04,Combined Risk Parity,XLM-USD,0.00783
2023-12-04,Combined Risk Parity,XOM,0.019264
2023-12-04,Combined Risk Parity,XRP-USD,0.007672
2021-12-31,Equity Equal Weight + Sentiment,ABBV,0.020669
2021-12-31,Equity Equal Weight + Sentiment,ABT,0.022195
2021-12-31,Equity Equal Weight + Sentiment,ADBE,0.019516
2021-12-31,Equity Equal Weight + Sentiment,AEP,0.019242
2021-12-31,Equity Equal Weight + Sentiment,AMD,0.020338
2021-12-31,Equity Equal Weight + Sentiment,AMGN,0.019711
2021-12-31,Equity Equal Weight + Sentiment,AMT,0.018941
2021-12-31,Equity Equal Weight + Sentiment,BA,0.018291
2021-12-31,Equity Equal Weight + Sentiment,CAT,0.020102
2021-12-31,Equity Equal Weight + Sentiment,CCI,0.021577
2021-12-31,Equity Equal Weight + Sentiment,CMCSA,0.01929
2021-12-31,Equity Equal Weight + Sentiment,COP,0.019136
2021-12-31,Equity Equal Weight + Sentiment,CVX,0.020489
2021-12-31,Equity Equal Weight + Sentiment,D,0.018268
2021-12-31,Equity Equal Weight + Sentiment,DD,0.018426
2021-12-31,Equity Equal Weight + Sentiment,DIS,0.020399
2021-12-31,Equity Equal Weight + Sentiment,DOW,0.018451
2021-12-31,Equity Equal Weight + Sentiment,DUK,0.017833
2021-12-31,Equity Equal Weight + Sentiment,EA,0.01951
2021-12-31,Equity Equal Weight + Sentiment,GE,0.020035
2021-12-31,Equity Equal Weight + Sentiment,GILD,0.019733
2021-12-31,Equity Equal Weight + Sentiment,GS,0.018885
2021-12-31,Equity Equal Weight + Sentiment,INTC,0.021321
2021-12-31,Equity Equal Weight + Sentiment,KO,0.02333
2021-12-31,Equity Equal Weight + Sentiment,MMM,0.020334
2021-12-31,Equity Equal Weight + Sentiment,MRK,0.020538
2021-12-31,Equity Equal Weight + Sentiment,MS,0.019349
2021-12-31,Equity Equal Weight + Sentiment,NEE,0.023578
2021-12-31,Equity Equal Weight + Sentiment,NEM,0.019795
2021-12-31,Equity Equal Weight + Sentiment,NKE,0.020655
2021-12-31,Equity Equal Weight + Sentiment,NUE,0.020488
2021-12-31,Equity Equal Weight + Sentiment,NVDA,0.021019
2021-12-31,Equity Equal Weight + Sentiment,O,0.020475
2021-12-31,Equity Equal Weight + Sentiment,OXY,0.01879
2021-12-31,Equity Equal Weight + Sentiment,PLD,0.018475
2021-12-31,Equity Equal Weight + Sentiment,PSA,0.020064
2021-12-31,Equity Equal Weight + Sentiment,QCOM,0.020234
2021-12-31,Equity Equal Weight + Sentiment,SBUX,0.019254
2021-12-31,Equity Equal Weight + Sentiment,SHW,0.017568
2021-12-31,Equity Equal Weight + Sentiment,SLB,0.018318
2021-12-31,Equity Equal Weight + Sentiment,SO,0.018885
2021-12-31,Equity Equal Weight + Sentiment,T,0.022245
2021-12-31,Equity Equal Weight + Sentiment,TMUS,0.020074
2021-12-31,Equity Equal Weight + Sentiment,TTWO,0.020143
2021-12-31,Equity Equal Weight + Sentiment,UPS,0.020581
2021-12-31,Equity Equal Weight + Sentiment,USB,0.019938
2021-12-31,Equity Equal Weight + Sentiment,V,0.022725
2021-12-31,Equity Equal Weight + Sentiment,WFC,0.020177
2021-12-31,Equity Equal Weight + Sentiment,WMT,0.02046
2021-12-31,Equity Equal Weight + Sentiment,XOM,0.02015
2022-02-01,Equity Equal Weight + Sentiment,ABBV,0.02132
2022-02-01,Equity Equal Weight + Sentiment,ABT,0.021841
2022-02-01,Equity Equal Weight + Sentiment,ADBE,0.019831
2022-02-01,Equity Equal Weight + Sentiment,AEP,0.019848
2022-02-01,Equity Equal Weight + Sentiment,AMD,0.021061
2022-02-01,Equity Equal Weight + Sentiment,AMGN,0.019858
2022-02-01,Equity Equal Weight + Sentiment,AMT,0.018559
2022-02-01,Equity Equal Weight + Sentiment,BA,0.019388
2022-02-01,Equity Equal Weight + Sentiment,CAT,0.01969
2022-02-01,Equity Equal Weight + Sentiment,CCI,0.020438
2022-02-01,Equity Equal Weight + Sentiment,CMCSA,0.021136
2022-02-01,Equity Equal Weight + Sentiment,COP,0.021052
2022-02-01,Equity Equal Weight + Sentiment,CVX,0.019995
2022-02-01,Equity Equal Weight + Sentiment,D,0.021657
2022-02-01,Equity Equal Weight + Sentiment,DD,0.017659
2022-02-01,Equity Equal Weight + Sentiment,DIS,0.019171
2022-02-01,Equity Equal Weight + Sentiment,DOW,0.017991
2022-02-01,Equity Equal Weight + Sentiment,DUK,0.020531
2022-02-01,Equity Equal Weight + Sentiment,EA,0.020564
2022-02-01,Equity Equal Weight + Sentiment,GE,0.019806
2022-02-01,Equity Equal Weight + Sentiment,GILD,0.019104
2022-02-01,Equity Equal Weight + Sentiment,GS,0.019917
2022-02-01,Equity Equal Weight + Sentiment,INTC,0.020281
2022-02-01,Equity Equal Weight + Sentiment,KO,0.019851
2022-02-01,Equity Equal Weight + Sentiment,MMM,0.020334
2022-02-01,Equity Equal Weight + Sentiment,MRK,0.018604
2022-02-01,Equity Equal Weight + Sentiment,MS,0.02108
2022-02-01,Equity Equal Weight + Sentiment,NEE,0.021065
2022-02-01,Equity Equal Weight + Sentiment,NEM,0.017982
2022-02-01,Equity Equal Weight + Sentiment,NKE,0.019702
2022-02-01,Equity Equal Weight + Sentiment,NUE,0.018694
2022-02-01,Equity Equal Weight + Sentiment,NVDA,0.019925
2022-02-01,Equity Equal Weight + Sentiment,O,0.022896
2022-02-01,Equity Equal Weight + Sentiment,OXY,0.018255
2022-02-01,Equity Equal Weight + Sentiment,PLD,0.018433
2022-02-01,Equity Equal Weight + Sentiment,PSA,0.020455
2022-02-01,Equity Equal Weight + Sentiment,QCOM,0.021283
2022-02-01,Equity Equal Weight + Sentiment,SBUX,0.018865
2022-02-01,Equity Equal Weight + Sentiment,SHW,0.018669
2022-02-01,Equity Equal Weight + Sentiment,SLB,0.020645
2022-02-01,Equity Equal Weight + Sentiment,SO,0.019891
2022-02-01,Equity Equal Weight + Sentiment,T,0.020067
2022-02-01,Equity Equal Weight + Sentiment,TMUS,0.019119
2022-02-01,Equity Equal Weight + Sentiment,TTWO,0.01942
2022-02-01,Equity Equal Weight + Sentiment,UPS,0.021465
2022-02-01,Equity Equal Weight + Sentiment,USB,0.021139
2022-02-01,Equity Equal Weight + Sentiment,V,0.020346
2022-02-01,Equity Equal Weight + Sentiment,WFC,0.021153
2022-02-01,Equity Equal Weight + Sentiment,WMT,0.019821
2022-02-01,Equity Equal Weight + Sentiment,XOM,0.02014
2022-03-03,Equity Equal Weight + Sentiment,ABBV,0.02138
2022-03-03,Equity Equal Weight + Sentiment,ABT,0.021022
2022-03-03,Equity Equal Weight + Sentiment,ADBE,0.020272
2022-03-03,Equity Equal Weight + Sentiment,AEP,0.019235
2022-03-03,Equity Equal Weight + Sentiment,AMD,0.022142
2022-03-03,Equity Equal Weight + Sentiment,AMGN,0.019676
2022-03-03,Equity Equal Weight + Sentiment,AMT,0.01977
2022-03-03,Equity Equal Weight + Sentiment,BA,0.019245
2022-03-03,Equity Equal Weight + Sentiment,CAT,0.018321
2022-03-03,Equity Equal Weight + Sentiment,CCI,0.019403
2022-03-03,Equity Equal Weight + Sentiment,CMCSA,0.018743
2022-03-03,Equity Equal Weight + Sentiment,COP,0.020838
2022-03-03,Equity Equal Weight + Sentiment,CVX,0.021244
2022-03-03,Equity Equal Weight + Sentiment,D,0.021089
2022-03-03,Equity Equal Weight + Sentiment,DD,0.019631
2022-03-03,Equity Equal Weight + Sentiment,DIS,0.020302
2022-03-03,Equity Equal Weight + Sentiment,DOW,0.017469
2022-03-03,Equity Equal Weight + Sentiment,DUK,0.020951
2022-03-03,Equity Equal Weight + Sentiment,EA,0.020986
2022-03-03,Equity Equal Weight + Sentiment,GE,0.019819
2022-03-03,Equity Equal Weight + Sentiment,GILD,0.018701
2022-03-03,Equity Equal Weight + Sentiment,GS,0.017038
2022-03-03,Equity Equal Weight + Sentiment,INTC,0.020479
2022-03-03,Equity Equal Weight + Sentiment,KO,0.020662
2022-03-03,Equity Equal Weight + Sentiment,MMM,0.022526
2022-03-03,Equity Equal Weight + Sentiment,MRK,0.020613
2022-03-03,Equity Equal Weight + Sentiment,MS,0.016724
2022-03-03,Equity Equal Weight + Sentiment,NEE,0.023898
2022-03-03,Equity Equal Weight + Sentiment,NEM,0.019641
2022-03-03,Equity Equal Weight + Sentiment,NKE,0.018309
2022-03-03,Equity Equal Weight + Sentiment,NUE,0.019539
2022-03-03,Equity Equal Weight + Sentiment,NVDA,0.020262
2022-03-03,Equity Equal Weight + Sentiment,O,0.020698
2022-03-03,Equity Equal Weight + Sentiment,OXY,0.020728
2022-03-03,Equity Equal Weight + Sentiment,PLD,0.020242
2022-03-03,Equity Equal Weight + Sentiment,PSA,0.020825
2022-03-03,Equity Equal Weight + Sentiment,QCOM,0.021854
2022-03-03,Equity Equal Weight + Sentiment,SBUX,0.019151
2022-03-03,Equity Equal Weight + Sentiment,SHW,0.018091
2022-03-03,Equity Equal Weight + Sentiment,SLB,0.018915
2022-03-03,Equity Equal Weight + Sentiment,SO,0.019607
2022-03-03,Equity Equal Weight + Sentiment,T,0.019958
2022-03-03,Equity Equal Weight + Sentiment,TMUS,0.021171
2022-03-03,Equity Equal Weight + Sentiment,TTWO,0.019628
2022-03-03,Equity Equal Weight + Sentiment,UPS,0.019551
2022-03-03,Equity Equal Weight + Sentiment,USB,0.019538
2022-03-03,Equity Equal Weight + Sentiment,V,0.020915
2022-03-03,Equity Equal Weight + Sentiment,WFC,0.018762
2022-03-03,Equity Equal Weight + Sentiment,WMT,0.020861
2022-03-03,Equity Equal Weight + Sentiment,XOM,0.019572
2022-04-01,Equity Equal Weight + Sentiment,ABBV,0.020296
2022-04-01,Equity Equal Weight + Sentiment,ABT,0.020597
2022-04-01,Equity Equal Weight + Sentiment,ADBE,0.01927
2022-04-01,Equity Equal Weight + Sentiment,AEP,0.018687
2022-04-01,Equity Equal Weight + Sentiment,AMD,0.021695
2022-04-01,Equity Equal Weight + Sentiment,AMGN,0.01796
2022-04-01,Equity Equal Weight + Sentiment,AMT,0.019601
2022-04-01,Equity Equal Weight + Sentiment,BA,0.01827
2022-04-01,Equity Equal Weight + Sentiment,CAT,0.0204
2022-04-01,Equity Equal Weight + Sentiment,CCI,0.019138
2022-04-01,Equity Equal Weight + Sentiment,CMCSA,0.018024
2022-04-01,Equity Equal Weight + Sentiment,COP,0.021663
2022-04-01,Equity Equal Weight + Sentiment,CVX,0.020364
2022-04-01,Equity Equal Weight + Sentiment,D,0.01941
2022-04-01,Equity Equal Weight + Sentiment,DD,0.020069
2022-04-01,Equity Equal Weight + Sentiment,DIS,0.020248
2022-04-01,Equity Equal Weight + Sentiment,DOW,0.018975
2022-04-01,Equity Equal Weight + Sentiment,DUK,0.021295
2022-04-01,Equity Equal Weight + Sentiment,EA,0.018841
2022-04-01,Equity Equal Weight + Sentiment,GE,0.018549
2022-04-01,Equity Equal Weight + Sentiment,GILD,0.018706
2022-04-01,Equity Equal Weight + Sentiment,GS,0.017751
2022-04-01,Equity Equal Weight + Sentiment,INTC,0.021679
2022-04-01,Equity Equal Weight + Sentiment,KO,0.020557
2022-04-01,Equity Equal Weight + Sentiment,MMM,0.019676
2022-04-01,Equity Equal Weight + Sentiment,MRK,0.01965
2022-04-01,Equity Equal Weight + Sentiment,MS,0.018402
2022-04-01,Equity Equal Weight + Sentiment,NEE,0.021159
2022-04-01,Equity Equal Weight + Sentiment,NEM,0.019435
2022-04-01,Equity Equal Weight + Sentiment,NKE,0.02056
2022-04-01,Equity Equal Weight + Sentiment,NUE,0.020243
2022-04-01,Equity Equal Weight + Sentiment,NVDA,0.021694
2022-04-01,Equity Equal Weight + Sentiment,O,0.019709
2022-04-01,Equity Equal Weight + Sentiment,OXY,0.020905
2022-04-01,Equity Equal Weight + Sentiment,PLD,0.022106
2022-04-01,Equity Equal Weight + Sentiment,PSA,0.019893
2022-04-01,Equity Equal Weight + Sentiment,QCOM,0.021622
2022-04-01,Equity Equal Weight + Sentiment,SBUX,0.019999
2022-04-01,Equity Equal Weight + Sentiment,SHW,0.018178
2022-04-01,Equity Equal Weight + Sentiment,SLB,0.019398
2022-04-01,Equity Equal Weight + Sentiment,SO,0.019234
2022-04-01,Equity Equal Weight + Sentiment,T,0.021851
2022-04-01,Equity Equal Weight + Sentiment,TMUS,0.020864
2022-04-01,Equity Equal Weight + Sentiment,TTWO,0.018111
2022-04-01,Equity Equal Weight + Sentiment,UPS,0.022444
2022-04-01,Equity Equal Weight + Sentiment,USB,0.019638
2022-04-01,Equity Equal Weight + Sentiment,V,0.020712
2022-04-01,Equity Equal Weight + Sentiment,WFC,0.021308
2022-04-01,Equity Equal Weight + Sentiment,WMT,0.020148
2022-04-01,Equity Equal Weight + Sentiment,XOM,0.021013
2022-05-03,Equity Equal Weight + Sentiment,ABBV,0.023003
2022-05-03,Equity Equal Weight + Sentiment,ABT,0.021146
2022-05-03,Equity Equal Weight + Sentiment,ADBE,0.020115
2022-05-03,Equity Equal Weight + Sentiment,AEP,0.018867
2022-05-03,Equity Equal Weight + Sentiment,AMD,0.020691
2022-05-03,Equity Equal Weight + Sentiment,AMGN,0.020714
2022-05-03,Equity Equal Weight + Sentiment,AMT,0.019197
2022-05-03,Equity Equal Weight + Sentiment,BA,0.017152
2022-05-03,Equity Equal Weight + Sentiment,CAT,0.018869
2022-05-03,Equity Equal Weight + Sentiment,CCI,0.019143
2022-05-03,Equity Equal Weight + Sentiment,CMCSA,0.019722
2022-05-03,Equity Equal Weight + Sentiment,COP,0.021602
2022-05-03,Equity Equal Weight + Sentiment,CVX,0.021643
2022-05-03,Equity Equal Weight + Sentiment,D,0.020681
2022-05-03,Equity Equal Weight + Sentiment,DD,0.018518
2022-05-03,Equity Equal Weight + Sentiment,DIS,0.020044
2022-05-03,Equity Equal Weight + Sentiment,DOW,0.021095
2022-05-03,Equity Equal Weight + Sentiment,DUK,0.020643
2022-05-03,Equity Equal Weight + Sentiment,EA,0.018789
2022-05-03,Equity Equal Weight + Sentiment,GE,0.018759
2022-05-03,Equity Equal Weight + Sentiment,GILD,0.018239
2022-05-03,Equity Equal Weight + Sentiment,GS,0.019639
2022-05-03,Equity Equal Weight + Sentiment,INTC,0.020495
2022-05-03,Equity Equal Weight + Sentiment,KO,0.020012
2022-05-03,Equity Equal Weight + Sentiment,MMM,0.021995
2022-05-03,Equity Equal Weight + Sentiment,MRK,0.020105
2022-05-03,Equity Equal Weight + Sentiment,MS,0.018567
2022-05-03,Equity Equal Weight + Sentiment,NEE,0.021878
2022-05-03,Equity Equal Weight + Sentiment,NEM,0.019189
2022-05-03,Equity Equal Weight + Sentiment,NKE,0.020205
2022-05-03,Equity Equal Weight + Sentiment,NUE,0.019714
2022-05-03,Equity Equal Weight + Sentiment,NVDA,0.020578
2022-05-03,Equity Equal Weight + Sentiment,O,0.020434
2022-05-03,Equity Equal Weight + Sentiment,OXY,0.022788
2022-05-03,Equity Equal Weight + Sentiment,PLD,0.01986
2022-05-03,Equity Equal Weight + Sentiment,PSA,0.017673
2022-05-03,Equity Equal Weight + Sentiment,QCOM,0.020817
2022-05-03,Equity Equal Weight + Sentiment,SBUX,0.01949
2022-05-03,Equity Equal Weight + Sentiment,SHW,0.018902
2022-05-03,Equity Equal Weight + Sentiment,SLB,0.020164
2022-05-03,Equity Equal Weight + Sentiment,SO,0.019497
2022-05-03,Equity Equal Weight + Sentiment,T,0.020671
2022-05-03,Equity Equal Weight + Sentiment,TMUS,0.018633
2022-05-03,Equity Equal Weight + Sentiment,TTWO,0.017596
2022-05-03,Equity Equal Weight + Sentiment,UPS,0.020817
2022-05-03,Equity Equal Weight + Sentiment,USB,0.018965
2022-05-03,Equity Equal Weight + Sentiment,V,0.021602
2022-05-03,Equity Equal Weight + Sentiment,WFC,0.020713
2022-05-03,Equity Equal Weight + Sentiment,WMT,0.019903
2022-05-03,Equity Equal Weight + Sentiment,XOM,0.020465
2022-06-02,Equity Equal Weight + Sentiment,ABBV,0.021719
2022-06-02,Equity Equal Weight + Sentiment,ABT,0.01892
2022-06-02,Equity Equal Weight + Sentiment,ADBE,0.02204
2022-06-02,Equity Equal Weight + Sentiment,AEP,0.019014
2022-06-02,Equity Equal Weight + Sentiment,AMD,0.021893
2022-06-02,Equity Equal Weight + Sentiment,AMGN,0.018821
2022-06-02,Equity Equal Weight + Sentiment,AMT,0.020612
2022-06-02,Equity Equal Weight + Sentiment,BA,0.018224
2022-06-02,Equity Equal Weight + Sentiment,CAT,0.022618
2022-06-02,Equity Equal Weight + Sentiment,CCI,0.018839
2022-06-02,Equity Equal Weight + Sentiment,CMCSA,0.019379
2022-06-02,Equity Equal Weight + Sentiment,COP,0.022641
2022-06-02,Equity Equal Weight + Sentiment,CVX,0.021523
2022-06-02,Equity Equal Weight + Sentiment,D,0.021068
2022-06-02,Equity Equal Weight + Sentiment,DD,0.017883
2022-06-02,Equity Equal Weight + Sentiment,DIS,0.019678
2022-06-02,Equity Equal Weight + Sentiment,DOW,0.019496
2022-06-02,Equity Equal Weight + Sentiment,DUK,0.020701
2022-06-02,Equity Equal Weight + Sentiment,EA,0.018998
2022-06-02,Equity Equal Weight + Sentiment,GE,0.017838
2022-06-02,Equity Equal Weight + Sentiment,GILD,0.018381
2022-06-02,Equity Equal Weight + Sentiment,GS,0.018482
2022-06-02,Equity Equal Weight + Sentiment,INTC,0.021948
2022-06-02,Equity Equal Weight + Sentiment,KO,0.020616
2022-06-02,Equity Equal Weight + Sentiment,MMM,0.021611
2022-06-02,Equity Equal Weight + Sentiment,MRK,0.019637
2022-06-02,Equity Equal Weight + Sentiment,MS,0.017649
2022-06-02,Equity Equal Weight + Sentiment,NEE,0.02362
2022-06-02,Equity Equal Weight + Sentiment,NEM,0.018464
2022-06-02,Equity Equal Weight + Sentiment,NKE,0.019969
2022-06-02,Equity Equal Weight + Sentiment,NUE,0.021172
2022-06-02,Equity Equal Weight + Sentiment,NVDA,0.020108
2022-06-02,Equity Equal Weight + Sentiment,O,0.023787
2022-06-02,Equity Equal Weight + Sentiment,OXY,0.021971
2022-06-02,Equity Equal Weight + Sentiment,PLD,0.01998
2022-06-02,Equity Equal Weight + Sentiment,PSA,0.020431
2022-06-02,Equity Equal Weight + Sentiment,QCOM,0.020481
2022-06-02,Equity Equal Weight + Sentiment,SBUX,0.017446
2022-06-02,Equity Equal Weight + Sentiment,SHW,0.017813
2022-06-02,Equity Equal Weight + Sentiment,SLB,0.018604
2022-06-02,Equity Equal Weight + Sentiment,SO,0.017334
2022-06-02,Equity Equal Weight + Sentiment,T,0.0205
2022-06-02,Equity Equal Weight + Sentiment,TMUS,0.017738
2022-06-02,Equity Equal Weight + Sentiment,TTWO,0.017381
2022-06-02,Equity Equal Weight + Sentiment,UPS,0.02325
2022-06-02,Equity Equal Weight + Sentiment,USB,0.01985
2022-06-02,Equity Equal Weight + Sentiment,V,0.019996
2022-06-02,Equity Equal Weight + Sentiment,WFC,0.020758
2022-06-02,Equity Equal Weight + Sentiment,WMT,0.018234
2022-06-02,Equity Equal Weight + Sentiment,XOM,0.020881
2022-07-05,Equity Equal Weight + Sentiment,ABBV,0.021999
2022-07-05,Equity Equal Weight + Sentiment,ABT,0.019977
2022-07-05,Equity Equal Weight + Sentiment,ADBE,0.01992
2022-07-05,Equity Equal Weight + Sentiment,AEP,0.020655
2022-07-05,Equity Equal Weight + Sentiment,AMD,0.021686
2022-07-05,Equity Equal Weight + Sentiment,AMGN,0.019727
2022-07-05,Equity Equal Weight + Sentiment,AMT,0.021042
2022-07-05,Equity Equal Weight + Sentiment,BA,0.019729
2022-07-05,Equity Equal Weight + Sentiment,CAT,0.020352
2022-07-05,Equity Equal Weight + Sentiment,CCI,0.017557
2022-07-05,Equity Equal Weight + Sentiment,CMCSA,0.01971
2022-07-05,Equity Equal Weight + Sentiment,COP,0.020375
2022-07-05,Equity Equal Weight + Sentiment,CVX,0.020865
2022-07-05,Equity Equal Weight + Sentiment,D,0.019511
2022-07-05,Equity Equal Weight + Sentiment,DD,0.017851
2022-07-05,Equity Equal Weight + Sentiment,DIS,0.019855
2022-07-05,Equity Equal Weight + Sentiment,DOW,0.017479
2022-07-05,Equity Equal Weight + Sentiment,DUK,0.019397
2022-07-05,Equity Equal Weight + Sentiment,EA,0.019319
2022-07-05,Equity Equal Weight + Sentiment,GE,0.018364
2022-07-05,Equity Equal Weight + Sentiment,GILD,0.019856
2022-07-05,Equity Equal Weight + Sentiment,GS,0.018564
2022-07-05,Equity Equal Weight + Sentiment,INTC,0.022155
2022-07-05,Equity Equal Weight + Sentiment,KO,0.02173
2022-07-05,Equity Equal Weight + Sentiment,MMM,0.019832
2022-07-05,Equity Equal Weight + Sentiment,MRK,0.019744
2022-07-05,Equity Equal Weight + Sentiment,MS,0.017878
2022-07-05,Equity Equal Weight + Sentiment,NEE,0.022798
2022-07-05,Equity Equal Weight + Sentiment,NEM,0.019079
2022-07-05,Equity Equal Weight + Sentiment,NKE,0.018584
2022-07-05,Equity Equal Weight + Sentiment,NUE,0.022249
2022-07-05,Equity Equal Weight + Sentiment,NVDA,0.020117
2022-07-05,Equity Equal Weight + Sentiment,O,0.022354
2022-07-05,Equity Equal Weight + Sentiment,OXY,0.02055
2022-07-05,Equity Equal Weight + Sentiment,PLD,0.020912
2022-07-05,Equity Equal Weight + Sentiment,PSA,0.017653
2022-07-05,Equity Equal Weight + Sentiment,QCOM,0.02009
2022-07-05,Equity Equal Weight + Sentiment,SBUX,0.02074
2022-07-05,Equity Equal Weight + Sentiment,SHW,0.019024
2022-07-05,Equity Equal Weight + Sentiment,SLB,0.019757
2022-07-05,Equity Equal Weight + Sentiment,SO,0.01812
2022-07-05,Equity Equal Weight + Sentiment,T,0.02034
2022-07-05,Equity Equal Weight + Sentiment,TMUS,0.018196
2022-07-05,Equity Equal Weight + Sentiment,TTWO,0.020192
2022-07-05,Equity Equal Weight + Sentiment,UPS,0.022518
2022-07-05,Equity Equal Weight + Sentiment,USB,0.019098
2022-07-05,Equity Equal Weight + Sentiment,V,0.020031
2022-07-05,Equity Equal Weight + Sentiment,WFC,0.020811
2022-07-05,Equity Equal Weight + Sentiment,WMT,0.019858
2022-07-05,Equity Equal Weight + Sentiment,XOM,0.0218
2022-08-03,Equity Equal Weight + Sentiment,ABBV,0.020995
2022-08-03,Equity Equal Weight + Sentiment,ABT,0.021376
2022-08-03,Equity Equal Weight + Sentiment,ADBE,0.020776
2022-08-03,Equity Equal Weight + Sentiment,AEP,0.021079
2022-08-03,Equity Equal Weight + Sentiment,AMD,0.021155
2022-08-03,Equity Equal Weight + Sentiment,AMGN,0.019495
2022-08-03,Equity Equal Weight + Sentiment,AMT,0.020352
2022-08-03,Equity Equal Weight + Sentiment,BA,0.01817
2022-08-03,Equity Equal Weight + Sentiment,CAT,0.022254
2022-08-03,Equity Equal Weight + Sentiment,CCI,0.020895
2022-08-03,Equity Equal Weight + Sentiment,CMCSA,0.018175
2022-08-03,Equity Equal Weight + Sentiment,COP,0.022979
2022-08-03,Equity Equal Weight + Sentiment,CVX,0.022114
2022-08-03,Equity Equal Weight + Sentiment,D,0.021397
2022-08-03,Equity Equal Weight + Sentiment,DD,0.017972
2022-08-03,Equity Equal Weight + Sentiment,DIS,0.019643
2022-08-03,Equity Equal Weight + Sentiment,DOW,0.019071
2022-08-03,Equity Equal Weight + Sentiment,DUK,0.019987
2022-08-03,Equity Equal Weight + Sentiment,EA,0.018492
2022-08-03,Equity Equal Weight + Sentiment,GE,0.018691
2022-08-03,Equity Equal Weight + Sentiment,GILD,0.020461
2022-08-03,Equity Equal Weight + Sentiment,GS,0.018665
2022-08-03,Equity Equal Weight + Sentiment,INTC,0.019811
2022-08-03,Equity Equal Weight + Sentiment,KO,0.020689
2022-08-03,Equity Equal Weight + Sentiment,MMM,0.01789
2022-08-03,Equity Equal Weight + Sentiment,MRK,0.020201
2022-08-03,Equity Equal Weight + Sentiment,MS,0.017446
2022-08-03,Equity Equal Weight + Sentiment,NEE,0.023247
2022-08-03,Equity Equal Weight + Sentiment,NEM,0.018062
2022-08-03,Equity Equal Weight + Sentiment,NKE,0.018397
2022-08-03,Equity Equal Weight + Sentiment,NUE,0.021032
2022-08-03,Equity Equal Weight + Sentiment,NVDA,0.020124
2022-08-03,Equity Equal Weight + Sentiment,O,0.022132
2022-08-03,Equity Equal Weight + Sentiment,OXY,0.022089
2022-08-03,Equity Equal Weight + Sentiment,PLD,0.020487
2022-08-03,Equity Equal Weight + Sentiment,PSA,0.018381
2022-08-03,Equity Equal Weight + Sentiment,QCOM,0.019543
2022-08-03,Equity Equal Weight + Sentiment,SBUX,0.020649
2022-08-03,Equity Equal Weight + Sentiment,SHW,0.016928
2022-08-03,Equity Equal Weight + Sentiment,SLB,0.022012
2022-08-03,Equity Equal Weight + Sentiment,SO,0.019859
2022-08-03,Equity Equal Weight + Sentiment,T,0.019232
2022-08-03,Equity Equal Weight + Sentiment,TMUS,0.018611
2022-08-03,Equity Equal Weight + Sentiment,TTWO,0.018679
2022-08-03,Equity Equal Weight + Sentiment,UPS,0.019808
2022-08-03,Equity Equal Weight + Sentiment,USB,0.020927
2022-08-03,Equity Equal Weight + Sentiment,V,0.020128
2022-08-03,Equity Equal Weight + Sentiment,WFC,0.018483
2022-08-03,Equity Equal Weight + Sentiment,WMT,0.019505
2022-08-03,Equity Equal Weight + Sentiment,XOM,0.021456
2022-09-01,Equity Equal Weight + Sentiment,ABBV,0.019316
2022-09-01,Equity Equal Weight + Sentiment,ABT,0.020275
2022-09-01,Equity Equal Weight + Sentiment,ADBE,0.02079
2022-09-01,Equity Equal Weight + Sentiment,AEP,0.019972
2022-09-01,Equity Equal Weight + Sentiment,AMD,0.020949
2022-09-01,Equity Equal Weight + Sentiment,AMGN,0.021079
2022-09-01,Equity Equal Weight + Sentiment,AMT,0.023229
2022-09-01,Equity Equal Weight + Sentiment,BA,0.017205
2022-09-01,Equity Equal Weight + Sentiment,CAT,0.017863
2022-09-01,Equity Equal Weight + Sentiment,CCI,0.020261
2022-09-01,Equity Equal Weight + Sentiment,CMCSA,0.01851
2022-09-01,Equity Equal Weight + Sentiment,COP,0.021866
2022-09-01,Equity Equal Weight + Sentiment,CVX,0.020948
2022-09-01,Equity Equal Weight + Sentiment,D,0.020169
2022-09-01,Equity Equal Weight + Sentiment,DD,0.01697
2022-09-01,Equity Equal Weight + Sentiment,DIS,0.019711
2022-09-01,Equity Equal Weight + Sentiment,DOW,0.018192
2022-09-01,Equity Equal Weight + Sentiment,DUK,0.020241
2022-09-01,Equity Equal Weight + Sentiment,EA,0.018063
2022-09-01,Equity Equal Weight + Sentiment,GE,0.021188
2022-09-01,Equity Equal Weight + Sentiment,GILD,0.019383
2022-09-01,Equity Equal Weight + Sentiment,GS,0.018926
2022-09-01,Equity Equal Weight + Sentiment,INTC,0.021056
2022-09-01,Equity Equal Weight + Sentiment,KO,0.022801
2022-09-01,Equity Equal Weight + Sentiment,MMM,0.020347
2022-09-01,Equity Equal Weight + Sentiment,MRK,0.018268
2022-09-01,Equity Equal Weight + Sentiment,MS,0.017482
2022-09-01,Equity Equal Weight + Sentiment,NEE,0.024047
2022-09-01,Equity Equal Weight + Sentiment,NEM,0.018621
2022-09-01,Equity Equal Weight + Sentiment,NKE,0.018891
2022-09-01,Equity Equal Weight + Sentiment,NUE,0.018187
2022-09-01,Equity Equal Weight + Sentiment,NVDA,0.018846
2022-09-01,Equity Equal Weight + Sentiment,O,0.024277
2022-09-01,Equity Equal Weight + Sentiment,OXY,0.021837
2022-09-01,Equity Equal Weight + Sentiment,PLD,0.01937
2022-09-01,Equity Equal Weight + Sentiment,PSA,0.019414
2022-09-01,Equity Equal Weight + Sentiment,QCOM,0.021425
2022-09-01,Equity Equal Weight + Sentiment,SBUX,0.019228
2022-09-01,Equity Equal Weight + Sentiment,SHW,0.01954
2022-09-01,Equity Equal Weight + Sentiment,SLB,0.019354
2022-09-01,Equity Equal Weight + Sentiment,SO,0.020178
2022-09-01,Equity Equal Weight + Sentiment,T,0.020346
2022-09-01,Equity Equal Weight + Sentiment,TMUS,0.019631
2022-09-01,Equity Equal Weight + Sentiment,TTWO,0.018547
2022-09-01,Equity Equal Weight + Sentiment,UPS,0.020479
2022-09-01,Equity Equal Weight + Sentiment,USB,0.020613
2022-09-01,Equity Equal Weight + Sentiment,V,0.02058
2022-09-01,Equity Equal Weight + Sentiment,WFC,0.020863
2022-09-01,Equity Equal Weight + Sentiment,WMT,0.019234
2022-09-01,Equity Equal Weight + Sentiment,XOM,0.021431
2022-10-03,Equity Equal Weight + Sentiment,ABBV,0.022518
2022-10-03,Equity Equal Weight + Sentiment,ABT,0.021348
2022-10-03,Equity Equal Weight + Sentiment,ADBE,0.019261
2022-10-03,Equity Equal Weight + Sentiment,AEP,0.019691
2022-10-03,Equity Equal Weight + Sentiment,AMD,0.020359
2022-10-03,Equity Equal Weight + Sentiment,AMGN,0.018876
2022-10-03,Equity Equal Weight + Sentiment,AMT,0.021178
2022-10-03,Equity Equal Weight + Sentiment,BA,0.017118
2022-10-03,Equity Equal Weight + Sentiment,CAT,0.020708
2022-10-03,Equity Equal Weight + Sentiment,CCI,0.019638
2022-10-03,Equity Equal Weight + Sentiment,CMCSA,0.020468
2022-10-03,Equity Equal Weight + Sentiment,COP,0.020208
2022-10-03,Equity Equal Weight + Sentiment,CVX,0.021775
2022-10-03,Equity Equal Weight + Sentiment,D,0.019943
2022-10-03,Equity Equal Weight + Sentiment,DD,0.018664
2022-10-03,Equity Equal Weight + Sentiment,DIS,0.019862
2022-10-03,Equity Equal Weight + Sentiment,DOW,0.01897
2022-10-03,Equity Equal Weight + Sentiment,DUK,0.021855
2022-10-03,Equity Equal Weight + Sentiment,EA,0.018888
2022-10-03,Equity Equal Weight + Sentiment,GE,0.02018
2022-10-03,Equity Equal Weight + Sentiment,GILD,0.018547
2022-10-03,Equity Equal Weight + Sentiment,GS,0.017771
2022-10-03,Equity Equal Weight + Sentiment,INTC,0.019145
2022-10-03,Equity Equal Weight + Sentiment,KO,0.023094
2022-10-03,Equity Equal Weight + Sentiment,MMM,0.020178
2022-10-03,Equity Equal Weight + Sentiment,MRK,0.01909
2022-10-03,Equity Equal Weight + Sentiment,MS,0.018879
2022-10-03,Equity Equal Weight + Sentiment,NEE,0.022648
2022-10-03,Equity Equal Weight + Sentiment,NEM,0.018948
2022-10-03,Equity Equal Weight + Sentiment,NKE,0.019608
2022-10-03,Equity Equal Weight + Sentiment,NUE,0.017641
2022-10-03,Equity Equal Weight + Sentiment,NVDA,0.018892
2022-10-03,Equity Equal Weight + Sentiment,O,0.023986
2022-10-03,Equity Equal Weight + Sentiment,OXY,0.022295
2022-10-03,Equity Equal Weight + Sentiment,PLD,0.02114
2022-10-03,Equity Equal Weight + Sentiment,PSA,0.017859
2022-10-03,Equity Equal Weight + Sentiment,QCOM,0.018785
2022-10-03,Equity Equal Weight + Sentiment,SBUX,0.020932
2022-10-03,Equity Equal Weight + Sentiment,SHW,0.017707
2022-10-03,Equity Equal Weight + Sentiment,SLB,0.019649
2022-10-03,Equity Equal Weight + Sentiment,SO,0.0201
2022-10-03,Equity Equal Weight + Sentiment,T,0.022961
2022-10-03,Equity Equal Weight + Sentiment,TMUS,0.018984
2022-10-03,Equity Equal Weight + Sentiment,TTWO,0.017525
2022-10-03,Equity Equal Weight + Sentiment,UPS,0.018587
2022-10-03,Equity Equal Weight + Sentiment,USB,0.020007
2022-10-03,Equity Equal Weight + Sentiment,V,0.021243
2022-10-03,Equity Equal Weight + Sentiment,WFC,0.021045
2022-10-03,Equity Equal Weight + Sentiment,WMT,0.02091
2022-10-03,Equity Equal Weight + Sentiment,XOM,0.020337
2022-11-01,Equity Equal Weight + Sentiment,ABBV,0.021168
2022-11-01,Equity Equal Weight + Sentiment,ABT,0.020152
2022-11-01,Equity Equal Weight + Sentiment,ADBE,0.0198
2022-11-01,Equity Equal Weight + Sentiment,AEP,0.019417
2022-11-01,Equity Equal Weight + Sentiment,AMD,0.020824
2022-11-01,Equity Equal Weight + Sentiment,AMGN,0.017968
2022-11-01,Equity Equal Weight + Sentiment,AMT,0.020801
2022-11-01,Equity Equal Weight + Sentiment,BA,0.017199
2022-11-01,Equity Equal Weight + Sentiment,CAT,0.021279
2022-11-01,Equity Equal Weight + Sentiment,CCI,0.017804
2022-11-01,Equity Equal Weight + Sentiment,CMCSA,0.021044
2022-11-01,Equity Equal Weight + Sentiment,COP,0.021209
2022-11-01,Equity Equal Weight + Sentiment,CVX,0.020896
2022-11-01,Equity Equal Weight + Sentiment,D,0.019038
2022-11-01,Equity Equal Weight + Sentiment,DD,0.019636
2022-11-01,Equity Equal Weight + Sentiment,DIS,0.020871
2022-11-01,Equity Equal Weight + Sentiment,DOW,0.019125
2022-11-01,Equity Equal Weight + Sentiment,DUK,0.020694
2022-11-01,Equity Equal Weight + Sentiment,EA,0.018376
2022-11-01,Equity Equal Weight + Sentiment,GE,0.018983
2022-11-01,Equity Equal Weight + Sentiment,GILD,0.020101
2022-11-01,Equity Equal Weight + Sentiment,GS,0.019489
2022-11-01,Equity Equal Weight + Sentiment,INTC,0.018346
2022-11-01,Equity Equal Weight + Sentiment,KO,0.021647
2022-11-01,Equity Equal Weight + Sentiment,MMM,0.021056
2022-11-01,Equity Equal Weight + Sentiment,MRK,0.019404
2022-11-01,Equity Equal Weight + Sentiment,MS,0.018219
2022-11-01,Equity Equal Weight + Sentiment,NEE,0.023885
2022-11-01,Equity Equal Weight + Sentiment,NEM,0.017425
2022-11-01,Equity Equal Weight + Sentiment,NKE,0.01832
2022-11-01,Equity Equal Weight + Sentiment,NUE,0.019622
2022-11-01,Equity Equal Weight + Sentiment,NVDA,0.019097
2022-11-01,Equity Equal Weight + Sentiment,O,0.022285
2022-11-01,Equity Equal Weight + Sentiment,OXY,0.019624
2022-11-01,Equity Equal Weight + Sentiment,PLD,0.020288
2022-11-01,Equity Equal Weight + Sentiment,PSA,0.019591
2022-11-01,Equity Equal Weight + Sentiment,QCOM,0.019148
2022-11-01,Equity Equal Weight + Sentiment,SBUX,0.021564
2022-11-01,Equity Equal Weight + Sentiment,SHW,0.019577
2022-11-01,Equity Equal Weight + Sentiment,SLB,0.021623
2022-11-01,Equity Equal Weight + Sentiment,SO,0.019496
2022-11-01,Equity Equal Weight + Sentiment,T,0.022659
2022-11-01,Equity Equal Weight + Sentiment,TMUS,0.019323
2022-11-01,Equity Equal Weight + Sentiment,TTWO,0.020895
2022-11-01,Equity Equal Weight + Sentiment,UPS,0.021815
2022-11-01,Equity Equal Weight + Sentiment,USB,0.018648
2022-11-01,Equity Equal Weight + Sentiment,V,0.021048
2022-11-01,Equity Equal Weight + Sentiment,WFC,0.020763
2022-11-01,Equity Equal Weight + Sentiment,WMT,0.019212
2022-11-01,Equity Equal Weight + Sentiment,XOM,0.019548
2022-12-01,Equity Equal Weight + Sentiment,ABBV,0.022708
2022-12-01,Equity Equal Weight + Sentiment,ABT,0.021211
2022-12-01,Equity Equal Weight + Sentiment,ADBE,0.020647
2022-12-01,Equity Equal Weight + Sentiment,AEP,0.022253
2022-12-01,Equity Equal Weight + Sentiment,AMD,0.020656
2022-12-01,Equity Equal Weight + Sentiment,AMGN,0.019499
2022-12-01,Equity Equal Weight + Sentiment,AMT,0.019317
2022-12-01,Equity Equal Weight + Sentiment,BA,0.017094
2022-12-01,Equity Equal Weight + Sentiment,CAT,0.020984
2022-12-01,Equity Equal Weight + Sentiment,CCI,0.020443
2022-12-01,Equity Equal Weight + Sentiment,CMCSA,0.020135
2022-12-01,Equity Equal Weight + Sentiment,COP,0.020484
2022-12-01,Equity Equal Weight + Sentiment,CVX,0.021692
2022-12-01,Equity Equal Weight + Sentiment,D,0.019268
2022-12-01,Equity Equal Weight + Sentiment,DD,0.018637
2022-12-01,Equity Equal Weight + Sentiment,DIS,0.020375
2022-12-01,Equity Equal Weight + Sentiment,DOW,0.017996
2022-12-01,Equity Equal Weight + Sentiment,DUK,0.019601
2022-12-01,Equity Equal Weight + Sentiment,EA,0.018493
2022-12-01,Equity Equal Weight + Sentiment,GE,0.018379
2022-12-01,Equity Equal Weight + Sentiment,GILD,0.020702
2022-12-01,Equity Equal Weight + Sentiment,GS,0.018525
2022-12-01,Equity Equal Weight + Sentiment,INTC,0.020054
2022-12-01,Equity Equal Weight + Sentiment,KO,0.020693
2022-12-01,Equity Equal Weight + Sentiment,MMM,0.020215
2022-12-01,Equity Equal Weight + Sentiment,MRK,0.02131
2022-12-01,Equity Equal Weight + Sentiment,MS,0.018181
2022-12-01,Equity Equal Weight + Sentiment,NEE,0.022065
2022-12-01,Equity Equal Weight + Sentiment,NEM,0.018245
2022-12-01,Equity Equal Weight + Sentiment,NKE,0.021975
2022-12-01,Equity Equal Weight + Sentiment,NUE,0.021055
2022-12-01,Equity Equal Weight + Sentiment,NVDA,0.019407
2022-12-01,Equity Equal Weight + Sentiment,O,0.020439
2022-12-01,Equity Equal Weight + Sentiment,OXY,0.021846
2022-12-01,Equity Equal Weight + Sentiment,PLD,0.020091
2022-12-01,Equity Equal Weight + Sentiment,PSA,0.018525
2022-12-01,Equity Equal Weight + Sentiment,QCOM,0.018428
2022-12-01,Equity Equal Weight + Sentiment,SBUX,0.020813
2022-12-01,Equity Equal Weight + Sentiment,SHW,0.017891
2022-12-01,Equity Equal Weight + Sentiment,SLB,0.01895
2022-12-01,Equity Equal Weight + Sentiment,SO,0.018565
2022-12-01,Equity Equal Weight + Sentiment,T,0.020584
2022-12-01,Equity Equal Weight + Sentiment,TMUS,0.017977
2022-12-01,Equity Equal Weight + Sentiment,TTWO,0.019127
2022-12-01,Equity Equal Weight + Sentiment,UPS,0.021476
2022-12-01,Equity Equal Weight + Sentiment,USB,0.018287
2022-12-01,Equity Equal Weight + Sentiment,V,0.021821
2022-12-01,Equity Equal Weight + Sentiment,WFC,0.020737
2022-12-01,Equity Equal Weight + Sentiment,WMT,0.021017
2022-12-01,Equity Equal Weight + Sentiment,XOM,0.021127
2023-01-03,Equity Equal Weight + Sentiment,ABBV,0.020919
2023-01-03,Equity Equal Weight + Sentiment,ABT,0.020585
2023-01-03,Equity Equal Weight + Sentiment,ADBE,0.020208
2023-01-03,Equity Equal Weight + Sentiment,AEP,0.020487
2023-01-03,Equity Equal Weight + Sentiment,AMD,0.02076
2023-01-03,Equity Equal Weight + Sentiment,AMGN,0.019909
2023-01-03,Equity Equal Weight + Sentiment,AMT,0.020119
2023-01-03,Equity Equal Weight + Sentiment,BA,0.017176
2023-01-03,Equity Equal Weight + Sentiment,CAT,0.021397
2023-01-03,Equity Equal Weight + Sentiment,CCI,0.017692
2023-01-03,Equity Equal Weight + Sentiment,CMCSA,0.021018
2023-01-03,Equity Equal Weight + Sentiment,COP,0.018832
2023-01-03,Equity Equal Weight + Sentiment,CVX,0.020824
2023-01-03,Equity Equal Weight + Sentiment,D,0.020756
2023-01-03,Equity Equal Weight + Sentiment,DD,0.017663
2023-01-03,Equity Equal Weight + Sentiment,DIS,0.021282
2023-01-03,Equity Equal Weight + Sentiment,DOW,0.019127
2023-01-03,Equity Equal Weight + Sentiment,DUK,0.019438
2023-01-03,Equity Equal Weight + Sentiment,EA,0.017714
2023-01-03,Equity Equal Weight + Sentiment,GE,0.019421
2023-01-03,Equity Equal Weight + Sentiment,GILD,0.020913
2023-01-03,Equity Equal Weight + Sentiment,GS,0.018583
2023-01-03,Equity Equal Weight + Sentiment,INTC,0.019643
2023-01-03,Equity Equal Weight + Sentiment,KO,0.021482
2023-01-03,Equity Equal Weight + Sentiment,MMM,0.020306
2023-01-03,Equity Equal Weight + Sentiment,MRK,0.019031
2023-01-03,Equity Equal Weight + Sentiment,MS,0.018
2023-01-03,Equity Equal Weight + Sentiment,NEE,0.023106
2023-01-03,Equity Equal Weight + Sentiment,NEM,0.018447
2023-01-03,Equity Equal Weight + Sentiment,NKE,0.022656
2023-01-03,Equity Equal Weight + Sentiment,NUE,0.019414
2023-01-03,Equity Equal Weight + Sentiment,NVDA,0.020635
2023-01-03,Equity Equal Weight + Sentiment,O,0.022656
2023-01-03,Equity Equal Weight + Sentiment,OXY,0.022619
2023-01-03,Equity Equal Weight + Sentiment,PLD,0.020738
2023-01-03,Equity Equal Weight + Sentiment,PSA,0.018821
2023-01-03,Equity Equal Weight + Sentiment,QCOM,0.018854
2023-01-03,Equity Equal Weight + Sentiment,SBUX,0.021619
2023-01-03,Equity Equal Weight + Sentiment,SHW,0.017358
2023-01-03,Equity Equal Weight + Sentiment,SLB,0.021341
2023-01-03,Equity Equal Weight + Sentiment,SO,0.01828
2023-01-03,Equity Equal Weight + Sentiment,T,0.021411
2023-01-03,Equity Equal Weight + Sentiment,TMUS,0.018967
2023-01-03,Equity Equal Weight + Sentiment,TTWO,0.016451
2023-01-03,Equity Equal Weight + Sentiment,UPS,0.022053
2023-01-03,Equity Equal Weight + Sentiment,USB,0.020074
2023-01-03,Equity Equal Weight + Sentiment,V,0.020518
2023-01-03,Equity Equal Weight + Sentiment,WFC,0.020589
2023-01-03,Equity Equal Weight + Sentiment,WMT,0.019731
2023-01-03,Equity Equal Weight + Sentiment,XOM,0.020378
2023-02-02,Equity Equal Weight + Sentiment,ABBV,0.022549
2023-02-02,Equity Equal Weight + Sentiment,ABT,0.021446
2023-02-02,Equity Equal Weight + Sentiment,ADBE,0.019233
2023-02-02,Equity Equal Weight + Sentiment,AEP,0.017885
2023-02-02,Equity Equal Weight + Sentiment,AMD,0.021334
2023-02-02,Equity Equal Weight + Sentiment,AMGN,0.019093
2023-02-02,Equity Equal Weight + Sentiment,AMT,0.021386
2023-02-02,Equity Equal Weight + Sentiment,BA,0.016816
2023-02-02,Equity Equal Weight + Sentiment,CAT,0.019823
2023-02-02,Equity Equal Weight + Sentiment,CCI,0.019167
2023-02-02,Equity Equal Weight + Sentiment,CMCSA,0.01894
2023-02-02,Equity Equal Weight + Sentiment,COP,0.020367
2023-02-02,Equity Equal Weight + Sentiment,CVX,0.02127
2023-02-02,Equity Equal Weight + Sentiment,D,0.020071
2023-02-02,Equity Equal Weight + Sentiment,DD,0.016137
2023-02-02,Equity Equal Weight + Sentiment,DIS,0.021054
2023-02-02,Equity Equal Weight + Sentiment,DOW,0.018741
2023-02-02,Equity Equal Weight + Sentiment,DUK,0.021759
2023-02-02,Equity Equal Weight + Sentiment,EA,0.018227
2023-02-02,Equity Equal Weight + Sentiment,GE,0.020433
2023-02-02,Equity Equal Weight + Sentiment,GILD,0.020272
2023-02-02,Equity Equal Weight + Sentiment,GS,0.018346
2023-02-02,Equity Equal Weight + Sentiment,INTC,0.020259
2023-02-02,Equity Equal Weight + Sentiment,KO,0.022644
2023-02-02,Equity Equal Weight + Sentiment,MMM,0.018023
2023-02-02,Equity Equal Weight + Sentiment,MRK,0.019293
2023-02-02,Equity Equal Weight + Sentiment,MS,0.020073
2023-02-02,Equity Equal Weight + Sentiment,NEE,0.022593
2023-02-02,Equity Equal Weight + Sentiment,NEM,0.020405
2023-02-02,Equity Equal Weight + Sentiment,NKE,0.018619
2023-02-02,Equity Equal Weight + Sentiment,NUE,0.022447
2023-02-02,Equity Equal Weight + Sentiment,NVDA,0.020843
2023-02-02,Equity Equal Weight + Sentiment,O,0.021775
2023-02-02,Equity Equal Weight + Sentiment,OXY,0.02096
2023-02-02,Equity Equal Weight + Sentiment,PLD,0.020304
2023-02-02,Equity Equal Weight + Sentiment,PSA,0.017061
2023-02-02,Equity Equal Weight + Sentiment,QCOM,0.018439
2023-02-02,Equity Equal Weight + Sentiment,SBUX,0.020483
2023-02-02,Equity Equal Weight + Sentiment,SHW,0.018244
2023-02-02,Equity Equal Weight + Sentiment,SLB,0.021257
2023-02-02,Equity Equal Weight + Sentiment,SO,0.018511
2023-02-02,Equity Equal Weight + Sentiment,T,0.02212
2023-02-02,Equity Equal Weight + Sentiment,TMUS,0.019715
2023-02-02,Equity Equal Weight + Sentiment,TTWO,0.019439
2023-02-02,Equity Equal Weight + Sentiment,UPS,0.021764
2023-02-02,Equity Equal Weight + Sentiment,USB,0.017504
2023-02-02,Equity Equal Weight + Sentiment,V,0.021823
2023-02-02,Equity Equal Weight + Sentiment,WFC,0.019815
2023-02-02,Equity Equal Weight + Sentiment,WMT,0.020207
2023-02-02,Equity Equal Weight + Sentiment,XOM,0.021032
2023-03-06,Equity Equal Weight + Sentiment,ABBV,0.021279
2023-03-06,Equity Equal Weight + Sentiment,ABT,0.021301
2023-03-06,Equity Equal Weight + Sentiment,ADBE,0.020014
2023-03-06,Equity Equal Weight + Sentiment,AEP,0.019206
2023-03-06,Equity Equal Weight + Sentiment,AMD,0.022036
2023-03-06,Equity Equal Weight + Sentiment,AMGN,0.020407
2023-03-06,Equity Equal Weight + Sentiment,AMT,0.019798
2023-03-06,Equity Equal Weight + Sentiment,BA,0.016973
2023-03-06,Equity Equal Weight + Sentiment,CAT,0.02027
2023-03-06,Equity Equal Weight + Sentiment,CCI,0.01814
2023-03-06,Equity Equal Weight + Sentiment,CMCSA,0.019165
2023-03-06,Equity Equal Weight + Sentiment,COP,0.019728
2023-03-06,Equity Equal Weight + Sentiment,CVX,0.020299
2023-03-06,Equity Equal Weight + Sentiment,D,0.021174
2023-03-06,Equity Equal Weight + Sentiment,DD,0.017786
2023-03-06,Equity Equal Weight + Sentiment,DIS,0.021581
2023-03-06,Equity Equal Weight + Sentiment,DOW,0.017444
2023-03-06,Equity Equal Weight + Sentiment,DUK,0.024328
2023-03-06,Equity Equal Weight + Sentiment,EA,0.019695
2023-03-06,Equity Equal Weight + Sentiment,GE,0.020633
2023-03-06,Equity Equal Weight + Sentiment,GILD,0.01891
2023-03-06,Equity Equal Weight + Sentiment,GS,0.016542
2023-03-06,Equity Equal Weight + Sentiment,INTC,0.02061
2023-03-06,Equity Equal Weight + Sentiment,KO,0.021549
2023-03-06,Equity Equal Weight + Sentiment,MMM,0.018951
2023-03-06,Equity Equal Weight + Sentiment,MRK,0.019488
2023-03-06,Equity Equal Weight + Sentiment,MS,0.0188
2023-03-06,Equity Equal Weight + Sentiment,NEE,0.023032
2023-03-06,Equity Equal Weight + Sentiment,NEM,0.019023
2023-03-06,Equity Equal Weight + Sentiment,NKE,0.021635
2023-03-06,Equity Equal Weight + Sentiment,NUE,0.020478
2023-03-06,Equity Equal Weight + Sentiment,NVDA,0.021703
2023-03-06,Equity Equal Weight + Sentiment,O,0.022187
2023-03-06,Equity Equal Weight + Sentiment,OXY,0.02019
2023-03-06,Equity Equal Weight + Sentiment,PLD,0.022534
2023-03-06,Equity Equal Weight + Sentiment,PSA,0.020934
2023-03-06,Equity Equal Weight + Sentiment,QCOM,0.019265
2023-03-06,Equity Equal Weight + Sentiment,SBUX,0.019109
2023-03-06,Equity Equal Weight + Sentiment,SHW,0.017907
2023-03-06,Equity Equal Weight + Sentiment,SLB,0.018543
2023-03-06,Equity Equal Weight + Sentiment,SO,0.018674
2023-03-06,Equity Equal Weight + Sentiment,T,0.02269
2023-03-06,Equity Equal Weight + Sentiment,TMUS,0.019804
2023-03-06,Equity Equal Weight + Sentiment,TTWO,0.018506
2023-03-06,Equity Equal Weight + Sentiment,UPS,0.021309
2023-03-06,Equity Equal Weight + Sentiment,USB,0.017184
2023-03-06,Equity Equal Weight + Sentiment,V,0.021118
2023-03-06,Equity Equal Weight + Sentiment,WFC,0.019178
2023-03-06,Equity Equal Weight + Sentiment,WMT,0.018914
2023-03-06,Equity Equal Weight + Sentiment,XOM,0.019973
2023-04-04,Equity Equal Weight + Sentiment,ABBV,0.022465
2023-04-04,Equity Equal Weight + Sentiment,ABT,0.020575
2023-04-04,Equity Equal Weight + Sentiment,ADBE,0.019471
2023-04-04,Equity Equal Weight + Sentiment,AEP,0.018706
2023-04-04,Equity Equal Weight + Sentiment,AMD,0.020867
2023-04-04,Equity Equal Weight + Sentiment,AMGN,0.020578
2023-04-04,Equity Equal Weight + Sentiment,AMT,0.021573
2023-04-04,Equity Equal Weight + Sentiment,BA,0.017179
2023-04-04,Equity Equal Weight + Sentiment,CAT,0.01922
2023-04-04,Equity Equal Weight + Sentiment,CCI,0.019568
2023-04-04,Equity Equal Weight + Sentiment,CMCSA,0.020161
2023-04-04,Equity Equal Weight + Sentiment,COP,0.020186
2023-04-04,Equity Equal Weight + Sentiment,CVX,0.019642
2023-04-04,Equity Equal Weight + Sentiment,D,0.019887
2023-04-04,Equity Equal Weight + Sentiment,DD,0.018626
2023-04-04,Equity Equal Weight + Sentiment,DIS,0.020132
2023-04-04,Equity Equal Weight + Sentiment,DOW,0.018336
2023-04-04,Equity Equal Weight + Sentiment,DUK,0.020419
2023-04-04,Equity Equal Weight + Sentiment,EA,0.017826
2023-04-04,Equity Equal Weight + Sentiment,GE,0.021341
2023-04-04,Equity Equal Weight + Sentiment,GILD,0.018422
2023-04-04,Equity Equal Weight + Sentiment,GS,0.017939
2023-04-04,Equity Equal Weight + Sentiment,INTC,0.019871
2023-04-04,Equity Equal Weight + Sentiment,KO,0.020652
2023-04-04,Equity Equal Weight + Sentiment,MMM,0.019135
2023-04-04,Equity Equal Weight + Sentiment,MRK,0.01854
2023-04-04,Equity Equal Weight + Sentiment,MS,0.018812
2023-04-04,Equity Equal Weight + Sentiment,NEE,0.022822
2023-04-04,Equity Equal Weight + Sentiment,NEM,0.020039
2023-04-04,Equity Equal Weight + Sentiment,NKE,0.019917
2023-04-04,Equity Equal Weight + Sentiment,NUE,0.021436
2023-04-04,Equity Equal Weight + Sentiment,NVDA,0.021095
2023-04-04,Equity Equal Weight + Sentiment,O,0.024595
2023-04-04,Equity Equal Weight + Sentiment,OXY,0.020711
2023-04-04,Equity Equal Weight + Sentiment,PLD,0.020624
2023-04-04,Equity Equal Weight + Sentiment,PSA,0.02069
2023-04-04,Equity Equal Weight + Sentiment,QCOM,0.019498
2023-04-04,Equity Equal Weight + Sentiment,SBUX,0.018689
2023-04-04,Equity Equal Weight + Sentiment,SHW,0.017774
2023-04-04,Equity Equal Weight + Sentiment,SLB,0.021084
2023-04-04,Equity Equal Weight + Sentiment,SO,0.020311
2023-04-04,Equity Equal Weight + Sentiment,T,0.02141
2023-04-04,Equity Equal Weight + Sentiment,TMUS,0.020998
2023-04-04,Equity Equal Weight + Sentiment,TTWO,0.017415
2023-04-04,Equity Equal Weight + Sentiment,UPS,0.022383
2023-04-04,Equity Equal Weight + Sentiment,USB,0.020492
2023-04-04,Equity Equal Weight + Sentiment,V,0.02041
2023-04-04,Equity Equal Weight + Sentiment,WFC,0.017415
2023-04-04,Equity Equal Weight + Sentiment,WMT,0.02091
2023-04-04,Equity Equal Weight + Sentiment,XOM,0.019153
2023-05-04,Equity Equal Weight + Sentiment,ABBV,0.020119
2023-05-04,Equity Equal Weight + Sentiment,ABT,0.021761
2023-05-04,Equity Equal Weight + Sentiment,ADBE,0.021479
2023-05-04,Equity Equal Weight + Sentiment,AEP,0.01972
2023-05-04,Equity Equal Weight + Sentiment,AMD,0.021314
2023-05-04,Equity Equal Weight + Sentiment,AMGN,0.020643
2023-05-04,Equity Equal Weight + Sentiment,AMT,0.020508
2023-05-04,Equity Equal Weight + Sentiment,BA,0.016909
2023-05-04,Equity Equal Weight + Sentiment,CAT,0.020061
2023-05-04,Equity Equal Weight + Sentiment,CCI,0.018994
2023-05-04,Equity Equal Weight + Sentiment,CMCSA,0.018677
2023-05-04,Equity Equal Weight + Sentiment,COP,0.020297
2023-05-04,Equity Equal Weight + Sentiment,CVX,0.021539
2023-05-04,Equity Equal Weight + Sentiment,D,0.019878
2023-05-04,Equity Equal Weight + Sentiment,DD,0.018191
2023-05-04,Equity Equal Weight + Sentiment,DIS,0.018872
2023-05-04,Equity Equal Weight + Sentiment,DOW,0.017736
2023-05-04,Equity Equal Weight + Sentiment,DUK,0.022355
2023-05-04,Equity Equal Weight + Sentiment,EA,0.017955
2023-05-04,Equity Equal Weight + Sentiment,GE,0.021644
2023-05-04,Equity Equal Weight + Sentiment,GILD,0.020535
2023-05-04,Equity Equal Weight + Sentiment,GS,0.018445
2023-05-04,Equity Equal Weight + Sentiment,INTC,0.019555
2023-05-04,Equity Equal Weight + Sentiment,KO,0.02148
2023-05-04,Equity Equal Weight + Sentiment,MMM,0.018697
2023-05-04,Equity Equal Weight + Sentiment,MRK,0.018527
2023-05-04,Equity Equal Weight + Sentiment,MS,0.018689
2023-05-04,Equity Equal Weight + Sentiment,NEE,0.023749
2023-05-04,Equity Equal Weight + Sentiment,NEM,0.020018
2023-05-04,Equity Equal Weight + Sentiment,NKE,0.020346
2023-05-04,Equity Equal Weight + Sentiment,NUE,0.019707
2023-05-04,Equity Equal Weight + Sentiment,NVDA,0.020756
2023-05-04,Equity Equal Weight + Sentiment,O,0.022113
2023-05-04,Equity Equal Weight + Sentiment,OXY,0.020133
2023-05-04,Equity Equal Weight + Sentiment,PLD,0.019105
2023-05-04,Equity Equal Weight + Sentiment,PSA,0.019825
2023-05-04,Equity Equal Weight + Sentiment,QCOM,0.019767
2023-05-04,Equity Equal Weight + Sentiment,SBUX,0.021436
2023-05-04,Equity Equal Weight + Sentiment,SHW,0.019267
2023-05-04,Equity Equal Weight + Sentiment,SLB,0.020777
2023-05-04,Equity Equal Weight + Sentiment,SO,0.019429
2023-05-04,Equity Equal Weight + Sentiment,T,0.020051
2023-05-04,Equity Equal Weight + Sentiment,TMUS,0.018533
2023-05-04,Equity Equal Weight + Sentiment,TTWO,0.018848
2023-05-04,Equity Equal Weight + Sentiment,UPS,0.021359
2023-05-04,Equity Equal Weight + Sentiment,USB,0.019754
2023-05-04,Equity Equal Weight + Sentiment,V,0.021568
2023-05-04,Equity Equal Weight + Sentiment,WFC,0.018994
2023-05-04,Equity Equal Weight + Sentiment,WMT,0.019092
2023-05-04,Equity Equal Weight + Sentiment,XOM,0.020793
2023-06-05,Equity Equal Weight + Sentiment,ABBV,0.021513
2023-06-05,Equity Equal Weight + Sentiment,ABT,0.018243
2023-06-05,Equity Equal Weight + Sentiment,ADBE,0.020712
2023-06-05,Equity Equal Weight + Sentiment,AEP,0.019937
2023-06-05,Equity Equal Weight + Sentiment,AMD,0.021533
2023-06-05,Equity Equal Weight + Sentiment,AMGN,0.019966
2023-06-05,Equity Equal Weight + Sentiment,AMT,0.020595
2023-06-05,Equity Equal Weight + Sentiment,BA,0.017497
2023-06-05,Equity Equal Weight + Sentiment,CAT,0.020622
2023-06-05,Equity Equal Weight + Sentiment,CCI,0.019069
2023-06-05,Equity Equal Weight + Sentiment,CMCSA,0.019373
2023-06-05,Equity Equal Weight + Sentiment,COP,0.020023
2023-06-05,Equity Equal Weight + Sentiment,CVX,0.020546
2023-06-05,Equity Equal Weight + Sentiment,D,0.021562
2023-06-05,Equity Equal Weight + Sentiment,DD,0.01766
2023-06-05,Equity Equal Weight + Sentiment,DIS,0.01971
2023-06-05,Equity Equal Weight + Sentiment,DOW,0.018228
2023-06-05,Equity Equal Weight + Sentiment,DUK,0.0199
2023-06-05,Equity Equal Weight + Sentiment,EA,0.020214
2023-06-05,Equity Equal Weight + Sentiment,GE,0.018322
2023-06-05,Equity Equal Weight + Sentiment,GILD,0.020437
2023-06-05,Equity Equal Weight + Sentiment,GS,0.01848
2023-06-05,Equity Equal Weight + Sentiment,INTC,0.019559
2023-06-05,Equity Equal Weight + Sentiment,KO,0.021624
2023-06-05,Equity Equal Weight + Sentiment,MMM,0.020554
2023-06-05,Equity Equal Weight + Sentiment,MRK,0.018531
2023-06-05,Equity Equal Weight + Sentiment,MS,0.017974
2023-06-05,Equity Equal Weight + Sentiment,NEE,0.023805
2023-06-05,Equity Equal Weight + Sentiment,NEM,0.019251
2023-06-05,Equity Equal Weight + Sentiment,NKE,0.019307
2023-06-05,Equity Equal Weight + Sentiment,NUE,0.020179
2023-06-05,Equity Equal Weight + Sentiment,NVDA,0.020997
2023-06-05,Equity Equal Weight + Sentiment,O,0.021825
2023-06-05,Equity Equal Weight + Sentiment,OXY,0.020831
2023-06-05,Equity Equal Weight + Sentiment,PLD,0.02076
2023-06-05,Equity Equal Weight + Sentiment,PSA,0.019149
2023-06-05,Equity Equal Weight + Sentiment,QCOM,0.020907
2023-06-05,Equity Equal Weight + Sentiment,SBUX,0.020042
2023-06-05,Equity Equal Weight + Sentiment,SHW,0.018592
2023-06-05,Equity Equal Weight + Sentiment,SLB,0.019183
2023-06-05,Equity Equal Weight + Sentiment,SO,0.019016
2023-06-05,Equity Equal Weight + Sentiment,T,0.021639
2023-06-05,Equity Equal Weight + Sentiment,TMUS,0.020862
2023-06-05,Equity Equal Weight + Sentiment,TTWO,0.01978
2023-06-05,Equity Equal Weight + Sentiment,UPS,0.02235
2023-06-05,Equity Equal Weight + Sentiment,USB,0.018891
2023-06-05,Equity Equal Weight + Sentiment,V,0.020889
2023-06-05,Equity Equal Weight + Sentiment,WFC,0.018435
2023-06-05,Equity Equal Weight + Sentiment,WMT,0.019632
2023-06-05,Equity Equal Weight + Sentiment,XOM,0.021296
2023-07-06,Equity Equal Weight + Sentiment,ABBV,0.02099
2023-07-06,Equity Equal Weight + Sentiment,ABT,0.021056
2023-07-06,Equity Equal Weight + Sentiment,ADBE,0.020098
2023-07-06,Equity Equal Weight + Sentiment,AEP,0.019715
2023-07-06,Equity Equal Weight + Sentiment,AMD,0.021461
2023-07-06,Equity Equal Weight + Sentiment,AMGN,0.020475
2023-07-06,Equity Equal Weight + Sentiment,AMT,0.020313
2023-07-06,Equity Equal Weight + Sentiment,BA,0.017157
2023-07-06,Equity Equal Weight + Sentiment,CAT,0.022103
2023-07-06,Equity Equal Weight + Sentiment,CCI,0.0192
2023-07-06,Equity Equal Weight + Sentiment,CMCSA,0.019671
2023-07-06,Equity Equal Weight + Sentiment,COP,0.018102
2023-07-06,Equity Equal Weight + Sentiment,CVX,0.02002
2023-07-06,Equity Equal Weight + Sentiment,D,0.018727
2023-07-06,Equity Equal Weight + Sentiment,DD,0.019176
2023-07-06,Equity Equal Weight + Sentiment,DIS,0.018673
2023-07-06,Equity Equal Weight + Sentiment,DOW,0.017925
2023-07-06,Equity Equal Weight + Sentiment,DUK,0.020612
2023-07-06,Equity Equal Weight + Sentiment,EA,0.020453
2023-07-06,Equity Equal Weight + Sentiment,GE,0.019542
2023-07-06,Equity Equal Weight + Sentiment,GILD,0.021981
2023-07-06,Equity Equal Weight + Sentiment,GS,0.018873
2023-07-06,Equity Equal Weight + Sentiment,INTC,0.019527
2023-07-06,Equity Equal Weight + Sentiment,KO,0.021686
2023-07-06,Equity Equal Weight + Sentiment,MMM,0.020339
2023-07-06,Equity Equal Weight + Sentiment,MRK,0.018338
2023-07-06,Equity Equal Weight + Sentiment,MS,0.017058
2023-07-06,Equity Equal Weight + Sentiment,NEE,0.02265
2023-07-06,Equity Equal Weight + Sentiment,NEM,0.021124
2023-07-06,Equity Equal Weight + Sentiment,NKE,0.019343
2023-07-06,Equity Equal Weight + Sentiment,NUE,0.020206
2023-07-06,Equity Equal Weight + Sentiment,NVDA,0.021075
2023-07-06,Equity Equal Weight + Sentiment,O,0.021773
2023-07-06,Equity Equal Weight + Sentiment,OXY,0.0205
2023-07-06,Equity Equal Weight + Sentiment,PLD,0.020757
2023-07-06,Equity Equal Weight + Sentiment,PSA,0.020327
2023-07-06,Equity Equal Weight + Sentiment,QCOM,0.021572
2023-07-06,Equity Equal Weight + Sentiment,SBUX,0.019655
2023-07-06,Equity Equal Weight + Sentiment,SHW,0.017868
2023-07-06,Equity Equal Weight + Sentiment,SLB,0.018719
2023-07-06,Equity Equal Weight + Sentiment,SO,0.019934
2023-07-06,Equity Equal Weight + Sentiment,T,0.023033
2023-07-06,Equity Equal Weight + Sentiment,TMUS,0.019377
2023-07-06,Equity Equal Weight + Sentiment,TTWO,0.017512
2023-07-06,Equity Equal Weight + Sentiment,UPS,0.019254
2023-07-06,Equity Equal Weight + Sentiment,USB,0.021076
2023-07-06,Equity Equal Weight + Sentiment,V,0.020408
2023-07-06,Equity Equal Weight + Sentiment,WFC,0.020571
2023-07-06,Equity Equal Weight + Sentiment,WMT,0.020233
2023-07-06,Equity Equal Weight + Sentiment,XOM,0.019761
2023-08-04,Equity Equal Weight + Sentiment,ABBV,0.022026
2023-08-04,Equity Equal Weight + Sentiment,ABT,0.020717
2023-08-04,Equity Equal Weight + Sentiment,ADBE,0.021191
2023-08-04,Equity Equal Weight + Sentiment,AEP,0.019055
2023-08-04,Equity Equal Weight + Sentiment,AMD,0.02113
2023-08-04,Equity Equal Weight + Sentiment,AMGN,0.019177
2023-08-04,Equity Equal Weight + Sentiment,AMT,0.021876
2023-08-04,Equity Equal Weight + Sentiment,BA,0.016837
2023-08-04,Equity Equal Weight + Sentiment,CAT,0.019746
2023-08-04,Equity Equal Weight + Sentiment,CCI,0.021422
2023-08-04,Equity Equal Weight + Sentiment,CMCSA,0.019469
2023-08-04,Equity Equal Weight + Sentiment,COP,0.020101
2023-08-04,Equity Equal Weight + Sentiment,CVX,0.020069
2023-08-04,Equity Equal Weight + Sentiment,D,0.020869
2023-08-04,Equity Equal Weight + Sentiment,DD,0.017774
2023-08-04,Equity Equal Weight + Sentiment,DIS,0.019486
2023-08-04,Equity Equal Weight + Sentiment,DOW,0.017587
2023-08-04,Equity Equal Weight + Sentiment,DUK,0.021271
2023-08-04,Equity Equal Weight + Sentiment,EA,0.021302
2023-08-04,Equity Equal Weight + Sentiment,GE,0.019441
2023-08-04,Equity Equal Weight + Sentiment,GILD,0.019677
2023-08-04,Equity Equal Weight + Sentiment,GS,0.018503
2023-08-04,Equity Equal Weight + Sentiment,INTC,0.019649
2023-08-04,Equity Equal Weight + Sentiment,KO,0.021991
2023-08-04,Equity Equal Weight + Sentiment,MMM,0.019507
2023-08-04,Equity Equal Weight + Sentiment,MRK,0.017528
2023-08-04,Equity Equal Weight + Sentiment,MS,0.017068
2023-08-04,Equity Equal Weight + Sentiment,NEE,0.023027
2023-08-04,Equity Equal Weight + Sentiment,NEM,0.019264
2023-08-04,Equity Equal Weight + Sentiment,NKE,0.018859
2023-08-04,Equity Equal Weight + Sentiment,NUE,0.019672
2023-08-04,Equity Equal Weight + Sentiment,NVDA,0.02083
2023-08-04,Equity Equal Weight + Sentiment,O,0.022611
2023-08-04,Equity Equal Weight + Sentiment,OXY,0.020286
2023-08-04,Equity Equal Weight + Sentiment,PLD,0.020067
2023-08-04,Equity Equal Weight + Sentiment,PSA,0.019285
2023-08-04,Equity Equal Weight + Sentiment,QCOM,0.019463
2023-08-04,Equity Equal Weight + Sentiment,SBUX,0.020803
2023-08-04,Equity Equal Weight + Sentiment,SHW,0.018651
2023-08-04,Equity Equal Weight + Sentiment,SLB,0.020012
2023-08-04,Equity Equal Weight + Sentiment,SO,0.018898
2023-08-04,Equity Equal Weight + Sentiment,T,0.021053
2023-08-04,Equity Equal Weight + Sentiment,TMUS,0.020718
2023-08-04,Equity Equal Weight + Sentiment,TTWO,0.020483
2023-08-04,Equity Equal Weight + Sentiment,UPS,0.019381
2023-08-04,Equity Equal Weight + Sentiment,USB,0.019941
2023-08-04,Equity Equal Weight + Sentiment,V,0.02175
2023-08-04,Equity Equal Weight + Sentiment,WFC,0.020424
2023-08-04,Equity Equal Weight + Sentiment,WMT,0.020272
2023-08-04,Equity Equal Weight + Sentiment,XOM,0.019778
2023-09-05,Equity Equal Weight + Sentiment,ABBV,0.022291
2023-09-05,Equity Equal Weight + Sentiment,ABT,0.022214
2023-09-05,Equity Equal Weight + Sentiment,ADBE,0.02036
2023-09-05,Equity Equal Weight + Sentiment,AEP,0.017941
2023-09-05,Equity Equal Weight + Sentiment,AMD,0.021399
2023-09-05,Equity Equal Weight + Sentiment,AMGN,0.019954
2023-09-05,Equity Equal Weight + Sentiment,AMT,0.022347
2023-09-05,Equity Equal Weight + Sentiment,BA,0.017029
2023-09-05,Equity Equal Weight + Sentiment,CAT,0.021444
2023-09-05,Equity Equal Weight + Sentiment,CCI,0.019235
2023-09-05,Equity Equal Weight + Sentiment,CMCSA,0.018813
2023-09-05,Equity Equal Weight + Sentiment,COP,0.019745
2023-09-05,Equity Equal Weight + Sentiment,CVX,0.018602
2023-09-05,Equity Equal Weight + Sentiment,D,0.020802
2023-09-05,Equity Equal Weight + Sentiment,DD,0.017501
2023-09-05,Equity Equal Weight + Sentiment,DIS,0.019707
2023-09-05,Equity Equal Weight + Sentiment,DOW,0.018915
2023-09-05,Equity Equal Weight + Sentiment,DUK,0.020638
2023-09-05,Equity Equal Weight + Sentiment,EA,0.018549
2023-09-05,Equity Equal Weight + Sentiment,GE,0.019198
2023-09-05,Equity Equal Weight + Sentiment,GILD,0.018018
2023-09-05,Equity Equal Weight + Sentiment,GS,0.018013
2023-09-05,Equity Equal Weight + Sentiment,INTC,0.021513
2023-09-05,Equity Equal Weight + Sentiment,KO,0.022713
2023-09-05,Equity Equal Weight + Sentiment,MMM,0.020463
2023-09-05,Equity Equal Weight + Sentiment,MRK,0.017712
2023-09-05,Equity Equal Weight + Sentiment,MS,0.019677
2023-09-05,Equity Equal Weight + Sentiment,NEE,0.021501
2023-09-05,Equity Equal Weight + Sentiment,NEM,0.01943
2023-09-05,Equity Equal Weight + Sentiment,NKE,0.01911
2023-09-05,Equity Equal Weight + Sentiment,NUE,0.019832
2023-09-05,Equity Equal Weight + Sentiment,NVDA,0.021022
2023-09-05,Equity Equal Weight + Sentiment,O,0.023786
2023-09-05,Equity Equal Weight + Sentiment,OXY,0.021182
2023-09-05,Equity Equal Weight + Sentiment,PLD,0.021885
2023-09-05,Equity Equal Weight + Sentiment,PSA,0.020316
2023-09-05,Equity Equal Weight + Sentiment,QCOM,0.019453
2023-09-05,Equity Equal Weight + Sentiment,SBUX,0.021214
2023-09-05,Equity Equal Weight + Sentiment,SHW,0.020341
2023-09-05,Equity Equal Weight + Sentiment,SLB,0.018686
2023-09-05,Equity Equal Weight + Sentiment,SO,0.019425
2023-09-05,Equity Equal Weight + Sentiment,T,0.020569
2023-09-05,Equity Equal Weight + Sentiment,TMUS,0.020559
2023-09-05,Equity Equal Weight + Sentiment,TTWO,0.018663
2023-09-05,Equity Equal Weight + Sentiment,UPS,0.019174
2023-09-05,Equity Equal Weight + Sentiment,USB,0.018542
2023-09-05,Equity Equal Weight + Sentiment,V,0.020353
2023-09-05,Equity Equal Weight + Sentiment,WFC,0.017882
2023-09-05,Equity Equal Weight + Sentiment,WMT,0.020848
2023-09-05,Equity Equal Weight + Sentiment,XOM,0.021433
2023-10-04,Equity Equal Weight + Sentiment,ABBV,0.020883
2023-10-04,Equity Equal Weight + Sentiment,ABT,0.021233
2023-10-04,Equity Equal Weight + Sentiment,ADBE,0.020861
2023-10-04,Equity Equal Weight + Sentiment,AEP,0.018958
2023-10-04,Equity Equal Weight + Sentiment,AMD,0.021242
2023-10-04,Equity Equal Weight + Sentiment,AMGN,0.018745
2023-10-04,Equity Equal Weight + Sentiment,AMT,0.0207
2023-10-04,Equity Equal Weight + Sentiment,BA,0.017036
2023-10-04,Equity Equal Weight + Sentiment,CAT,0.021429
2023-10-04,Equity Equal Weight + Sentiment,CCI,0.020577
2023-10-04,Equity Equal Weight + Sentiment,CMCSA,0.019232
2023-10-04,Equity Equal Weight + Sentiment,COP,0.020489
2023-10-04,Equity Equal Weight + Sentiment,CVX,0.018825
2023-10-04,Equity Equal Weight + Sentiment,D,0.02044
2023-10-04,Equity Equal Weight + Sentiment,DD,0.017756
2023-10-04,Equity Equal Weight + Sentiment,DIS,0.0188
2023-10-04,Equity Equal Weight + Sentiment,DOW,0.017636
2023-10-04,Equity Equal Weight + Sentiment,DUK,0.020817
2023-10-04,Equity Equal Weight + Sentiment,EA,0.01821
2023-10-04,Equity Equal Weight + Sentiment,GE,0.019167
2023-10-04,Equity Equal Weight + Sentiment,GILD,0.019468
2023-10-04,Equity Equal Weight + Sentiment,GS,0.017748
2023-10-04,Equity Equal Weight + Sentiment,INTC,0.019551
2023-10-04,Equity Equal Weight + Sentiment,KO,0.021602
2023-10-04,Equity Equal Weight + Sentiment,MMM,0.020831
2023-10-04,Equity Equal Weight + Sentiment,MRK,0.016581
2023-10-04,Equity Equal Weight + Sentiment,MS,0.019951
2023-10-04,Equity Equal Weight + Sentiment,NEE,0.023089
2023-10-04,Equity Equal Weight + Sentiment,NEM,0.01771
2023-10-04,Equity Equal Weight + Sentiment,NKE,0.020056
2023-10-04,Equity Equal Weight + Sentiment,NUE,0.018777
2023-10-04,Equity Equal Weight + Sentiment,NVDA,0.020915
2023-10-04,Equity Equal Weight + Sentiment,O,0.022102
2023-10-04,Equity Equal Weight + Sentiment,OXY,0.019463
2023-10-04,Equity Equal Weight + Sentiment,PLD,0.022467
2023-10-04,Equity Equal Weight + Sentiment,PSA,0.020781
2023-10-04,Equity Equal Weight + Sentiment,QCOM,0.018415
2023-10-04,Equity Equal Weight + Sentiment,SBUX,0.019465
2023-10-04,Equity Equal Weight + Sentiment,SHW,0.019
2023-10-04,Equity Equal Weight + Sentiment,SLB,0.019332
2023-10-04,Equity Equal Weight + Sentiment,SO,0.022072
2023-10-04,Equity Equal Weight + Sentiment,T,0.021911
2023-10-04,Equity Equal Weight + Sentiment,TMUS,0.020812
2023-10-04,Equity Equal Weight + Sentiment,TTWO,0.019874
2023-10-04,Equity Equal Weight + Sentiment,UPS,0.022197
2023-10-04,Equity Equal Weight + Sentiment,USB,0.018831
2023-10-04,Equity Equal Weight + Sentiment,V,0.021046
2023-10-04,Equity Equal Weight + Sentiment,WFC,0.020715
2023-10-04,Equity Equal Weight + Sentiment,WMT,0.021455
2023-10-04,Equity Equal Weight + Sentiment,XOM,0.02075
2023-11-02,Equity Equal Weight + Sentiment,ABBV,0.020863
2023-11-02,Equity Equal Weight + Sentiment,ABT,0.02207
2023-11-02,Equity Equal Weight + Sentiment,ADBE,0.020529
2023-11-02,Equity Equal Weight + Sentiment,AEP,0.019946
2023-11-02,Equity Equal Weight + Sentiment,AMD,0.020618
2023-11-02,Equity Equal Weight + Sentiment,AMGN,0.02157
2023-11-02,Equity Equal Weight + Sentiment,AMT,0.021028
2023-11-02,Equity Equal Weight + Sentiment,BA,0.017877
2023-11-02,Equity Equal Weight + Sentiment,CAT,0.021362
2023-11-02,Equity Equal Weight + Sentiment,CCI,0.019769
2023-11-02,Equity Equal Weight + Sentiment,CMCSA,0.019436
2023-11-02,Equity Equal Weight + Sentiment,COP,0.020481
2023-11-02,Equity Equal Weight + Sentiment,CVX,0.019691
2023-11-02,Equity Equal Weight + Sentiment,D,0.018376
2023-11-02,Equity Equal Weight + Sentiment,DD,0.017923
2023-11-02,Equity Equal Weight + Sentiment,DIS,0.019493
2023-11-02,Equity Equal Weight + Sentiment,DOW,0.019366
2023-11-02,Equity Equal Weight + Sentiment,DUK,0.019047
2023-11-02,Equity Equal Weight + Sentiment,EA,0.020563
2023-11-02,Equity Equal Weight + Sentiment,GE,0.018337
2023-11-02,Equity Equal Weight + Sentiment,GILD,0.019584
2023-11-02,Equity Equal Weight + Sentiment,GS,0.019302
2023-11-02,Equity Equal Weight + Sentiment,INTC,0.019573
2023-11-02,Equity Equal Weight + Sentiment,KO,0.021778
2023-11-02,Equity Equal Weight + Sentiment,MMM,0.018453
2023-11-02,Equity Equal Weight + Sentiment,MRK,0.018114
2023-11-02,Equity Equal Weight + Sentiment,MS,0.019944
2023-11-02,Equity Equal Weight + Sentiment,NEE,0.021898
2023-11-02,Equity Equal Weight + Sentiment,NEM,0.020648
2023-11-02,Equity Equal Weight + Sentiment,NKE,0.019919
2023-11-02,Equity Equal Weight + Sentiment,NUE,0.018737
2023-11-02,Equity Equal Weight + Sentiment,NVDA,0.021273
2023-11-02,Equity Equal Weight + Sentiment,O,0.022359
2023-11-02,Equity Equal Weight + Sentiment,OXY,0.020204
2023-11-02,Equity Equal Weight + Sentiment,PLD,0.022301
2023-11-02,Equity Equal Weight + Sentiment,PSA,0.018399
2023-11-02,Equity Equal Weight + Sentiment,QCOM,0.018833
2023-11-02,Equity Equal Weight + Sentiment,SBUX,0.021852
2023-11-02,Equity Equal Weight + Sentiment,SHW,0.020422
2023-11-02,Equity Equal Weight + Sentiment,SLB,0.01894
2023-11-02,Equity Equal Weight + Sentiment,SO,0.020463
2023-11-02,Equity Equal Weight + Sentiment,T,0.020741
2023-11-02,Equity Equal Weight + Sentiment,TMUS,0.018707
2023-11-02,Equity Equal Weight + Sentiment,TTWO,0.018467
2023-11-02,Equity Equal Weight + Sentiment,UPS,0.020365
2023-11-02,Equity Equal Weight + Sentiment,USB,0.018652
2023-11-02,Equity Equal Weight + Sentiment,V,0.020249
2023-11-02,Equity Equal Weight + Sentiment,WFC,0.020377
2023-11-02,Equity Equal Weight + Sentiment,WMT,0.021241
2023-11-02,Equity Equal Weight + Sentiment,XOM,0.019859
2023-12-04,Equity Equal Weight + Sentiment,ABBV,0.02042
2023-12-04,Equity Equal Weight + Sentiment,ABT,0.021173
2023-12-04,Equity Equal Weight + Sentiment,ADBE,0.020866
2023-12-04,Equity Equal Weight + Sentiment,AEP,0.020042
2023-12-04,Equity Equal Weight + Sentiment,AMD,0.022482
2023-12-04,Equity Equal Weight + Sentiment,AMGN,0.019645
2023-12-04,Equity Equal Weight + Sentiment,AMT,0.020123
2023-12-04,Equity Equal Weight + Sentiment,BA,0.019805
2023-12-04,Equity Equal Weight + Sentiment,CAT,0.020333
2023-12-04,Equity Equal Weight + Sentiment,CCI,0.019344
2023-12-04,Equity Equal Weight + Sentiment,CMCSA,0.019444
2023-12-04,Equity Equal Weight + Sentiment,COP,0.020788
2023-12-04,Equity Equal Weight + Sentiment,CVX,0.020418
2023-12-04,Equity Equal Weight + Sentiment,D,0.021019
2023-12-04,Equity Equal Weight + Sentiment,DD,0.017519
2023-12-04,Equity Equal Weight + Sentiment,DIS,0.01975
2023-12-04,Equity Equal Weight + Sentiment,DOW,0.018354
2023-12-04,Equity Equal Weight + Sentiment,DUK,0.019754
2023-12-04,Equity Equal Weight + Sentiment,EA,0.019384
2023-12-04,Equity Equal Weight + Sentiment,GE,0.018127
2023-12-04,Equity Equal Weight + Sentiment,GILD,0.019897
2023-12-04,Equity Equal Weight + Sentiment,GS,0.018739
2023-12-04,Equity Equal Weight + Sentiment,INTC,0.021319
2023-12-04,Equity Equal Weight + Sentiment,KO,0.020333
2023-12-04,Equity Equal Weight + Sentiment,MMM,0.021253
2023-12-04,Equity Equal Weight + Sentiment,MRK,0.018531
2023-12-04,Equity Equal Weight + Sentiment,MS,0.018625
2023-12-04,Equity Equal Weight + Sentiment,NEE,0.022195
2023-12-04,Equity Equal Weight + Sentiment,NEM,0.020583
2023-12-04,Equity Equal Weight + Sentiment,NKE,0.020445
2023-12-04,Equity Equal Weight + Sentiment,NUE,0.020113
2023-12-04,Equity Equal Weight + Sentiment,NVDA,0.022535
2023-12-04,Equity Equal Weight + Sentiment,O,0.02287
2023-12-04,Equity Equal Weight + Sentiment,OXY,0.020153
2023-12-04,Equity Equal Weight + Sentiment,PLD,0.020412
2023-12-04,Equity Equal Weight + Sentiment,PSA,0.018737
2023-12-04,Equity Equal Weight + Sentiment,QCOM,0.020863
2023-12-04,Equity Equal Weight + Sentiment,SBUX,0.019535
2023-12-04,Equity Equal Weight + Sentiment,SHW,0.02075
2023-12-04,Equity Equal Weight + Sentiment,SLB,0.017505
2023-12-04,Equity Equal Weight + Sentiment,SO,0.01962
2023-12-04,Equity Equal Weight + Sentiment,T,0.022027
2023-12-04,Equity Equal Weight + Sentiment,TMUS,0.018946
2023-12-04,Equity Equal Weight + Sentiment,TTWO,0.018717
2023-12-04,Equity Equal Weight + Sentiment,UPS,0.01895
2023-12-04,Equity Equal Weight + Sentiment,USB,0.017325
2023-12-04,Equity Equal Weight + Sentiment,V,0.020975
2023-12-04,Equity Equal Weight + Sentiment,WFC,0.018625
2023-12-04,Equity Equal Weight + Sentiment,WMT,0.02073
2023-12-04,Equity Equal Weight + Sentiment,XOM,0.0199
2021-12-31,Equity Minimum Variance + Sentiment,ABBV,0.109811
2021-12-31,Equity Minimum Variance + Sentiment,ABT,0.0
2021-12-31,Equity Minimum Variance + Sentiment,ADBE,0.0
2021-12-31,Equity Minimum Variance + Sentiment,AEP,0.010968
2021-12-31,Equity Minimum Variance + Sentiment,AMD,0.0
2021-12-31,Equity Minimum Variance + Sentiment,AMGN,0.0
2021-12-31,Equity Minimum Variance + Sentiment,AMT,0.0
2021-12-31,Equity Minimum Variance + Sentiment,BA,0.0
2021-12-31,Equity Minimum Variance + Sentiment,CAT,0.0
2021-12-31,Equity Minimum Variance + Sentiment,CCI,0.0
2021-12-31,Equity Minimum Variance + Sentiment,CMCSA,0.0
2021-12-31,Equity Minimum Variance + Sentiment,COP,0.0
2021-12-31,Equity Minimum Variance + Sentiment,CVX,0.0
2021-12-31,Equity Minimum Variance + Sentiment,D,0.0
2021-12-31,Equity Minimum Variance + Sentiment,DD,0.0
2021-12-31,Equity Minimum Variance + Sentiment,DIS,0.0
2021-12-31,Equity Minimum Variance + Sentiment,DOW,0.0
2021-12-31,Equity Minimum Variance + Sentiment,DUK,0.0
2021-12-31,Equity Minimum Variance + Sentiment,EA,0.075047
2021-12-31,Equity Minimum Variance + Sentiment,GE,0.0
2021-12-31,Equity Minimum Variance + Sentiment,GILD,0.132816
2021-12-31,Equity Minimum Variance + Sentiment,GS,0.0
2021-12-31,Equity Minimum Variance + Sentiment,INTC,0.0
2021-12-31,Equity Minimum Variance + Sentiment,KO,0.040614
2021-12-31,Equity Minimum Variance + Sentiment,MMM,0.07444
2021-12-31,Equity Minimum Variance + Sentiment,MRK,0.083088
2021-12-31,Equity Minimum Variance + Sentiment,MS,0.0
2021-12-31,Equity Minimum Variance + Sentiment,NEE,0.0
2021-12-31,Equity Minimum Variance + Sentiment,NEM,0.106205
2021-12-31,Equity Minimum Variance + Sentiment,NKE,0.014358
2021-12-31,Equity Minimum Variance + Sentiment,NUE,0.0
2021-12-31,Equity Minimum Variance + Sentiment,NVDA,0.0
2021-12-31,Equity Minimum Variance + Sentiment,O,0.0
2021-12-31,Equity Minimum Variance + Sentiment,OXY,0.0
2021-12-31,Equity Minimum Variance + Sentiment,PLD,0.0
2021-12-31,Equity Minimum Variance + Sentiment,PSA,0.088473
2021-12-31,Equity Minimum Variance + Sentiment,QCOM,0.0
2021-12-31,Equity Minimum Variance + Sentiment,SBUX,0.0
2021-12-31,Equity Minimum Variance + Sentiment,SHW,0.0
2021-12-31,Equity Minimum Variance + Sentiment,SLB,0.0
2021-12-31,Equity Minimum Variance + Sentiment,SO,0.0
2021-12-31,Equity Minimum Variance + Sentiment,T,0.02132
2021-12-31,Equity Minimum Variance + Sentiment,TMUS,0.0
2021-12-31,Equity Minimum Variance + Sentiment,TTWO,0.041725
2021-12-31,Equity Minimum Variance + Sentiment,UPS,0.020038
2021-12-31,Equity Minimum Variance + Sentiment,USB,0.0
2021-12-31,Equity Minimum Variance + Sentiment,V,0.0
2021-12-31,Equity Minimum Variance + Sentiment,WFC,0.0
2021-12-31,Equity Minimum Variance + Sentiment,WMT,0.181097
2021-12-31,Equity Minimum Variance + Sentiment,XOM,0.0
2022-02-01,Equity Minimum Variance + Sentiment,ABBV,0.124057
2022-02-01,Equity Minimum Variance + Sentiment,ABT,0.0
2022-02-01,Equity Minimum Variance + Sentiment,ADBE,0.0
2022-02-01,Equity Minimum Variance + Sentiment,AEP,0.010875
2022-02-01,Equity Minimum Variance + Sentiment,AMD,0.0
2022-02-01,Equity Minimum Variance + Sentiment,AMGN,0.0
2022-02-01,Equity Minimum Variance + Sentiment,AMT,0.0
2022-02-01,Equity Minimum Variance + Sentiment,BA,0.0
2022-02-01,Equity Minimum Variance + Sentiment,CAT,0.0
2022-02-01,Equity Minimum Variance + Sentiment,CCI,0.0
2022-02-01,Equity Minimum Variance + Sentiment,CMCSA,0.0
2022-02-01,Equity Minimum Variance + Sentiment,COP,0.0
2022-02-01,Equity Minimum Variance + Sentiment,CVX,0.0
2022-02-01,Equity Minimum Variance + Sentiment,D,0.0
2022-02-01,Equity Minimum Variance + Sentiment,DD,0.0
2022-02-01,Equity Minimum Variance + Sentiment,DIS,0.0
2022-02-01,Equity Minimum Variance + Sentiment,DOW,0.0
2022-02-01,Equity Minimum Variance + Sentiment,DUK,0.0
2022-02-01,Equity Minimum Variance + Sentiment,EA,0.084639
2022-02-01,Equity Minimum Variance + Sentiment,GE,0.0
2022-02-01,Equity Minimum Variance + Sentiment,GILD,0.133357
2022-02-01,Equity Minimum Variance + Sentiment,GS,0.0
2022-02-01,Equity Minimum Variance + Sentiment,INTC,0.0
2022-02-01,Equity Minimum Variance + Sentiment,KO,0.037113
2022-02-01,Equity Minimum Variance + Sentiment,MMM,0.078799
2022-02-01,Equity Minimum Variance + Sentiment,MRK,0.085027
2022-02-01,Equity Minimum Variance + Sentiment,MS,0.0
2022-02-01,Equity Minimum Variance + Sentiment,NEE,0.0
2022-02-01,Equity Minimum Variance + Sentiment,NEM,0.094609
2022-02-01,Equity Minimum Variance + Sentiment,NKE,0.017032
2022-02-01,Equity Minimum Variance + Sentiment,NUE,0.0
2022-02-01,Equity Minimum Variance + Sentiment,NVDA,0.0
2022-02-01,Equity Minimum Variance + Sentiment,O,0.0
2022-02-01,Equity Minimum Variance + Sentiment,OXY,0.0
2022-02-01,Equity Minimum Variance + Sentiment,PLD,0.0
2022-02-01,Equity Minimum Variance + Sentiment,PSA,0.091576
2022-02-01,Equity Minimum Variance + Sentiment,QCOM,0.0
2022-02-01,Equity Minimum Variance + Sentiment,SBUX,0.0
2022-02-01,Equity Minimum Variance + Sentiment,SHW,0.0
2022-02-01,Equity Minimum Variance + Sentiment,SLB,0.0
2022-02-01,Equity Minimum Variance + Sentiment,SO,0.0
2022-02-01,Equity Minimum Variance + Sentiment,T,0.00281
2022-02-01,Equity Minimum Variance + Sentiment,TMUS,0.0
2022-02-01,Equity Minimum Variance + Sentiment,TTWO,0.033327
2022-02-01,Equity Minimum Variance + Sentiment,UPS,0.023692
2022-02-01,Equity Minimum Variance + Sentiment,USB,0.0
2022-02-01,Equity Minimum Variance + Sentiment,V,0.0
2022-02-01,Equity Minimum Variance + Sentiment,WFC,0.0
2022-02-01,Equity Minimum Variance + Sentiment,WMT,0.183088
2022-02-01,Equity Minimum Variance + Sentiment,XOM,0.0
2022-03-03,Equity Minimum Variance + Sentiment,ABBV,0.112502
2022-03-03,Equity Minimum Variance + Sentiment,ABT,0.0
2022-03-03,Equity Minimum Variance + Sentiment,ADBE,0.0
2022-03-03,Equity Minimum Variance + Sentiment,AEP,0.016327
2022-03-03,Equity Minimum Variance + Sentiment,AMD,0.0
2022-03-03,Equity Minimum Variance + Sentiment,AMGN,0.0
2022-03-03,Equity Minimum Variance + Sentiment,AMT,0.0
2022-03-03,Equity Minimum Variance + Sentiment,BA,0.0
2022-03-03,Equity Minimum Variance + Sentiment,CAT,0.0
2022-03-03,Equity Minimum Variance + Sentiment,CCI,0.0
2022-03-03,Equity Minimum Variance + Sentiment,CMCSA,0.0
2022-03-03,Equity Minimum Variance + Sentiment,COP,0.0
2022-03-03,Equity Minimum Variance + Sentiment,CVX,0.0
2022-03-03,Equity Minimum Variance + Sentiment,D,0.0
2022-03-03,Equity Minimum Variance + Sentiment,DD,0.0
2022-03-03,Equity Minimum Variance + Sentiment,DIS,0.0
2022-03-03,Equity Minimum Variance + Sentiment,DOW,0.0
2022-03-03,Equity Minimum Variance + Sentiment,DUK,0.0
2022-03-03,Equity Minimum Variance + Sentiment,EA,0.079846
2022-03-03,Equity Minimum Variance + Sentiment,GE,0.0
2022-03-03,Equity Minimum Variance + Sentiment,GILD,0.142677
2022-03-03,Equity Minimum Variance + Sentiment,GS,0.0
2022-03-03,Equity Minimum Variance + Sentiment,INTC,0.0
2022-03-03,Equity Minimum Variance + Sentiment,KO,0.042274
2022-03-03,Equity Minimum Variance + Sentiment,MMM,0.062004
2022-03-03,Equity Minimum Variance + Sentiment,MRK,0.090489
2022-03-03,Equity Minimum Variance + Sentiment,MS,0.0
2022-03-03,Equity Minimum Variance + Sentiment,NEE,0.0
2022-03-03,Equity Minimum Variance + Sentiment,NEM,0.09207
2022-03-03,Equity Minimum Variance + Sentiment,NKE,0.007832
2022-03-03,Equity Minimum Variance + Sentiment,NUE,0.0
2022-03-03,Equity Minimum Variance + Sentiment,NVDA,0.0
2022-03-03,Equity Minimum Variance + Sentiment,O,0.0
2022-03-03,Equity Minimum Variance + Sentiment,OXY,0.0
2022-03-03,Equity Minimum Variance + Sentiment,PLD,0.0
2022-03-03,Equity Minimum Variance + Sentiment,PSA,0.091634
2022-03-03,Equity Minimum Variance + Sentiment,QCOM,0.0
2022-03-03,Equity Minimum Variance + Sentiment,SBUX,0.0
2022-03-03,Equity Minimum Variance + Sentiment,SHW,0.0
2022-03-03,Equity Minimum Variance + Sentiment,SLB,0.0
2022-03-03,Equity Minimum Variance + Sentiment,SO,0.0
2022-03-03,Equity Minimum Variance + Sentiment,T,0.007949
2022-03-03,Equity Minimum Variance + Sentiment,TMUS,0.0
2022-03-03,Equity Minimum Variance + Sentiment,TTWO,0.040494
2022-03-03,Equity Minimum Variance + Sentiment,UPS,0.013901
2022-03-03,Equity Minimum Variance + Sentiment,USB,0.0
2022-03-03,Equity Minimum Variance + Sentiment,V,0.0
2022-03-03,Equity Minimum Variance + Sentiment,WFC,0.0
2022-03-03,Equity Minimum Variance + Sentiment,WMT,0.2
2022-03-03,Equity Minimum Variance + Sentiment,XOM,0.0
2022-04-01,Equity Minimum Variance + Sentiment,ABBV,0.09642
2022-04-01,Equity Minimum Variance + Sentiment,ABT,0.0
2022-04-01,Equity Minimum Variance + Sentiment,ADBE,0.0
2022-04-01,Equity Minimum Variance + Sentiment,AEP,0.033713
2022-04-01,Equity Minimum Variance + Sentiment,AMD,0.0
2022-04-01,Equity Minimum Variance + Sentiment,AMGN,0.006955
2022-04-01,Equity Minimum Variance + Sentiment,AMT,0.0
2022-04-01,Equity Minimum Variance + Sentiment,BA,0.0
2022-04-01,Equity Minimum Variance + Sentiment,CAT,0.019326
2022-04-01,Equity Minimum Variance + Sentiment,CCI,0.0
2022-04-01,Equity Minimum Variance + Sentiment,CMCSA,0.0
2022-04-01,Equity Minimum Variance + Sentiment,COP,0.0
2022-04-01,Equity Minimum Variance + Sentiment,CVX,0.0
2022-04-01,Equity Minimum Variance + Sentiment,D,0.028658
2022-04-01,Equity Minimum Variance + Sentiment,DD,0.0
2022-04-01,Equity Minimum Variance + Sentiment,DIS,0.021944
2022-04-01,Equity Minimum Variance + Sentiment,DOW,0.0
2022-04-01,Equity Minimum Variance + Sentiment,DUK,0.027471
2022-04-01,Equity Minimum Variance + Sentiment,EA,0.089739
2022-04-01,Equity Minimum Variance + Sentiment,GE,0.0
2022-04-01,Equity Minimum Variance + Sentiment,GILD,0.092857
2022-04-01,Equity Minimum Variance + Sentiment,GS,0.0
2022-04-01,Equity Minimum Variance + Sentiment,INTC,0.0
2022-04-01,Equity Minimum Variance + Sentiment,KO,0.024352
2022-04-01,Equity Minimum Variance + Sentiment,MMM,0.063377
2022-04-01,Equity Minimum Variance + Sentiment,MRK,0.072704
2022-04-01,Equity Minimum Variance + Sentiment,MS,0.0
2022-04-01,Equity Minimum Variance + Sentiment,NEE,0.0
2022-04-01,Equity Minimum Variance + Sentiment,NEM,0.021026
2022-04-01,Equity Minimum Variance + Sentiment,NKE,0.020959
2022-04-01,Equity Minimum Variance + Sentiment,NUE,0.0
2022-04-01,Equity Minimum Variance + Sentiment,NVDA,0.0
2022-04-01,Equity Minimum Variance + Sentiment,O,0.0
2022-04-01,Equity Minimum Variance + Sentiment,OXY,0.0
2022-04-01,Equity Minimum Variance + Sentiment,PLD,0.0
2022-04-01,Equity Minimum Variance + Sentiment,PSA,0.082078
2022-04-01,Equity Minimum Variance + Sentiment,QCOM,0.0
2022-04-01,Equity Minimum Variance + Sentiment,SBUX,0.0
2022-04-01,Equity Minimum Variance + Sentiment,SHW,0.0
2022-04-01,Equity Minimum Variance + Sentiment,SLB,0.0
2022-04-01,Equity Minimum Variance + Sentiment,SO,0.0
2022-04-01,Equity Minimum Variance + Sentiment,T,0.047383
2022-04-01,Equity Minimum Variance + Sentiment,TMUS,0.0
2022-04-01,Equity Minimum Variance + Sentiment,TTWO,0.05602
2022-04-01,Equity Minimum Variance + Sentiment,UPS,0.0
2022-04-01,Equity Minimum Variance + Sentiment,USB,0.0
2022-04-01,Equity Minimum Variance + Sentiment,V,0.0
2022-04-01,Equity Minimum Variance + Sentiment,WFC,0.0
2022-04-01,Equity Minimum Variance + Sentiment,WMT,0.192585
2022-04-01,Equity Minimum Variance + Sentiment,XOM,0.002432
2022-05-03,Equity Minimum Variance + Sentiment,ABBV,0.082771
2022-05-03,Equity Minimum Variance + Sentiment,ABT,0.0
2022-05-03,Equity Minimum Variance + Sentiment,ADBE,0.003108
2022-05-03,Equity Minimum Variance + Sentiment,AEP,0.048254
2022-05-03,Equity Minimum Variance + Sentiment,AMD,0.0
2022-05-03,Equity Minimum Variance + Sentiment,AMGN,0.008077
2022-05-03,Equity Minimum Variance + Sentiment,AMT,0.0
2022-05-03,Equity Minimum Variance + Sentiment,BA,0.0
2022-05-03,Equity Minimum Variance + Sentiment,CAT,0.0172
2022-05-03,Equity Minimum Variance + Sentiment,CCI,0.0
2022-05-03,Equity Minimum Variance + Sentiment,CMCSA,0.0
2022-05-03,Equity Minimum Variance + Sentiment,COP,0.0
2022-05-03,Equity Minimum Variance + Sentiment,CVX,0.0
2022-05-03,Equity Minimum Variance + Sentiment,D,0.050863
2022-05-03,Equity Minimum Variance + Sentiment,DD,0.0
2022-05-03,Equity Minimum Variance + Sentiment,DIS,0.016789
2022-05-03,Equity Minimum Variance + Sentiment,DOW,0.0
2022-05-03,Equity Minimum Variance + Sentiment,DUK,0.058665
2022-05-03,Equity Minimum Variance + Sentiment,EA,0.070897
2022-05-03,Equity Minimum Variance + Sentiment,GE,0.0
2022-05-03,Equity Minimum Variance + Sentiment,GILD,0.07842
2022-05-03,Equity Minimum Variance + Sentiment,GS,0.0
2022-05-03,Equity Minimum Variance + Sentiment,INTC,0.0
2022-05-03,Equity Minimum Variance + Sentiment,KO,0.029699
2022-05-03,Equity Minimum Variance + Sentiment,MMM,0.043331
2022-05-03,Equity Minimum Variance + Sentiment,MRK,0.088495
2022-05-03,Equity Minimum Variance + Sentiment,MS,0.0
2022-05-03,Equity Minimum Variance + Sentiment,NEE,0.0
2022-05-03,Equity Minimum Variance + Sentiment,NEM,0.028653
2022-05-03,Equity Minimum Variance + Sentiment,NKE,0.026545
2022-05-03,Equity Minimum Variance + Sentiment,NUE,0.0
2022-05-03,Equity Minimum Variance + Sentiment,NVDA,0.0
2022-05-03,Equity Minimum Variance + Sentiment,O,0.0
2022-05-03,Equity Minimum Variance + Sentiment,OXY,0.0
2022-05-03,Equity Minimum Variance + Sentiment,PLD,0.0
2022-05-03,Equity Minimum Variance + Sentiment,PSA,0.033355
2022-05-03,Equity Minimum Variance + Sentiment,QCOM,0.0
2022-05-03,Equity Minimum Variance + Sentiment,SBUX,0.0
2022-05-03,Equity Minimum Variance + Sentiment,SHW,0.033408
2022-05-03,Equity Minimum Variance + Sentiment,SLB,0.0
2022-05-03,Equity Minimum Variance + Sentiment,SO,0.01792
2022-05-03,Equity Minimum Variance + Sentiment,T,0.061735
2022-05-03,Equity Minimum Variance + Sentiment,TMUS,0.0
2022-05-03,Equity Minimum Variance + Sentiment,TTWO,0.045758
2022-05-03,Equity Minimum Variance + Sentiment,UPS,0.0
2022-05-03,Equity Minimum Variance + Sentiment,USB,0.0
2022-05-03,Equity Minimum Variance + Sentiment,V,0.0
2022-05-03,Equity Minimum Variance + Sentiment,WFC,0.0
2022-05-03,Equity Minimum Variance + Sentiment,WMT,0.156056
2022-05-03,Equity Minimum Variance + Sentiment,XOM,0.0
2022-06-02,Equity Minimum Variance + Sentiment,ABBV,0.074264
2022-06-02,Equity Minimum Variance + Sentiment,ABT,0.0
2022-06-02,Equity Minimum Variance + Sentiment,ADBE,0.0
2022-06-02,Equity Minimum Variance + Sentiment,AEP,0.067746
2022-06-02,Equity Minimum Variance + Sentiment,AMD,0.0
2022-06-02,Equity Minimum Variance + Sentiment,AMGN,0.015662
2022-06-02,Equity Minimum Variance + Sentiment,AMT,0.0
2022-06-02,Equity Minimum Variance + Sentiment,BA,0.0
2022-06-02,Equity Minimum Variance + Sentiment,CAT,0.016105
2022-06-02,Equity Minimum Variance + Sentiment,CCI,0.0
2022-06-02,Equity Minimum Variance + Sentiment,CMCSA,0.003304
2022-06-02,Equity Minimum Variance + Sentiment,COP,0.0
2022-06-02,Equity Minimum Variance + Sentiment,CVX,0.0
2022-06-02,Equity Minimum Variance + Sentiment,D,0.049082
2022-06-02,Equity Minimum Variance + Sentiment,DD,0.0
2022-06-02,Equity Minimum Variance + Sentiment,DIS,0.022867
2022-06-02,Equity Minimum Variance + Sentiment,DOW,0.0
2022-06-02,Equity Minimum Variance + Sentiment,DUK,0.067899
2022-06-02,Equity Minimum Variance + Sentiment,EA,0.077226
2022-06-02,Equity Minimum Variance + Sentiment,GE,0.0
2022-06-02,Equity Minimum Variance + Sentiment,GILD,0.091829
2022-06-02,Equity Minimum Variance + Sentiment,GS,0.0
2022-06-02,Equity Minimum Variance + Sentiment,INTC,0.0
2022-06-02,Equity Minimum Variance + Sentiment,KO,0.010256
2022-06-02,Equity Minimum Variance + Sentiment,MMM,0.052624
2022-06-02,Equity Minimum Variance + Sentiment,MRK,0.090634
2022-06-02,Equity Minimum Variance + Sentiment,MS,0.0
2022-06-02,Equity Minimum Variance + Sentiment,NEE,0.0
2022-06-02,Equity Minimum Variance + Sentiment,NEM,0.025784
2022-06-02,Equity Minimum Variance + Sentiment,NKE,0.014433
2022-06-02,Equity Minimum Variance + Sentiment,NUE,0.0
2022-06-02,Equity Minimum Variance + Sentiment,NVDA,0.0
2022-06-02,Equity Minimum Variance + Sentiment,O,0.000282
2022-06-02,Equity Minimum Variance + Sentiment,OXY,0.0
2022-06-02,Equity Minimum Variance + Sentiment,PLD,0.0
2022-06-02,Equity Minimum Variance + Sentiment,PSA,0.039838
2022-06-02,Equity Minimum Variance + Sentiment,QCOM,0.0
2022-06-02,Equity Minimum Variance + Sentiment,SBUX,0.0
2022-06-02,Equity Minimum Variance + Sentiment,SHW,0.023134
2022-06-02,Equity Minimum Variance + Sentiment,SLB,0.0
2022-06-02,Equity Minimum Variance + Sentiment,SO,0.036075
2022-06-02,Equity Minimum Variance + Sentiment,T,0.061227
2022-06-02,Equity Minimum Variance + Sentiment,TMUS,0.0
2022-06-02,Equity Minimum Variance + Sentiment,TTWO,0.039539
2022-06-02,Equity Minimum Variance + Sentiment,UPS,0.0
2022-06-02,Equity Minimum Variance + Sentiment,USB,0.0
2022-06-02,Equity Minimum Variance + Sentiment,V,0.0
2022-06-02,Equity Minimum Variance + Sentiment,WFC,0.0
2022-06-02,Equity Minimum Variance + Sentiment,WMT,0.120193
2022-06-02,Equity Minimum Variance + Sentiment,XOM,0.0
2022-07-05,Equity Minimum Variance + Sentiment,ABBV,0.070892
2022-07-05,Equity Minimum Variance + Sentiment,ABT,0.0
2022-07-05,Equity Minimum Variance + Sentiment,ADBE,0.0
2022-07-05,Equity Minimum Variance + Sentiment,AEP,0.061452
2022-07-05,Equity Minimum Variance + Sentiment,AMD,0.0
2022-07-05,Equity Minimum Variance + Sentiment,AMGN,0.042755
2022-07-05,Equity Minimum Variance + Sentiment,AMT,0.0
2022-07-05,Equity Minimum Variance + Sentiment,BA,0.0
2022-07-05,Equity Minimum Variance + Sentiment,CAT,0.023571
2022-07-05,Equity Minimum Variance + Sentiment,CCI,0.0
2022-07-05,Equity Minimum Variance + Sentiment,CMCSA,0.0
2022-07-05,Equity Minimum Variance + Sentiment,COP,0.0
2022-07-05,Equity Minimum Variance + Sentiment,CVX,0.001912
2022-07-05,Equity Minimum Variance + Sentiment,D,0.038793
2022-07-05,Equity Minimum Variance + Sentiment,DD,0.0
2022-07-05,Equity Minimum Variance + Sentiment,DIS,0.018849
2022-07-05,Equity Minimum Variance + Sentiment,DOW,0.0
2022-07-05,Equity Minimum Variance + Sentiment,DUK,0.053336
2022-07-05,Equity Minimum Variance + Sentiment,EA,0.070108
2022-07-05,Equity Minimum Variance + Sentiment,GE,0.0
2022-07-05,Equity Minimum Variance + Sentiment,GILD,0.081159
2022-07-05,Equity Minimum Variance + Sentiment,GS,0.004506
2022-07-05,Equity Minimum Variance + Sentiment,INTC,0.0
2022-07-05,Equity Minimum Variance + Sentiment,KO,0.037432
2022-07-05,Equity Minimum Variance + Sentiment,MMM,0.061783
2022-07-05,Equity Minimum Variance + Sentiment,MRK,0.091998
2022-07-05,Equity Minimum Variance + Sentiment,MS,0.0
2022-07-05,Equity Minimum Variance + Sentiment,NEE,0.0
2022-07-05,Equity Minimum Variance + Sentiment,NEM,0.028157
2022-07-05,Equity Minimum Variance + Sentiment,NKE,0.011528
2022-07-05,Equity Minimum Variance + Sentiment,NUE,0.0
2022-07-05,Equity Minimum Variance + Sentiment,NVDA,0.0
2022-07-05,Equity Minimum Variance + Sentiment,O,0.004558
2022-07-05,Equity Minimum Variance + Sentiment,OXY,0.0
2022-07-05,Equity Minimum Variance + Sentiment,PLD,0.0
2022-07-05,Equity Minimum Variance + Sentiment,PSA,0.030881
2022-07-05,Equity Minimum Variance + Sentiment,QCOM,0.0
2022-07-05,Equity Minimum Variance + Sentiment,SBUX,0.0
2022-07-05,Equity Minimum Variance + Sentiment,SHW,0.01613
2022-07-05,Equity Minimum Variance + Sentiment,SLB,0.0
2022-07-05,Equity Minimum Variance + Sentiment,SO,0.033362
2022-07-05,Equity Minimum Variance + Sentiment,T,0.059652
2022-07-05,Equity Minimum Variance + Sentiment,TMUS,0.0
2022-07-05,Equity Minimum Variance + Sentiment,TTWO,0.035296
2022-07-05,Equity Minimum Variance + Sentiment,UPS,0.011578
2022-07-05,Equity Minimum Variance + Sentiment,USB,0.0
2022-07-05,Equity Minimum Variance + Sentiment,V,0.0
2022-07-05,Equity Minimum Variance + Sentiment,WFC,0.0
2022-07-05,Equity Minimum Variance + Sentiment,WMT,0.110311
2022-07-05,Equity Minimum Variance + Sentiment,XOM,0.0
2022-08-03,Equity Minimum Variance + Sentiment,ABBV,0.068582
2022-08-03,Equity Minimum Variance + Sentiment,ABT,0.0
2022-08-03,Equity Minimum Variance + Sentiment,ADBE,0.0
2022-08-03,Equity Minimum Variance + Sentiment,AEP,0.062461
2022-08-03,Equity Minimum Variance + Sentiment,AMD,0.0
2022-08-03,Equity Minimum Variance + Sentiment,AMGN,0.041633
2022-08-03,Equity Minimum Variance + Sentiment,AMT,0.0
2022-08-03,Equity Minimum Variance + Sentiment,BA,0.0
2022-08-03,Equity Minimum Variance + Sentiment,CAT,0.020922
2022-08-03,Equity Minimum Variance + Sentiment,CCI,0.0
2022-08-03,Equity Minimum Variance + Sentiment,CMCSA,0.0
2022-08-03,Equity Minimum Variance + Sentiment,COP,0.0
2022-08-03,Equity Minimum Variance + Sentiment,CVX,0.006434
2022-08-03,Equity Minimum Variance + Sentiment,D,0.043329
2022-08-03,Equity Minimum Variance + Sentiment,DD,0.0
2022-08-03,Equity Minimum Variance + Sentiment,DIS,0.01482
2022-08-03,Equity Minimum Variance + Sentiment,DOW,0.0
2022-08-03,Equity Minimum Variance + Sentiment,DUK,0.056654
2022-08-03,Equity Minimum Variance + Sentiment,EA,0.067306
2022-08-03,Equity Minimum Variance + Sentiment,GE,0.0
2022-08-03,Equity Minimum Variance + Sentiment,GILD,0.079697
2022-08-03,Equity Minimum Variance + Sentiment,GS,0.000923
2022-08-03,Equity Minimum Variance + Sentiment,INTC,0.0
2022-08-03,Equity Minimum Variance + Sentiment,KO,0.041826
2022-08-03,Equity Minimum Variance + Sentiment,MMM,0.056664
2022-08-03,Equity Minimum Variance + Sentiment,MRK,0.096311
2022-08-03,Equity Minimum Variance + Sentiment,MS,0.0
2022-08-03,Equity Minimum Variance + Sentiment,NEE,0.0
2022-08-03,Equity Minimum Variance + Sentiment,NEM,0.031795
2022-08-03,Equity Minimum Variance + Sentiment,NKE,0.005144
2022-08-03,Equity Minimum Variance + Sentiment,NUE,0.0
2022-08-03,Equity Minimum Variance + Sentiment,NVDA,0.0
2022-08-03,Equity Minimum Variance + Sentiment,O,0.009928
2022-08-03,Equity Minimum Variance + Sentiment,OXY,0.0
2022-08-03,Equity Minimum Variance + Sentiment,PLD,0.0
2022-08-03,Equity Minimum Variance + Sentiment,PSA,0.024399
2022-08-03,Equity Minimum Variance + Sentiment,QCOM,0.0
2022-08-03,Equity Minimum Variance + Sentiment,SBUX,0.0
2022-08-03,Equity Minimum Variance + Sentiment,SHW,0.024793
2022-08-03,Equity Minimum Variance + Sentiment,SLB,0.0
2022-08-03,Equity Minimum Variance + Sentiment,SO,0.038228
2022-08-03,Equity Minimum Variance + Sentiment,T,0.055826
2022-08-03,Equity Minimum Variance + Sentiment,TMUS,0.0
2022-08-03,Equity Minimum Variance + Sentiment,TTWO,0.036699
2022-08-03,Equity Minimum Variance + Sentiment,UPS,0.000386
2022-08-03,Equity Minimum Variance + Sentiment,USB,0.0
2022-08-03,Equity Minimum Variance + Sentiment,V,0.0
2022-08-03,Equity Minimum Variance + Sentiment,WFC,0.0
2022-08-03,Equity Minimum Variance + Sentiment,WMT,0.112969
2022-08-03,Equity Minimum Variance + Sentiment,XOM,0.002273
2022-09-01,Equity Minimum Variance + Sentiment,ABBV,0.057556
2022-09-01,Equity Minimum Variance + Sentiment,ABT,0.0
2022-09-01,Equity Minimum Variance + Sentiment,ADBE,0.0
2022-09-01,Equity Minimum Variance + Sentiment,AEP,0.059915
2022-09-01,Equity Minimum Variance + Sentiment,AMD,0.0
2022-09-01,Equity Minimum Variance + Sentiment,AMGN,0.040034
2022-09-01,Equity Minimum Variance + Sentiment,AMT,0.0
2022-09-01,Equity Minimum Variance + Sentiment,BA,0.0
2022-09-01,Equity Minimum Variance + Sentiment,CAT,0.012381
2022-09-01,Equity Minimum Variance + Sentiment,CCI,0.005034
2022-09-01,Equity Minimum Variance + Sentiment,CMCSA,0.0
2022-09-01,Equity Minimum Variance + Sentiment,COP,0.0
2022-09-01,Equity Minimum Variance + Sentiment,CVX,0.015711
2022-09-01,Equity Minimum Variance + Sentiment,D,0.036198
2022-09-01,Equity Minimum Variance + Sentiment,DD,0.0
2022-09-01,Equity Minimum Variance + Sentiment,DIS,0.010636
2022-09-01,Equity Minimum Variance + Sentiment,DOW,0.0
2022-09-01,Equity Minimum Variance + Sentiment,DUK,0.058483
2022-09-01,Equity Minimum Variance + Sentiment,EA,0.071053
2022-09-01,Equity Minimum Variance + Sentiment,GE,0.0
2022-09-01,Equity Minimum Variance + Sentiment,GILD,0.077784
2022-09-01,Equity Minimum Variance + Sentiment,GS,0.004271
2022-09-01,Equity Minimum Variance + Sentiment,INTC,0.0
2022-09-01,Equity Minimum Variance + Sentiment,KO,0.047266
2022-09-01,Equity Minimum Variance + Sentiment,MMM,0.046141
2022-09-01,Equity Minimum Variance + Sentiment,MRK,0.081967
2022-09-01,Equity Minimum Variance + Sentiment,MS,0.0
2022-09-01,Equity Minimum Variance + Sentiment,NEE,0.0
2022-09-01,Equity Minimum Variance + Sentiment,NEM,0.032861
2022-09-01,Equity Minimum Variance + Sentiment,NKE,0.000209
2022-09-01,Equity Minimum Variance + Sentiment,NUE,0.0
2022-09-01,Equity Minimum Variance + Sentiment,NVDA,0.0
2022-09-01,Equity Minimum Variance + Sentiment,O,0.028887
2022-09-01,Equity Minimum Variance + Sentiment,OXY,0.0
2022-09-01,Equity Minimum Variance + Sentiment,PLD,0.0
2022-09-01,Equity Minimum Variance + Sentiment,PSA,0.023877
2022-09-01,Equity Minimum Variance + Sentiment,QCOM,0.0
2022-09-01,Equity Minimum Variance + Sentiment,SBUX,0.0
2022-09-01,Equity Minimum Variance + Sentiment,SHW,0.024812
2022-09-01,Equity Minimum Variance + Sentiment,SLB,0.0
2022-09-01,Equity Minimum Variance + Sentiment,SO,0.039789
2022-09-01,Equity Minimum Variance + Sentiment,T,0.059416
2022-09-01,Equity Minimum Variance + Sentiment,TMUS,0.0
2022-09-01,Equity Minimum Variance + Sentiment,TTWO,0.036986
2022-09-01,Equity Minimum Variance + Sentiment,UPS,0.011096
2022-09-01,Equity Minimum Variance + Sentiment,USB,0.0
2022-09-01,Equity Minimum Variance + Sentiment,V,0.0
2022-09-01,Equity Minimum Variance + Sentiment,WFC,0.0
2022-09-01,Equity Minimum Variance + Sentiment,WMT,0.115335
2022-09-01,Equity Minimum Variance + Sentiment,XOM,0.002302
2022-10-03,Equity Minimum Variance + Sentiment,ABBV,0.062507
2022-10-03,Equity Minimum Variance + Sentiment,ABT,0.0
2022-10-03,Equity Minimum Variance + Sentiment,ADBE,0.0
2022-10-03,Equity Minimum Variance + Sentiment,AEP,0.039597
2022-10-03,Equity Minimum Variance + Sentiment,AMD,0.0
2022-10-03,Equity Minimum Variance + Sentiment,AMGN,0.057553
2022-10-03,Equity Minimum Variance + Sentiment,AMT,0.0
2022-10-03,Equity Minimum Variance + Sentiment,BA,0.0
2022-10-03,Equity Minimum Variance + Sentiment,CAT,0.003072
2022-10-03,Equity Minimum Variance + Sentiment,CCI,0.0
2022-10-03,Equity Minimum Variance + Sentiment,CMCSA,0.0
2022-10-03,Equity Minimum Variance + Sentiment,COP,0.0
2022-10-03,Equity Minimum Variance + Sentiment,CVX,0.023718
2022-10-03,Equity Minimum Variance + Sentiment,D,0.017417
2022-10-03,Equity Minimum Variance + Sentiment,DD,0.0
2022-10-03,Equity Minimum Variance + Sentiment,DIS,0.0
2022-10-03,Equity Minimum Variance + Sentiment,DOW,0.0
2022-10-03,Equity Minimum Variance + Sentiment,DUK,0.059989
2022-10-03,Equity Minimum Variance + Sentiment,EA,0.082874
2022-10-03,Equity Minimum Variance + Sentiment,GE,0.0
2022-10-03,Equity Minimum Variance + Sentiment,GILD,0.063909
2022-10-03,Equity Minimum Variance + Sentiment,GS,0.006192
2022-10-03,Equity Minimum Variance + Sentiment,INTC,0.0
2022-10-03,Equity Minimum Variance + Sentiment,KO,0.070282
2022-10-03,Equity Minimum Variance + Sentiment,MMM,0.051267
2022-10-03,Equity Minimum Variance + Sentiment,MRK,0.10254
2022-10-03,Equity Minimum Variance + Sentiment,MS,0.0
2022-10-03,Equity Minimum Variance + Sentiment,NEE,0.0
2022-10-03,Equity Minimum Variance + Sentiment,NEM,0.034376
2022-10-03,Equity Minimum Variance + Sentiment,NKE,0.0
2022-10-03,Equity Minimum Variance + Sentiment,NUE,0.0
2022-10-03,Equity Minimum Variance + Sentiment,NVDA,0.0
2022-10-03,Equity Minimum Variance + Sentiment,O,0.038153
2022-10-03,Equity Minimum Variance + Sentiment,OXY,0.0
2022-10-03,Equity Minimum Variance + Sentiment,PLD,0.0
2022-10-03,Equity Minimum Variance + Sentiment,PSA,0.02375
2022-10-03,Equity Minimum Variance + Sentiment,QCOM,0.0
2022-10-03,Equity Minimum Variance + Sentiment,SBUX,0.0
2022-10-03,Equity Minimum Variance + Sentiment,SHW,0.010388
2022-10-03,Equity Minimum Variance + Sentiment,SLB,0.0
2022-10-03,Equity Minimum Variance + Sentiment,SO,0.021077
2022-10-03,Equity Minimum Variance + Sentiment,T,0.054035
2022-10-03,Equity Minimum Variance + Sentiment,TMUS,0.0
2022-10-03,Equity Minimum Variance + Sentiment,TTWO,0.028218
2022-10-03,Equity Minimum Variance + Sentiment,UPS,0.013764
2022-10-03,Equity Minimum Variance + Sentiment,USB,0.0
2022-10-03,Equity Minimum Variance + Sentiment,V,0.0
2022-10-03,Equity Minimum Variance + Sentiment,WFC,0.0
2022-10-03,Equity Minimum Variance + Sentiment,WMT,0.135322
2022-10-03,Equity Minimum Variance + Sentiment,XOM,0.0
2022-11-01,Equity Minimum Variance + Sentiment,ABBV,0.077493
2022-11-01,Equity Minimum Variance + Sentiment,ABT,0.0
2022-11-01,Equity Minimum Variance + Sentiment,ADBE,0.0
2022-11-01,Equity Minimum Variance + Sentiment,AEP,0.023759
2022-11-01,Equity Minimum Variance + Sentiment,AMD,0.0
2022-11-01,Equity Minimum Variance + Sentiment,AMGN,0.068062
2022-11-01,Equity Minimum Variance + Sentiment,AMT,0.0
2022-11-01,Equity Minimum Variance + Sentiment,BA,0.0
2022-11-01,Equity Minimum Variance + Sentiment,CAT,0.0
2022-11-01,Equity Minimum Variance + Sentiment,CCI,0.0
2022-11-01,Equity Minimum Variance + Sentiment,CMCSA,0.0
2022-11-01,Equity Minimum Variance + Sentiment,COP,0.0
2022-11-01,Equity Minimum Variance + Sentiment,CVX,0.022485
2022-11-01,Equity Minimum Variance + Sentiment,D,0.007746
2022-11-01,Equity Minimum Variance + Sentiment,DD,0.0
2022-11-01,Equity Minimum Variance + Sentiment,DIS,0.0
2022-11-01,Equity Minimum Variance + Sentiment,DOW,0.0
2022-11-01,Equity Minimum Variance + Sentiment,DUK,0.0474
2022-11-01,Equity Minimum Variance + Sentiment,EA,0.086144
2022-11-01,Equity Minimum Variance + Sentiment,GE,0.0
2022-11-01,Equity Minimum Variance + Sentiment,GILD,0.047883
2022-11-01,Equity Minimum Variance + Sentiment,GS,0.0
2022-11-01,Equity Minimum Variance + Sentiment,INTC,0.0
2022-11-01,Equity Minimum Variance + Sentiment,KO,0.08435
2022-11-01,Equity Minimum Variance + Sentiment,MMM,0.038484
2022-11-01,Equity Minimum Variance + Sentiment,MRK,0.113414
2022-11-01,Equity Minimum Variance + Sentiment,MS,0.0
2022-11-01,Equity Minimum Variance + Sentiment,NEE,0.0
2022-11-01,Equity Minimum Variance + Sentiment,NEM,0.040357
2022-11-01,Equity Minimum Variance + Sentiment,NKE,0.0
2022-11-01,Equity Minimum Variance + Sentiment,NUE,0.0
2022-11-01,Equity Minimum Variance + Sentiment,NVDA,0.0
2022-11-01,Equity Minimum Variance + Sentiment,O,0.043581
2022-11-01,Equity Minimum Variance + Sentiment,OXY,0.0
2022-11-01,Equity Minimum Variance + Sentiment,PLD,0.0
2022-11-01,Equity Minimum Variance + Sentiment,PSA,0.026435
2022-11-01,Equity Minimum Variance + Sentiment,QCOM,0.0
2022-11-01,Equity Minimum Variance + Sentiment,SBUX,0.0
2022-11-01,Equity Minimum Variance + Sentiment,SHW,0.0
2022-11-01,Equity Minimum Variance + Sentiment,SLB,0.0
2022-11-01,Equity Minimum Variance + Sentiment,SO,0.017272
2022-11-01,Equity Minimum Variance + Sentiment,T,0.045423
2022-11-01,Equity Minimum Variance + Sentiment,TMUS,0.00143
2022-11-01,Equity Minimum Variance + Sentiment,TTWO,0.041544
2022-11-01,Equity Minimum Variance + Sentiment,UPS,0.033991
2022-11-01,Equity Minimum Variance + Sentiment,USB,0.002247
2022-11-01,Equity Minimum Variance + Sentiment,V,0.0
2022-11-01,Equity Minimum Variance + Sentiment,WFC,0.0
2022-11-01,Equity Minimum Variance + Sentiment,WMT,0.129446
2022-11-01,Equity Minimum Variance + Sentiment,XOM,0.001056
2022-12-01,Equity Minimum Variance + Sentiment,ABBV,0.091616
2022-12-01,Equity Minimum Variance + Sentiment,ABT,0.0
2022-12-01,Equity Minimum Variance + Sentiment,ADBE,0.0
2022-12-01,Equity Minimum Variance + Sentiment,AEP,0.014144
2022-12-01,Equity Minimum Variance + Sentiment,AMD,0.0
2022-12-01,Equity Minimum Variance + Sentiment,AMGN,0.085763
2022-12-01,Equity Minimum Variance + Sentiment,AMT,0.0
2022-12-01,Equity Minimum Variance + Sentiment,BA,0.0
2022-12-01,Equity Minimum Variance + Sentiment,CAT,0.0
2022-12-01,Equity Minimum Variance + Sentiment,CCI,0.0
2022-12-01,Equity Minimum Variance + Sentiment,CMCSA,0.0
2022-12-01,Equity Minimum Variance + Sentiment,COP,0.0
2022-12-01,Equity Minimum Variance + Sentiment,CVX,0.038493
2022-12-01,Equity Minimum Variance + Sentiment,D,0.012632
2022-12-01,Equity Minimum Variance + Sentiment,DD,0.0
2022-12-01,Equity Minimum Variance + Sentiment,DIS,0.0
2022-12-01,Equity Minimum Variance + Sentiment,DOW,0.0
2022-12-01,Equity Minimum Variance + Sentiment,DUK,0.050458
2022-12-01,Equity Minimum Variance + Sentiment,EA,0.088821
2022-12-01,Equity Minimum Variance + Sentiment,GE,0.0
2022-12-01,Equity Minimum Variance + Sentiment,GILD,0.051206
2022-12-01,Equity Minimum Variance + Sentiment,GS,1.3e-05
2022-12-01,Equity Minimum Variance + Sentiment,INTC,0.0
2022-12-01,Equity Minimum Variance + Sentiment,KO,0.084914
2022-12-01,Equity Minimum Variance + Sentiment,MMM,0.033041
2022-12-01,Equity Minimum Variance + Sentiment,MRK,0.130122
2022-12-01,Equity Minimum Variance + Sentiment,MS,0.0
2022-12-01,Equity Minimum Variance + Sentiment,NEE,0.0
2022-12-01,Equity Minimum Variance + Sentiment,NEM,0.015918
2022-12-01,Equity Minimum Variance + Sentiment,NKE,0.0
2022-12-01,Equity Minimum Variance + Sentiment,NUE,0.0
2022-12-01,Equity Minimum Variance + Sentiment,NVDA,0.0
2022-12-01,Equity Minimum Variance + Sentiment,O,0.058627
2022-12-01,Equity Minimum Variance + Sentiment,OXY,0.0
2022-12-01,Equity Minimum Variance + Sentiment,PLD,0.0
2022-12-01,Equity Minimum Variance + Sentiment,PSA,0.0
2022-12-01,Equity Minimum Variance + Sentiment,QCOM,0.0
2022-12-01,Equity Minimum Variance + Sentiment,SBUX,0.0
2022-12-01,Equity Minimum Variance + Sentiment,SHW,0.0
2022-12-01,Equity Minimum Variance + Sentiment,SLB,0.0
2022-12-01,Equity Minimum Variance + Sentiment,SO,0.019934
2022-12-01,Equity Minimum Variance + Sentiment,T,0.039433
2022-12-01,Equity Minimum Variance + Sentiment,TMUS,0.001141
2022-12-01,Equity Minimum Variance + Sentiment,TTWO,0.030092
2022-12-01,Equity Minimum Variance + Sentiment,UPS,0.010113
2022-12-01,Equity Minimum Variance + Sentiment,USB,0.002436
2022-12-01,Equity Minimum Variance + Sentiment,V,0.0
2022-12-01,Equity Minimum Variance + Sentiment,WFC,0.0
2022-12-01,Equity Minimum Variance + Sentiment,WMT,0.132049
2022-12-01,Equity Minimum Variance + Sentiment,XOM,0.009035
2023-01-03,Equity Minimum Variance + Sentiment,ABBV,0.086049
2023-01-03,Equity Minimum Variance + Sentiment,ABT,0.0
2023-01-03,Equity Minimum Variance + Sentiment,ADBE,0.0
2023-01-03,Equity Minimum Variance + Sentiment,AEP,0.006359
2023-01-03,Equity Minimum Variance + Sentiment,AMD,0.0
2023-01-03,Equity Minimum Variance + Sentiment,AMGN,0.093406
2023-01-03,Equity Minimum Variance + Sentiment,AMT,0.0
2023-01-03,Equity Minimum Variance + Sentiment,BA,0.0
2023-01-03,Equity Minimum Variance + Sentiment,CAT,0.0
2023-01-03,Equity Minimum Variance + Sentiment,CCI,0.0
2023-01-03,Equity Minimum Variance + Sentiment,CMCSA,0.0
2023-01-03,Equity Minimum Variance + Sentiment,COP,0.0
2023-01-03,Equity Minimum Variance + Sentiment,CVX,0.039163
2023-01-03,Equity Minimum Variance + Sentiment,D,0.007741
2023-01-03,Equity Minimum Variance + Sentiment,DD,0.0
2023-01-03,Equity Minimum Variance + Sentiment,DIS,0.0
2023-01-03,Equity Minimum Variance + Sentiment,DOW,0.0
2023-01-03,Equity Minimum Variance + Sentiment,DUK,0.059031
2023-01-03,Equity Minimum Variance + Sentiment,EA,0.084438
2023-01-03,Equity Minimum Variance + Sentiment,GE,0.0
2023-01-03,Equity Minimum Variance + Sentiment,GILD,0.052379
2023-01-03,Equity Minimum Variance + Sentiment,GS,0.0
2023-01-03,Equity Minimum Variance + Sentiment,INTC,0.0
2023-01-03,Equity Minimum Variance + Sentiment,KO,0.100813
2023-01-03,Equity Minimum Variance + Sentiment,MMM,0.031889
2023-01-03,Equity Minimum Variance + Sentiment,MRK,0.113842
2023-01-03,Equity Minimum Variance + Sentiment,MS,0.0
2023-01-03,Equity Minimum Variance + Sentiment,NEE,0.0
2023-01-03,Equity Minimum Variance + Sentiment,NEM,0.015708
2023-01-03,Equity Minimum Variance + Sentiment,NKE,0.0
2023-01-03,Equity Minimum Variance + Sentiment,NUE,0.0
2023-01-03,Equity Minimum Variance + Sentiment,NVDA,0.0
2023-01-03,Equity Minimum Variance + Sentiment,O,0.085844
2023-01-03,Equity Minimum Variance + Sentiment,OXY,0.0
2023-01-03,Equity Minimum Variance + Sentiment,PLD,0.0
2023-01-03,Equity Minimum Variance + Sentiment,PSA,0.0
2023-01-03,Equity Minimum Variance + Sentiment,QCOM,0.0
2023-01-03,Equity Minimum Variance + Sentiment,SBUX,0.0
2023-01-03,Equity Minimum Variance + Sentiment,SHW,0.0
2023-01-03,Equity Minimum Variance + Sentiment,SLB,0.0
2023-01-03,Equity Minimum Variance + Sentiment,SO,0.020181
2023-01-03,Equity Minimum Variance + Sentiment,T,0.044574
2023-01-03,Equity Minimum Variance + Sentiment,TMUS,0.000901
2023-01-03,Equity Minimum Variance + Sentiment,TTWO,0.022739
2023-01-03,Equity Minimum Variance + Sentiment,UPS,9.7e-05
2023-01-03,Equity Minimum Variance + Sentiment,USB,0.0
2023-01-03,Equity Minimum Variance + Sentiment,V,0.0
2023-01-03,Equity Minimum Variance + Sentiment,WFC,0.0
2023-01-03,Equity Minimum Variance + Sentiment,WMT,0.124035
2023-01-03,Equity Minimum Variance + Sentiment,XOM,0.010811
2023-02-02,Equity Minimum Variance + Sentiment,ABBV,0.102868
2023-02-02,Equity Minimum Variance + Sentiment,ABT,0.0
2023-02-02,Equity Minimum Variance + Sentiment,ADBE,0.0
2023-02-02,Equity Minimum Variance + Sentiment,AEP,0.001876
2023-02-02,Equity Minimum Variance + Sentiment,AMD,0.0
2023-02-02,Equity Minimum Variance + Sentiment,AMGN,0.096047
2023-02-02,Equity Minimum Variance + Sentiment,AMT,0.0
2023-02-02,Equity Minimum Variance + Sentiment,BA,0.0
2023-02-02,Equity Minimum Variance + Sentiment,CAT,0.0
2023-02-02,Equity Minimum Variance + Sentiment,CCI,0.0
2023-02-02,Equity Minimum Variance + Sentiment,CMCSA,0.0
2023-02-02,Equity Minimum Variance + Sentiment,COP,0.0
2023-02-02,Equity Minimum Variance + Sentiment,CVX,0.051245
2023-02-02,Equity Minimum Variance + Sentiment,D,0.002402
2023-02-02,Equity Minimum Variance + Sentiment,DD,0.0
2023-02-02,Equity Minimum Variance + Sentiment,DIS,0.0
2023-02-02,Equity Minimum Variance + Sentiment,DOW,0.0
2023-02-02,Equity Minimum Variance + Sentiment,DUK,0.054403
2023-02-02,Equity Minimum Variance + Sentiment,EA,0.080964
2023-02-02,Equity Minimum Variance + Sentiment,GE,0.0
2023-02-02,Equity Minimum Variance + Sentiment,GILD,0.043579
2023-02-02,Equity Minimum Variance + Sentiment,GS,0.009858
2023-02-02,Equity Minimum Variance + Sentiment,INTC,0.0
2023-02-02,Equity Minimum Variance + Sentiment,KO,0.09601
2023-02-02,Equity Minimum Variance + Sentiment,MMM,0.0
2023-02-02,Equity Minimum Variance + Sentiment,MRK,0.121655
2023-02-02,Equity Minimum Variance + Sentiment,MS,0.0
2023-02-02,Equity Minimum Variance + Sentiment,NEE,0.007586
2023-02-02,Equity Minimum Variance + Sentiment,NEM,0.010523
2023-02-02,Equity Minimum Variance + Sentiment,NKE,0.0
2023-02-02,Equity Minimum Variance + Sentiment,NUE,0.0
2023-02-02,Equity Minimum Variance + Sentiment,NVDA,0.0
2023-02-02,Equity Minimum Variance + Sentiment,O,0.087428
2023-02-02,Equity Minimum Variance + Sentiment,OXY,0.0
2023-02-02,Equity Minimum Variance + Sentiment,PLD,0.0
2023-02-02,Equity Minimum Variance + Sentiment,PSA,0.0
2023-02-02,Equity Minimum Variance + Sentiment,QCOM,0.0
2023-02-02,Equity Minimum Variance + Sentiment,SBUX,0.0
2023-02-02,Equity Minimum Variance + Sentiment,SHW,0.0
2023-02-02,Equity Minimum Variance + Sentiment,SLB,0.0
2023-02-02,Equity Minimum Variance + Sentiment,SO,0.029282
2023-02-02,Equity Minimum Variance + Sentiment,T,0.037097
2023-02-02,Equity Minimum Variance + Sentiment,TMUS,0.003475
2023-02-02,Equity Minimum Variance + Sentiment,TTWO,0.035077
2023-02-02,Equity Minimum Variance + Sentiment,UPS,0.0046
2023-02-02,Equity Minimum Variance + Sentiment,USB,0.0
2023-02-02,Equity Minimum Variance + Sentiment,V,0.0
2023-02-02,Equity Minimum Variance + Sentiment,WFC,0.0
2023-02-02,Equity Minimum Variance + Sentiment,WMT,0.120965
2023-02-02,Equity Minimum Variance + Sentiment,XOM,0.003058
2023-03-06,Equity Minimum Variance + Sentiment,ABBV,0.096774
2023-03-06,Equity Minimum Variance + Sentiment,ABT,0.0
2023-03-06,Equity Minimum Variance + Sentiment,ADBE,0.0
2023-03-06,Equity Minimum Variance + Sentiment,AEP,0.0
2023-03-06,Equity Minimum Variance + Sentiment,AMD,0.0
2023-03-06,Equity Minimum Variance + Sentiment,AMGN,0.098247
2023-03-06,Equity Minimum Variance + Sentiment,AMT,0.0
2023-03-06,Equity Minimum Variance + Sentiment,BA,0.0
2023-03-06,Equity Minimum Variance + Sentiment,CAT,0.0
2023-03-06,Equity Minimum Variance + Sentiment,CCI,0.0
2023-03-06,Equity Minimum Variance + Sentiment,CMCSA,0.0
2023-03-06,Equity Minimum Variance + Sentiment,COP,0.0
2023-03-06,Equity Minimum Variance + Sentiment,CVX,0.04502
2023-03-06,Equity Minimum Variance + Sentiment,D,0.007401
2023-03-06,Equity Minimum Variance + Sentiment,DD,0.0
2023-03-06,Equity Minimum Variance + Sentiment,DIS,0.0
2023-03-06,Equity Minimum Variance + Sentiment,DOW,0.0
2023-03-06,Equity Minimum Variance + Sentiment,DUK,0.060994
2023-03-06,Equity Minimum Variance + Sentiment,EA,0.091345
2023-03-06,Equity Minimum Variance + Sentiment,GE,0.0
2023-03-06,Equity Minimum Variance + Sentiment,GILD,0.050871
2023-03-06,Equity Minimum Variance + Sentiment,GS,0.002388
2023-03-06,Equity Minimum Variance + Sentiment,INTC,0.0
2023-03-06,Equity Minimum Variance + Sentiment,KO,0.097712
2023-03-06,Equity Minimum Variance + Sentiment,MMM,0.0
2023-03-06,Equity Minimum Variance + Sentiment,MRK,0.113866
2023-03-06,Equity Minimum Variance + Sentiment,MS,0.0
2023-03-06,Equity Minimum Variance + Sentiment,NEE,0.00176
2023-03-06,Equity Minimum Variance + Sentiment,NEM,0.01215
2023-03-06,Equity Minimum Variance + Sentiment,NKE,0.0
2023-03-06,Equity Minimum Variance + Sentiment,NUE,0.0
2023-03-06,Equity Minimum Variance + Sentiment,NVDA,0.0
2023-03-06,Equity Minimum Variance + Sentiment,O,0.09408
2023-03-06,Equity Minimum Variance + Sentiment,OXY,0.0
2023-03-06,Equity Minimum Variance + Sentiment,PLD,0.0
2023-03-06,Equity Minimum Variance + Sentiment,PSA,0.0
2023-03-06,Equity Minimum Variance + Sentiment,QCOM,0.0
2023-03-06,Equity Minimum Variance + Sentiment,SBUX,0.0
2023-03-06,Equity Minimum Variance + Sentiment,SHW,0.0
2023-03-06,Equity Minimum Variance + Sentiment,SLB,0.0
2023-03-06,Equity Minimum Variance + Sentiment,SO,0.023053
2023-03-06,Equity Minimum Variance + Sentiment,T,0.042595
2023-03-06,Equity Minimum Variance + Sentiment,TMUS,0.0
2023-03-06,Equity Minimum Variance + Sentiment,TTWO,0.029407
2023-03-06,Equity Minimum Variance + Sentiment,UPS,0.00512
2023-03-06,Equity Minimum Variance + Sentiment,USB,0.003227
2023-03-06,Equity Minimum Variance + Sentiment,V,0.0
2023-03-06,Equity Minimum Variance + Sentiment,WFC,0.0
2023-03-06,Equity Minimum Variance + Sentiment,WMT,0.118102
2023-03-06,Equity Minimum Variance + Sentiment,XOM,0.005892
2023-04-04,Equity Minimum Variance + Sentiment,ABBV,0.100685
2023-04-04,Equity Minimum Variance + Sentiment,ABT,0.0
2023-04-04,Equity Minimum Variance + Sentiment,ADBE,0.0
2023-04-04,Equity Minimum Variance + Sentiment,AEP,0.0
2023-04-04,Equity Minimum Variance + Sentiment,AMD,0.0
2023-04-04,Equity Minimum Variance + Sentiment,AMGN,0.096546
2023-04-04,Equity Minimum Variance + Sentiment,AMT,0.0
2023-04-04,Equity Minimum Variance + Sentiment,BA,0.0
2023-04-04,Equity Minimum Variance + Sentiment,CAT,0.0
2023-04-04,Equity Minimum Variance + Sentiment,CCI,0.0
2023-04-04,Equity Minimum Variance + Sentiment,CMCSA,0.0
2023-04-04,Equity Minimum Variance + Sentiment,COP,0.0
2023-04-04,Equity Minimum Variance + Sentiment,CVX,0.043159
2023-04-04,Equity Minimum Variance + Sentiment,D,0.004065
2023-04-04,Equity Minimum Variance + Sentiment,DD,0.0
2023-04-04,Equity Minimum Variance + Sentiment,DIS,0.0
2023-04-04,Equity Minimum Variance + Sentiment,DOW,0.0
2023-04-04,Equity Minimum Variance + Sentiment,DUK,0.044737
2023-04-04,Equity Minimum Variance + Sentiment,EA,0.085009
2023-04-04,Equity Minimum Variance + Sentiment,GE,0.0
2023-04-04,Equity Minimum Variance + Sentiment,GILD,0.04788
2023-04-04,Equity Minimum Variance + Sentiment,GS,0.0
2023-04-04,Equity Minimum Variance + Sentiment,INTC,0.0
2023-04-04,Equity Minimum Variance + Sentiment,KO,0.103055
2023-04-04,Equity Minimum Variance + Sentiment,MMM,0.0
2023-04-04,Equity Minimum Variance + Sentiment,MRK,0.106625
2023-04-04,Equity Minimum Variance + Sentiment,MS,0.0
2023-04-04,Equity Minimum Variance + Sentiment,NEE,0.007262
2023-04-04,Equity Minimum Variance + Sentiment,NEM,0.018882
2023-04-04,Equity Minimum Variance + Sentiment,NKE,0.0
2023-04-04,Equity Minimum Variance + Sentiment,NUE,0.0
2023-04-04,Equity Minimum Variance + Sentiment,NVDA,0.0
2023-04-04,Equity Minimum Variance + Sentiment,O,0.093364
2023-04-04,Equity Minimum Variance + Sentiment,OXY,0.0
2023-04-04,Equity Minimum Variance + Sentiment,PLD,0.0
2023-04-04,Equity Minimum Variance + Sentiment,PSA,0.0
2023-04-04,Equity Minimum Variance + Sentiment,QCOM,0.0
2023-04-04,Equity Minimum Variance + Sentiment,SBUX,0.0
2023-04-04,Equity Minimum Variance + Sentiment,SHW,0.0
2023-04-04,Equity Minimum Variance + Sentiment,SLB,0.0
2023-04-04,Equity Minimum Variance + Sentiment,SO,0.025093
2023-04-04,Equity Minimum Variance + Sentiment,T,0.039924
2023-04-04,Equity Minimum Variance + Sentiment,TMUS,0.00729
2023-04-04,Equity Minimum Variance + Sentiment,TTWO,0.023216
2023-04-04,Equity Minimum Variance + Sentiment,UPS,0.017983
2023-04-04,Equity Minimum Variance + Sentiment,USB,0.0
2023-04-04,Equity Minimum Variance + Sentiment,V,0.0
2023-04-04,Equity Minimum Variance + Sentiment,WFC,0.0
2023-04-04,Equity Minimum Variance + Sentiment,WMT,0.132018
2023-04-04,Equity Minimum Variance + Sentiment,XOM,0.003206
2023-05-04,Equity Minimum Variance + Sentiment,ABBV,0.095172
2023-05-04,Equity Minimum Variance + Sentiment,ABT,0.0
2023-05-04,Equity Minimum Variance + Sentiment,ADBE,0.0
2023-05-04,Equity Minimum Variance + Sentiment,AEP,0.0
2023-05-04,Equity Minimum Variance + Sentiment,AMD,0.0
2023-05-04,Equity Minimum Variance + Sentiment,AMGN,0.099038
2023-05-04,Equity Minimum Variance + Sentiment,AMT,0.0
2023-05-04,Equity Minimum Variance + Sentiment,BA,0.0
2023-05-04,Equity Minimum Variance + Sentiment,CAT,0.0
2023-05-04,Equity Minimum Variance + Sentiment,CCI,0.0
2023-05-04,Equity Minimum Variance + Sentiment,CMCSA,0.0
2023-05-04,Equity Minimum Variance + Sentiment,COP,0.0
2023-05-04,Equity Minimum Variance + Sentiment,CVX,0.047181
2023-05-04,Equity Minimum Variance + Sentiment,D,0.000908
2023-05-04,Equity Minimum Variance + Sentiment,DD,0.0
2023-05-04,Equity Minimum Variance + Sentiment,DIS,0.0
2023-05-04,Equity Minimum Variance + Sentiment,DOW,0.0
2023-05-04,Equity Minimum Variance + Sentiment,DUK,0.045875
2023-05-04,Equity Minimum Variance + Sentiment,EA,0.086845
2023-05-04,Equity Minimum Variance + Sentiment,GE,0.0
2023-05-04,Equity Minimum Variance + Sentiment,GILD,0.053973
2023-05-04,Equity Minimum Variance + Sentiment,GS,0.0
2023-05-04,Equity Minimum Variance + Sentiment,INTC,0.0
2023-05-04,Equity Minimum Variance + Sentiment,KO,0.118736
2023-05-04,Equity Minimum Variance + Sentiment,MMM,0.0
2023-05-04,Equity Minimum Variance + Sentiment,MRK,0.10843
2023-05-04,Equity Minimum Variance + Sentiment,MS,0.0
2023-05-04,Equity Minimum Variance + Sentiment,NEE,0.0
2023-05-04,Equity Minimum Variance + Sentiment,NEM,0.024708
2023-05-04,Equity Minimum Variance + Sentiment,NKE,0.0
2023-05-04,Equity Minimum Variance + Sentiment,NUE,0.0
2023-05-04,Equity Minimum Variance + Sentiment,NVDA,0.0
2023-05-04,Equity Minimum Variance + Sentiment,O,0.09614
2023-05-04,Equity Minimum Variance + Sentiment,OXY,0.0
2023-05-04,Equity Minimum Variance + Sentiment,PLD,0.0
2023-05-04,Equity Minimum Variance + Sentiment,PSA,0.0
2023-05-04,Equity Minimum Variance + Sentiment,QCOM,0.0
2023-05-04,Equity Minimum Variance + Sentiment,SBUX,0.0
2023-05-04,Equity Minimum Variance + Sentiment,SHW,0.0
2023-05-04,Equity Minimum Variance + Sentiment,SLB,0.0
2023-05-04,Equity Minimum Variance + Sentiment,SO,0.019664
2023-05-04,Equity Minimum Variance + Sentiment,T,0.022388
2023-05-04,Equity Minimum Variance + Sentiment,TMUS,0.007678
2023-05-04,Equity Minimum Variance + Sentiment,TTWO,0.022145
2023-05-04,Equity Minimum Variance + Sentiment,UPS,0.019774
2023-05-04,Equity Minimum Variance + Sentiment,USB,0.0
2023-05-04,Equity Minimum Variance + Sentiment,V,0.0
2023-05-04,Equity Minimum Variance + Sentiment,WFC,0.0
2023-05-04,Equity Minimum Variance + Sentiment,WMT,0.131346
2023-05-04,Equity Minimum Variance + Sentiment,XOM,0.0
2023-06-05,Equity Minimum Variance + Sentiment,ABBV,0.095495
2023-06-05,Equity Minimum Variance + Sentiment,ABT,0.0
2023-06-05,Equity Minimum Variance + Sentiment,ADBE,0.0
2023-06-05,Equity Minimum Variance + Sentiment,AEP,0.0
2023-06-05,Equity Minimum Variance + Sentiment,AMD,0.0
2023-06-05,Equity Minimum Variance + Sentiment,AMGN,0.090023
2023-06-05,Equity Minimum Variance + Sentiment,AMT,0.0
2023-06-05,Equity Minimum Variance + Sentiment,BA,0.0
2023-06-05,Equity Minimum Variance + Sentiment,CAT,0.0
2023-06-05,Equity Minimum Variance + Sentiment,CCI,0.0
2023-06-05,Equity Minimum Variance + Sentiment,CMCSA,0.0
2023-06-05,Equity Minimum Variance + Sentiment,COP,0.0
2023-06-05,Equity Minimum Variance + Sentiment,CVX,0.042381
2023-06-05,Equity Minimum Variance + Sentiment,D,0.0
2023-06-05,Equity Minimum Variance + Sentiment,DD,0.0
2023-06-05,Equity Minimum Variance + Sentiment,DIS,0.0
2023-06-05,Equity Minimum Variance + Sentiment,DOW,0.0
2023-06-05,Equity Minimum Variance + Sentiment,DUK,0.038609
2023-06-05,Equity Minimum Variance + Sentiment,EA,0.099667
2023-06-05,Equity Minimum Variance + Sentiment,GE,0.0
2023-06-05,Equity Minimum Variance + Sentiment,GILD,0.05525
2023-06-05,Equity Minimum Variance + Sentiment,GS,0.0
2023-06-05,Equity Minimum Variance + Sentiment,INTC,0.0
2023-06-05,Equity Minimum Variance + Sentiment,KO,0.11075
2023-06-05,Equity Minimum Variance + Sentiment,MMM,0.000788
2023-06-05,Equity Minimum Variance + Sentiment,MRK,0.111203
2023-06-05,Equity Minimum Variance + Sentiment,MS,0.0
2023-06-05,Equity Minimum Variance + Sentiment,NEE,0.0
2023-06-05,Equity Minimum Variance + Sentiment,NEM,0.025568
2023-06-05,Equity Minimum Variance + Sentiment,NKE,0.0
2023-06-05,Equity Minimum Variance + Sentiment,NUE,0.0
2023-06-05,Equity Minimum Variance + Sentiment,NVDA,0.0
2023-06-05,Equity Minimum Variance + Sentiment,O,0.083001
2023-06-05,Equity Minimum Variance + Sentiment,OXY,0.0
2023-06-05,Equity Minimum Variance + Sentiment,PLD,0.0
2023-06-05,Equity Minimum Variance + Sentiment,PSA,0.0
2023-06-05,Equity Minimum Variance + Sentiment,QCOM,0.0
2023-06-05,Equity Minimum Variance + Sentiment,SBUX,0.0
2023-06-05,Equity Minimum Variance + Sentiment,SHW,0.0
2023-06-05,Equity Minimum Variance + Sentiment,SLB,0.0
2023-06-05,Equity Minimum Variance + Sentiment,SO,0.023116
2023-06-05,Equity Minimum Variance + Sentiment,T,0.023472
2023-06-05,Equity Minimum Variance + Sentiment,TMUS,0.022125
2023-06-05,Equity Minimum Variance + Sentiment,TTWO,0.022469
2023-06-05,Equity Minimum Variance + Sentiment,UPS,0.025231
2023-06-05,Equity Minimum Variance + Sentiment,USB,0.0
2023-06-05,Equity Minimum Variance + Sentiment,V,0.0
2023-06-05,Equity Minimum Variance + Sentiment,WFC,0.0
2023-06-05,Equity Minimum Variance + Sentiment,WMT,0.129207
2023-06-05,Equity Minimum Variance + Sentiment,XOM,0.001645
2023-07-06,Equity Minimum Variance + Sentiment,ABBV,0.096212
2023-07-06,Equity Minimum Variance + Sentiment,ABT,0.0
2023-07-06,Equity Minimum Variance + Sentiment,ADBE,0.0
2023-07-06,Equity Minimum Variance + Sentiment,AEP,0.0
2023-07-06,Equity Minimum Variance + Sentiment,AMD,0.0
2023-07-06,Equity Minimum Variance + Sentiment,AMGN,0.090017
2023-07-06,Equity Minimum Variance + Sentiment,AMT,0.0
2023-07-06,Equity Minimum Variance + Sentiment,BA,0.0
2023-07-06,Equity Minimum Variance + Sentiment,CAT,0.0
2023-07-06,Equity Minimum Variance + Sentiment,CCI,0.0
2023-07-06,Equity Minimum Variance + Sentiment,CMCSA,0.0
2023-07-06,Equity Minimum Variance + Sentiment,COP,0.0
2023-07-06,Equity Minimum Variance + Sentiment,CVX,0.043383
2023-07-06,Equity Minimum Variance + Sentiment,D,0.002932
2023-07-06,Equity Minimum Variance + Sentiment,DD,0.0
2023-07-06,Equity Minimum Variance + Sentiment,DIS,0.0
2023-07-06,Equity Minimum Variance + Sentiment,DOW,0.0
2023-07-06,Equity Minimum Variance + Sentiment,DUK,0.041038
2023-07-06,Equity Minimum Variance + Sentiment,EA,0.098005
2023-07-06,Equity Minimum Variance + Sentiment,GE,0.0
2023-07-06,Equity Minimum Variance + Sentiment,GILD,0.057223
2023-07-06,Equity Minimum Variance + Sentiment,GS,0.0
2023-07-06,Equity Minimum Variance + Sentiment,INTC,0.0
2023-07-06,Equity Minimum Variance + Sentiment,KO,0.114568
2023-07-06,Equity Minimum Variance + Sentiment,MMM,0.0
2023-07-06,Equity Minimum Variance + Sentiment,MRK,0.109492
2023-07-06,Equity Minimum Variance + Sentiment,MS,0.0
2023-07-06,Equity Minimum Variance + Sentiment,NEE,0.0
2023-07-06,Equity Minimum Variance + Sentiment,NEM,0.029368
2023-07-06,Equity Minimum Variance + Sentiment,NKE,0.0
2023-07-06,Equity Minimum Variance + Sentiment,NUE,0.0
2023-07-06,Equity Minimum Variance + Sentiment,NVDA,0.0
2023-07-06,Equity Minimum Variance + Sentiment,O,0.085916
2023-07-06,Equity Minimum Variance + Sentiment,OXY,0.0
2023-07-06,Equity Minimum Variance + Sentiment,PLD,0.0
2023-07-06,Equity Minimum Variance + Sentiment,PSA,0.0
2023-07-06,Equity Minimum Variance + Sentiment,QCOM,0.0
2023-07-06,Equity Minimum Variance + Sentiment,SBUX,0.0
2023-07-06,Equity Minimum Variance + Sentiment,SHW,0.0
2023-07-06,Equity Minimum Variance + Sentiment,SLB,0.0
2023-07-06,Equity Minimum Variance + Sentiment,SO,0.024605
2023-07-06,Equity Minimum Variance + Sentiment,T,0.023288
2023-07-06,Equity Minimum Variance + Sentiment,TMUS,0.011439
2023-07-06,Equity Minimum Variance + Sentiment,TTWO,0.020214
2023-07-06,Equity Minimum Variance + Sentiment,UPS,0.014325
2023-07-06,Equity Minimum Variance + Sentiment,USB,0.0
2023-07-06,Equity Minimum Variance + Sentiment,V,0.0
2023-07-06,Equity Minimum Variance + Sentiment,WFC,0.0
2023-07-06,Equity Minimum Variance + Sentiment,WMT,0.137976
2023-07-06,Equity Minimum Variance + Sentiment,XOM,0.0
2023-08-04,Equity Minimum Variance + Sentiment,ABBV,0.103112
2023-08-04,Equity Minimum Variance + Sentiment,ABT,0.0
2023-08-04,Equity Minimum Variance + Sentiment,ADBE,0.0
2023-08-04,Equity Minimum Variance + Sentiment,AEP,0.0
2023-08-04,Equity Minimum Variance + Sentiment,AMD,0.0
2023-08-04,Equity Minimum Variance + Sentiment,AMGN,0.085634
2023-08-04,Equity Minimum Variance + Sentiment,AMT,0.0
2023-08-04,Equity Minimum Variance + Sentiment,BA,0.0
2023-08-04,Equity Minimum Variance + Sentiment,CAT,0.0
2023-08-04,Equity Minimum Variance + Sentiment,CCI,0.0
2023-08-04,Equity Minimum Variance + Sentiment,CMCSA,0.0
2023-08-04,Equity Minimum Variance + Sentiment,COP,0.0
2023-08-04,Equity Minimum Variance + Sentiment,CVX,0.044322
2023-08-04,Equity Minimum Variance + Sentiment,D,0.0
2023-08-04,Equity Minimum Variance + Sentiment,DD,0.0
2023-08-04,Equity Minimum Variance + Sentiment,DIS,0.0
2023-08-04,Equity Minimum Variance + Sentiment,DOW,0.0
2023-08-04,Equity Minimum Variance + Sentiment,DUK,0.039618
2023-08-04,Equity Minimum Variance + Sentiment,EA,0.095449
2023-08-04,Equity Minimum Variance + Sentiment,GE,0.0
2023-08-04,Equity Minimum Variance + Sentiment,GILD,0.049277
2023-08-04,Equity Minimum Variance + Sentiment,GS,0.004477
2023-08-04,Equity Minimum Variance + Sentiment,INTC,0.0
2023-08-04,Equity Minimum Variance + Sentiment,KO,0.12683
2023-08-04,Equity Minimum Variance + Sentiment,MMM,0.0
2023-08-04,Equity Minimum Variance + Sentiment,MRK,0.103968
2023-08-04,Equity Minimum Variance + Sentiment,MS,0.0
2023-08-04,Equity Minimum Variance + Sentiment,NEE,0.0
2023-08-04,Equity Minimum Variance + Sentiment,NEM,0.030005
2023-08-04,Equity Minimum Variance + Sentiment,NKE,0.0
2023-08-04,Equity Minimum Variance + Sentiment,NUE,0.0
2023-08-04,Equity Minimum Variance + Sentiment,NVDA,0.0
2023-08-04,Equity Minimum Variance + Sentiment,O,0.092593
2023-08-04,Equity Minimum Variance + Sentiment,OXY,0.0
2023-08-04,Equity Minimum Variance + Sentiment,PLD,0.0
2023-08-04,Equity Minimum Variance + Sentiment,PSA,0.0
2023-08-04,Equity Minimum Variance + Sentiment,QCOM,0.0
2023-08-04,Equity Minimum Variance + Sentiment,SBUX,0.0
2023-08-04,Equity Minimum Variance + Sentiment,SHW,0.0
2023-08-04,Equity Minimum Variance + Sentiment,SLB,0.0
2023-08-04,Equity Minimum Variance + Sentiment,SO,0.018891
2023-08-04,Equity Minimum Variance + Sentiment,T,0.016037
2023-08-04,Equity Minimum Variance + Sentiment,TMUS,0.012879
2023-08-04,Equity Minimum Variance + Sentiment,TTWO,0.026562
2023-08-04,Equity Minimum Variance + Sentiment,UPS,0.008111
2023-08-04,Equity Minimum Variance + Sentiment,USB,0.0
2023-08-04,Equity Minimum Variance + Sentiment,V,0.0
2023-08-04,Equity Minimum Variance + Sentiment,WFC,0.0
2023-08-04,Equity Minimum Variance + Sentiment,WMT,0.141792
2023-08-04,Equity Minimum Variance + Sentiment,XOM,0.000444
2023-09-05,Equity Minimum Variance + Sentiment,ABBV,0.110989
2023-09-05,Equity Minimum Variance + Sentiment,ABT,0.0
2023-09-05,Equity Minimum Variance + Sentiment,ADBE,0.0
2023-09-05,Equity Minimum Variance + Sentiment,AEP,0.0
2023-09-05,Equity Minimum Variance + Sentiment,AMD,0.0
2023-09-05,Equity Minimum Variance + Sentiment,AMGN,0.104241
2023-09-05,Equity Minimum Variance + Sentiment,AMT,0.0
2023-09-05,Equity Minimum Variance + Sentiment,BA,0.0
2023-09-05,Equity Minimum Variance + Sentiment,CAT,0.0
2023-09-05,Equity Minimum Variance + Sentiment,CCI,0.0
2023-09-05,Equity Minimum Variance + Sentiment,CMCSA,0.0
2023-09-05,Equity Minimum Variance + Sentiment,COP,0.0
2023-09-05,Equity Minimum Variance + Sentiment,CVX,0.046824
2023-09-05,Equity Minimum Variance + Sentiment,D,0.0
2023-09-05,Equity Minimum Variance + Sentiment,DD,0.0
2023-09-05,Equity Minimum Variance + Sentiment,DIS,0.0
2023-09-05,Equity Minimum Variance + Sentiment,DOW,0.0
2023-09-05,Equity Minimum Variance + Sentiment,DUK,0.033897
2023-09-05,Equity Minimum Variance + Sentiment,EA,0.081537
2023-09-05,Equity Minimum Variance + Sentiment,GE,0.0
2023-09-05,Equity Minimum Variance + Sentiment,GILD,0.041413
2023-09-05,Equity Minimum Variance + Sentiment,GS,0.0
2023-09-05,Equity Minimum Variance + Sentiment,INTC,0.0
2023-09-05,Equity Minimum Variance + Sentiment,KO,0.134769
2023-09-05,Equity Minimum Variance + Sentiment,MMM,0.0
2023-09-05,Equity Minimum Variance + Sentiment,MRK,0.096511
2023-09-05,Equity Minimum Variance + Sentiment,MS,0.0
2023-09-05,Equity Minimum Variance + Sentiment,NEE,0.0
2023-09-05,Equity Minimum Variance + Sentiment,NEM,0.032182
2023-09-05,Equity Minimum Variance + Sentiment,NKE,0.0
2023-09-05,Equity Minimum Variance + Sentiment,NUE,0.0
2023-09-05,Equity Minimum Variance + Sentiment,NVDA,0.0
2023-09-05,Equity Minimum Variance + Sentiment,O,0.093789
2023-09-05,Equity Minimum Variance + Sentiment,OXY,0.0
2023-09-05,Equity Minimum Variance + Sentiment,PLD,0.0
2023-09-05,Equity Minimum Variance + Sentiment,PSA,0.0
2023-09-05,Equity Minimum Variance + Sentiment,QCOM,0.0
2023-09-05,Equity Minimum Variance + Sentiment,SBUX,0.0
2023-09-05,Equity Minimum Variance + Sentiment,SHW,0.0
2023-09-05,Equity Minimum Variance + Sentiment,SLB,0.0
2023-09-05,Equity Minimum Variance + Sentiment,SO,0.019644
2023-09-05,Equity Minimum Variance + Sentiment,T,0.019097
2023-09-05,Equity Minimum Variance + Sentiment,TMUS,0.006582
2023-09-05,Equity Minimum Variance + Sentiment,TTWO,0.02306
2023-09-05,Equity Minimum Variance + Sentiment,UPS,0.007459
2023-09-05,Equity Minimum Variance + Sentiment,USB,0.0
2023-09-05,Equity Minimum Variance + Sentiment,V,0.0
2023-09-05,Equity Minimum Variance + Sentiment,WFC,0.0
2023-09-05,Equity Minimum Variance + Sentiment,WMT,0.145808
2023-09-05,Equity Minimum Variance + Sentiment,XOM,0.002199
2023-10-04,Equity Minimum Variance + Sentiment,ABBV,0.109303
2023-10-04,Equity Minimum Variance + Sentiment,ABT,0.0
2023-10-04,Equity Minimum Variance + Sentiment,ADBE,0.0
2023-10-04,Equity Minimum Variance + Sentiment,AEP,0.0
2023-10-04,Equity Minimum Variance + Sentiment,AMD,0.0
2023-10-04,Equity Minimum Variance + Sentiment,AMGN,0.096911
2023-10-04,Equity Minimum Variance + Sentiment,AMT,0.0
2023-10-04,Equity Minimum Variance + Sentiment,BA,0.0
2023-10-04,Equity Minimum Variance + Sentiment,CAT,0.0
2023-10-04,Equity Minimum Variance + Sentiment,CCI,0.0
2023-10-04,Equity Minimum Variance + Sentiment,CMCSA,0.0
2023-10-04,Equity Minimum Variance + Sentiment,COP,0.0
2023-10-04,Equity Minimum Variance + Sentiment,CVX,0.051667
2023-10-04,Equity Minimum Variance + Sentiment,D,0.0
2023-10-04,Equity Minimum Variance + Sentiment,DD,0.0
2023-10-04,Equity Minimum Variance + Sentiment,DIS,0.0
2023-10-04,Equity Minimum Variance + Sentiment,DOW,0.0
2023-10-04,Equity Minimum Variance + Sentiment,DUK,0.036038
2023-10-04,Equity Minimum Variance + Sentiment,EA,0.078587
2023-10-04,Equity Minimum Variance + Sentiment,GE,0.0
2023-10-04,Equity Minimum Variance + Sentiment,GILD,0.039563
2023-10-04,Equity Minimum Variance + Sentiment,GS,0.0
2023-10-04,Equity Minimum Variance + Sentiment,INTC,0.0
2023-10-04,Equity Minimum Variance + Sentiment,KO,0.128497
2023-10-04,Equity Minimum Variance + Sentiment,MMM,0.010631
2023-10-04,Equity Minimum Variance + Sentiment,MRK,0.104016
2023-10-04,Equity Minimum Variance + Sentiment,MS,0.0
2023-10-04,Equity Minimum Variance + Sentiment,NEE,0.0
2023-10-04,Equity Minimum Variance + Sentiment,NEM,0.025417
2023-10-04,Equity Minimum Variance + Sentiment,NKE,0.0
2023-10-04,Equity Minimum Variance + Sentiment,NUE,0.0
2023-10-04,Equity Minimum Variance + Sentiment,NVDA,0.0
2023-10-04,Equity Minimum Variance + Sentiment,O,0.087609
2023-10-04,Equity Minimum Variance + Sentiment,OXY,0.0
2023-10-04,Equity Minimum Variance + Sentiment,PLD,0.0
2023-10-04,Equity Minimum Variance + Sentiment,PSA,0.0
2023-10-04,Equity Minimum Variance + Sentiment,QCOM,0.0
2023-10-04,Equity Minimum Variance + Sentiment,SBUX,0.0
2023-10-04,Equity Minimum Variance + Sentiment,SHW,0.0
2023-10-04,Equity Minimum Variance + Sentiment,SLB,0.0
2023-10-04,Equity Minimum Variance + Sentiment,SO,0.014292
2023-10-04,Equity Minimum Variance + Sentiment,T,0.022823
2023-10-04,Equity Minimum Variance + Sentiment,TMUS,0.005009
2023-10-04,Equity Minimum Variance + Sentiment,TTWO,0.030103
2023-10-04,Equity Minimum Variance + Sentiment,UPS,0.007543
2023-10-04,Equity Minimum Variance + Sentiment,USB,0.0
2023-10-04,Equity Minimum Variance + Sentiment,V,0.000299
2023-10-04,Equity Minimum Variance + Sentiment,WFC,0.0
2023-10-04,Equity Minimum Variance + Sentiment,WMT,0.141792
2023-10-04,Equity Minimum Variance + Sentiment,XOM,0.009899
2023-11-02,Equity Minimum Variance + Sentiment,ABBV,0.103515
2023-11-02,Equity Minimum Variance + Sentiment,ABT,0.0
2023-11-02,Equity Minimum Variance + Sentiment,ADBE,0.0
2023-11-02,Equity Minimum Variance + Sentiment,AEP,0.0
2023-11-02,Equity Minimum Variance + Sentiment,AMD,0.0
2023-11-02,Equity Minimum Variance + Sentiment,AMGN,0.104789
2023-11-02,Equity Minimum Variance + Sentiment,AMT,0.0
2023-11-02,Equity Minimum Variance + Sentiment,BA,0.0
2023-11-02,Equity Minimum Variance + Sentiment,CAT,0.0
2023-11-02,Equity Minimum Variance + Sentiment,CCI,0.0
2023-11-02,Equity Minimum Variance + Sentiment,CMCSA,0.000736
2023-11-02,Equity Minimum Variance + Sentiment,COP,0.0
2023-11-02,Equity Minimum Variance + Sentiment,CVX,0.045529
2023-11-02,Equity Minimum Variance + Sentiment,D,0.0
2023-11-02,Equity Minimum Variance + Sentiment,DD,0.0
2023-11-02,Equity Minimum Variance + Sentiment,DIS,0.0
2023-11-02,Equity Minimum Variance + Sentiment,DOW,0.0
2023-11-02,Equity Minimum Variance + Sentiment,DUK,0.032103
2023-11-02,Equity Minimum Variance + Sentiment,EA,0.085965
2023-11-02,Equity Minimum Variance + Sentiment,GE,0.0
2023-11-02,Equity Minimum Variance + Sentiment,GILD,0.032813
2023-11-02,Equity Minimum Variance + Sentiment,GS,0.0
2023-11-02,Equity Minimum Variance + Sentiment,INTC,0.0
2023-11-02,Equity Minimum Variance + Sentiment,KO,0.12296
2023-11-02,Equity Minimum Variance + Sentiment,MMM,0.0
2023-11-02,Equity Minimum Variance + Sentiment,MRK,0.129262
2023-11-02,Equity Minimum Variance + Sentiment,MS,0.0
2023-11-02,Equity Minimum Variance + Sentiment,NEE,0.0
2023-11-02,Equity Minimum Variance + Sentiment,NEM,0.030924
2023-11-02,Equity Minimum Variance + Sentiment,NKE,0.0
2023-11-02,Equity Minimum Variance + Sentiment,NUE,0.0
2023-11-02,Equity Minimum Variance + Sentiment,NVDA,0.0
2023-11-02,Equity Minimum Variance + Sentiment,O,0.082545
2023-11-02,Equity Minimum Variance + Sentiment,OXY,0.0
2023-11-02,Equity Minimum Variance + Sentiment,PLD,0.0
2023-11-02,Equity Minimum Variance + Sentiment,PSA,0.0
2023-11-02,Equity Minimum Variance + Sentiment,QCOM,0.0
2023-11-02,Equity Minimum Variance + Sentiment,SBUX,0.0
2023-11-02,Equity Minimum Variance + Sentiment,SHW,0.0
2023-11-02,Equity Minimum Variance + Sentiment,SLB,0.0
2023-11-02,Equity Minimum Variance + Sentiment,SO,0.009522
2023-11-02,Equity Minimum Variance + Sentiment,T,0.027839
2023-11-02,Equity Minimum Variance + Sentiment,TMUS,5.4e-05
2023-11-02,Equity Minimum Variance + Sentiment,TTWO,0.023243
2023-11-02,Equity Minimum Variance + Sentiment,UPS,0.00451
2023-11-02,Equity Minimum Variance + Sentiment,USB,0.0
2023-11-02,Equity Minimum Variance + Sentiment,V,0.00213
2023-11-02,Equity Minimum Variance + Sentiment,WFC,0.0
2023-11-02,Equity Minimum Variance + Sentiment,WMT,0.149359
2023-11-02,Equity Minimum Variance + Sentiment,XOM,0.012204
2023-12-04,Equity Minimum Variance + Sentiment,ABBV,0.101781
2023-12-04,Equity Minimum Variance + Sentiment,ABT,0.0
2023-12-04,Equity Minimum Variance + Sentiment,ADBE,0.0
2023-12-04,Equity Minimum Variance + Sentiment,AEP,0.0
2023-12-04,Equity Minimum Variance + Sentiment,AMD,0.0
2023-12-04,Equity Minimum Variance + Sentiment,AMGN,0.090502
2023-12-04,Equity Minimum Variance + Sentiment,AMT,0.0
2023-12-04,Equity Minimum Variance + Sentiment,BA,0.0
2023-12-04,Equity Minimum Variance + Sentiment,CAT,0.0
2023-12-04,Equity Minimum Variance + Sentiment,CCI,0.0
2023-12-04,Equity Minimum Variance + Sentiment,CMCSA,0.0
2023-12-04,Equity Minimum Variance + Sentiment,COP,0.0
2023-12-04,Equity Minimum Variance + Sentiment,CVX,0.040978
2023-12-04,Equity Minimum Variance + Sentiment,D,0.0
2023-12-04,Equity Minimum Variance + Sentiment,DD,0.0
2023-12-04,Equity Minimum Variance + Sentiment,DIS,0.0
2023-12-04,Equity Minimum Variance + Sentiment,DOW,0.0
2023-12-04,Equity Minimum Variance + Sentiment,DUK,0.03014
2023-12-04,Equity Minimum Variance + Sentiment,EA,0.094292
2023-12-04,Equity Minimum Variance + Sentiment,GE,0.0
2023-12-04,Equity Minimum Variance + Sentiment,GILD,0.022183
2023-12-04,Equity Minimum Variance + Sentiment,GS,0.0
2023-12-04,Equity Minimum Variance + Sentiment,INTC,0.0
2023-12-04,Equity Minimum Variance + Sentiment,KO,0.118775
2023-12-04,Equity Minimum Variance + Sentiment,MMM,0.0
2023-12-04,Equity Minimum Variance + Sentiment,MRK,0.159015
2023-12-04,Equity Minimum Variance + Sentiment,MS,0.0
2023-12-04,Equity Minimum Variance + Sentiment,NEE,0.0
2023-12-04,Equity Minimum Variance + Sentiment,NEM,0.023011
2023-12-04,Equity Minimum Variance + Sentiment,NKE,0.0
2023-12-04,Equity Minimum Variance + Sentiment,NUE,0.0
2023-12-04,Equity Minimum Variance + Sentiment,NVDA,0.0
2023-12-04,Equity Minimum Variance + Sentiment,O,0.067617
2023-12-04,Equity Minimum Variance + Sentiment,OXY,0.0
2023-12-04,Equity Minimum Variance + Sentiment,PLD,0.0
2023-12-04,Equity Minimum Variance + Sentiment,PSA,0.0
2023-12-04,Equity Minimum Variance + Sentiment,QCOM,0.0
2023-12-04,Equity Minimum Variance + Sentiment,SBUX,0.0
2023-12-04,Equity Minimum Variance + Sentiment,SHW,0.0
2023-12-04,Equity Minimum Variance + Sentiment,SLB,0.0
2023-12-04,Equity Minimum Variance + Sentiment,SO,0.00471
2023-12-04,Equity Minimum Variance + Sentiment,T,0.032631
2023-12-04,Equity Minimum Variance + Sentiment,TMUS,0.01142
2023-12-04,Equity Minimum Variance + Sentiment,TTWO,0.032874
2023-12-04,Equity Minimum Variance + Sentiment,UPS,0.002866
2023-12-04,Equity Minimum Variance + Sentiment,USB,0.0
2023-12-04,Equity Minimum Variance + Sentiment,V,0.0
2023-12-04,Equity Minimum Variance + Sentiment,WFC,0.0
2023-12-04,Equity Minimum Variance + Sentiment,WMT,0.143843
2023-12-04,Equity Minimum Variance + Sentiment,XOM,0.023362
