date,fund,return
2022-01-03,Equity Equal Weight,0.00789353
2022-01-04,Equity Equal Weight,0.00828733
2022-01-05,Equity Equal Weight,-0.00981102
2022-01-06,Equity Equal Weight,0.00059638
2022-01-07,Equity Equal Weight,0.00139307
2022-01-10,Equity Equal Weight,-0.00652493
2022-01-11,Equity Equal Weight,0.01010867
2022-01-12,Equity Equal Weight,0.00280886
2022-01-13,Equity Equal Weight,-0.00502358
2022-01-14,Equity Equal Weight,0.0018072
2022-01-18,Equity Equal Weight,-0.01076197
2022-01-19,Equity Equal Weight,-0.00678442
2022-01-20,Equity Equal Weight,-0.01186206
2022-01-21,Equity Equal Weight,-0.01293096
2022-01-24,Equity Equal Weight,0.00230746
2022-01-25,Equity Equal Weight,-0.00338944
2022-01-26,Equity Equal Weight,-0.00884844
2022-01-27,Equity Equal Weight,-0.00341178
2022-01-28,Equity Equal Weight,0.01688626
2022-01-31,Equity Equal Weight,0.01402164
2022-02-01,Equity Equal Weight,0.01095026
2022-02-02,Equity Equal Weight,0.0099917
2022-02-03,Equity Equal Weight,-0.00951383
2022-02-04,Equity Equal Weight,-0.00096509
2022-02-07,Equity Equal Weight,0.00232665
2022-02-08,Equity Equal Weight,0.00402512
2022-02-09,Equity Equal Weight,0.01260679
2022-02-10,Equity Equal Weight,-0.01692212
2022-02-11,Equity Equal Weight,-0.0102068
2022-02-14,Equity Equal Weight,-0.00634101
2022-02-15,Equity Equal Weight,0.01047014
2022-02-16,Equity Equal Weight,-0.00045211
2022-02-17,Equity Equal Weight,-0.01523585
2022-02-18,Equity Equal Weight,-0.00840902
2022-02-22,Equity Equal Weight,-0.00663616
2022-02-23,Equity Equal Weight,-0.01144476
2022-02-24,Equity Equal Weight,0.00664616
2022-02-25,Equity Equal Weight,0.02542752
2022-02-28,Equity Equal Weight,-0.0021956
2022-03-01,Equity Equal Weight,-0.01289623
2022-03-02,Equity Equal Weight,0.01978062
2022-03-03,Equity Equal Weight,-0.00084185
2022-03-04,Equity Equal Weight,0.00181697
2022-03-07,Equity Equal Weight,-0.0177675
2022-03-08,Equity Equal Weight,-0.00445166
2022-03-09,Equity Equal Weight,0.01501963
2022-03-10,Equity Equal Weight,-0.00088106
2022-03-11,Equity Equal Weight,-0.00832116
2022-03-14,Equity Equal Weight,-0.00952143
2022-03-15,Equity Equal Weight,0.00982101
2022-03-16,Equity Equal Weight,0.01583015
2022-03-17,Equity Equal Weight,0.01456937
2022-03-18,Equity Equal Weight,0.00490069
2022-03-21,Equity Equal Weight,0.0036164
2022-03-22,Equity Equal Weight,0.00554693
2022-03-23,Equity Equal Weight,-0.00967533
2022-03-24,Equity Equal Weight,0.01077571
2022-03-25,Equity Equal Weight,0.0090124
2022-03-28,Equity Equal Weight,0.00084655
2022-03-29,Equity Equal Weight,0.01242194
2022-03-30,Equity Equal Weight,-0.00427987
2022-03-31,Equity Equal Weight,-0.01461286
2022-04-01,Equity Equal Weight,0.00618613
2022-04-04,Equity Equal Weight,0.00238513
2022-04-05,Equity Equal Weight,-0.01069834
2022-04-06,Equity Equal Weight,-0.00126332
2022-04-07,Equity Equal Weight,0.00161024
2022-04-08,Equity Equal Weight,0.00315413
2022-04-11,Equity Equal Weight,-0.01184045
2022-04-12,Equity Equal Weight,-0.00086021
2022-04-13,Equity Equal Weight,0.00911169
2022-04-14,Equity Equal Weight,-0.00215761
2022-04-18,Equity Equal Weight,0.00085613
2022-04-19,Equity Equal Weight,0.01251412
2022-04-20,Equity Equal Weight,0.00150087
2022-04-21,Equity Equal Weight,-0.01236558
2022-04-22,Equity Equal Weight,-0.02310688
2022-04-25,Equity Equal Weight,-0.00256232
2022-04-26,Equity Equal Weight,-0.02058995
2022-04-27,Equity Equal Weight,0.00045328
2022-04-28,Equity Equal Weight,0.01759698
2022-04-29,Equity Equal Weight,-0.03513723
2022-05-02,Equity Equal Weight,0.00428275
2022-05-03,Equity Equal Weight,0.00641925
2022-05-04,Equity Equal Weight,0.03059748
2022-05-05,Equity Equal Weight,-0.02522333
2022-05-06,Equity Equal Weight,-0.00373481
2022-05-09,Equity Equal Weight,-0.03505511
2022-05-10,Equity Equal Weight,-0.00435016
2022-05-11,Equity Equal Weight,-0.00341813
2022-05-12,Equity Equal Weight,0.00220331
2022-05-13,Equity Equal Weight,0.02229112
2022-05-16,Equity Equal Weight,0.00131817
2022-05-17,Equity Equal Weight,0.01945054
2022-05-18,Equity Equal Weight,-0.02801387
2022-05-19,Equity Equal Weight,-0.00182283
2022-05-20,Equity Equal Weight,0.00068598
2022-05-23,Equity Equal Weight,0.01929059
2022-05-24,Equity Equal Weight,0.00041605
2022-05-25,Equity Equal Weight,0.00893493
2022-05-26,Equity Equal Weight,0.01523443
2022-05-27,Equity Equal Weight,0.01958241
2022-05-31,Equity Equal Weight,-0.00768683
2022-06-01,Equity Equal Weight,-0.00524809
2022-06-02,Equity Equal Weight,0.01466648
2022-06-03,Equity Equal Weight,-0.00828169
2022-06-06,Equity Equal Weight,-0.00047266
2022-06-07,Equity Equal Weight,0.01021256
2022-06-08,Equity Equal Weight,-0.01288875
2022-06-09,Equity Equal Weight,-0.02355902
2022-06-10,Equity Equal Weight,-0.0257252
2022-06-13,Equity Equal Weight,-0.04038529
2022-06-14,Equity Equal Weight,-0.00649144
2022-06-15,Equity Equal Weight,0.01089565
2022-06-16,Equity Equal Weight,-0.02883303
2022-06-17,Equity Equal Weight,-0.00401295
2022-06-21,Equity Equal Weight,0.02128315
2022-06-22,Equity Equal Weight,-0.00343615
2022-06-23,Equity Equal Weight,0.00253384
2022-06-24,Equity Equal Weight,0.02872286
2022-06-27,Equity Equal Weight,-0.00309912
2022-06-28,Equity Equal Weight,-0.00951055
2022-06-29,Equity Equal Weight,-0.00510862
2022-06-30,Equity Equal Weight,-0.00757004
2022-07-01,Equity Equal Weight,0.01073505
2022-07-05,Equity Equal Weight,-0.00629393
2022-07-06,Equity Equal Weight,-0.00013597
2022-07-07,Equity Equal Weight,0.0141102
2022-07-08,Equity Equal Weight,-0.00332769
2022-07-11,Equity Equal Weight,-0.00758162
2022-07-12,Equity Equal Weight,-0.00386193
2022-07-13,Equity Equal Weight,-0.00372697
2022-07-14,Equity Equal Weight,-0.00416321
2022-07-15,Equity Equal Weight,0.01860882
2022-07-18,Equity Equal Weight,-0.0032098
2022-07-19,Equity Equal Weight,0.02738512
2022-07-20,Equity Equal Weight,0.00265214
2022-07-21,Equity Equal Weight,0.00535106
2022-07-22,Equity Equal Weight,-0.00494395
2022-07-25,Equity Equal Weight,0.0035859
2022-07-26,Equity Equal Weight,-0.00485966
2022-07-27,Equity Equal Weight,0.01169157
2022-07-28,Equity Equal Weight,0.01034516
2022-07-29,Equity Equal Weight,0.00970618
2022-08-01,Equity Equal Weight,-0.00161676
2022-08-02,Equity Equal Weight,-0.00976378
2022-08-03,Equity Equal Weight,0.00634897
2022-08-04,Equity Equal Weight,-0.0016205
2022-08-05,Equity Equal Weight,0.0015886
2022-08-08,Equity Equal Weight,-0.00012186
2022-08-09,Equity Equal Weight,-0.00080597
2022-08-10,Equity Equal Weight,0.01673915
2022-08-11,Equity Equal Weight,0.00592627
2022-08-12,Equity Equal Weight,0.01486925
2022-08-15,Equity Equal Weight,0.00433457
2022-08-16,Equity Equal Weight,0.00295907
2022-08-17,Equity Equal Weight,-0.0081426
2022-08-18,Equity Equal Weight,0.00399189
2022-08-19,Equity Equal Weight,-0.0088085
2022-08-22,Equity Equal Weight,-0.01933968
2022-08-23,Equity Equal Weight,0.00197934
2022-08-24,Equity Equal Weight,0.0023559
2022-08-25,Equity Equal Weight,0.01385521
2022-08-26,Equity Equal Weight,-0.02769035
2022-08-29,Equity Equal Weight,-0.00381473
2022-08-30,Equity Equal Weight,-0.01336454
2022-08-31,Equity Equal Weight,-0.00734665
2022-09-01,Equity Equal Weight,-0.00068776
2022-09-02,Equity Equal Weight,-0.00952345
2022-09-06,Equity Equal Weight,-0.00396084
2022-09-07,Equity Equal Weight,0.01591257
2022-09-08,Equity Equal Weight,0.00606654
2022-09-09,Equity Equal Weight,0.01464306
2022-09-12,Equity Equal Weight,0.00848482
2022-09-13,Equity Equal Weight,-0.04004931
2022-09-14,Equity Equal Weight,0.00313186
2022-09-15,Equity Equal Weight,-0.01617154
2022-09-16,Equity Equal Weight,-0.00724714
2022-09-19,Equity Equal Weight,0.00623659
2022-09-20,Equity Equal Weight,-0.01557245
2022-09-21,Equity Equal Weight,-0.01695516
2022-09-22,Equity Equal Weight,-0.00926574
2022-09-23,Equity Equal Weight,-0.02221842
2022-09-26,Equity Equal Weight,-0.01606269
2022-09-27,Equity Equal Weight,-0.00366579
2022-09-28,Equity Equal Weight,0.02130072
2022-09-29,Equity Equal Weight,-0.01986572
2022-09-30,Equity Equal Weight,-0.01486629
2022-10-03,Equity Equal Weight,0.03218478
2022-10-04,Equity Equal Weight,0.02965211
2022-10-05,Equity Equal Weight,-0.00323659
2022-10-06,Equity Equal Weight,-0.01145048
2022-10-07,Equity Equal Weight,-0.02349632
2022-10-10,Equity Equal Weight,-0.00569793
2022-10-11,Equity Equal Weight,-0.0033305
2022-10-12,Equity Equal Weight,-0.00562266
2022-10-13,Equity Equal Weight,0.02967842
2022-10-14,Equity Equal Weight,-0.01841214
2022-10-17,Equity Equal Weight,0.0200606
2022-10-18,Equity Equal Weight,0.01194586
2022-10-19,Equity Equal Weight,-0.00776157
2022-10-20,Equity Equal Weight,-0.00416084
2022-10-21,Equity Equal Weight,0.02375713
2022-10-24,Equity Equal Weight,0.00812546
2022-10-25,Equity Equal Weight,0.01680247
2022-10-26,Equity Equal Weight,0.00496288
2022-10-27,Equity Equal Weight,-0.00014844
2022-10-28,Equity Equal Weight,0.02428405
2022-10-31,Equity Equal Weight,-0.0075744
2022-11-01,Equity Equal Weight,0.00238242
2022-11-02,Equity Equal Weight,-0.01718405
2022-11-03,Equity Equal Weight,-0.00243722
2022-11-04,Equity Equal Weight,0.0185826
2022-11-07,Equity Equal Weight,0.00764461
2022-11-08,Equity Equal Weight,0.00691434
2022-11-09,Equity Equal Weight,-0.02140737
2022-11-10,Equity Equal Weight,0.04956445
2022-11-11,Equity Equal Weight,0.01166835
2022-11-14,Equity Equal Weight,-0.00878483
2022-11-15,Equity Equal Weight,0.00976866
2022-11-16,Equity Equal Weight,-0.01035134
2022-11-17,Equity Equal Weight,-0.00230315
2022-11-18,Equity Equal Weight,0.00504318
2022-11-21,Equity Equal Weight,0.00082254
2022-11-22,Equity Equal Weight,0.01480286
2022-11-23,Equity Equal Weight,0.00338616
2022-11-25,Equity Equal Weight,0.00074219
2022-11-28,Equity Equal Weight,-0.01842083
2022-11-29,Equity Equal Weight,0.00419971
2022-11-30,Equity Equal Weight,0.02379423
2022-12-01,Equity Equal Weight,-0.00026709
2022-12-02,Equity Equal Weight,0.00150158
2022-12-05,Equity Equal Weight,-0.01722321
2022-12-06,Equity Equal Weight,-0.01234791
2022-12-07,Equity Equal Weight,-0.00118257
2022-12-08,Equity Equal Weight,0.00709069
2022-12-09,Equity Equal Weight,-0.01023017
2022-12-12,Equity Equal Weight,0.01662403
2022-12-13,Equity Equal Weight,0.00876963
2022-12-14,Equity Equal Weight,-0.00879365
2022-12-15,Equity Equal Weight,-0.02158507
2022-12-16,Equity Equal Weight,-0.00949949
2022-12-19,Equity Equal Weight,-0.00669459
2022-12-20,Equity Equal Weight,0.00317926
2022-12-21,Equity Equal Weight,0.01783013
2022-12-22,Equity Equal Weight,-0.01158226
2022-12-23,Equity Equal Weight,0.00775003
2022-12-27,Equity Equal Weight,0.00026555
2022-12-28,Equity Equal Weight,-0.01280803
2022-12-29,Equity Equal Weight,0.01359936
2022-12-30,Equity Equal Weight,-0.00188178
2023-01-03,Equity Equal Weight,0.00225091
2023-01-04,Equity Equal Weight,0.01842818
2023-01-05,Equity Equal Weight,-0.00679764
2023-01-06,Equity Equal Weight,0.02324946
2023-01-09,Equity Equal Weight,0.00017209
2023-01-10,Equity Equal Weight,0.0076166
2023-01-11,Equity Equal Weight,0.00985385
2023-01-12,Equity Equal Weight,0.00703776
2023-01-13,Equity Equal Weight,0.00343115
2023-01-17,Equity Equal Weight,-0.00405222
2023-01-18,Equity Equal Weight,-0.01596551
2023-01-19,Equity Equal Weight,-0.0074762
2023-01-20,Equity Equal Weight,0.01531291
2023-01-23,Equity Equal Weight,0.01143571
2023-01-24,Equity Equal Weight,-0.00288342
2023-01-25,Equity Equal Weight,0.00184869
2023-01-26,Equity Equal Weight,0.00842206
2023-01-27,Equity Equal Weight,-0.00120648
2023-01-30,Equity Equal Weight,-0.01014424
2023-01-31,Equity Equal Weight,0.0119228
2023-02-01,Equity Equal Weight,0.00651828
2023-02-02,Equity Equal Weight,0.00015705
2023-02-03,Equity Equal Weight,-0.01276835
2023-02-06,Equity Equal Weight,-0.00459498
2023-02-07,Equity Equal Weight,0.01095346
2023-02-08,Equity Equal Weight,-0.00956499
2023-02-09,Equity Equal Weight,-0.00969477
2023-02-10,Equity Equal Weight,0.00760193
2023-02-13,Equity Equal Weight,0.00875099
2023-02-14,Equity Equal Weight,-0.00064393
2023-02-15,Equity Equal Weight,0.00028921
2023-02-16,Equity Equal Weight,-0.01393945
2023-02-17,Equity Equal Weight,-0.00277214
2023-02-21,Equity Equal Weight,-0.01750278
2023-02-22,Equity Equal Weight,-0.00555126
2023-02-23,Equity Equal Weight,0.00547897
2023-02-24,Equity Equal Weight,-0.00947722
2023-02-27,Equity Equal Weight,0.00177611
2023-02-28,Equity Equal Weight,-0.00429293
2023-03-01,Equity Equal Weight,-0.00105803
2023-03-02,Equity Equal Weight,0.01196363
2023-03-03,Equity Equal Weight,0.0130417
2023-03-06,Equity Equal Weight,-0.00180866
2023-03-07,Equity Equal Weight,-0.01716609
2023-03-08,Equity Equal Weight,0.00319173
2023-03-09,Equity Equal Weight,-0.01731872
2023-03-10,Equity Equal Weight,-0.01304227
2023-03-13,Equity Equal Weight,-0.00351602
2023-03-14,Equity Equal Weight,0.0145455
2023-03-15,Equity Equal Weight,-0.00968814
2023-03-16,Equity Equal Weight,0.01420065
2023-03-17,Equity Equal Weight,-0.01224101
2023-03-20,Equity Equal Weight,0.01138166
2023-03-21,Equity Equal Weight,0.00835235
2023-03-22,Equity Equal Weight,-0.01994875
2023-03-23,Equity Equal Weight,0.00178779
2023-03-24,Equity Equal Weight,0.00763121
2023-03-27,Equity Equal Weight,0.00429734
2023-03-28,Equity Equal Weight,0.00159949
2023-03-29,Equity Equal Weight,0.01557047
2023-03-30,Equity Equal Weight,0.00490929
2023-03-31,Equity Equal Weight,0.01245554
2023-04-03,Equity Equal Weight,0.00694001
2023-04-04,Equity Equal Weight,-0.00506409
2023-04-05,Equity Equal Weight,0.00370007
2023-04-06,Equity Equal Weight,-0.00016102
2023-04-10,Equity Equal Weight,0.00351425
2023-04-11,Equity Equal Weight,0.00256921
2023-04-12,Equity Equal Weight,-0.00222193
2023-04-13,Equity Equal Weight,0.0069729
2023-04-14,Equity Equal Weight,-0.0057969
2023-04-17,Equity Equal Weight,0.00501314
2023-04-18,Equity Equal Weight,0.00031857
2023-04-19,Equity Equal Weight,0.00215019
2023-04-20,Equity Equal Weight,-0.00696327
2023-04-21,Equity Equal Weight,-0.0010172
2023-04-24,Equity Equal Weight,0.00175709
2023-04-25,Equity Equal Weight,-0.01495421
2023-04-26,Equity Equal Weight,-0.01247682
2023-04-27,Equity Equal Weight,0.01466191
2023-04-28,Equity Equal Weight,0.00948224
2023-05-01,Equity Equal Weight,-0.00342257
2023-05-02,Equity Equal Weight,-0.01668205
2023-05-03,Equity Equal Weight,-0.0122175
2023-05-04,Equity Equal Weight,-0.00535129
2023-05-05,Equity Equal Weight,0.01751525
2023-05-08,Equity Equal Weight,-0.00069437
2023-05-09,Equity Equal Weight,-0.00425872
2023-05-10,Equity Equal Weight,-0.00177833
2023-05-11,Equity Equal Weight,-0.00897295
2023-05-12,Equity Equal Weight,-0.00083887
2023-05-15,Equity Equal Weight,0.00456688
2023-05-16,Equity Equal Weight,-0.01596932
2023-05-17,Equity Equal Weight,0.01231908
2023-05-18,Equity Equal Weight,0.00588537
2023-05-19,Equity Equal Weight,-0.00247501
2023-05-22,Equity Equal Weight,0.00067332
2023-05-23,Equity Equal Weight,-0.00715886
2023-05-24,Equity Equal Weight,-0.00924303
2023-05-25,Equity Equal Weight,9.279e-05
2023-05-26,Equity Equal Weight,0.00866367
2023-05-30,Equity Equal Weight,-0.00181907
2023-05-31,Equity Equal Weight,-0.00466309
2023-06-01,Equity Equal Weight,0.00514832
2023-06-02,Equity Equal Weight,0.0195002
2023-06-05,Equity Equal Weight,-0.00589695
2023-06-06,Equity Equal Weight,0.00440318
2023-06-07,Equity Equal Weight,0.00825333
2023-06-08,Equity Equal Weight,0.00410588
2023-06-09,Equity Equal Weight,-0.00280273
2023-06-12,Equity Equal Weight,0.00522866
2023-06-13,Equity Equal Weight,0.00731872
2023-06-14,Equity Equal Weight,0.00012724
2023-06-15,Equity Equal Weight,0.01000351
2023-06-16,Equity Equal Weight,0.00055021
2023-06-20,Equity Equal Weight,-0.01262241
2023-06-21,Equity Equal Weight,-0.00316489
2023-06-22,Equity Equal Weight,-0.00559242
2023-06-23,Equity Equal Weight,-0.00725958
2023-06-26,Equity Equal Weight,0.0066825
2023-06-27,Equity Equal Weight,0.0072229
2023-06-28,Equity Equal Weight,-0.00170404
2023-06-29,Equity Equal Weight,0.00633388
2023-06-30,Equity Equal Weight,0.00831403
2023-07-03,Equity Equal Weight,0.00567713
2023-07-05,Equity Equal Weight,-0.00424065
2023-07-06,Equity Equal Weight,-0.01208414
2023-07-07,Equity Equal Weight,0.00068191
2023-07-10,Equity Equal Weight,0.00477967
2023-07-11,Equity Equal Weight,0.01421169
2023-07-12,Equity Equal Weight,0.00823735
2023-07-13,Equity Equal Weight,0.00561329
2023-07-14,Equity Equal Weight,-0.00660969
2023-07-17,Equity Equal Weight,-0.00355961
2023-07-18,Equity Equal Weight,0.0059362
2023-07-19,Equity Equal Weight,0.00603795
2023-07-20,Equity Equal Weight,0.00174808
2023-07-21,Equity Equal Weight,0.00448989
2023-07-24,Equity Equal Weight,0.00546494
2023-07-25,Equity Equal Weight,0.00341601
2023-07-26,Equity Equal Weight,0.00219046
2023-07-27,Equity Equal Weight,-0.00463401
2023-07-28,Equity Equal Weight,0.00424132
2023-07-31,Equity Equal Weight,0.00431474
2023-08-01,Equity Equal Weight,-0.0036317
2023-08-02,Equity Equal Weight,-0.01369928
2023-08-03,Equity Equal Weight,-0.00493158
2023-08-04,Equity Equal Weight,-0.00219702
2023-08-07,Equity Equal Weight,0.00802041
2023-08-08,Equity Equal Weight,-0.00344094
2023-08-09,Equity Equal Weight,-0.0019256
2023-08-10,Equity Equal Weight,0.00096444
2023-08-11,Equity Equal Weight,0.00167582
2023-08-14,Equity Equal Weight,0.00170628
2023-08-15,Equity Equal Weight,-0.01322546
2023-08-16,Equity Equal Weight,-0.00818612
2023-08-17,Equity Equal Weight,-0.00465579
2023-08-18,Equity Equal Weight,0.00173303
2023-08-21,Equity Equal Weight,-0.00051313
2023-08-22,Equity Equal Weight,-0.0049044
2023-08-23,Equity Equal Weight,0.00732178
2023-08-24,Equity Equal Weight,-0.01222858
2023-08-25,Equity Equal Weight,0.00491251
2023-08-28,Equity Equal Weight,0.00836488
2023-08-29,Equity Equal Weight,0.01198248
2023-08-30,Equity Equal Weight,0.00158497
2023-08-31,Equity Equal Weight,-0.00305557
2023-09-01,Equity Equal Weight,0.00404907
2023-09-05,Equity Equal Weight,-0.00872481
2023-09-06,Equity Equal Weight,-0.00417615
2023-09-07,Equity Equal Weight,-0.00017341
2023-09-08,Equity Equal Weight,0.00263792
2023-09-11,Equity Equal Weight,0.00286569
2023-09-12,Equity Equal Weight,0.00230824
2023-09-13,Equity Equal Weight,-0.00096723
2023-09-14,Equity Equal Weight,0.01236087
2023-09-15,Equity Equal Weight,-0.01048908
2023-09-18,Equity Equal Weight,-0.00024995
2023-09-19,Equity Equal Weight,-0.0042135
2023-09-20,Equity Equal Weight,-0.00526464
2023-09-21,Equity Equal Weight,-0.01858807
2023-09-22,Equity Equal Weight,-0.00333413
2023-09-25,Equity Equal Weight,0.00208694
2023-09-26,Equity Equal Weight,-0.01203868
2023-09-27,Equity Equal Weight,-0.00141067
2023-09-28,Equity Equal Weight,0.00405121
2023-09-29,Equity Equal Weight,-0.0010646
2023-10-02,Equity Equal Weight,-0.01427779
2023-10-03,Equity Equal Weight,-0.00862384
2023-10-04,Equity Equal Weight,0.00145876
2023-10-05,Equity Equal Weight,-0.00184815
2023-10-06,Equity Equal Weight,0.01057282
2023-10-09,Equity Equal Weight,0.00876393
2023-10-10,Equity Equal Weight,0.00828256
2023-10-11,Equity Equal Weight,0.00336516
2023-10-12,Equity Equal Weight,-0.00831114
2023-10-13,Equity Equal Weight,0.00111478
2023-10-16,Equity Equal Weight,0.01005749
2023-10-17,Equity Equal Weight,0.00279327
2023-10-18,Equity Equal Weight,-0.01429852
2023-10-19,Equity Equal Weight,-0.0093134
2023-10-20,Equity Equal Weight,-0.00897274
2023-10-23,Equity Equal Weight,-0.00659698
2023-10-24,Equity Equal Weight,0.01086524
2023-10-25,Equity Equal Weight,-0.01207195
2023-10-26,Equity Equal Weight,-0.00209123
2023-10-27,Equity Equal Weight,-0.01009175
2023-10-30,Equity Equal Weight,0.01000041
2023-10-31,Equity Equal Weight,0.00587657
2023-11-01,Equity Equal Weight,0.00488311
2023-11-02,Equity Equal Weight,0.02579496
2023-11-03,Equity Equal Weight,0.01279402
2023-11-06,Equity Equal Weight,-0.00445658
2023-11-07,Equity Equal Weight,-0.00373906
2023-11-08,Equity Equal Weight,-0.00117988
2023-11-09,Equity Equal Weight,-0.00890388
2023-11-10,Equity Equal Weight,0.01064673
2023-11-13,Equity Equal Weight,-0.00113359
2023-11-14,Equity Equal Weight,0.02459404
2023-11-15,Equity Equal Weight,0.00534919
2023-11-16,Equity Equal Weight,0.00076317
2023-11-17,Equity Equal Weight,0.00316832
2023-11-20,Equity Equal Weight,0.00443231
2023-11-21,Equity Equal Weight,-0.00234488
2023-11-22,Equity Equal Weight,0.00172206
2023-11-24,Equity Equal Weight,0.00244287
2023-11-27,Equity Equal Weight,0.00053149
2023-11-28,Equity Equal Weight,0.00204266
2023-11-29,Equity Equal Weight,0.00467803
2023-11-30,Equity Equal Weight,0.00638451
2023-12-01,Equity Equal Weight,0.00922593
2023-12-04,Equity Equal Weight,-0.00181341
2023-12-05,Equity Equal Weight,-0.00526149
2023-12-06,Equity Equal Weight,-0.00071601
2023-12-07,Equity Equal Weight,0.00490029
2023-12-08,Equity Equal Weight,0.00322869
2023-12-11,Equity Equal Weight,0.00678348
2023-12-12,Equity Equal Weight,0.0007978
2023-12-13,Equity Equal Weight,0.02090241
2023-12-14,Equity Equal Weight,0.01449341
2023-12-15,Equity Equal Weight,-0.00301178
2023-12-18,Equity Equal Weight,-0.00137704
2023-12-19,Equity Equal Weight,0.00815644
2023-12-20,Equity Equal Weight,-0.01475298
2023-12-21,Equity Equal Weight,0.00816053
2023-12-22,Equity Equal Weight,0.00195996
2023-12-26,Equity Equal Weight,0.00650646
2023-12-27,Equity Equal Weight,0.00145536
2023-12-28,Equity Equal Weight,0.00122422
2023-12-29,Equity Equal Weight,-0.00303512
2022-01-03,Equity Minimum Variance,-0.00118566
2022-01-04,Equity Minimum Variance,-0.00091922
2022-01-05,Equity Minimum Variance,3.801e-05
2022-01-06,Equity Minimum Variance,-0.00920059
2022-01-07,Equity Minimum Variance,0.00416815
2022-01-10,Equity Minimum Variance,-0.00302763
2022-01-11,Equity Minimum Variance,0.00455759
2022-01-12,Equity Minimum Variance,0.00487812
2022-01-13,Equity Minimum Variance,-0.00151262
2022-01-14,Equity Minimum Variance,-0.001447
2022-01-18,Equity Minimum Variance,-0.00323453
2022-01-19,Equity Minimum Variance,0.00746122
2022-01-20,Equity Minimum Variance,-0.01228625
2022-01-21,Equity Minimum Variance,-0.00347407
2022-01-24,Equity Minimum Variance,-0.003231
2022-01-25,Equity Minimum Variance,-0.00547637
2022-01-26,Equity Minimum Variance,-0.0132058
2022-01-27,Equity Minimum Variance,0.00100319
2022-01-28,Equity Minimum Variance,0.00977127
2022-01-31,Equity Minimum Variance,0.00846885
2022-02-01,Equity Minimum Variance,0.00101066
2022-02-02,Equity Minimum Variance,0.00743866
2022-02-03,Equity Minimum Variance,-0.00455871
2022-02-04,Equity Minimum Variance,-0.00774384
2022-02-07,Equity Minimum Variance,0.00240915
2022-02-08,Equity Minimum Variance,-0.00075656
2022-02-09,Equity Minimum Variance,0.00105739
2022-02-10,Equity Minimum Variance,-0.01516948
2022-02-11,Equity Minimum Variance,0.00096284
2022-02-14,Equity Minimum Variance,-0.00476283
2022-02-15,Equity Minimum Variance,0.00339033
2022-02-16,Equity Minimum Variance,-0.000498
2022-02-17,Equity Minimum Variance,0.00172407
2022-02-18,Equity Minimum Variance,-0.00467371
2022-02-22,Equity Minimum Variance,-0.00532048
2022-02-23,Equity Minimum Variance,0.0007732
2022-02-24,Equity Minimum Variance,-0.00691498
2022-02-25,Equity Minimum Variance,0.0223728
2022-02-28,Equity Minimum Variance,-0.0098617
2022-03-01,Equity Minimum Variance,7.82e-05
2022-03-02,Equity Minimum Variance,0.01114375
2022-03-03,Equity Minimum Variance,0.00836736
2022-03-04,Equity Minimum Variance,0.0096327
2022-03-07,Equity Minimum Variance,-0.00662573
2022-03-08,Equity Minimum Variance,-0.0149529
2022-03-09,Equity Minimum Variance,0.00568724
2022-03-10,Equity Minimum Variance,0.00037546
2022-03-11,Equity Minimum Variance,-0.0058517
2022-03-14,Equity Minimum Variance,-0.00317983
2022-03-15,Equity Minimum Variance,0.00920337
2022-03-16,Equity Minimum Variance,0.00372783
2022-03-17,Equity Minimum Variance,0.01196871
2022-03-18,Equity Minimum Variance,0.00394964
2022-03-21,Equity Minimum Variance,0.00269476
2022-03-22,Equity Minimum Variance,0.00392171
2022-03-23,Equity Minimum Variance,-0.00686078
2022-03-24,Equity Minimum Variance,0.00613729
2022-03-25,Equity Minimum Variance,0.00734839
2022-03-28,Equity Minimum Variance,0.00652921
2022-03-29,Equity Minimum Variance,0.01240987
2022-03-30,Equity Minimum Variance,0.00276594
2022-03-31,Equity Minimum Variance,-0.00890811
2022-04-01,Equity Minimum Variance,0.00951079
2022-04-04,Equity Minimum Variance,0.00306659
2022-04-05,Equity Minimum Variance,-0.00396362
2022-04-06,Equity Minimum Variance,0.01238501
2022-04-07,Equity Minimum Variance,0.00301161
2022-04-08,Equity Minimum Variance,0.00517588
2022-04-11,Equity Minimum Variance,-0.00906455
2022-04-12,Equity Minimum Variance,-0.0023216
2022-04-13,Equity Minimum Variance,0.00393084
2022-04-14,Equity Minimum Variance,0.00309238
2022-04-18,Equity Minimum Variance,-0.00700861
2022-04-19,Equity Minimum Variance,0.00964324
2022-04-20,Equity Minimum Variance,0.00321085
2022-04-21,Equity Minimum Variance,-0.00297232
2022-04-22,Equity Minimum Variance,-0.0143239
2022-04-25,Equity Minimum Variance,-0.00069856
2022-04-26,Equity Minimum Variance,-0.0176952
2022-04-27,Equity Minimum Variance,-0.00513325
2022-04-28,Equity Minimum Variance,0.01369002
2022-04-29,Equity Minimum Variance,-0.03146786
2022-05-02,Equity Minimum Variance,0.00093778
2022-05-03,Equity Minimum Variance,0.00334668
2022-05-04,Equity Minimum Variance,0.0213914
2022-05-05,Equity Minimum Variance,-0.01404732
2022-05-06,Equity Minimum Variance,-0.00903678
2022-05-09,Equity Minimum Variance,-0.01227401
2022-05-10,Equity Minimum Variance,-0.00903979
2022-05-11,Equity Minimum Variance,0.00498573
2022-05-12,Equity Minimum Variance,0.00696074
2022-05-13,Equity Minimum Variance,0.00882894
2022-05-16,Equity Minimum Variance,0.00608668
2022-05-17,Equity Minimum Variance,-0.0044538
2022-05-18,Equity Minimum Variance,-0.02324219
2022-05-19,Equity Minimum Variance,-0.00615955
2022-05-20,Equity Minimum Variance,0.00224254
2022-05-23,Equity Minimum Variance,0.01399796
2022-05-24,Equity Minimum Variance,0.01091992
2022-05-25,Equity Minimum Variance,0.00305961
2022-05-26,Equity Minimum Variance,0.00536159
2022-05-27,Equity Minimum Variance,0.01120422
2022-05-31,Equity Minimum Variance,-0.00687181
2022-06-01,Equity Minimum Variance,-0.00691994
2022-06-02,Equity Minimum Variance,0.00756993
2022-06-03,Equity Minimum Variance,-0.00742425
2022-06-06,Equity Minimum Variance,-0.00374111
2022-06-07,Equity Minimum Variance,0.0073735
2022-06-08,Equity Minimum Variance,-0.01087495
2022-06-09,Equity Minimum Variance,-0.01980701
2022-06-10,Equity Minimum Variance,-0.01028939
2022-06-13,Equity Minimum Variance,-0.03167408
2022-06-14,Equity Minimum Variance,-0.01199013
2022-06-15,Equity Minimum Variance,0.00515484
2022-06-16,Equity Minimum Variance,-0.00904866
2022-06-17,Equity Minimum Variance,-0.00299724
2022-06-21,Equity Minimum Variance,0.02235205
2022-06-22,Equity Minimum Variance,0.0044037
2022-06-23,Equity Minimum Variance,0.01499226
2022-06-24,Equity Minimum Variance,0.01541684
2022-06-27,Equity Minimum Variance,-0.00288624
2022-06-28,Equity Minimum Variance,-0.01156603
2022-06-29,Equity Minimum Variance,0.00211183
2022-06-30,Equity Minimum Variance,-0.00518684
2022-07-01,Equity Minimum Variance,0.01378766
2022-07-05,Equity Minimum Variance,-0.00353283
2022-07-06,Equity Minimum Variance,0.00193704
2022-07-07,Equity Minimum Variance,0.00256293
2022-07-08,Equity Minimum Variance,-0.0024173
2022-07-11,Equity Minimum Variance,-0.00062408
2022-07-12,Equity Minimum Variance,-0.0051452
2022-07-13,Equity Minimum Variance,-0.00306838
2022-07-14,Equity Minimum Variance,-0.00144627
2022-07-15,Equity Minimum Variance,0.01193527
2022-07-18,Equity Minimum Variance,-0.0117013
2022-07-19,Equity Minimum Variance,0.0135332
2022-07-20,Equity Minimum Variance,-0.00608097
2022-07-21,Equity Minimum Variance,0.0009711
2022-07-22,Equity Minimum Variance,-0.00029889
2022-07-25,Equity Minimum Variance,0.00167155
2022-07-26,Equity Minimum Variance,-0.00240479
2022-07-27,Equity Minimum Variance,0.00391621
2022-07-28,Equity Minimum Variance,0.01074455
2022-07-29,Equity Minimum Variance,0.00400644
2022-08-01,Equity Minimum Variance,-0.00441219
2022-08-02,Equity Minimum Variance,-0.00860195
2022-08-03,Equity Minimum Variance,0.01048524
2022-08-04,Equity Minimum Variance,-0.00469592
2022-08-05,Equity Minimum Variance,-0.002594
2022-08-08,Equity Minimum Variance,0.00268813
2022-08-09,Equity Minimum Variance,0.00224247
2022-08-10,Equity Minimum Variance,0.00948518
2022-08-11,Equity Minimum Variance,-0.00116247
2022-08-12,Equity Minimum Variance,0.01551444
2022-08-15,Equity Minimum Variance,0.00840661
2022-08-16,Equity Minimum Variance,0.01202014
2022-08-17,Equity Minimum Variance,-0.00586592
2022-08-18,Equity Minimum Variance,-0.00206644
2022-08-19,Equity Minimum Variance,-0.00386191
2022-08-22,Equity Minimum Variance,-0.01482643
2022-08-23,Equity Minimum Variance,-0.00513134
2022-08-24,Equity Minimum Variance,-0.00055249
2022-08-25,Equity Minimum Variance,0.00779118
2022-08-26,Equity Minimum Variance,-0.02034864
2022-08-29,Equity Minimum Variance,-0.00513727
2022-08-30,Equity Minimum Variance,-0.00885301
2022-08-31,Equity Minimum Variance,-0.00533684
2022-09-01,Equity Minimum Variance,0.01154674
2022-09-02,Equity Minimum Variance,-0.01199356
2022-09-06,Equity Minimum Variance,-0.00373871
2022-09-07,Equity Minimum Variance,0.01765147
2022-09-08,Equity Minimum Variance,0.00071529
2022-09-09,Equity Minimum Variance,0.01051907
2022-09-12,Equity Minimum Variance,0.01080203
2022-09-13,Equity Minimum Variance,-0.02871739
2022-09-14,Equity Minimum Variance,0.00283333
2022-09-15,Equity Minimum Variance,-0.01152646
2022-09-16,Equity Minimum Variance,-0.00107532
2022-09-19,Equity Minimum Variance,0.00373465
2022-09-20,Equity Minimum Variance,-0.01315135
2022-09-21,Equity Minimum Variance,-0.01349192
2022-09-22,Equity Minimum Variance,0.00014584
2022-09-23,Equity Minimum Variance,-0.01532606
2022-09-26,Equity Minimum Variance,-0.01108139
2022-09-27,Equity Minimum Variance,-0.00698342
2022-09-28,Equity Minimum Variance,0.01890911
2022-09-29,Equity Minimum Variance,-0.02009153
2022-09-30,Equity Minimum Variance,-0.01673175
2022-10-03,Equity Minimum Variance,0.02559979
2022-10-04,Equity Minimum Variance,0.02032765
2022-10-05,Equity Minimum Variance,-0.00793941
2022-10-06,Equity Minimum Variance,-0.01273849
2022-10-07,Equity Minimum Variance,-0.01643626
2022-10-10,Equity Minimum Variance,0.00308219
2022-10-11,Equity Minimum Variance,0.00796642
2022-10-12,Equity Minimum Variance,-0.00829042
2022-10-13,Equity Minimum Variance,0.02193719
2022-10-14,Equity Minimum Variance,-0.01119898
2022-10-17,Equity Minimum Variance,0.01374797
2022-10-18,Equity Minimum Variance,0.01394181
2022-10-19,Equity Minimum Variance,-0.00895838
2022-10-20,Equity Minimum Variance,-0.00166644
2022-10-21,Equity Minimum Variance,0.02066908
2022-10-24,Equity Minimum Variance,0.01393326
2022-10-25,Equity Minimum Variance,0.01049664
2022-10-26,Equity Minimum Variance,0.01000984
2022-10-27,Equity Minimum Variance,0.00088565
2022-10-28,Equity Minimum Variance,0.02223756
2022-10-31,Equity Minimum Variance,-0.00809931
2022-11-01,Equity Minimum Variance,-0.0010265
2022-11-02,Equity Minimum Variance,-0.01270865
2022-11-03,Equity Minimum Variance,-0.00521187
2022-11-04,Equity Minimum Variance,0.01125566
2022-11-07,Equity Minimum Variance,0.00741174
2022-11-08,Equity Minimum Variance,0.0047347
2022-11-09,Equity Minimum Variance,-0.01112797
2022-11-10,Equity Minimum Variance,0.02824245
2022-11-11,Equity Minimum Variance,-0.00217503
2022-11-14,Equity Minimum Variance,-0.00571575
2022-11-15,Equity Minimum Variance,0.00947244
2022-11-16,Equity Minimum Variance,-0.00081775
2022-11-17,Equity Minimum Variance,0.00073554
2022-11-18,Equity Minimum Variance,0.00970209
2022-11-21,Equity Minimum Variance,0.0043832
2022-11-22,Equity Minimum Variance,0.00979507
2022-11-23,Equity Minimum Variance,0.00237787
2022-11-25,Equity Minimum Variance,0.00192849
2022-11-28,Equity Minimum Variance,-0.01033484
2022-11-29,Equity Minimum Variance,0.00298867
2022-11-30,Equity Minimum Variance,0.0177615
2022-12-01,Equity Minimum Variance,0.00212651
2022-12-02,Equity Minimum Variance,0.00236413
2022-12-05,Equity Minimum Variance,-0.01032144
2022-12-06,Equity Minimum Variance,-0.00694992
2022-12-07,Equity Minimum Variance,0.00216882
2022-12-08,Equity Minimum Variance,0.00424928
2022-12-09,Equity Minimum Variance,-0.01267555
2022-12-12,Equity Minimum Variance,0.01022843
2022-12-13,Equity Minimum Variance,0.00295775
2022-12-14,Equity Minimum Variance,-0.00181818
2022-12-15,Equity Minimum Variance,-0.01558923
2022-12-16,Equity Minimum Variance,-0.00776657
2022-12-19,Equity Minimum Variance,-0.00268048
2022-12-20,Equity Minimum Variance,0.00032689
2022-12-21,Equity Minimum Variance,0.01214338
2022-12-22,Equity Minimum Variance,-0.00463261
2022-12-23,Equity Minimum Variance,0.00456897
2022-12-27,Equity Minimum Variance,0.00218675
2022-12-28,Equity Minimum Variance,-0.01062041
2022-12-29,Equity Minimum Variance,0.0081664
2022-12-30,Equity Minimum Variance,-0.00134357
2023-01-03,Equity Minimum Variance,0.00324658
2023-01-04,Equity Minimum Variance,0.00950579
2023-01-05,Equity Minimum Variance,-0.00238444
2023-01-06,Equity Minimum Variance,0.01631733
2023-01-09,Equity Minimum Variance,-0.0124547
2023-01-10,Equity Minimum Variance,0.00256214
2023-01-11,Equity Minimum Variance,0.00356211
2023-01-12,Equity Minimum Variance,-0.00373609
2023-01-13,Equity Minimum Variance,0.00216793
2023-01-17,Equity Minimum Variance,-0.00667777
2023-01-18,Equity Minimum Variance,-0.0186919
2023-01-19,Equity Minimum Variance,-0.00409925
2023-01-20,Equity Minimum Variance,0.00931555
2023-01-23,Equity Minimum Variance,0.00347792
2023-01-24,Equity Minimum Variance,-0.00238245
2023-01-25,Equity Minimum Variance,0.00194888
2023-01-26,Equity Minimum Variance,0.00080521
2023-01-27,Equity Minimum Variance,-0.00288638
2023-01-30,Equity Minimum Variance,-0.0044083
2023-01-31,Equity Minimum Variance,0.00871382
2023-02-01,Equity Minimum Variance,-0.01077561
2023-02-02,Equity Minimum Variance,-0.00918114
2023-02-03,Equity Minimum Variance,-0.00856106
2023-02-06,Equity Minimum Variance,-0.00135917
2023-02-07,Equity Minimum Variance,0.00691831
2023-02-08,Equity Minimum Variance,-0.00811917
2023-02-09,Equity Minimum Variance,-0.00190036
2023-02-10,Equity Minimum Variance,0.01219771
2023-02-13,Equity Minimum Variance,0.00870899
2023-02-14,Equity Minimum Variance,-0.0074902
2023-02-15,Equity Minimum Variance,0.00080213
2023-02-16,Equity Minimum Variance,-0.0118824
2023-02-17,Equity Minimum Variance,0.01097811
2023-02-21,Equity Minimum Variance,-0.00613704
2023-02-22,Equity Minimum Variance,-0.00512229
2023-02-23,Equity Minimum Variance,0.00036375
2023-02-24,Equity Minimum Variance,-0.00584203
2023-02-27,Equity Minimum Variance,-8.527e-05
2023-02-28,Equity Minimum Variance,-0.00902635
2023-03-01,Equity Minimum Variance,-0.00315052
2023-03-02,Equity Minimum Variance,0.00811126
2023-03-03,Equity Minimum Variance,0.00701031
2023-03-06,Equity Minimum Variance,0.00593894
2023-03-07,Equity Minimum Variance,-0.01142025
2023-03-08,Equity Minimum Variance,-0.00472259
2023-03-09,Equity Minimum Variance,-0.01261519
2023-03-10,Equity Minimum Variance,-0.00480736
2023-03-13,Equity Minimum Variance,0.00627382
2023-03-14,Equity Minimum Variance,0.00900929
2023-03-15,Equity Minimum Variance,0.00250548
2023-03-16,Equity Minimum Variance,0.00297441
2023-03-17,Equity Minimum Variance,-0.010606
2023-03-20,Equity Minimum Variance,0.01245796
2023-03-21,Equity Minimum Variance,-0.00022244
2023-03-22,Equity Minimum Variance,-0.01557552
2023-03-23,Equity Minimum Variance,0.00551538
2023-03-24,Equity Minimum Variance,0.01626015
2023-03-27,Equity Minimum Variance,0.00419873
2023-03-28,Equity Minimum Variance,0.00067181
2023-03-29,Equity Minimum Variance,0.00728468
2023-03-30,Equity Minimum Variance,0.00381515
2023-03-31,Equity Minimum Variance,0.00889594
2023-04-03,Equity Minimum Variance,0.00762985
2023-04-04,Equity Minimum Variance,0.00372888
2023-04-05,Equity Minimum Variance,0.01367529
2023-04-06,Equity Minimum Variance,0.00040049
2023-04-10,Equity Minimum Variance,-0.00144321
2023-04-11,Equity Minimum Variance,-0.00088853
2023-04-12,Equity Minimum Variance,0.00035054
2023-04-13,Equity Minimum Variance,0.00866089
2023-04-14,Equity Minimum Variance,-0.00502698
2023-04-17,Equity Minimum Variance,0.00167154
2023-04-18,Equity Minimum Variance,-0.00134412
2023-04-19,Equity Minimum Variance,0.00079063
2023-04-20,Equity Minimum Variance,-0.00300005
2023-04-21,Equity Minimum Variance,0.00568005
2023-04-24,Equity Minimum Variance,0.00303551
2023-04-25,Equity Minimum Variance,-0.00342287
2023-04-26,Equity Minimum Variance,-0.01866731
2023-04-27,Equity Minimum Variance,0.0027073
2023-04-28,Equity Minimum Variance,0.00234243
2023-05-01,Equity Minimum Variance,0.00075733
2023-05-02,Equity Minimum Variance,-0.00987112
2023-05-03,Equity Minimum Variance,-0.0081083
2023-05-04,Equity Minimum Variance,-0.00022564
2023-05-05,Equity Minimum Variance,0.01099582
2023-05-08,Equity Minimum Variance,-0.0011726
2023-05-09,Equity Minimum Variance,-0.004144
2023-05-10,Equity Minimum Variance,-0.00107855
2023-05-11,Equity Minimum Variance,-0.00226078
2023-05-12,Equity Minimum Variance,0.00080398
2023-05-15,Equity Minimum Variance,-0.00258237
2023-05-16,Equity Minimum Variance,-0.01511087
2023-05-17,Equity Minimum Variance,-6.314e-05
2023-05-18,Equity Minimum Variance,0.00142315
2023-05-19,Equity Minimum Variance,0.00057407
2023-05-22,Equity Minimum Variance,-0.00525493
2023-05-23,Equity Minimum Variance,-0.00374732
2023-05-24,Equity Minimum Variance,-0.0057719
2023-05-25,Equity Minimum Variance,-0.01235163
2023-05-26,Equity Minimum Variance,-0.00057336
2023-05-30,Equity Minimum Variance,-0.00422117
2023-05-31,Equity Minimum Variance,0.00632412
2023-06-01,Equity Minimum Variance,-0.00356009
2023-06-02,Equity Minimum Variance,0.01114777
2023-06-05,Equity Minimum Variance,0.00211058
2023-06-06,Equity Minimum Variance,-0.00631294
2023-06-07,Equity Minimum Variance,0.00283846
2023-06-08,Equity Minimum Variance,0.00782495
2023-06-09,Equity Minimum Variance,-0.00087991
2023-06-12,Equity Minimum Variance,-0.00133078
2023-06-13,Equity Minimum Variance,0.00580875
2023-06-14,Equity Minimum Variance,-3.975e-05
2023-06-15,Equity Minimum Variance,0.01001409
2023-06-16,Equity Minimum Variance,0.00203053
2023-06-20,Equity Minimum Variance,-0.008978
2023-06-21,Equity Minimum Variance,-0.00155769
2023-06-22,Equity Minimum Variance,0.00492307
2023-06-23,Equity Minimum Variance,-0.00632903
2023-06-26,Equity Minimum Variance,0.0029526
2023-06-27,Equity Minimum Variance,0.00122519
2023-06-28,Equity Minimum Variance,-0.00376979
2023-06-29,Equity Minimum Variance,0.00093117
2023-06-30,Equity Minimum Variance,0.00865735
2023-07-03,Equity Minimum Variance,0.00494598
2023-07-05,Equity Minimum Variance,0.00085167
2023-07-06,Equity Minimum Variance,-0.00954005
2023-07-07,Equity Minimum Variance,-0.01182304
2023-07-10,Equity Minimum Variance,0.00434948
2023-07-11,Equity Minimum Variance,0.01067319
2023-07-12,Equity Minimum Variance,0.00162807
2023-07-13,Equity Minimum Variance,0.0014101
2023-07-14,Equity Minimum Variance,0.00158673
2023-07-17,Equity Minimum Variance,-0.00428573
2023-07-18,Equity Minimum Variance,0.00323611
2023-07-19,Equity Minimum Variance,0.00580524
2023-07-20,Equity Minimum Variance,0.01210403
2023-07-21,Equity Minimum Variance,0.00784749
2023-07-24,Equity Minimum Variance,-0.00013101
2023-07-25,Equity Minimum Variance,-0.00165212
2023-07-26,Equity Minimum Variance,0.00159925
2023-07-27,Equity Minimum Variance,-0.00497733
2023-07-28,Equity Minimum Variance,0.00250157
2023-07-31,Equity Minimum Variance,-0.00207009
2023-08-01,Equity Minimum Variance,-0.00785264
2023-08-02,Equity Minimum Variance,-0.00929822
2023-08-03,Equity Minimum Variance,-0.00788306
2023-08-04,Equity Minimum Variance,0.00066819
2023-08-07,Equity Minimum Variance,0.01250003
2023-08-08,Equity Minimum Variance,-0.00024776
2023-08-09,Equity Minimum Variance,0.00121013
2023-08-10,Equity Minimum Variance,-0.00028595
2023-08-11,Equity Minimum Variance,0.00582892
2023-08-14,Equity Minimum Variance,-0.00211357
2023-08-15,Equity Minimum Variance,-0.00670939
2023-08-16,Equity Minimum Variance,-0.00339331
2023-08-17,Equity Minimum Variance,-0.00500195
2023-08-18,Equity Minimum Variance,0.00169811
2023-08-21,Equity Minimum Variance,-0.00277947
2023-08-22,Equity Minimum Variance,-0.00455405
2023-08-23,Equity Minimum Variance,0.00952632
2023-08-24,Equity Minimum Variance,-0.00861783
2023-08-25,Equity Minimum Variance,0.00261425
2023-08-28,Equity Minimum Variance,0.00305403
2023-08-29,Equity Minimum Variance,0.00688794
2023-08-30,Equity Minimum Variance,0.00078545
2023-08-31,Equity Minimum Variance,-0.00528443
2023-09-01,Equity Minimum Variance,0.00078125
2023-09-05,Equity Minimum Variance,-0.00996562
2023-09-06,Equity Minimum Variance,-0.00348207
2023-09-07,Equity Minimum Variance,0.00795098
2023-09-08,Equity Minimum Variance,0.00698818
2023-09-11,Equity Minimum Variance,0.00330949
2023-09-12,Equity Minimum Variance,-0.00129278
2023-09-13,Equity Minimum Variance,0.00158991
2023-09-14,Equity Minimum Variance,0.01073522
2023-09-15,Equity Minimum Variance,-0.00779695
2023-09-18,Equity Minimum Variance,0.00112415
2023-09-19,Equity Minimum Variance,0.00037924
2023-09-20,Equity Minimum Variance,0.00338484
2023-09-21,Equity Minimum Variance,-0.01249574
2023-09-22,Equity Minimum Variance,-0.00146032
2023-09-25,Equity Minimum Variance,0.00035609
2023-09-26,Equity Minimum Variance,-0.00700301
2023-09-27,Equity Minimum Variance,-0.00655247
2023-09-28,Equity Minimum Variance,0.00124768
2023-09-29,Equity Minimum Variance,-0.005408
2023-10-02,Equity Minimum Variance,-0.01016284
2023-10-03,Equity Minimum Variance,-0.00670102
2023-10-04,Equity Minimum Variance,0.00651072
2023-10-05,Equity Minimum Variance,-0.00382125
2023-10-06,Equity Minimum Variance,0.00438356
2023-10-09,Equity Minimum Variance,0.00758317
2023-10-10,Equity Minimum Variance,0.00735257
2023-10-11,Equity Minimum Variance,0.00533493
2023-10-12,Equity Minimum Variance,-0.00331799
2023-10-13,Equity Minimum Variance,0.00414873
2023-10-16,Equity Minimum Variance,0.00612387
2023-10-17,Equity Minimum Variance,0.00461968
2023-10-18,Equity Minimum Variance,-0.00727273
2023-10-19,Equity Minimum Variance,-0.00790335
2023-10-20,Equity Minimum Variance,-0.00160561
2023-10-23,Equity Minimum Variance,-0.00655394
2023-10-24,Equity Minimum Variance,0.0105336
2023-10-25,Equity Minimum Variance,-0.00602309
2023-10-26,Equity Minimum Variance,-0.00216806
2023-10-27,Equity Minimum Variance,-0.01883809
2023-10-30,Equity Minimum Variance,0.00338482
2023-10-31,Equity Minimum Variance,0.00265892
2023-11-01,Equity Minimum Variance,0.00585971
2023-11-02,Equity Minimum Variance,0.01654418
2023-11-03,Equity Minimum Variance,0.00309785
2023-11-06,Equity Minimum Variance,-0.00166601
2023-11-07,Equity Minimum Variance,-0.00105106
2023-11-08,Equity Minimum Variance,-0.00198083
2023-11-09,Equity Minimum Variance,-0.01293886
2023-11-10,Equity Minimum Variance,0.00509566
2023-11-13,Equity Minimum Variance,0.00198309
2023-11-14,Equity Minimum Variance,0.01041178
2023-11-15,Equity Minimum Variance,0.00321619
2023-11-16,Equity Minimum Variance,-0.00939064
2023-11-17,Equity Minimum Variance,-0.00024482
2023-11-20,Equity Minimum Variance,0.00380928
2023-11-21,Equity Minimum Variance,0.00176447
2023-11-22,Equity Minimum Variance,0.00024269
2023-11-24,Equity Minimum Variance,0.00376104
2023-11-27,Equity Minimum Variance,0.00016994
2023-11-28,Equity Minimum Variance,0.00164014
2023-11-29,Equity Minimum Variance,-0.00047685
2023-11-30,Equity Minimum Variance,0.00968668
2023-12-01,Equity Minimum Variance,0.00570414
2023-12-04,Equity Minimum Variance,0.0032388
2023-12-05,Equity Minimum Variance,0.0011208
2023-12-06,Equity Minimum Variance,-0.00188819
2023-12-07,Equity Minimum Variance,-0.00329722
2023-12-08,Equity Minimum Variance,-0.00080685
2023-12-11,Equity Minimum Variance,0.00540591
2023-12-12,Equity Minimum Variance,0.00310425
2023-12-13,Equity Minimum Variance,0.02034444
2023-12-14,Equity Minimum Variance,-0.00126188
2023-12-15,Equity Minimum Variance,-0.00691285
2023-12-18,Equity Minimum Variance,0.00218085
2023-12-19,Equity Minimum Variance,0.00445122
2023-12-20,Equity Minimum Variance,-0.01288345
2023-12-21,Equity Minimum Variance,0.00779981
2023-12-22,Equity Minimum Variance,0.00841454
2023-12-26,Equity Minimum Variance,0.00108415
2023-12-27,Equity Minimum Variance,0.00280027
2023-12-28,Equity Minimum Variance,0.00189671
2023-12-29,Equity Minimum Variance,-0.00051056
2022-01-03,Equity Maximum Sharpe,-0.00023099
2022-01-04,Equity Maximum Sharpe,-0.00351702
2022-01-05,Equity Maximum Sharpe,-0.01322861
2022-01-06,Equity Maximum Sharpe,-0.00282571
2022-01-07,Equity Maximum Sharpe,-0.01449436
2022-01-10,Equity Maximum Sharpe,0.00026372
2022-01-11,Equity Maximum Sharpe,0.00824571
2022-01-12,Equity Maximum Sharpe,0.009824
2022-01-13,Equity Maximum Sharpe,-0.02011566
2022-01-14,Equity Maximum Sharpe,0.00159176
2022-01-18,Equity Maximum Sharpe,-0.01614345
2022-01-19,Equity Maximum Sharpe,-0.00833007
2022-01-20,Equity Maximum Sharpe,-0.02400864
2022-01-21,Equity Maximum Sharpe,-0.01981931
2022-01-24,Equity Maximum Sharpe,0.0022907
2022-01-25,Equity Maximum Sharpe,-0.01414065
2022-01-26,Equity Maximum Sharpe,-0.00417285
2022-01-27,Equity Maximum Sharpe,-0.01263152
2022-01-28,Equity Maximum Sharpe,0.02512044
2022-01-31,Equity Maximum Sharpe,0.0267987
2022-02-01,Equity Maximum Sharpe,0.02767527
2022-02-02,Equity Maximum Sharpe,0.02246678
2022-02-03,Equity Maximum Sharpe,-0.01179467
2022-02-04,Equity Maximum Sharpe,-0.00460669
2022-02-07,Equity Maximum Sharpe,0.01013944
2022-02-08,Equity Maximum Sharpe,0.01060741
2022-02-09,Equity Maximum Sharpe,0.02004507
2022-02-10,Equity Maximum Sharpe,-0.01836556
2022-02-11,Equity Maximum Sharpe,-0.02142302
2022-02-14,Equity Maximum Sharpe,0.00310421
2022-02-15,Equity Maximum Sharpe,0.02604816
2022-02-16,Equity Maximum Sharpe,0.0024166
2022-02-17,Equity Maximum Sharpe,-0.0199559
2022-02-18,Equity Maximum Sharpe,-0.00702102
2022-02-22,Equity Maximum Sharpe,-0.00618289
2022-02-23,Equity Maximum Sharpe,-0.00606592
2022-02-24,Equity Maximum Sharpe,0.01375035
2022-02-25,Equity Maximum Sharpe,0.02929456
2022-02-28,Equity Maximum Sharpe,-0.00393338
2022-03-01,Equity Maximum Sharpe,-0.00759239
2022-03-02,Equity Maximum Sharpe,0.02616244
2022-03-03,Equity Maximum Sharpe,0.0013102
2022-03-04,Equity Maximum Sharpe,0.00090825
2022-03-07,Equity Maximum Sharpe,-0.02801786
2022-03-08,Equity Maximum Sharpe,-0.01179776
2022-03-09,Equity Maximum Sharpe,0.02395059
2022-03-10,Equity Maximum Sharpe,0.00517104
2022-03-11,Equity Maximum Sharpe,-0.00723368
2022-03-14,Equity Maximum Sharpe,-0.01381595
2022-03-15,Equity Maximum Sharpe,0.0279179
2022-03-16,Equity Maximum Sharpe,0.01870339
2022-03-17,Equity Maximum Sharpe,0.01283404
2022-03-18,Equity Maximum Sharpe,0.01351492
2022-03-21,Equity Maximum Sharpe,0.01538257
2022-03-22,Equity Maximum Sharpe,0.00090703
2022-03-23,Equity Maximum Sharpe,-0.00401871
2022-03-24,Equity Maximum Sharpe,0.02980434
2022-03-25,Equity Maximum Sharpe,0.00618528
2022-03-28,Equity Maximum Sharpe,0.00508263
2022-03-29,Equity Maximum Sharpe,0.00687728
2022-03-30,Equity Maximum Sharpe,-0.00553935
2022-03-31,Equity Maximum Sharpe,-0.01349112
2022-04-01,Equity Maximum Sharpe,-0.00310832
2022-04-04,Equity Maximum Sharpe,-0.00144635
2022-04-05,Equity Maximum Sharpe,-0.01169932
2022-04-06,Equity Maximum Sharpe,0.00155587
2022-04-07,Equity Maximum Sharpe,0.01177241
2022-04-08,Equity Maximum Sharpe,-0.00019968
2022-04-11,Equity Maximum Sharpe,-0.02032588
2022-04-12,Equity Maximum Sharpe,0.00304538
2022-04-13,Equity Maximum Sharpe,0.0044249
2022-04-14,Equity Maximum Sharpe,0.00161956
2022-04-18,Equity Maximum Sharpe,0.00801933
2022-04-19,Equity Maximum Sharpe,0.00139004
2022-04-20,Equity Maximum Sharpe,-0.00133483
2022-04-21,Equity Maximum Sharpe,-0.01507088
2022-04-22,Equity Maximum Sharpe,-0.03484542
2022-04-25,Equity Maximum Sharpe,-0.00403189
2022-04-26,Equity Maximum Sharpe,-0.01644476
2022-04-27,Equity Maximum Sharpe,0.00223064
2022-04-28,Equity Maximum Sharpe,0.02181482
2022-04-29,Equity Maximum Sharpe,-0.05023828
2022-05-02,Equity Maximum Sharpe,-0.00254633
2022-05-03,Equity Maximum Sharpe,0.00505977
2022-05-04,Equity Maximum Sharpe,0.01735912
2022-05-05,Equity Maximum Sharpe,-0.02979865
2022-05-06,Equity Maximum Sharpe,-0.01018627
2022-05-09,Equity Maximum Sharpe,-0.0424798
2022-05-10,Equity Maximum Sharpe,0.0025576
2022-05-11,Equity Maximum Sharpe,-0.01156887
2022-05-12,Equity Maximum Sharpe,-0.00194819
2022-05-13,Equity Maximum Sharpe,0.01686903
2022-05-16,Equity Maximum Sharpe,-0.00161868
2022-05-17,Equity Maximum Sharpe,0.01170201
2022-05-18,Equity Maximum Sharpe,-0.03504504
2022-05-19,Equity Maximum Sharpe,0.00168415
2022-05-20,Equity Maximum Sharpe,-0.00190381
2022-05-23,Equity Maximum Sharpe,0.01757612
2022-05-24,Equity Maximum Sharpe,-0.00038369
2022-05-25,Equity Maximum Sharpe,0.0159957
2022-05-26,Equity Maximum Sharpe,0.0162252
2022-05-27,Equity Maximum Sharpe,0.02317651
2022-05-31,Equity Maximum Sharpe,-0.01722198
2022-06-01,Equity Maximum Sharpe,-0.00780393
2022-06-02,Equity Maximum Sharpe,0.01334649
2022-06-03,Equity Maximum Sharpe,-0.00707915
2022-06-06,Equity Maximum Sharpe,-0.00511193
2022-06-07,Equity Maximum Sharpe,0.01592621
2022-06-08,Equity Maximum Sharpe,-0.02232801
2022-06-09,Equity Maximum Sharpe,-0.03066185
2022-06-10,Equity Maximum Sharpe,-0.01812772
2022-06-13,Equity Maximum Sharpe,-0.04340788
2022-06-14,Equity Maximum Sharpe,0.00164619
2022-06-15,Equity Maximum Sharpe,0.00953002
2022-06-16,Equity Maximum Sharpe,-0.02015202
2022-06-17,Equity Maximum Sharpe,-0.00488564
2022-06-21,Equity Maximum Sharpe,0.02022557
2022-06-22,Equity Maximum Sharpe,9.683e-05
2022-06-23,Equity Maximum Sharpe,0.0057445
2022-06-24,Equity Maximum Sharpe,0.02697801
2022-06-27,Equity Maximum Sharpe,0.00062216
2022-06-28,Equity Maximum Sharpe,-0.00675531
2022-06-29,Equity Maximum Sharpe,-0.00634698
2022-06-30,Equity Maximum Sharpe,-0.00384583
2022-07-01,Equity Maximum Sharpe,0.00928959
2022-07-05,Equity Maximum Sharpe,-0.00760838
2022-07-06,Equity Maximum Sharpe,0.00324812
2022-07-07,Equity Maximum Sharpe,0.00852761
2022-07-08,Equity Maximum Sharpe,-0.00206785
2022-07-11,Equity Maximum Sharpe,-0.00314246
2022-07-12,Equity Maximum Sharpe,-0.01045188
2022-07-13,Equity Maximum Sharpe,-0.00158712
2022-07-14,Equity Maximum Sharpe,-0.00191625
2022-07-15,Equity Maximum Sharpe,0.01835727
2022-07-18,Equity Maximum Sharpe,-0.00529533
2022-07-19,Equity Maximum Sharpe,0.01827254
2022-07-20,Equity Maximum Sharpe,-0.00318152
2022-07-21,Equity Maximum Sharpe,0.01111004
2022-07-22,Equity Maximum Sharpe,-0.0064494
2022-07-25,Equity Maximum Sharpe,0.01528815
2022-07-26,Equity Maximum Sharpe,-0.00134791
2022-07-27,Equity Maximum Sharpe,0.00808322
2022-07-28,Equity Maximum Sharpe,0.0162088
2022-07-29,Equity Maximum Sharpe,0.00982113
2022-08-01,Equity Maximum Sharpe,-0.00737809
2022-08-02,Equity Maximum Sharpe,-0.00699733
2022-08-03,Equity Maximum Sharpe,0.00152947
2022-08-04,Equity Maximum Sharpe,-0.00380259
2022-08-05,Equity Maximum Sharpe,0.00270916
2022-08-08,Equity Maximum Sharpe,0.00399353
2022-08-09,Equity Maximum Sharpe,0.01235444
2022-08-10,Equity Maximum Sharpe,0.01051479
2022-08-11,Equity Maximum Sharpe,0.00607943
2022-08-12,Equity Maximum Sharpe,0.01084462
2022-08-15,Equity Maximum Sharpe,-0.00023243
2022-08-16,Equity Maximum Sharpe,0.00040755
2022-08-17,Equity Maximum Sharpe,-0.00432146
2022-08-18,Equity Maximum Sharpe,0.00757399
2022-08-19,Equity Maximum Sharpe,0.00361365
2022-08-22,Equity Maximum Sharpe,-0.01678567
2022-08-23,Equity Maximum Sharpe,0.00542383
2022-08-24,Equity Maximum Sharpe,0.0025159
2022-08-25,Equity Maximum Sharpe,0.01527154
2022-08-26,Equity Maximum Sharpe,-0.02138388
2022-08-29,Equity Maximum Sharpe,-0.00091024
2022-08-30,Equity Maximum Sharpe,-0.02071292
2022-08-31,Equity Maximum Sharpe,-0.00988619
2022-09-01,Equity Maximum Sharpe,0.00308599
2022-09-02,Equity Maximum Sharpe,-0.00796467
2022-09-06,Equity Maximum Sharpe,0.00472685
2022-09-07,Equity Maximum Sharpe,0.00972042
2022-09-08,Equity Maximum Sharpe,0.00063048
2022-09-09,Equity Maximum Sharpe,0.00893848
2022-09-12,Equity Maximum Sharpe,0.00498219
2022-09-13,Equity Maximum Sharpe,-0.02727573
2022-09-14,Equity Maximum Sharpe,-0.00662251
2022-09-15,Equity Maximum Sharpe,-0.02064742
2022-09-16,Equity Maximum Sharpe,-0.00049234
2022-09-19,Equity Maximum Sharpe,0.00390749
2022-09-20,Equity Maximum Sharpe,-0.0161805
2022-09-21,Equity Maximum Sharpe,-0.01675558
2022-09-22,Equity Maximum Sharpe,-0.00247642
2022-09-23,Equity Maximum Sharpe,-0.01831469
2022-09-26,Equity Maximum Sharpe,-0.01872962
2022-09-27,Equity Maximum Sharpe,-0.00427265
2022-09-28,Equity Maximum Sharpe,0.02092152
2022-09-29,Equity Maximum Sharpe,-0.01959576
2022-09-30,Equity Maximum Sharpe,-0.01372873
2022-10-03,Equity Maximum Sharpe,0.0304819
2022-10-04,Equity Maximum Sharpe,0.02604645
2022-10-05,Equity Maximum Sharpe,0.00275066
2022-10-06,Equity Maximum Sharpe,-0.0040519
2022-10-07,Equity Maximum Sharpe,-0.01502233
2022-10-10,Equity Maximum Sharpe,-0.00894735
2022-10-11,Equity Maximum Sharpe,0.00040256
2022-10-12,Equity Maximum Sharpe,-0.00533701
2022-10-13,Equity Maximum Sharpe,0.03243885
2022-10-14,Equity Maximum Sharpe,-0.01897044
2022-10-17,Equity Maximum Sharpe,0.01827661
2022-10-18,Equity Maximum Sharpe,0.010607
2022-10-19,Equity Maximum Sharpe,-0.00525183
2022-10-20,Equity Maximum Sharpe,0.00268478
2022-10-21,Equity Maximum Sharpe,0.02791963
2022-10-24,Equity Maximum Sharpe,0.00344894
2022-10-25,Equity Maximum Sharpe,0.00903057
2022-10-26,Equity Maximum Sharpe,0.00795668
2022-10-27,Equity Maximum Sharpe,-0.00275182
2022-10-28,Equity Maximum Sharpe,0.00612048
2022-10-31,Equity Maximum Sharpe,-0.00531097
2022-11-01,Equity Maximum Sharpe,0.00692505
2022-11-02,Equity Maximum Sharpe,-0.03142835
2022-11-03,Equity Maximum Sharpe,0.00585224
2022-11-04,Equity Maximum Sharpe,0.00934978
2022-11-07,Equity Maximum Sharpe,0.01254279
2022-11-08,Equity Maximum Sharpe,0.00899177
2022-11-09,Equity Maximum Sharpe,-0.02739871
2022-11-10,Equity Maximum Sharpe,0.02919976
2022-11-11,Equity Maximum Sharpe,0.00514259
2022-11-14,Equity Maximum Sharpe,0.00365784
2022-11-15,Equity Maximum Sharpe,0.00492433
2022-11-16,Equity Maximum Sharpe,-0.01024522
2022-11-17,Equity Maximum Sharpe,0.00336364
2022-11-18,Equity Maximum Sharpe,0.00487988
2022-11-21,Equity Maximum Sharpe,0.00557353
2022-11-22,Equity Maximum Sharpe,0.02097467
2022-11-23,Equity Maximum Sharpe,-0.0085396
2022-11-25,Equity Maximum Sharpe,0.00060443
2022-11-28,Equity Maximum Sharpe,-0.01820016
2022-11-29,Equity Maximum Sharpe,0.00445812
2022-11-30,Equity Maximum Sharpe,0.01493913
2022-12-01,Equity Maximum Sharpe,-0.00365266
2022-12-02,Equity Maximum Sharpe,0.00583504
2022-12-05,Equity Maximum Sharpe,-0.01443252
2022-12-06,Equity Maximum Sharpe,-0.00966239
2022-12-07,Equity Maximum Sharpe,0.00230986
2022-12-08,Equity Maximum Sharpe,0.00759668
2022-12-09,Equity Maximum Sharpe,-0.01660557
2022-12-12,Equity Maximum Sharpe,0.01315201
2022-12-13,Equity Maximum Sharpe,0.00699141
2022-12-14,Equity Maximum Sharpe,-0.00168151
2022-12-15,Equity Maximum Sharpe,-0.02086467
2022-12-16,Equity Maximum Sharpe,-0.01051201
2022-12-19,Equity Maximum Sharpe,-0.00060326
2022-12-20,Equity Maximum Sharpe,0.0010356
2022-12-21,Equity Maximum Sharpe,0.01343302
2022-12-22,Equity Maximum Sharpe,-0.0078205
2022-12-23,Equity Maximum Sharpe,0.00971085
2022-12-27,Equity Maximum Sharpe,0.00474452
2022-12-28,Equity Maximum Sharpe,-0.01350695
2022-12-29,Equity Maximum Sharpe,0.00506341
2022-12-30,Equity Maximum Sharpe,0.00139754
2023-01-03,Equity Maximum Sharpe,-0.01341762
2023-01-04,Equity Maximum Sharpe,0.00901796
2023-01-05,Equity Maximum Sharpe,0.01050703
2023-01-06,Equity Maximum Sharpe,0.02071582
2023-01-09,Equity Maximum Sharpe,-0.02513064
2023-01-10,Equity Maximum Sharpe,0.01425401
2023-01-11,Equity Maximum Sharpe,0.00236742
2023-01-12,Equity Maximum Sharpe,-0.00014648
2023-01-13,Equity Maximum Sharpe,0.00549043
2023-01-17,Equity Maximum Sharpe,-0.00887498
2023-01-18,Equity Maximum Sharpe,-0.01857514
2023-01-19,Equity Maximum Sharpe,0.00251202
2023-01-20,Equity Maximum Sharpe,0.00767883
2023-01-23,Equity Maximum Sharpe,-0.00307873
2023-01-24,Equity Maximum Sharpe,-0.00150673
2023-01-25,Equity Maximum Sharpe,0.00227797
2023-01-26,Equity Maximum Sharpe,0.01773067
2023-01-27,Equity Maximum Sharpe,-0.01007502
2023-01-30,Equity Maximum Sharpe,-0.00817817
2023-01-31,Equity Maximum Sharpe,0.01379005
2023-02-01,Equity Maximum Sharpe,-0.00404051
2023-02-02,Equity Maximum Sharpe,-0.0241975
2023-02-03,Equity Maximum Sharpe,-0.00109116
2023-02-06,Equity Maximum Sharpe,-0.00589713
2023-02-07,Equity Maximum Sharpe,0.00865173
2023-02-08,Equity Maximum Sharpe,-0.00330891
2023-02-09,Equity Maximum Sharpe,0.0004045
2023-02-10,Equity Maximum Sharpe,0.02150179
2023-02-13,Equity Maximum Sharpe,0.00630921
2023-02-14,Equity Maximum Sharpe,-0.00023957
2023-02-15,Equity Maximum Sharpe,-0.0080581
2023-02-16,Equity Maximum Sharpe,-0.00915331
2023-02-17,Equity Maximum Sharpe,-0.00665483
2023-02-21,Equity Maximum Sharpe,-0.00501983
2023-02-22,Equity Maximum Sharpe,-0.00812236
2023-02-23,Equity Maximum Sharpe,0.0080634
2023-02-24,Equity Maximum Sharpe,-0.00323004
2023-02-27,Equity Maximum Sharpe,0.00411837
2023-02-28,Equity Maximum Sharpe,-0.00411913
2023-03-01,Equity Maximum Sharpe,0.00899893
2023-03-02,Equity Maximum Sharpe,0.01038348
2023-03-03,Equity Maximum Sharpe,0.00990154
2023-03-06,Equity Maximum Sharpe,0.00545002
2023-03-07,Equity Maximum Sharpe,-0.01346462
2023-03-08,Equity Maximum Sharpe,-0.00900561
2023-03-09,Equity Maximum Sharpe,-0.015732
2023-03-10,Equity Maximum Sharpe,-0.01264157
2023-03-13,Equity Maximum Sharpe,-0.0052726
2023-03-14,Equity Maximum Sharpe,0.01182215
2023-03-15,Equity Maximum Sharpe,-0.02192425
2023-03-16,Equity Maximum Sharpe,0.00530416
2023-03-17,Equity Maximum Sharpe,-0.01388558
2023-03-20,Equity Maximum Sharpe,0.01937867
2023-03-21,Equity Maximum Sharpe,0.01378967
2023-03-22,Equity Maximum Sharpe,-0.01906961
2023-03-23,Equity Maximum Sharpe,0.00161313
2023-03-24,Equity Maximum Sharpe,0.00716324
2023-03-27,Equity Maximum Sharpe,0.00792007
2023-03-28,Equity Maximum Sharpe,-0.00011262
2023-03-29,Equity Maximum Sharpe,0.0077143
2023-03-30,Equity Maximum Sharpe,0.00702727
2023-03-31,Equity Maximum Sharpe,0.01084286
2023-04-03,Equity Maximum Sharpe,0.02087584
2023-04-04,Equity Maximum Sharpe,-0.01735613
2023-04-05,Equity Maximum Sharpe,0.01073732
2023-04-06,Equity Maximum Sharpe,-0.0021268
2023-04-10,Equity Maximum Sharpe,0.00171468
2023-04-11,Equity Maximum Sharpe,0.00108957
2023-04-12,Equity Maximum Sharpe,0.00088283
2023-04-13,Equity Maximum Sharpe,0.00680257
2023-04-14,Equity Maximum Sharpe,-0.0029974
2023-04-17,Equity Maximum Sharpe,-0.0025592
2023-04-18,Equity Maximum Sharpe,0.00473115
2023-04-19,Equity Maximum Sharpe,-0.00031574
2023-04-20,Equity Maximum Sharpe,-0.00088256
2023-04-21,Equity Maximum Sharpe,0.0052413
2023-04-24,Equity Maximum Sharpe,0.0084279
2023-04-25,Equity Maximum Sharpe,-0.0085752
2023-04-26,Equity Maximum Sharpe,-0.01388923
2023-04-27,Equity Maximum Sharpe,-0.00751038
2023-04-28,Equity Maximum Sharpe,0.00794542
2023-05-01,Equity Maximum Sharpe,0.00084073
2023-05-02,Equity Maximum Sharpe,-0.01454121
2023-05-03,Equity Maximum Sharpe,-0.01135788
2023-05-04,Equity Maximum Sharpe,-0.01049935
2023-05-05,Equity Maximum Sharpe,0.01598634
2023-05-08,Equity Maximum Sharpe,-0.00109488
2023-05-09,Equity Maximum Sharpe,-0.00488103
2023-05-10,Equity Maximum Sharpe,-0.00455058
2023-05-11,Equity Maximum Sharpe,-0.00310233
2023-05-12,Equity Maximum Sharpe,-0.00114962
2023-05-15,Equity Maximum Sharpe,0.00104711
2023-05-16,Equity Maximum Sharpe,-0.01148429
2023-05-17,Equity Maximum Sharpe,0.0079287
2023-05-18,Equity Maximum Sharpe,0.00405908
2023-05-19,Equity Maximum Sharpe,0.00633709
2023-05-22,Equity Maximum Sharpe,-0.00642477
2023-05-23,Equity Maximum Sharpe,-0.00390833
2023-05-24,Equity Maximum Sharpe,-0.00072272
2023-05-25,Equity Maximum Sharpe,0.01326208
2023-05-26,Equity Maximum Sharpe,-0.00284027
2023-05-30,Equity Maximum Sharpe,-0.00579153
2023-05-31,Equity Maximum Sharpe,-0.00606103
2023-06-01,Equity Maximum Sharpe,0.00236733
2023-06-02,Equity Maximum Sharpe,0.0183313
2023-06-05,Equity Maximum Sharpe,-0.00118937
2023-06-06,Equity Maximum Sharpe,-0.01046091
2023-06-07,Equity Maximum Sharpe,-8.434e-05
2023-06-08,Equity Maximum Sharpe,0.01265629
2023-06-09,Equity Maximum Sharpe,0.00015574
2023-06-12,Equity Maximum Sharpe,-0.00193699
2023-06-13,Equity Maximum Sharpe,0.00769979
2023-06-14,Equity Maximum Sharpe,0.00158207
2023-06-15,Equity Maximum Sharpe,0.00300629
2023-06-16,Equity Maximum Sharpe,0.00247095
2023-06-20,Equity Maximum Sharpe,-0.0039902
2023-06-21,Equity Maximum Sharpe,0.00109043
2023-06-22,Equity Maximum Sharpe,0.00317142
2023-06-23,Equity Maximum Sharpe,-0.00753348
2023-06-26,Equity Maximum Sharpe,-0.00523179
2023-06-27,Equity Maximum Sharpe,0.00128479
2023-06-28,Equity Maximum Sharpe,-0.00283548
2023-06-29,Equity Maximum Sharpe,0.00487353
2023-06-30,Equity Maximum Sharpe,0.01512294
2023-07-03,Equity Maximum Sharpe,-0.00038661
2023-07-05,Equity Maximum Sharpe,0.00212888
2023-07-06,Equity Maximum Sharpe,-0.01651072
2023-07-07,Equity Maximum Sharpe,-0.00419779
2023-07-10,Equity Maximum Sharpe,0.00311739
2023-07-11,Equity Maximum Sharpe,0.00705775
2023-07-12,Equity Maximum Sharpe,0.00604418
2023-07-13,Equity Maximum Sharpe,0.00070223
2023-07-14,Equity Maximum Sharpe,-0.00640539
2023-07-17,Equity Maximum Sharpe,-0.00299145
2023-07-18,Equity Maximum Sharpe,0.00550713
2023-07-19,Equity Maximum Sharpe,0.00217319
2023-07-20,Equity Maximum Sharpe,0.0112601
2023-07-21,Equity Maximum Sharpe,0.00617795
2023-07-24,Equity Maximum Sharpe,0.00195588
2023-07-25,Equity Maximum Sharpe,0.00242449
2023-07-26,Equity Maximum Sharpe,-0.0032688
2023-07-27,Equity Maximum Sharpe,0.00474764
2023-07-28,Equity Maximum Sharpe,0.00385549
2023-07-31,Equity Maximum Sharpe,0.00710556
2023-08-01,Equity Maximum Sharpe,-0.00769617
2023-08-02,Equity Maximum Sharpe,-0.01044113
2023-08-03,Equity Maximum Sharpe,0.00046238
2023-08-04,Equity Maximum Sharpe,-0.00359847
2023-08-07,Equity Maximum Sharpe,0.01044651
2023-08-08,Equity Maximum Sharpe,-0.00167773
2023-08-09,Equity Maximum Sharpe,-0.00208364
2023-08-10,Equity Maximum Sharpe,-0.00085375
2023-08-11,Equity Maximum Sharpe,0.00655093
2023-08-14,Equity Maximum Sharpe,0.01322388
2023-08-15,Equity Maximum Sharpe,-0.00899581
2023-08-16,Equity Maximum Sharpe,-0.00885799
2023-08-17,Equity Maximum Sharpe,0.00256221
2023-08-18,Equity Maximum Sharpe,0.0047549
2023-08-21,Equity Maximum Sharpe,0.0105176
2023-08-22,Equity Maximum Sharpe,-0.01382254
2023-08-23,Equity Maximum Sharpe,0.00790243
2023-08-24,Equity Maximum Sharpe,-0.00758591
2023-08-25,Equity Maximum Sharpe,0.0034239
2023-08-28,Equity Maximum Sharpe,0.00482641
2023-08-29,Equity Maximum Sharpe,0.01155389
2023-08-30,Equity Maximum Sharpe,0.00524951
2023-08-31,Equity Maximum Sharpe,-0.00345402
2023-09-01,Equity Maximum Sharpe,0.00960964
2023-09-05,Equity Maximum Sharpe,-0.00558446
2023-09-06,Equity Maximum Sharpe,-0.00678649
2023-09-07,Equity Maximum Sharpe,0.00295292
2023-09-08,Equity Maximum Sharpe,0.00639946
2023-09-11,Equity Maximum Sharpe,-0.00799816
2023-09-12,Equity Maximum Sharpe,0.01186108
2023-09-13,Equity Maximum Sharpe,-0.00125698
2023-09-14,Equity Maximum Sharpe,0.01391169
2023-09-15,Equity Maximum Sharpe,-0.0140701
2023-09-18,Equity Maximum Sharpe,0.00640989
2023-09-19,Equity Maximum Sharpe,-0.00491961
2023-09-20,Equity Maximum Sharpe,-0.0076956
2023-09-21,Equity Maximum Sharpe,-0.01281393
2023-09-22,Equity Maximum Sharpe,0.00077061
2023-09-25,Equity Maximum Sharpe,0.00773336
2023-09-26,Equity Maximum Sharpe,-0.00282174
2023-09-27,Equity Maximum Sharpe,0.01138653
2023-09-28,Equity Maximum Sharpe,0.00076681
2023-09-29,Equity Maximum Sharpe,-0.01321173
2023-10-02,Equity Maximum Sharpe,-0.00803395
2023-10-03,Equity Maximum Sharpe,-0.0065851
2023-10-04,Equity Maximum Sharpe,-0.01127918
2023-10-05,Equity Maximum Sharpe,-0.00190583
2023-10-06,Equity Maximum Sharpe,0.00340494
2023-10-09,Equity Maximum Sharpe,0.01365895
2023-10-10,Equity Maximum Sharpe,-0.00082607
2023-10-11,Equity Maximum Sharpe,0.00157494
2023-10-12,Equity Maximum Sharpe,0.00029108
2023-10-13,Equity Maximum Sharpe,0.00375145
2023-10-16,Equity Maximum Sharpe,0.00440549
2023-10-17,Equity Maximum Sharpe,-0.00080436
2023-10-18,Equity Maximum Sharpe,-0.00572016
2023-10-19,Equity Maximum Sharpe,-0.00997984
2023-10-20,Equity Maximum Sharpe,-0.00489429
2023-10-23,Equity Maximum Sharpe,-0.00447408
2023-10-24,Equity Maximum Sharpe,0.00363426
2023-10-25,Equity Maximum Sharpe,-0.00822748
2023-10-26,Equity Maximum Sharpe,-0.0045974
2023-10-27,Equity Maximum Sharpe,-0.02365082
2023-10-30,Equity Maximum Sharpe,0.0084631
2023-10-31,Equity Maximum Sharpe,-0.00711666
2023-11-01,Equity Maximum Sharpe,0.00923348
2023-11-02,Equity Maximum Sharpe,0.01841878
2023-11-03,Equity Maximum Sharpe,0.00183602
2023-11-06,Equity Maximum Sharpe,-0.00161081
2023-11-07,Equity Maximum Sharpe,-0.00809406
2023-11-08,Equity Maximum Sharpe,-0.00233833
2023-11-09,Equity Maximum Sharpe,-0.01711255
2023-11-10,Equity Maximum Sharpe,0.00901376
2023-11-13,Equity Maximum Sharpe,0.00290326
2023-11-14,Equity Maximum Sharpe,0.00519837
2023-11-15,Equity Maximum Sharpe,-0.0025493
2023-11-16,Equity Maximum Sharpe,-0.00368277
2023-11-17,Equity Maximum Sharpe,0.0045981
2023-11-20,Equity Maximum Sharpe,0.00311665
2023-11-21,Equity Maximum Sharpe,-0.00500774
2023-11-22,Equity Maximum Sharpe,-0.00218666
2023-11-24,Equity Maximum Sharpe,-0.000327
2023-11-27,Equity Maximum Sharpe,-0.00154264
2023-11-28,Equity Maximum Sharpe,-0.00300404
2023-11-29,Equity Maximum Sharpe,0.00089514
2023-11-30,Equity Maximum Sharpe,0.00733445
2023-12-01,Equity Maximum Sharpe,0.00619029
2023-12-04,Equity Maximum Sharpe,-0.00205861
2023-12-05,Equity Maximum Sharpe,-0.00328651
2023-12-06,Equity Maximum Sharpe,-0.00547361
2023-12-07,Equity Maximum Sharpe,-0.00138736
2023-12-08,Equity Maximum Sharpe,0.00218111
2023-12-11,Equity Maximum Sharpe,0.00652158
2023-12-12,Equity Maximum Sharpe,0.00086664
2023-12-13,Equity Maximum Sharpe,0.01502062
2023-12-14,Equity Maximum Sharpe,0.0025609
2023-12-15,Equity Maximum Sharpe,-0.00202711
2023-12-18,Equity Maximum Sharpe,0.00460303
2023-12-19,Equity Maximum Sharpe,0.0094125
2023-12-20,Equity Maximum Sharpe,-0.01281333
2023-12-21,Equity Maximum Sharpe,0.01061561
2023-12-22,Equity Maximum Sharpe,0.00844357
2023-12-26,Equity Maximum Sharpe,0.0025429
2023-12-27,Equity Maximum Sharpe,0.00246392
2023-12-28,Equity Maximum Sharpe,-0.0006275
2023-12-29,Equity Maximum Sharpe,-0.00056491
2022-01-03,Equity Risk Parity,0.00463417
2022-01-04,Equity Risk Parity,0.00497765
2022-01-05,Equity Risk Parity,-0.00876351
2022-01-06,Equity Risk Parity,-0.0020527
2022-01-07,Equity Risk Parity,0.00117367
2022-01-10,Equity Risk Parity,-0.00693897
2022-01-11,Equity Risk Parity,0.008288
2022-01-12,Equity Risk Parity,0.00345644
2022-01-13,Equity Risk Parity,-0.00477752
2022-01-14,Equity Risk Parity,6.452e-05
2022-01-18,Equity Risk Parity,-0.00942575
2022-01-19,Equity Risk Parity,-0.00332657
2022-01-20,Equity Risk Parity,-0.01131482
2022-01-21,Equity Risk Parity,-0.01049885
2022-01-24,Equity Risk Parity,0.00149872
2022-01-25,Equity Risk Parity,-0.0057076
2022-01-26,Equity Risk Parity,-0.01035172
2022-01-27,Equity Risk Parity,-0.0031793
2022-01-28,Equity Risk Parity,0.01683131
2022-01-31,Equity Risk Parity,0.01345047
2022-02-01,Equity Risk Parity,0.00795675
2022-02-02,Equity Risk Parity,0.01021383
2022-02-03,Equity Risk Parity,-0.00848379
2022-02-04,Equity Risk Parity,-0.00214017
2022-02-07,Equity Risk Parity,0.0017497
2022-02-08,Equity Risk Parity,0.00397261
2022-02-09,Equity Risk Parity,0.01054659
2022-02-10,Equity Risk Parity,-0.01773333
2022-02-11,Equity Risk Parity,-0.00905987
2022-02-14,Equity Risk Parity,-0.00575923
2022-02-15,Equity Risk Parity,0.0090046
2022-02-16,Equity Risk Parity,-0.00074801
2022-02-17,Equity Risk Parity,-0.01251125
2022-02-18,Equity Risk Parity,-0.00755391
2022-02-22,Equity Risk Parity,-0.0057352
2022-02-23,Equity Risk Parity,-0.01013429
2022-02-24,Equity Risk Parity,0.00588199
2022-02-25,Equity Risk Parity,0.02469794
2022-02-28,Equity Risk Parity,-0.00451594
2022-03-01,Equity Risk Parity,-0.01076424
2022-03-02,Equity Risk Parity,0.01786673
2022-03-03,Equity Risk Parity,0.00130686
2022-03-04,Equity Risk Parity,0.00282389
2022-03-07,Equity Risk Parity,-0.01491314
2022-03-08,Equity Risk Parity,-0.00739118
2022-03-09,Equity Risk Parity,0.01280628
2022-03-10,Equity Risk Parity,-0.00105472
2022-03-11,Equity Risk Parity,-0.00818108
2022-03-14,Equity Risk Parity,-0.00891915
2022-03-15,Equity Risk Parity,0.01051208
2022-03-16,Equity Risk Parity,0.01395557
2022-03-17,Equity Risk Parity,0.01311555
2022-03-18,Equity Risk Parity,0.00459259
2022-03-21,Equity Risk Parity,0.00272914
2022-03-22,Equity Risk Parity,0.00523692
2022-03-23,Equity Risk Parity,-0.00941171
2022-03-24,Equity Risk Parity,0.00998972
2022-03-25,Equity Risk Parity,0.00868248
2022-03-28,Equity Risk Parity,0.00319627
2022-03-29,Equity Risk Parity,0.0125944
2022-03-30,Equity Risk Parity,-0.00300704
2022-03-31,Equity Risk Parity,-0.01309116
2022-04-01,Equity Risk Parity,0.00696074
2022-04-04,Equity Risk Parity,0.00236761
2022-04-05,Equity Risk Parity,-0.0079321
2022-04-06,Equity Risk Parity,0.00232491
2022-04-07,Equity Risk Parity,0.00163472
2022-04-08,Equity Risk Parity,0.00270803
2022-04-11,Equity Risk Parity,-0.01116012
2022-04-12,Equity Risk Parity,-0.00157664
2022-04-13,Equity Risk Parity,0.00772363
2022-04-14,Equity Risk Parity,-0.00182038
2022-04-18,Equity Risk Parity,-0.00165708
2022-04-19,Equity Risk Parity,0.01204975
2022-04-20,Equity Risk Parity,0.00219778
2022-04-21,Equity Risk Parity,-0.01109778
2022-04-22,Equity Risk Parity,-0.02045442
2022-04-25,Equity Risk Parity,-0.00180575
2022-04-26,Equity Risk Parity,-0.01940419
2022-04-27,Equity Risk Parity,-0.00028072
2022-04-28,Equity Risk Parity,0.01599366
2022-04-29,Equity Risk Parity,-0.03456993
2022-05-02,Equity Risk Parity,0.0021808
2022-05-03,Equity Risk Parity,0.004954
2022-05-04,Equity Risk Parity,0.02765102
2022-05-05,Equity Risk Parity,-0.02220793
2022-05-06,Equity Risk Parity,-0.00494203
2022-05-09,Equity Risk Parity,-0.02845037
2022-05-10,Equity Risk Parity,-0.00612913
2022-05-11,Equity Risk Parity,-0.00096826
2022-05-12,Equity Risk Parity,0.00356097
2022-05-13,Equity Risk Parity,0.01831272
2022-05-16,Equity Risk Parity,0.00192907
2022-05-17,Equity Risk Parity,0.01424938
2022-05-18,Equity Risk Parity,-0.02526191
2022-05-19,Equity Risk Parity,-0.00218968
2022-05-20,Equity Risk Parity,0.00269604
2022-05-23,Equity Risk Parity,0.01713719
2022-05-24,Equity Risk Parity,0.00441367
2022-05-25,Equity Risk Parity,0.00675942
2022-05-26,Equity Risk Parity,0.01108768
2022-05-27,Equity Risk Parity,0.0173355
2022-05-31,Equity Risk Parity,-0.00759013
2022-06-01,Equity Risk Parity,-0.00576658
2022-06-02,Equity Risk Parity,0.01303422
2022-06-03,Equity Risk Parity,-0.00802338
2022-06-06,Equity Risk Parity,-0.00089059
2022-06-07,Equity Risk Parity,0.00904192
2022-06-08,Equity Risk Parity,-0.01298256
2022-06-09,Equity Risk Parity,-0.02205761
2022-06-10,Equity Risk Parity,-0.02125453
2022-06-13,Equity Risk Parity,-0.03759435
2022-06-14,Equity Risk Parity,-0.00922129
2022-06-15,Equity Risk Parity,0.00989505
2022-06-16,Equity Risk Parity,-0.02327382
2022-06-17,Equity Risk Parity,-0.00314545
2022-06-21,Equity Risk Parity,0.02138243
2022-06-22,Equity Risk Parity,0.00040859
2022-06-23,Equity Risk Parity,0.00712314
2022-06-24,Equity Risk Parity,0.02455451
2022-06-27,Equity Risk Parity,-0.00314897
2022-06-28,Equity Risk Parity,-0.01078825
2022-06-29,Equity Risk Parity,-0.00236029
2022-06-30,Equity Risk Parity,-0.00612459
2022-07-01,Equity Risk Parity,0.01264683
2022-07-05,Equity Risk Parity,-0.00584099
2022-07-06,Equity Risk Parity,0.00067662
2022-07-07,Equity Risk Parity,0.00968944
2022-07-08,Equity Risk Parity,-0.00301638
2022-07-11,Equity Risk Parity,-0.00481313
2022-07-12,Equity Risk Parity,-0.00445287
2022-07-13,Equity Risk Parity,-0.00367202
2022-07-14,Equity Risk Parity,-0.00362043
2022-07-15,Equity Risk Parity,0.01642092
2022-07-18,Equity Risk Parity,-0.00660044
2022-07-19,Equity Risk Parity,0.02292059
2022-07-20,Equity Risk Parity,-0.00105016
2022-07-21,Equity Risk Parity,0.00442169
2022-07-22,Equity Risk Parity,-0.00268607
2022-07-25,Equity Risk Parity,0.00206668
2022-07-26,Equity Risk Parity,-0.0031191
2022-07-27,Equity Risk Parity,0.0084669
2022-07-28,Equity Risk Parity,0.01131816
2022-07-29,Equity Risk Parity,0.00698549
2022-08-01,Equity Risk Parity,-0.00231482
2022-08-02,Equity Risk Parity,-0.00921263
2022-08-03,Equity Risk Parity,0.00775074
2022-08-04,Equity Risk Parity,-0.00156091
2022-08-05,Equity Risk Parity,0.00018322
2022-08-08,Equity Risk Parity,0.00076668
2022-08-09,Equity Risk Parity,0.00048715
2022-08-10,Equity Risk Parity,0.01444828
2022-08-11,Equity Risk Parity,0.00317462
2022-08-12,Equity Risk Parity,0.01489588
2022-08-15,Equity Risk Parity,0.00580456
2022-08-16,Equity Risk Parity,0.00439468
2022-08-17,Equity Risk Parity,-0.00729567
2022-08-18,Equity Risk Parity,0.00180292
2022-08-19,Equity Risk Parity,-0.00733684
2022-08-22,Equity Risk Parity,-0.01773299
2022-08-23,Equity Risk Parity,-0.00112126
2022-08-24,Equity Risk Parity,0.00157957
2022-08-25,Equity Risk Parity,0.01182593
2022-08-26,Equity Risk Parity,-0.02548806
2022-08-29,Equity Risk Parity,-0.00396973
2022-08-30,Equity Risk Parity,-0.01197401
2022-08-31,Equity Risk Parity,-0.00643754
2022-09-01,Equity Risk Parity,0.003842
2022-09-02,Equity Risk Parity,-0.01050036
2022-09-06,Equity Risk Parity,-0.00303939
2022-09-07,Equity Risk Parity,0.0170912
2022-09-08,Equity Risk Parity,0.00414512
2022-09-09,Equity Risk Parity,0.01281279
2022-09-12,Equity Risk Parity,0.00873058
2022-09-13,Equity Risk Parity,-0.03687665
2022-09-14,Equity Risk Parity,0.00308017
2022-09-15,Equity Risk Parity,-0.01578497
2022-09-16,Equity Risk Parity,-0.00507098
2022-09-19,Equity Risk Parity,0.00553835
2022-09-20,Equity Risk Parity,-0.01534973
2022-09-21,Equity Risk Parity,-0.01634548
2022-09-22,Equity Risk Parity,-0.00632783
2022-09-23,Equity Risk Parity,-0.01936645
2022-09-26,Equity Risk Parity,-0.01521384
2022-09-27,Equity Risk Parity,-0.00543266
2022-09-28,Equity Risk Parity,0.02003885
2022-09-29,Equity Risk Parity,-0.02044387
2022-09-30,Equity Risk Parity,-0.01517534
2022-10-03,Equity Risk Parity,0.0299303
2022-10-04,Equity Risk Parity,0.02656259
2022-10-05,Equity Risk Parity,-0.00562167
2022-10-06,Equity Risk Parity,-0.01368906
2022-10-07,Equity Risk Parity,-0.02174768
2022-10-10,Equity Risk Parity,-0.00339903
2022-10-11,Equity Risk Parity,-0.00060961
2022-10-12,Equity Risk Parity,-0.00784815
2022-10-13,Equity Risk Parity,0.02745671
2022-10-14,Equity Risk Parity,-0.01645739
2022-10-17,Equity Risk Parity,0.01925001
2022-10-18,Equity Risk Parity,0.01247972
2022-10-19,Equity Risk Parity,-0.0097072
2022-10-20,Equity Risk Parity,-0.00490658
2022-10-21,Equity Risk Parity,0.02151434
2022-10-24,Equity Risk Parity,0.00929981
2022-10-25,Equity Risk Parity,0.01587977
2022-10-26,Equity Risk Parity,0.00659658
2022-10-27,Equity Risk Parity,-0.00013864
2022-10-28,Equity Risk Parity,0.02449665
2022-10-31,Equity Risk Parity,-0.00743321
2022-11-01,Equity Risk Parity,0.00128377
2022-11-02,Equity Risk Parity,-0.01690189
2022-11-03,Equity Risk Parity,-0.00361265
2022-11-04,Equity Risk Parity,0.01619504
2022-11-07,Equity Risk Parity,0.00591689
2022-11-08,Equity Risk Parity,0.00718102
2022-11-09,Equity Risk Parity,-0.01804715
2022-11-10,Equity Risk Parity,0.04529995
2022-11-11,Equity Risk Parity,0.00718561
2022-11-14,Equity Risk Parity,-0.0090416
2022-11-15,Equity Risk Parity,0.00918975
2022-11-16,Equity Risk Parity,-0.00694641
2022-11-17,Equity Risk Parity,-0.00243414
2022-11-18,Equity Risk Parity,0.00666672
2022-11-21,Equity Risk Parity,0.0022064
2022-11-22,Equity Risk Parity,0.01301828
2022-11-23,Equity Risk Parity,0.00356872
2022-11-25,Equity Risk Parity,0.00157524
2022-11-28,Equity Risk Parity,-0.01677955
2022-11-29,Equity Risk Parity,0.00361019
2022-11-30,Equity Risk Parity,0.02258372
2022-12-01,Equity Risk Parity,0.00036123
2022-12-02,Equity Risk Parity,0.00158974
2022-12-05,Equity Risk Parity,-0.0156767
2022-12-06,Equity Risk Parity,-0.01008297
2022-12-07,Equity Risk Parity,-4.4e-05
2022-12-08,Equity Risk Parity,0.00624971
2022-12-09,Equity Risk Parity,-0.01007962
2022-12-12,Equity Risk Parity,0.01535764
2022-12-13,Equity Risk Parity,0.00756049
2022-12-14,Equity Risk Parity,-0.00724755
2022-12-15,Equity Risk Parity,-0.01968228
2022-12-16,Equity Risk Parity,-0.00927885
2022-12-19,Equity Risk Parity,-0.0058727
2022-12-20,Equity Risk Parity,0.0025924
2022-12-21,Equity Risk Parity,0.01588887
2022-12-22,Equity Risk Parity,-0.00881211
2022-12-23,Equity Risk Parity,0.0071742
2022-12-27,Equity Risk Parity,0.0014858
2022-12-28,Equity Risk Parity,-0.01221834
2022-12-29,Equity Risk Parity,0.01220145
2022-12-30,Equity Risk Parity,-0.00236566
2023-01-03,Equity Risk Parity,0.00338434
2023-01-04,Equity Risk Parity,0.01655734
2023-01-05,Equity Risk Parity,-0.00652994
2023-01-06,Equity Risk Parity,0.02181288
2023-01-09,Equity Risk Parity,-0.00277749
2023-01-10,Equity Risk Parity,0.00644222
2023-01-11,Equity Risk Parity,0.00866412
2023-01-12,Equity Risk Parity,0.00427477
2023-01-13,Equity Risk Parity,0.00292741
2023-01-17,Equity Risk Parity,-0.00513938
2023-01-18,Equity Risk Parity,-0.01688721
2023-01-19,Equity Risk Parity,-0.00623013
2023-01-20,Equity Risk Parity,0.01318566
2023-01-23,Equity Risk Parity,0.00831827
2023-01-24,Equity Risk Parity,-0.0025197
2023-01-25,Equity Risk Parity,0.0016506
2023-01-26,Equity Risk Parity,0.00573408
2023-01-27,Equity Risk Parity,-0.00158414
2023-01-30,Equity Risk Parity,-0.00805291
2023-01-31,Equity Risk Parity,0.01128042
2023-02-01,Equity Risk Parity,0.00269932
2023-02-02,Equity Risk Parity,-0.00187425
2023-02-03,Equity Risk Parity,-0.01231173
2023-02-06,Equity Risk Parity,-0.00333048
2023-02-07,Equity Risk Parity,0.00876309
2023-02-08,Equity Risk Parity,-0.00950268
2023-02-09,Equity Risk Parity,-0.00876366
2023-02-10,Equity Risk Parity,0.00938878
2023-02-13,Equity Risk Parity,0.00827989
2023-02-14,Equity Risk Parity,-0.00318743
2023-02-15,Equity Risk Parity,0.00054903
2023-02-16,Equity Risk Parity,-0.01268418
2023-02-17,Equity Risk Parity,0.00095514
2023-02-21,Equity Risk Parity,-0.01531221
2023-02-22,Equity Risk Parity,-0.00572666
2023-02-23,Equity Risk Parity,0.00295227
2023-02-24,Equity Risk Parity,-0.00860224
2023-02-27,Equity Risk Parity,0.0010135
2023-02-28,Equity Risk Parity,-0.00532206
2023-03-01,Equity Risk Parity,-0.00204001
2023-03-02,Equity Risk Parity,0.01090236
2023-03-03,Equity Risk Parity,0.01213161
2023-03-06,Equity Risk Parity,-0.00015254
2023-03-07,Equity Risk Parity,-0.01659412
2023-03-08,Equity Risk Parity,0.00113664
2023-03-09,Equity Risk Parity,-0.01599755
2023-03-10,Equity Risk Parity,-0.011321
2023-03-13,Equity Risk Parity,-0.00048802
2023-03-14,Equity Risk Parity,0.01263864
2023-03-15,Equity Risk Parity,-0.00590749
2023-03-16,Equity Risk Parity,0.01062746
2023-03-17,Equity Risk Parity,-0.01208407
2023-03-20,Equity Risk Parity,0.01170244
2023-03-21,Equity Risk Parity,0.00522523
2023-03-22,Equity Risk Parity,-0.01927611
2023-03-23,Equity Risk Parity,0.00127461
2023-03-24,Equity Risk Parity,0.01039715
2023-03-27,Equity Risk Parity,0.00423668
2023-03-28,Equity Risk Parity,0.0014176
2023-03-29,Equity Risk Parity,0.0138684
2023-03-30,Equity Risk Parity,0.00445258
2023-03-31,Equity Risk Parity,0.01184667
2023-04-03,Equity Risk Parity,0.00684039
2023-04-04,Equity Risk Parity,-0.00269086
2023-04-05,Equity Risk Parity,0.00697651
2023-04-06,Equity Risk Parity,0.00038819
2023-04-10,Equity Risk Parity,0.00191107
2023-04-11,Equity Risk Parity,0.00212993
2023-04-12,Equity Risk Parity,-0.00145358
2023-04-13,Equity Risk Parity,0.00730454
2023-04-14,Equity Risk Parity,-0.00626491
2023-04-17,Equity Risk Parity,0.00465078
2023-04-18,Equity Risk Parity,-0.00065086
2023-04-19,Equity Risk Parity,0.00234021
2023-04-20,Equity Risk Parity,-0.00685803
2023-04-21,Equity Risk Parity,0.00075607
2023-04-24,Equity Risk Parity,0.0018211
2023-04-25,Equity Risk Parity,-0.01155024
2023-04-26,Equity Risk Parity,-0.0143751
2023-04-27,Equity Risk Parity,0.01278458
2023-04-28,Equity Risk Parity,0.00732662
2023-05-01,Equity Risk Parity,-0.00293966
2023-05-02,Equity Risk Parity,-0.01530588
2023-05-03,Equity Risk Parity,-0.01054207
2023-05-04,Equity Risk Parity,-0.00371329
2023-05-05,Equity Risk Parity,0.01537014
2023-05-08,Equity Risk Parity,-0.00126209
2023-05-09,Equity Risk Parity,-0.00410101
2023-05-10,Equity Risk Parity,-0.00122001
2023-05-11,Equity Risk Parity,-0.00808562
2023-05-12,Equity Risk Parity,-0.00015249
2023-05-15,Equity Risk Parity,0.00222467
2023-05-16,Equity Risk Parity,-0.0166901
2023-05-17,Equity Risk Parity,0.00912675
2023-05-18,Equity Risk Parity,0.00369012
2023-05-19,Equity Risk Parity,-0.00159021
2023-05-22,Equity Risk Parity,-0.00027852
2023-05-23,Equity Risk Parity,-0.00681118
2023-05-24,Equity Risk Parity,-0.00883509
2023-05-25,Equity Risk Parity,-0.00560572
2023-05-26,Equity Risk Parity,0.00583568
2023-05-30,Equity Risk Parity,-0.00275757
2023-05-31,Equity Risk Parity,-0.00146923
2023-06-01,Equity Risk Parity,0.00287988
2023-06-02,Equity Risk Parity,0.01784206
2023-06-05,Equity Risk Parity,-0.00403642
2023-06-06,Equity Risk Parity,0.00175208
2023-06-07,Equity Risk Parity,0.00827827
2023-06-08,Equity Risk Parity,0.00450533
2023-06-09,Equity Risk Parity,-0.00307221
2023-06-12,Equity Risk Parity,0.00329072
2023-06-13,Equity Risk Parity,0.0064386
2023-06-14,Equity Risk Parity,-0.00044791
2023-06-15,Equity Risk Parity,0.01065832
2023-06-16,Equity Risk Parity,0.00137977
2023-06-20,Equity Risk Parity,-0.0117093
2023-06-21,Equity Risk Parity,-0.00181752
2023-06-22,Equity Risk Parity,-0.0036321
2023-06-23,Equity Risk Parity,-0.00729278
2023-06-26,Equity Risk Parity,0.00649024
2023-06-27,Equity Risk Parity,0.0049508
2023-06-28,Equity Risk Parity,-0.0024532
2023-06-29,Equity Risk Parity,0.00551269
2023-06-30,Equity Risk Parity,0.00842019
2023-07-03,Equity Risk Parity,0.00550618
2023-07-05,Equity Risk Parity,-0.00260816
2023-07-06,Equity Risk Parity,-0.0117631
2023-07-07,Equity Risk Parity,-0.00207912
2023-07-10,Equity Risk Parity,0.00434527
2023-07-11,Equity Risk Parity,0.01320707
2023-07-12,Equity Risk Parity,0.00702454
2023-07-13,Equity Risk Parity,0.00439525
2023-07-14,Equity Risk Parity,-0.00503467
2023-07-17,Equity Risk Parity,-0.00529556
2023-07-18,Equity Risk Parity,0.0047015
2023-07-19,Equity Risk Parity,0.00677979
2023-07-20,Equity Risk Parity,0.00462234
2023-07-21,Equity Risk Parity,0.00593994
2023-07-24,Equity Risk Parity,0.00410735
2023-07-25,Equity Risk Parity,0.00193122
2023-07-26,Equity Risk Parity,0.00223053
2023-07-27,Equity Risk Parity,-0.00528972
2023-07-28,Equity Risk Parity,0.00319508
2023-07-31,Equity Risk Parity,0.00264991
2023-08-01,Equity Risk Parity,-0.0050714
2023-08-02,Equity Risk Parity,-0.01129387
2023-08-03,Equity Risk Parity,-0.00618995
2023-08-04,Equity Risk Parity,-0.00238122
2023-08-07,Equity Risk Parity,0.00853144
2023-08-08,Equity Risk Parity,-0.00217412
2023-08-09,Equity Risk Parity,-0.00034291
2023-08-10,Equity Risk Parity,0.00089924
2023-08-11,Equity Risk Parity,0.00300611
2023-08-14,Equity Risk Parity,-9.914e-05
2023-08-15,Equity Risk Parity,-0.01207471
2023-08-16,Equity Risk Parity,-0.00685924
2023-08-17,Equity Risk Parity,-0.00443591
2023-08-18,Equity Risk Parity,0.00157934
2023-08-21,Equity Risk Parity,-0.0017574
2023-08-22,Equity Risk Parity,-0.00435867
2023-08-23,Equity Risk Parity,0.00725024
2023-08-24,Equity Risk Parity,-0.0106824
2023-08-25,Equity Risk Parity,0.00456884
2023-08-28,Equity Risk Parity,0.00708032
2023-08-29,Equity Risk Parity,0.01085798
2023-08-30,Equity Risk Parity,0.00126678
2023-08-31,Equity Risk Parity,-0.00401918
2023-09-01,Equity Risk Parity,0.00286328
2023-09-05,Equity Risk Parity,-0.00984818
2023-09-06,Equity Risk Parity,-0.00382982
2023-09-07,Equity Risk Parity,0.00233844
2023-09-08,Equity Risk Parity,0.00411661
2023-09-11,Equity Risk Parity,0.00330973
2023-09-12,Equity Risk Parity,0.0017717
2023-09-13,Equity Risk Parity,-0.00039675
2023-09-14,Equity Risk Parity,0.0126045
2023-09-15,Equity Risk Parity,-0.00901555
2023-09-18,Equity Risk Parity,-9.149e-05
2023-09-19,Equity Risk Parity,-0.0034368
2023-09-20,Equity Risk Parity,-0.00292951
2023-09-21,Equity Risk Parity,-0.01690328
2023-09-22,Equity Risk Parity,-0.00319857
2023-09-25,Equity Risk Parity,0.001266
2023-09-26,Equity Risk Parity,-0.0116244
2023-09-27,Equity Risk Parity,-0.00357967
2023-09-28,Equity Risk Parity,0.00238577
2023-09-29,Equity Risk Parity,-0.00211556
2023-10-02,Equity Risk Parity,-0.01527861
2023-10-03,Equity Risk Parity,-0.00771869
2023-10-04,Equity Risk Parity,0.00192478
2023-10-05,Equity Risk Parity,-0.00237482
2023-10-06,Equity Risk Parity,0.00943833
2023-10-09,Equity Risk Parity,0.00893138
2023-10-10,Equity Risk Parity,0.00806351
2023-10-11,Equity Risk Parity,0.0039335
2023-10-12,Equity Risk Parity,-0.00818528
2023-10-13,Equity Risk Parity,0.00266443
2023-10-16,Equity Risk Parity,0.0094745
2023-10-17,Equity Risk Parity,0.00304427
2023-10-18,Equity Risk Parity,-0.01300206
2023-10-19,Equity Risk Parity,-0.00929163
2023-10-20,Equity Risk Parity,-0.00740558
2023-10-23,Equity Risk Parity,-0.00672713
2023-10-24,Equity Risk Parity,0.01097177
2023-10-25,Equity Risk Parity,-0.00968428
2023-10-26,Equity Risk Parity,-0.00105266
2023-10-27,Equity Risk Parity,-0.01222901
2023-10-30,Equity Risk Parity,0.00894748
2023-10-31,Equity Risk Parity,0.00511733
2023-11-01,Equity Risk Parity,0.00464408
2023-11-02,Equity Risk Parity,0.02374039
2023-11-03,Equity Risk Parity,0.01101149
2023-11-06,Equity Risk Parity,-0.00403578
2023-11-07,Equity Risk Parity,-0.00382083
2023-11-08,Equity Risk Parity,-0.00197407
2023-11-09,Equity Risk Parity,-0.01041392
2023-11-10,Equity Risk Parity,0.00894266
2023-11-13,Equity Risk Parity,-0.00106908
2023-11-14,Equity Risk Parity,0.02244652
2023-11-15,Equity Risk Parity,0.00488297
2023-11-16,Equity Risk Parity,-0.00045497
2023-11-17,Equity Risk Parity,0.002431
2023-11-20,Equity Risk Parity,0.00387387
2023-11-21,Equity Risk Parity,-0.00128398
2023-11-22,Equity Risk Parity,0.00150883
2023-11-24,Equity Risk Parity,0.00272909
2023-11-27,Equity Risk Parity,0.0004283
2023-11-28,Equity Risk Parity,0.00228382
2023-11-29,Equity Risk Parity,0.00369924
2023-11-30,Equity Risk Parity,0.00736846
2023-12-01,Equity Risk Parity,0.00920791
2023-12-04,Equity Risk Parity,-0.00053161
2023-12-05,Equity Risk Parity,-0.00419649
2023-12-06,Equity Risk Parity,0.00011897
2023-12-07,Equity Risk Parity,0.00263213
2023-12-08,Equity Risk Parity,0.00210069
2023-12-11,Equity Risk Parity,0.00628951
2023-12-12,Equity Risk Parity,0.00058892
2023-12-13,Equity Risk Parity,0.02154929
2023-12-14,Equity Risk Parity,0.01135157
2023-12-15,Equity Risk Parity,-0.00438603
2023-12-18,Equity Risk Parity,-0.00087514
2023-12-19,Equity Risk Parity,0.00727414
2023-12-20,Equity Risk Parity,-0.01418157
2023-12-21,Equity Risk Parity,0.00741949
2023-12-22,Equity Risk Parity,0.00356166
2023-12-26,Equity Risk Parity,0.00523234
2023-12-27,Equity Risk Parity,0.00167694
2023-12-28,Equity Risk Parity,0.00161108
2023-12-29,Equity Risk Parity,-0.00246962
2021-05-20,Crypto Equal Weight,0.14700207
2021-05-21,Crypto Equal Weight,-0.14086035
2021-05-22,Crypto Equal Weight,-0.06160251
2021-05-23,Crypto Equal Weight,-0.11290738
2021-05-24,Crypto Equal Weight,0.25292357
2021-05-25,Crypto Equal Weight,0.00282869
2021-05-26,Crypto Equal Weight,0.07066872
2021-05-27,Crypto Equal Weight,-0.03622453
2021-05-28,Crypto Equal Weight,-0.08364161
2021-05-29,Crypto Equal Weight,-0.05675666
2021-05-30,Crypto Equal Weight,0.04599014
2021-05-31,Crypto Equal Weight,0.09017948
2021-06-01,Crypto Equal Weight,-0.01918675
2021-06-02,Crypto Equal Weight,0.0156863
2021-06-03,Crypto Equal Weight,0.034176
2021-06-04,Crypto Equal Weight,-0.07013513
2021-06-05,Crypto Equal Weight,-0.03151696
2021-06-06,Crypto Equal Weight,0.01787428
2021-06-07,Crypto Equal Weight,-0.08261493
2021-06-08,Crypto Equal Weight,-0.00109867
2021-06-09,Crypto Equal Weight,0.05692371
2021-06-10,Crypto Equal Weight,-0.04679022
2021-06-11,Crypto Equal Weight,-0.03461217
2021-06-12,Crypto Equal Weight,-0.00610877
2021-06-13,Crypto Equal Weight,0.06060711
2021-06-14,Crypto Equal Weight,0.01210454
2021-06-15,Crypto Equal Weight,0.01250313
2021-06-16,Crypto Equal Weight,-0.06975207
2021-06-17,Crypto Equal Weight,0.00972076
2021-06-18,Crypto Equal Weight,-0.05772062
2021-06-19,Crypto Equal Weight,-0.02049871
2021-06-20,Crypto Equal Weight,0.01145611
2021-06-21,Crypto Equal Weight,-0.19019405
2021-06-22,Crypto Equal Weight,-0.03483735
2021-06-23,Crypto Equal Weight,0.085597
2021-06-24,Crypto Equal Weight,0.06135694
2021-06-25,Crypto Equal Weight,-0.08057487
2021-06-26,Crypto Equal Weight,0.01193602
2021-06-27,Crypto Equal Weight,0.05340875
2021-06-28,Crypto Equal Weight,0.0188914
2021-06-29,Crypto Equal Weight,0.07656251
2021-06-30,Crypto Equal Weight,0.01022928
2021-07-01,Crypto Equal Weight,-0.05285788
2021-07-02,Crypto Equal Weight,0.00664482
2021-07-03,Crypto Equal Weight,0.02274222
2021-07-04,Crypto Equal Weight,0.02195184
2021-07-05,Crypto Equal Weight,-0.04758275
2021-07-06,Crypto Equal Weight,0.01817386
2021-07-07,Crypto Equal Weight,-0.0135678
2021-07-08,Crypto Equal Weight,-0.04999298
2021-07-09,Crypto Equal Weight,0.032568
2021-07-10,Crypto Equal Weight,-0.01606018
2021-07-11,Crypto Equal Weight,0.0110509
2021-07-12,Crypto Equal Weight,-0.02145844
2021-07-13,Crypto Equal Weight,-0.03272992
2021-07-14,Crypto Equal Weight,0.00534365
2021-07-15,Crypto Equal Weight,-0.03365756
2021-07-16,Crypto Equal Weight,-0.02451103
2021-07-17,Crypto Equal Weight,-0.00209616
2021-07-18,Crypto Equal Weight,0.00294983
2021-07-19,Crypto Equal Weight,-0.04843103
2021-07-20,Crypto Equal Weight,-0.03967578
2021-07-21,Crypto Equal Weight,0.08404642
2021-07-22,Crypto Equal Weight,0.03510554
2021-07-23,Crypto Equal Weight,0.03023078
2021-07-24,Crypto Equal Weight,0.02087857
2021-07-25,Crypto Equal Weight,-0.00131918
2021-07-26,Crypto Equal Weight,0.02404364
2021-07-27,Crypto Equal Weight,0.02664428
2021-07-28,Crypto Equal Weight,0.02586978
2021-07-29,Crypto Equal Weight,0.01843954
2021-07-30,Crypto Equal Weight,0.02907855
2021-07-31,Crypto Equal Weight,0.00498091
2021-08-01,Crypto Equal Weight,-0.02275881
2021-08-02,Crypto Equal Weight,0.0104861
2021-08-03,Crypto Equal Weight,-0.01538895
2021-08-04,Crypto Equal Weight,0.03586243
2021-08-05,Crypto Equal Weight,0.01629121
2021-08-06,Crypto Equal Weight,0.02241397
2021-08-07,Crypto Equal Weight,0.07056124
2021-08-08,Crypto Equal Weight,-0.04486793
2021-08-09,Crypto Equal Weight,0.05363619
2021-08-10,Crypto Equal Weight,0.01922318
2021-08-11,Crypto Equal Weight,0.06307776
2021-08-12,Crypto Equal Weight,-0.0218267
2021-08-13,Crypto Equal Weight,0.10036158
2021-08-14,Crypto Equal Weight,0.04614672
2021-08-15,Crypto Equal Weight,0.01899542
2021-08-16,Crypto Equal Weight,-0.04406573
2021-08-17,Crypto Equal Weight,-0.06500532
2021-08-18,Crypto Equal Weight,0.01307015
2021-08-19,Crypto Equal Weight,0.06192229
2021-08-20,Crypto Equal Weight,0.03868325
2021-08-21,Crypto Equal Weight,-0.02392749
2021-08-22,Crypto Equal Weight,0.01866911
2021-08-23,Crypto Equal Weight,0.02087886
2021-08-24,Crypto Equal Weight,-0.06750242
2021-08-25,Crypto Equal Weight,0.02174155
2021-08-26,Crypto Equal Weight,-0.06146007
2021-08-27,Crypto Equal Weight,0.0726971
2021-08-28,Crypto Equal Weight,-0.01052306
2021-08-29,Crypto Equal Weight,-4.223e-05
2021-08-30,Crypto Equal Weight,-0.03427302
2021-08-31,Crypto Equal Weight,0.03392646
2021-09-01,Crypto Equal Weight,0.05544916
2021-09-02,Crypto Equal Weight,0.0117925
2021-09-03,Crypto Equal Weight,0.04657082
2021-09-04,Crypto Equal Weight,-0.01021233
2021-09-05,Crypto Equal Weight,0.05662671
2021-09-06,Crypto Equal Weight,0.0063572
2021-09-07,Crypto Equal Weight,-0.16764027
2021-09-08,Crypto Equal Weight,0.00043078
2021-09-09,Crypto Equal Weight,0.00267301
2021-09-10,Crypto Equal Weight,-0.04210179
2021-09-11,Crypto Equal Weight,0.02978497
2021-09-12,Crypto Equal Weight,0.03900898
2021-09-13,Crypto Equal Weight,-0.04318675
2021-09-14,Crypto Equal Weight,0.0393786
2021-09-15,Crypto Equal Weight,0.0337618
2021-09-16,Crypto Equal Weight,-0.0226034
2021-09-17,Crypto Equal Weight,-0.02821032
2021-09-18,Crypto Equal Weight,0.01464204
2021-09-19,Crypto Equal Weight,-0.03591036
2021-09-20,Crypto Equal Weight,-0.11422486
2021-09-21,Crypto Equal Weight,-0.05343634
2021-09-22,Crypto Equal Weight,0.1093561
2021-09-23,Crypto Equal Weight,0.01626577
2021-09-24,Crypto Equal Weight,-0.06248339
2021-09-25,Crypto Equal Weight,-0.00426663
2021-09-26,Crypto Equal Weight,-0.00635046
2021-09-27,Crypto Equal Weight,-0.03107736
2021-09-28,Crypto Equal Weight,-0.03298589
2021-09-29,Crypto Equal Weight,0.02520165
2021-09-30,Crypto Equal Weight,0.03985387
2021-10-01,Crypto Equal Weight,0.08583804
2021-10-02,Crypto Equal Weight,0.01314685
2021-10-03,Crypto Equal Weight,0.01605802
2021-10-04,Crypto Equal Weight,-0.01483967
2021-10-05,Crypto Equal Weight,0.03911207
2021-10-06,Crypto Equal Weight,0.02631208
2021-10-07,Crypto Equal Weight,-0.0063894
2021-10-08,Crypto Equal Weight,-0.00968784
2021-10-09,Crypto Equal Weight,0.0390189
2021-10-10,Crypto Equal Weight,-0.03937227
2021-10-11,Crypto Equal Weight,0.01616617
2021-10-12,Crypto Equal Weight,-0.02450993
2021-10-13,Crypto Equal Weight,0.03190285
2021-10-14,Crypto Equal Weight,0.00816271
2021-10-15,Crypto Equal Weight,0.0211027
2021-10-16,Crypto Equal Weight,0.00272058
2021-10-17,Crypto Equal Weight,-0.01549745
2021-10-18,Crypto Equal Weight,-0.00530669
2021-10-19,Crypto Equal Weight,0.01297721
2021-10-20,Crypto Equal Weight,0.05122436
2021-10-21,Crypto Equal Weight,-0.0344303
2021-10-22,Crypto Equal Weight,-0.00945471
2021-10-23,Crypto Equal Weight,0.01937154
2021-10-24,Crypto Equal Weight,-0.01474131
2021-10-25,Crypto Equal Weight,0.01841919
2021-10-26,Crypto Equal Weight,-0.01294692
2021-10-27,Crypto Equal Weight,-0.09185132
2021-10-28,Crypto Equal Weight,0.05672901
2021-10-29,Crypto Equal Weight,0.02908861
2021-10-30,Crypto Equal Weight,-0.01068181
2021-10-31,Crypto Equal Weight,0.01469324
2021-11-01,Crypto Equal Weight,-0.00432664
2021-11-02,Crypto Equal Weight,0.03306534
2021-11-03,Crypto Equal Weight,0.01674064
2021-11-04,Crypto Equal Weight,-0.02555911
2021-11-05,Crypto Equal Weight,-0.010201
2021-11-06,Crypto Equal Weight,-0.00423919
2021-11-07,Crypto Equal Weight,0.02388636
2021-11-08,Crypto Equal Weight,0.0602464
2021-11-09,Crypto Equal Weight,0.05803352
2021-11-10,Crypto Equal Weight,-0.05212091
2021-11-11,Crypto Equal Weight,0.01157979
2021-11-12,Crypto Equal Weight,-0.02104534
2021-11-13,Crypto Equal Weight,0.01215599
2021-11-14,Crypto Equal Weight,0.01167035
2021-11-15,Crypto Equal Weight,-0.01491337
2021-11-16,Crypto Equal Weight,-0.08539537
2021-11-17,Crypto Equal Weight,0.00502903
2021-11-18,Crypto Equal Weight,-0.06659551
2021-11-19,Crypto Equal Weight,0.05018994
2021-11-20,Crypto Equal Weight,0.01576937
2021-11-21,Crypto Equal Weight,-0.01876419
2021-11-22,Crypto Equal Weight,-0.03659805
2021-11-23,Crypto Equal Weight,0.02241482
2021-11-24,Crypto Equal Weight,-0.02499458
2021-11-25,Crypto Equal Weight,0.0094201
2021-11-26,Crypto Equal Weight,-0.06649546
2021-11-27,Crypto Equal Weight,0.01136172
2021-11-28,Crypto Equal Weight,0.02152998
2021-11-29,Crypto Equal Weight,0.01799871
2021-11-30,Crypto Equal Weight,0.00298706
2021-12-01,Crypto Equal Weight,-0.00481603
2021-12-02,Crypto Equal Weight,0.00297715
2021-12-03,Crypto Equal Weight,-0.05480414
2021-12-04,Crypto Equal Weight,-0.09966679
2021-12-05,Crypto Equal Weight,-0.02515356
2021-12-06,Crypto Equal Weight,0.04004044
2021-12-07,Crypto Equal Weight,-0.00561241
2021-12-08,Crypto Equal Weight,0.03731739
2021-12-09,Crypto Equal Weight,-0.06974012
2021-12-10,Crypto Equal Weight,-0.03764782
2021-12-11,Crypto Equal Weight,0.06218585
2021-12-12,Crypto Equal Weight,0.000545
2021-12-13,Crypto Equal Weight,-0.08065924
2021-12-14,Crypto Equal Weight,0.01191158
2021-12-15,Crypto Equal Weight,0.04872903
2021-12-16,Crypto Equal Weight,-0.03275391
2021-12-17,Crypto Equal Weight,-0.02477196
2021-12-18,Crypto Equal Weight,0.02022562
2021-12-19,Crypto Equal Weight,-0.00224659
2021-12-20,Crypto Equal Weight,0.00272393
2021-12-21,Crypto Equal Weight,0.03319664
2021-12-22,Crypto Equal Weight,0.00561583
2021-12-23,Crypto Equal Weight,0.05288152
2021-12-24,Crypto Equal Weight,-0.02585459
2021-12-25,Crypto Equal Weight,0.01208871
2021-12-26,Crypto Equal Weight,-0.00192572
2021-12-27,Crypto Equal Weight,0.0069554
2021-12-28,Crypto Equal Weight,-0.06626174
2021-12-29,Crypto Equal Weight,-0.02867247
2021-12-30,Crypto Equal Weight,0.0169742
2021-12-31,Crypto Equal Weight,-0.01526747
2022-01-01,Crypto Equal Weight,0.02912269
2022-01-02,Crypto Equal Weight,0.01554056
2022-01-03,Crypto Equal Weight,-0.0207287
2022-01-04,Crypto Equal Weight,-0.01176409
2022-01-05,Crypto Equal Weight,-0.06206813
2022-01-06,Crypto Equal Weight,-0.0008726
2022-01-07,Crypto Equal Weight,-0.04040448
2022-01-08,Crypto Equal Weight,-0.02093542
2022-01-09,Crypto Equal Weight,0.00938374
2022-01-10,Crypto Equal Weight,-0.03018342
2022-01-11,Crypto Equal Weight,0.03416218
2022-01-12,Crypto Equal Weight,0.05390506
2022-01-13,Crypto Equal Weight,-0.03435155
2022-01-14,Crypto Equal Weight,0.02594697
2022-01-15,Crypto Equal Weight,0.00899475
2022-01-16,Crypto Equal Weight,0.00650391
2022-01-17,Crypto Equal Weight,0.00046938
2022-01-18,Crypto Equal Weight,-0.01538829
2022-01-19,Crypto Equal Weight,-0.02901244
2022-01-20,Crypto Equal Weight,-0.04252287
2022-01-21,Crypto Equal Weight,-0.11571254
2022-01-22,Crypto Equal Weight,-0.05885922
2022-01-23,Crypto Equal Weight,0.03875243
2022-01-24,Crypto Equal Weight,-0.02866216
2022-01-25,Crypto Equal Weight,0.00048876
2022-01-26,Crypto Equal Weight,0.005059
2022-01-27,Crypto Equal Weight,-0.00870445
2022-01-28,Crypto Equal Weight,0.02542641
2022-01-29,Crypto Equal Weight,0.01476389
2022-01-30,Crypto Equal Weight,-0.01730228
2022-01-31,Crypto Equal Weight,0.01453573
2022-02-01,Crypto Equal Weight,0.02303368
2022-02-02,Crypto Equal Weight,-0.03926813
2022-02-03,Crypto Equal Weight,0.01543035
2022-02-04,Crypto Equal Weight,0.08722735
2022-02-05,Crypto Equal Weight,0.00942298
2022-02-06,Crypto Equal Weight,0.0246004
2022-02-07,Crypto Equal Weight,0.07049952
2022-02-08,Crypto Equal Weight,-0.00250261
2022-02-09,Crypto Equal Weight,0.01976441
2022-02-10,Crypto Equal Weight,-0.02629118
2022-02-11,Crypto Equal Weight,-0.05987846
2022-02-12,Crypto Equal Weight,0.00488158
2022-02-13,Crypto Equal Weight,-0.00095955
2022-02-14,Crypto Equal Weight,-0.00487368
2022-02-15,Crypto Equal Weight,0.05531792
2022-02-16,Crypto Equal Weight,-0.01540313
2022-02-17,Crypto Equal Weight,-0.077835
2022-02-18,Crypto Equal Weight,-0.00780876
2022-02-19,Crypto Equal Weight,0.00572845
2022-02-20,Crypto Equal Weight,-0.0432627
2022-02-21,Crypto Equal Weight,-0.06263455
2022-02-22,Crypto Equal Weight,0.03926797
2022-02-23,Crypto Equal Weight,-0.02089424
2022-02-24,Crypto Equal Weight,0.00183851
2022-02-25,Crypto Equal Weight,0.0426568
2022-02-26,Crypto Equal Weight,0.00290451
2022-02-27,Crypto Equal Weight,-0.04140871
2022-02-28,Crypto Equal Weight,0.10086407
2022-03-01,Crypto Equal Weight,0.00311962
2022-03-02,Crypto Equal Weight,-0.01896144
2022-03-03,Crypto Equal Weight,-0.01945143
2022-03-04,Crypto Equal Weight,-0.06963713
2022-03-05,Crypto Equal Weight,0.0252354
2022-03-06,Crypto Equal Weight,-0.03685029
2022-03-07,Crypto Equal Weight,-0.01777703
2022-03-08,Crypto Equal Weight,0.01914966
2022-03-09,Crypto Equal Weight,0.06142501
2022-03-10,Crypto Equal Weight,-0.04529719
2022-03-11,Crypto Equal Weight,0.00725139
2022-03-12,Crypto Equal Weight,-0.0003131
2022-03-13,Crypto Equal Weight,-0.02682985
2022-03-14,Crypto Equal Weight,0.02583276
2022-03-15,Crypto Equal Weight,0.00288743
2022-03-16,Crypto Equal Weight,0.04154673
2022-03-17,Crypto Equal Weight,-0.00213673
2022-03-18,Crypto Equal Weight,0.02287071
2022-03-19,Crypto Equal Weight,0.04889257
2022-03-20,Crypto Equal Weight,-0.00088075
2022-03-21,Crypto Equal Weight,0.02398381
2022-03-22,Crypto Equal Weight,0.06288463
2022-03-23,Crypto Equal Weight,0.01208117
2022-03-24,Crypto Equal Weight,0.02453323
2022-03-25,Crypto Equal Weight,-0.01148959
2022-03-26,Crypto Equal Weight,0.00959465
2022-03-27,Crypto Equal Weight,0.04254788
2022-03-28,Crypto Equal Weight,0.00445177
2022-03-29,Crypto Equal Weight,0.01399918
2022-03-30,Crypto Equal Weight,0.00950117
2022-03-31,Crypto Equal Weight,-0.0307725
2022-04-01,Crypto Equal Weight,0.01314247
2022-04-02,Crypto Equal Weight,-0.01024609
2022-04-03,Crypto Equal Weight,0.01914481
2022-04-04,Crypto Equal Weight,-0.00655339
2022-04-05,Crypto Equal Weight,-0.02846052
2022-04-06,Crypto Equal Weight,-0.09165544
2022-04-07,Crypto Equal Weight,0.03613655
2022-04-08,Crypto Equal Weight,-0.04186248
2022-04-09,Crypto Equal Weight,0.01842106
2022-04-10,Crypto Equal Weight,-0.01700183
2022-04-11,Crypto Equal Weight,-0.08038747
2022-04-12,Crypto Equal Weight,0.02834494
2022-04-13,Crypto Equal Weight,0.03716934
2022-04-14,Crypto Equal Weight,-0.02365856
2022-04-15,Crypto Equal Weight,0.03103834
2022-04-16,Crypto Equal Weight,0.01442141
2022-04-17,Crypto Equal Weight,-0.03858366
2022-04-18,Crypto Equal Weight,0.02228925
2022-04-19,Crypto Equal Weight,0.0215
2022-04-20,Crypto Equal Weight,-0.01209664
2022-04-21,Crypto Equal Weight,-0.02087785
2022-04-22,Crypto Equal Weight,-0.01175023
2022-04-23,Crypto Equal Weight,-0.01286055
2022-04-24,Crypto Equal Weight,-0.0137625
2022-04-25,Crypto Equal Weight,0.0101663
2022-04-26,Crypto Equal Weight,-0.06831753
2022-04-27,Crypto Equal Weight,0.02442088
2022-04-28,Crypto Equal Weight,0.00891174
2022-04-29,Crypto Equal Weight,-0.03646867
2022-04-30,Crypto Equal Weight,-0.05335988
2022-05-01,Crypto Equal Weight,0.04733577
2022-05-02,Crypto Equal Weight,-0.00315058
2022-05-03,Crypto Equal Weight,-0.01071209
2022-05-04,Crypto Equal Weight,0.09768777
2022-05-05,Crypto Equal Weight,-0.08792761
2022-05-06,Crypto Equal Weight,0.00991154
2022-05-07,Crypto Equal Weight,-0.02586155
2022-05-08,Crypto Equal Weight,-0.01912325
2022-05-09,Crypto Equal Weight,-0.1385854
2022-05-10,Crypto Equal Weight,0.03548753
2022-05-11,Crypto Equal Weight,-0.14409244
2022-05-12,Crypto Equal Weight,-0.04872559
2022-05-13,Crypto Equal Weight,0.06680644
2022-05-14,Crypto Equal Weight,0.02115094
2022-05-15,Crypto Equal Weight,0.04167206
2022-05-16,Crypto Equal Weight,-0.0596156
2022-05-17,Crypto Equal Weight,0.04388036
2022-05-18,Crypto Equal Weight,-0.07934076
2022-05-19,Crypto Equal Weight,0.04750691
2022-05-20,Crypto Equal Weight,-0.03175964
2022-05-21,Crypto Equal Weight,0.01647804
2022-05-22,Crypto Equal Weight,0.03472782
2022-05-23,Crypto Equal Weight,-0.03280432
2022-05-24,Crypto Equal Weight,0.03203904
2022-05-25,Crypto Equal Weight,-0.00934532
2022-05-26,Crypto Equal Weight,-0.05070413
2022-05-27,Crypto Equal Weight,-0.02852164
2022-05-28,Crypto Equal Weight,0.01804435
2022-05-29,Crypto Equal Weight,0.02776183
2022-05-30,Crypto Equal Weight,0.08357794
2022-05-31,Crypto Equal Weight,0.01172839
2022-06-01,Crypto Equal Weight,-0.07108031
2022-06-02,Crypto Equal Weight,0.0241084
2022-06-03,Crypto Equal Weight,-0.02621998
2022-06-04,Crypto Equal Weight,0.00729477
2022-06-05,Crypto Equal Weight,-0.00421139
2022-06-06,Crypto Equal Weight,0.02920145
2022-06-07,Crypto Equal Weight,-0.01196979
2022-06-08,Crypto Equal Weight,-0.01361238
2022-06-09,Crypto Equal Weight,-0.0062908
2022-06-10,Crypto Equal Weight,-0.05238957
2022-06-11,Crypto Equal Weight,-0.059103
2022-06-12,Crypto Equal Weight,-0.05806915
2022-06-13,Crypto Equal Weight,-0.12649946
2022-06-14,Crypto Equal Weight,0.0116805
2022-06-15,Crypto Equal Weight,0.06542525
2022-06-16,Crypto Equal Weight,-0.1071884
2022-06-17,Crypto Equal Weight,0.03646198
2022-06-18,Crypto Equal Weight,-0.04251541
2022-06-19,Crypto Equal Weight,0.07927453
2022-06-20,Crypto Equal Weight,0.00157574
2022-06-21,Crypto Equal Weight,0.00597137
2022-06-22,Crypto Equal Weight,-0.03599036
2022-06-23,Crypto Equal Weight,0.0473405
2022-06-24,Crypto Equal Weight,0.03819141
2022-06-25,Crypto Equal Weight,0.00775344
2022-06-26,Crypto Equal Weight,-0.02140899
2022-06-27,Crypto Equal Weight,-0.00675368
2022-06-28,Crypto Equal Weight,-0.0431638
2022-06-29,Crypto Equal Weight,-0.01463425
2022-06-30,Crypto Equal Weight,-0.0073649
2022-07-01,Crypto Equal Weight,-0.0227431
2022-07-02,Crypto Equal Weight,0.01020653
2022-07-03,Crypto Equal Weight,0.00620375
2022-07-04,Crypto Equal Weight,0.03434928
2022-07-05,Crypto Equal Weight,-0.0190359
2022-07-06,Crypto Equal Weight,0.01714929
2022-07-07,Crypto Equal Weight,0.03818409
2022-07-08,Crypto Equal Weight,-0.00971626
2022-07-09,Crypto Equal Weight,0.01411333
2022-07-10,Crypto Equal Weight,-0.03991464
2022-07-11,Crypto Equal Weight,-0.05594177
2022-07-12,Crypto Equal Weight,-0.02350615
2022-07-13,Crypto Equal Weight,0.04427791
2022-07-14,Crypto Equal Weight,0.02318883
2022-07-15,Crypto Equal Weight,0.01329571
2022-07-16,Crypto Equal Weight,0.05154079
2022-07-17,Crypto Equal Weight,-0.00094813
2022-07-18,Crypto Equal Weight,0.10792769
2022-07-19,Crypto Equal Weight,0.01828694
2022-07-20,Crypto Equal Weight,-0.03622963
2022-07-21,Crypto Equal Weight,0.02456126
2022-07-22,Crypto Equal Weight,-0.00778936
2022-07-23,Crypto Equal Weight,0.00753672
2022-07-24,Crypto Equal Weight,0.01969239
2022-07-25,Crypto Equal Weight,-0.07276478
2022-07-26,Crypto Equal Weight,0.00427972
2022-07-27,Crypto Equal Weight,0.10911299
2022-07-28,Crypto Equal Weight,0.07791693
2022-07-29,Crypto Equal Weight,-0.00582918
2022-07-30,Crypto Equal Weight,-0.00467567
2022-07-31,Crypto Equal Weight,-0.01646519
2022-08-01,Crypto Equal Weight,-0.01269908
2022-08-02,Crypto Equal Weight,-0.01873155
2022-08-03,Crypto Equal Weight,-0.00589826
2022-08-04,Crypto Equal Weight,0.00145209
2022-08-05,Crypto Equal Weight,0.04574474
2022-08-06,Crypto Equal Weight,-0.00935114
2022-08-07,Crypto Equal Weight,0.00639243
2022-08-08,Crypto Equal Weight,0.02294476
2022-08-09,Crypto Equal Weight,-0.04364255
2022-08-10,Crypto Equal Weight,0.05001776
2022-08-11,Crypto Equal Weight,0.01304529
2022-08-12,Crypto Equal Weight,0.01411824
2022-08-13,Crypto Equal Weight,0.00787827
2022-08-14,Crypto Equal Weight,-0.01294202
2022-08-15,Crypto Equal Weight,-0.01673484
2022-08-16,Crypto Equal Weight,0.00209127
2022-08-17,Crypto Equal Weight,-0.00607854
2022-08-18,Crypto Equal Weight,-0.01733788
2022-08-19,Crypto Equal Weight,-0.10808946
2022-08-20,Crypto Equal Weight,0.01436897
2022-08-21,Crypto Equal Weight,0.0316947
2022-08-22,Crypto Equal Weight,0.02147357
2022-08-23,Crypto Equal Weight,0.01410723
2022-08-24,Crypto Equal Weight,-0.00764874
2022-08-25,Crypto Equal Weight,0.01094258
2022-08-26,Crypto Equal Weight,-0.07803359
2022-08-27,Crypto Equal Weight,0.00217928
2022-08-28,Crypto Equal Weight,-0.03357306
2022-08-29,Crypto Equal Weight,0.04925487
2022-08-30,Crypto Equal Weight,-0.0268942
2022-08-31,Crypto Equal Weight,0.0032083
2022-09-01,Crypto Equal Weight,0.02437064
2022-09-02,Crypto Equal Weight,0.00494136
2022-09-03,Crypto Equal Weight,0.00214441
2022-09-04,Crypto Equal Weight,0.00946666
2022-09-05,Crypto Equal Weight,0.03152178
2022-09-06,Crypto Equal Weight,-0.07116982
2022-09-07,Crypto Equal Weight,0.05776728
2022-09-08,Crypto Equal Weight,0.0058493
2022-09-09,Crypto Equal Weight,0.05861628
2022-09-10,Crypto Equal Weight,0.01834221
2022-09-11,Crypto Equal Weight,-0.01138428
2022-09-12,Crypto Equal Weight,-0.00745364
2022-09-13,Crypto Equal Weight,-0.0711108
2022-09-14,Crypto Equal Weight,0.02134358
2022-09-15,Crypto Equal Weight,-0.04826522
2022-09-16,Crypto Equal Weight,0.01305071
2022-09-17,Crypto Equal Weight,0.03104175
2022-09-18,Crypto Equal Weight,-0.07844007
2022-09-19,Crypto Equal Weight,0.02205062
2022-09-20,Crypto Equal Weight,0.00012093
2022-09-21,Crypto Equal Weight,-0.03912728
2022-09-22,Crypto Equal Weight,0.06731722
2022-09-23,Crypto Equal Weight,0.01108516
2022-09-24,Crypto Equal Weight,-0.02109652
2022-09-25,Crypto Equal Weight,-0.01332307
2022-09-26,Crypto Equal Weight,0.00267765
2022-09-27,Crypto Equal Weight,-0.01530393
2022-09-28,Crypto Equal Weight,-0.00129628
2022-09-29,Crypto Equal Weight,0.02608514
2022-09-30,Crypto Equal Weight,-0.00449173
2022-10-01,Crypto Equal Weight,0.00085345
2022-10-02,Crypto Equal Weight,-0.02534082
2022-10-03,Crypto Equal Weight,0.02177382
2022-10-04,Crypto Equal Weight,0.02459695
2022-10-05,Crypto Equal Weight,-0.00425661
2022-10-06,Crypto Equal Weight,-0.00607239
2022-10-07,Crypto Equal Weight,-0.00419972
2022-10-08,Crypto Equal Weight,-0.0031627
2022-10-09,Crypto Equal Weight,0.01030553
2022-10-10,Crypto Equal Weight,-0.04378365
2022-10-11,Crypto Equal Weight,-0.01811325
2022-10-12,Crypto Equal Weight,0.00175886
2022-10-13,Crypto Equal Weight,-0.01687217
2022-10-14,Crypto Equal Weight,0.00240263
2022-10-15,Crypto Equal Weight,-0.00713115
2022-10-16,Crypto Equal Weight,0.01162115
2022-10-17,Crypto Equal Weight,0.01184698
2022-10-18,Crypto Equal Weight,-0.01581846
2022-10-19,Crypto Equal Weight,-0.02432466
2022-10-20,Crypto Equal Weight,-0.00261961
2022-10-21,Crypto Equal Weight,0.0132553
2022-10-22,Crypto Equal Weight,0.01085436
2022-10-23,Crypto Equal Weight,0.01905115
2022-10-24,Crypto Equal Weight,-0.02003931
2022-10-25,Crypto Equal Weight,0.05318884
2022-10-26,Crypto Equal Weight,0.02339555
2022-10-27,Crypto Equal Weight,-0.02105551
2022-10-28,Crypto Equal Weight,0.02002271
2022-10-29,Crypto Equal Weight,0.01645221
2022-10-30,Crypto Equal Weight,-0.02340182
2022-10-31,Crypto Equal Weight,0.00129769
2022-11-01,Crypto Equal Weight,-0.00491279
2022-11-02,Crypto Equal Weight,-0.01448623
2022-11-03,Crypto Equal Weight,0.01588386
2022-11-04,Crypto Equal Weight,0.06850595
2022-11-05,Crypto Equal Weight,-0.00021
2022-11-06,Crypto Equal Weight,-0.03910438
2022-11-07,Crypto Equal Weight,0.00012663
2022-11-08,Crypto Equal Weight,-0.11677967
2022-11-09,Crypto Equal Weight,-0.14533737
2022-11-10,Crypto Equal Weight,0.15718182
2022-11-11,Crypto Equal Weight,-0.01745022
2022-11-12,Crypto Equal Weight,-0.0317242
2022-11-13,Crypto Equal Weight,-0.03424063
2022-11-14,Crypto Equal Weight,0.02350834
2022-11-15,Crypto Equal Weight,0.01477059
2022-11-16,Crypto Equal Weight,-0.01845515
2022-11-17,Crypto Equal Weight,0.00519885
2022-11-18,Crypto Equal Weight,0.00226277
2022-11-19,Crypto Equal Weight,0.00795756
2022-11-20,Crypto Equal Weight,-0.04097186
2022-11-21,Crypto Equal Weight,-0.01376652
2022-11-22,Crypto Equal Weight,0.03818765
2022-11-23,Crypto Equal Weight,0.0460082
2022-11-24,Crypto Equal Weight,0.01047954
2022-11-25,Crypto Equal Weight,-0.00655373
2022-11-26,Crypto Equal Weight,-0.00391391
2022-11-27,Crypto Equal Weight,-0.00161514
2022-11-28,Crypto Equal Weight,-0.01793282
2022-11-29,Crypto Equal Weight,0.01637901
2022-11-30,Crypto Equal Weight,0.03412228
2022-12-01,Crypto Equal Weight,-0.02010212
2022-12-02,Crypto Equal Weight,0.00869651
2022-12-03,Crypto Equal Weight,-0.01927546
2022-12-04,Crypto Equal Weight,0.01113486
2022-12-05,Crypto Equal Weight,-0.00187916
2022-12-06,Crypto Equal Weight,0.00643333
2022-12-07,Crypto Equal Weight,-0.01939734
2022-12-08,Crypto Equal Weight,0.02164816
2022-12-09,Crypto Equal Weight,-0.00538592
2022-12-10,Crypto Equal Weight,-0.00041432
2022-12-11,Crypto Equal Weight,-0.01236396
2022-12-12,Crypto Equal Weight,-0.00254237
2022-12-13,Crypto Equal Weight,0.02291205
2022-12-14,Crypto Equal Weight,-0.01099892
2022-12-15,Crypto Equal Weight,-0.02340772
2022-12-16,Crypto Equal Weight,-0.08042107
2022-12-17,Crypto Equal Weight,0.01419702
2022-12-18,Crypto Equal Weight,-0.00654923
2022-12-19,Crypto Equal Weight,-0.03090016
2022-12-20,Crypto Equal Weight,0.03630442
2022-12-21,Crypto Equal Weight,-0.0035915
2022-12-22,Crypto Equal Weight,0.00618316
2022-12-23,Crypto Equal Weight,-0.00108428
2022-12-24,Crypto Equal Weight,-0.00093453
2022-12-25,Crypto Equal Weight,0.00034347
2022-12-26,Crypto Equal Weight,0.01605461
2022-12-27,Crypto Equal Weight,-0.01176257
2022-12-28,Crypto Equal Weight,-0.0270805
2022-12-29,Crypto Equal Weight,-0.00060511
2022-12-30,Crypto Equal Weight,0.00041195
2022-12-31,Crypto Equal Weight,0.00124236
2023-01-01,Crypto Equal Weight,0.0077556
2023-01-02,Crypto Equal Weight,0.01900435
2023-01-03,Crypto Equal Weight,-0.00270506
2023-01-04,Crypto Equal Weight,0.03703987
2023-01-05,Crypto Equal Weight,-0.01491527
2023-01-06,Crypto Equal Weight,0.02399225
2023-01-07,Crypto Equal Weight,-0.00331505
2023-01-08,Crypto Equal Weight,0.02215294
2023-01-09,Crypto Equal Weight,0.02733978
2023-01-10,Crypto Equal Weight,0.00602363
2023-01-11,Crypto Equal Weight,0.02936272
2023-01-12,Crypto Equal Weight,0.02574911
2023-01-13,Crypto Equal Weight,0.03391596
2023-01-14,Crypto Equal Weight,0.03433883
2023-01-15,Crypto Equal Weight,-0.00267649
2023-01-16,Crypto Equal Weight,-0.00459065
2023-01-17,Crypto Equal Weight,-0.0049055
2023-01-18,Crypto Equal Weight,-0.04283574
2023-01-19,Crypto Equal Weight,0.02374091
2023-01-20,Crypto Equal Weight,0.06451982
2023-01-21,Crypto Equal Weight,-0.00963287
2023-01-22,Crypto Equal Weight,0.00994363
2023-01-23,Crypto Equal Weight,0.0209453
2023-01-24,Crypto Equal Weight,-0.04170213
2023-01-25,Crypto Equal Weight,0.03070596
2023-01-26,Crypto Equal Weight,-0.00173707
2023-01-27,Crypto Equal Weight,0.01066398
2023-01-28,Crypto Equal Weight,-0.00887176
2023-01-29,Crypto Equal Weight,0.03185076
2023-01-30,Crypto Equal Weight,-0.04704285
2023-01-31,Crypto Equal Weight,0.01970617
2023-02-01,Crypto Equal Weight,0.02579761
2023-02-02,Crypto Equal Weight,-0.00408552
2023-02-03,Crypto Equal Weight,0.01379534
2023-02-04,Crypto Equal Weight,0.00082171
2023-02-05,Crypto Equal Weight,-0.02148568
2023-02-06,Crypto Equal Weight,-0.01750677
2023-02-07,Crypto Equal Weight,0.03869118
2023-02-08,Crypto Equal Weight,-0.01503562
2023-02-09,Crypto Equal Weight,-0.05771135
2023-02-10,Crypto Equal Weight,-0.00092649
2023-02-11,Crypto Equal Weight,0.01111908
2023-02-12,Crypto Equal Weight,-0.01424016
2023-02-13,Crypto Equal Weight,-0.00318422
2023-02-14,Crypto Equal Weight,0.02987218
2023-02-15,Crypto Equal Weight,0.06536375
2023-02-16,Crypto Equal Weight,-0.04378639
2023-02-17,Crypto Equal Weight,0.04882789
2023-02-18,Crypto Equal Weight,0.00788781
2023-02-19,Crypto Equal Weight,-0.01070812
2023-02-20,Crypto Equal Weight,0.02505276
2023-02-21,Crypto Equal Weight,-0.01918196
2023-02-22,Crypto Equal Weight,-0.00743261
2023-02-23,Crypto Equal Weight,-0.01173582
2023-02-24,Crypto Equal Weight,-0.03497156
2023-02-25,Crypto Equal Weight,-0.00247534
2023-02-26,Crypto Equal Weight,0.01773477
2023-02-27,Crypto Equal Weight,-0.00461675
2023-02-28,Crypto Equal Weight,-0.0127152
2023-03-01,Crypto Equal Weight,0.02613633
2023-03-02,Crypto Equal Weight,-0.01007079
2023-03-03,Crypto Equal Weight,-0.02260744
2023-03-04,Crypto Equal Weight,-0.018809
2023-03-05,Crypto Equal Weight,-0.0019957
2023-03-06,Crypto Equal Weight,-0.00392181
2023-03-07,Crypto Equal Weight,-0.00889455
2023-03-08,Crypto Equal Weight,-0.0272103
2023-03-09,Crypto Equal Weight,-0.06062363
2023-03-10,Crypto Equal Weight,-0.00435147
2023-03-11,Crypto Equal Weight,0.00183219
2023-03-12,Crypto Equal Weight,0.06743629
2023-03-13,Crypto Equal Weight,0.04387683
2023-03-14,Crypto Equal Weight,0.02016353
2023-03-15,Crypto Equal Weight,-0.05192991
2023-03-16,Crypto Equal Weight,0.01821097
2023-03-17,Crypto Equal Weight,0.06565744
2023-03-18,Crypto Equal Weight,-0.02269573
2023-03-19,Crypto Equal Weight,0.02849706
2023-03-20,Crypto Equal Weight,-0.03439951
2023-03-21,Crypto Equal Weight,0.07619109
2023-03-22,Crypto Equal Weight,-0.04933246
2023-03-23,Crypto Equal Weight,0.04653892
2023-03-24,Crypto Equal Weight,-0.02724835
2023-03-25,Crypto Equal Weight,-0.00204638
2023-03-26,Crypto Equal Weight,0.013712
2023-03-27,Crypto Equal Weight,-0.01925062
2023-03-28,Crypto Equal Weight,0.02988054
2023-03-29,Crypto Equal Weight,0.02862274
2023-03-30,Crypto Equal Weight,-0.00176076
2023-03-31,Crypto Equal Weight,0.02249686
2023-04-01,Crypto Equal Weight,-0.00409342
2023-04-02,Crypto Equal Weight,-0.00716208
2023-04-03,Crypto Equal Weight,-0.00185885
2023-04-04,Crypto Equal Weight,0.00876934
2023-04-05,Crypto Equal Weight,0.00458996
2023-04-06,Crypto Equal Weight,-0.00898962
2023-04-07,Crypto Equal Weight,-0.00071575
2023-04-08,Crypto Equal Weight,-0.00758129
2023-04-09,Crypto Equal Weight,0.00857517
2023-04-10,Crypto Equal Weight,0.0235797
2023-04-11,Crypto Equal Weight,0.00382286
2023-04-12,Crypto Equal Weight,-0.00474518
2023-04-13,Crypto Equal Weight,0.02334972
2023-04-14,Crypto Equal Weight,0.01535289
2023-04-15,Crypto Equal Weight,-0.00044105
2023-04-16,Crypto Equal Weight,0.00781359
2023-04-17,Crypto Equal Weight,-0.02395435
2023-04-18,Crypto Equal Weight,0.02048927
2023-04-19,Crypto Equal Weight,-0.07030638
2023-04-20,Crypto Equal Weight,-0.01659383
2023-04-21,Crypto Equal Weight,-0.03625065
2023-04-22,Crypto Equal Weight,0.02774682
2023-04-23,Crypto Equal Weight,-0.01135754
2023-04-24,Crypto Equal Weight,-0.00620241
2023-04-25,Crypto Equal Weight,0.01686722
2023-04-26,Crypto Equal Weight,-0.01275986
2023-04-27,Crypto Equal Weight,0.01493265
2023-04-28,Crypto Equal Weight,0.00373632
2023-04-29,Crypto Equal Weight,0.00588624
2023-04-30,Crypto Equal Weight,-0.01380383
2023-05-01,Crypto Equal Weight,-0.01709593
2023-05-02,Crypto Equal Weight,0.01303857
2023-05-03,Crypto Equal Weight,0.00703369
2023-05-04,Crypto Equal Weight,-0.01052737
2023-05-05,Crypto Equal Weight,0.02069165
2023-05-06,Crypto Equal Weight,-0.02972112
2023-05-07,Crypto Equal Weight,-0.01148111
2023-05-08,Crypto Equal Weight,-0.03585793
2023-05-09,Crypto Equal Weight,0.01606487
2023-05-10,Crypto Equal Weight,-0.00163827
2023-05-11,Crypto Equal Weight,-0.02088555
2023-05-12,Crypto Equal Weight,0.00663315
2023-05-13,Crypto Equal Weight,-0.00669015
2023-05-14,Crypto Equal Weight,0.00948872
2023-05-15,Crypto Equal Weight,0.00832465
2023-05-16,Crypto Equal Weight,0.0084221
2023-05-17,Crypto Equal Weight,0.01491457
2023-05-18,Crypto Equal Weight,-0.01162563
2023-05-19,Crypto Equal Weight,0.00328835
2023-05-20,Crypto Equal Weight,0.00491194
2023-05-21,Crypto Equal Weight,-0.01066502
2023-05-22,Crypto Equal Weight,0.00852948
2023-05-23,Crypto Equal Weight,0.00854669
2023-05-24,Crypto Equal Weight,-0.02931163
2023-05-25,Crypto Equal Weight,0.00061379
2023-05-26,Crypto Equal Weight,0.01386226
2023-05-27,Crypto Equal Weight,0.00868554
2023-05-28,Crypto Equal Weight,0.02725699
2023-05-29,Crypto Equal Weight,-0.00632164
2023-05-30,Crypto Equal Weight,0.00955006
2023-05-31,Crypto Equal Weight,-0.01096833
2023-06-01,Crypto Equal Weight,-0.00700505
2023-06-02,Crypto Equal Weight,0.03047013
2023-06-03,Crypto Equal Weight,-0.00326454
2023-06-04,Crypto Equal Weight,0.00190905
2023-06-05,Crypto Equal Weight,-0.05556742
2023-06-06,Crypto Equal Weight,0.03446928
2023-06-07,Crypto Equal Weight,-0.03397566
2023-06-08,Crypto Equal Weight,0.00731091
2023-06-09,Crypto Equal Weight,-0.01150854
2023-06-10,Crypto Equal Weight,-0.0827098
2023-06-11,Crypto Equal Weight,0.0016502
2023-06-12,Crypto Equal Weight,0.0004879
2023-06-13,Crypto Equal Weight,0.00229938
2023-06-14,Crypto Equal Weight,-0.04317235
2023-06-15,Crypto Equal Weight,0.0057891
2023-06-16,Crypto Equal Weight,0.01116801
2023-06-17,Crypto Equal Weight,0.00953206
2023-06-18,Crypto Equal Weight,-0.00546091
2023-06-19,Crypto Equal Weight,0.00655025
2023-06-20,Crypto Equal Weight,0.0271519
2023-06-21,Crypto Equal Weight,0.06914387
2023-06-22,Crypto Equal Weight,-0.0036441
2023-06-23,Crypto Equal Weight,0.07470161
2023-06-24,Crypto Equal Weight,0.01165263
2023-06-25,Crypto Equal Weight,-0.01086884
2023-06-26,Crypto Equal Weight,0.00597833
2023-06-27,Crypto Equal Weight,0.0226314
2023-06-28,Crypto Equal Weight,-0.03996466
2023-06-29,Crypto Equal Weight,0.02969973
2023-06-30,Crypto Equal Weight,0.09404905
2023-07-01,Crypto Equal Weight,-0.00184494
2023-07-02,Crypto Equal Weight,0.00523862
2023-07-03,Crypto Equal Weight,-0.00512211
2023-07-04,Crypto Equal Weight,-0.01944258
2023-07-05,Crypto Equal Weight,-0.0151601
2023-07-06,Crypto Equal Weight,-0.02513234
2023-07-07,Crypto Equal Weight,0.01796298
2023-07-08,Crypto Equal Weight,0.00153165
2023-07-09,Crypto Equal Weight,-0.01372628
2023-07-10,Crypto Equal Weight,0.01268698
2023-07-11,Crypto Equal Weight,0.0002997
2023-07-12,Crypto Equal Weight,-0.00432541
2023-07-13,Crypto Equal Weight,0.19549933
2023-07-14,Crypto Equal Weight,-0.06154752
2023-07-15,Crypto Equal Weight,-0.01001041
2023-07-16,Crypto Equal Weight,-0.00538077
2023-07-17,Crypto Equal Weight,-0.004098
2023-07-18,Crypto Equal Weight,0.00064377
2023-07-19,Crypto Equal Weight,0.02947519
2023-07-20,Crypto Equal Weight,-0.0002528
2023-07-21,Crypto Equal Weight,-0.00150392
2023-07-22,Crypto Equal Weight,-0.01280509
2023-07-23,Crypto Equal Weight,0.01312635
2023-07-24,Crypto Equal Weight,-0.03911089
2023-07-25,Crypto Equal Weight,0.00045157
2023-07-26,Crypto Equal Weight,0.01536213
2023-07-27,Crypto Equal Weight,0.00224431
2023-07-28,Crypto Equal Weight,0.00746282
2023-07-29,Crypto Equal Weight,0.00336364
2023-07-30,Crypto Equal Weight,-0.00188874
2023-07-31,Crypto Equal Weight,-0.01723274
2023-08-01,Crypto Equal Weight,0.0080979
2023-08-02,Crypto Equal Weight,-0.03714695
2023-08-03,Crypto Equal Weight,-0.01737554
2023-08-04,Crypto Equal Weight,-0.00730287
2023-08-05,Crypto Equal Weight,0.00434978
2023-08-06,Crypto Equal Weight,-0.00543412
2023-08-07,Crypto Equal Weight,0.00701631
2023-08-08,Crypto Equal Weight,0.01472093
2023-08-09,Crypto Equal Weight,-0.00239545
2023-08-10,Crypto Equal Weight,-0.01031345
2023-08-11,Crypto Equal Weight,-0.00250535
2023-08-12,Crypto Equal Weight,-3.94e-06
2023-08-13,Crypto Equal Weight,-0.00620234
2023-08-14,Crypto Equal Weight,0.0019516
2023-08-15,Crypto Equal Weight,-0.02848311
2023-08-16,Crypto Equal Weight,-0.03890073
2023-08-17,Crypto Equal Weight,-0.08842941
2023-08-18,Crypto Equal Weight,0.00616616
2023-08-19,Crypto Equal Weight,0.01446029
2023-08-20,Crypto Equal Weight,0.01688367
2023-08-21,Crypto Equal Weight,-0.00987961
2023-08-22,Crypto Equal Weight,-0.01436819
2023-08-23,Crypto Equal Weight,0.03150212
2023-08-24,Crypto Equal Weight,-0.01213267
2023-08-25,Crypto Equal Weight,-0.00109795
2023-08-26,Crypto Equal Weight,-0.00558602
2023-08-27,Crypto Equal Weight,0.00923666
2023-08-28,Crypto Equal Weight,-0.0059057
2023-08-29,Crypto Equal Weight,0.05507035
2023-08-30,Crypto Equal Weight,-0.02224808
2023-08-31,Crypto Equal Weight,-0.03801269
2023-09-01,Crypto Equal Weight,-0.0129287
2023-09-02,Crypto Equal Weight,0.00215117
2023-09-03,Crypto Equal Weight,0.00616463
2023-09-04,Crypto Equal Weight,0.00316099
2023-09-05,Crypto Equal Weight,-0.00160462
2023-09-06,Crypto Equal Weight,0.00145765
2023-09-07,Crypto Equal Weight,0.00758511
2023-09-08,Crypto Equal Weight,-0.00505857
2023-09-09,Crypto Equal Weight,0.00365302
2023-09-10,Crypto Equal Weight,-0.01358204
2023-09-11,Crypto Equal Weight,-0.0331739
2023-09-12,Crypto Equal Weight,0.02023628
2023-09-13,Crypto Equal Weight,0.01091014
2023-09-14,Crypto Equal Weight,0.01507565
2023-09-15,Crypto Equal Weight,0.0175942
2023-09-16,Crypto Equal Weight,-0.00389621
2023-09-17,Crypto Equal Weight,-0.01639327
2023-09-18,Crypto Equal Weight,0.01968908
2023-09-19,Crypto Equal Weight,0.01199563
2023-09-20,Crypto Equal Weight,-0.01066543
2023-09-21,Crypto Equal Weight,-0.0198004
2023-09-22,Crypto Equal Weight,0.00122254
2023-09-23,Crypto Equal Weight,0.00257814
2023-09-24,Crypto Equal Weight,-0.01302034
2023-09-25,Crypto Equal Weight,0.00871039
2023-09-26,Crypto Equal Weight,-0.00309914
2023-09-27,Crypto Equal Weight,0.00932279
2023-09-28,Crypto Equal Weight,0.02507332
2023-09-29,Crypto Equal Weight,0.00543409
2023-09-30,Crypto Equal Weight,0.00404964
2023-10-01,Crypto Equal Weight,0.02950825
2023-10-02,Crypto Equal Weight,-0.02263631
2023-10-03,Crypto Equal Weight,0.0001883
2023-10-04,Crypto Equal Weight,-0.00627493
2023-10-05,Crypto Equal Weight,-0.01105963
2023-10-06,Crypto Equal Weight,0.00981211
2023-10-07,Crypto Equal Weight,-0.0042329
2023-10-08,Crypto Equal Weight,-0.00481631
2023-10-09,Crypto Equal Weight,-0.03092759
2023-10-10,Crypto Equal Weight,-0.00742361
2023-10-11,Crypto Equal Weight,-0.00896296
2023-10-12,Crypto Equal Weight,-0.00833628
2023-10-13,Crypto Equal Weight,0.00703169
2023-10-14,Crypto Equal Weight,0.0015493
2023-10-15,Crypto Equal Weight,0.00608572
2023-10-16,Crypto Equal Weight,0.02982672
2023-10-17,Crypto Equal Weight,-0.01886564
2023-10-18,Crypto Equal Weight,-0.00692248
2023-10-19,Crypto Equal Weight,0.01709621
2023-10-20,Crypto Equal Weight,0.02151513
2023-10-21,Crypto Equal Weight,0.01869911
2023-10-22,Crypto Equal Weight,0.00468563
2023-10-23,Crypto Equal Weight,0.05725437
2023-10-24,Crypto Equal Weight,-5.517e-05
2023-10-25,Crypto Equal Weight,0.00364128
2023-10-26,Crypto Equal Weight,-0.00049573
2023-10-27,Crypto Equal Weight,-0.01083656
2023-10-28,Crypto Equal Weight,0.0120652
2023-10-29,Crypto Equal Weight,0.01247849
2023-10-30,Crypto Equal Weight,0.01211562
2023-10-31,Crypto Equal Weight,0.00958515
2023-11-01,Crypto Equal Weight,0.02042332
2023-11-02,Crypto Equal Weight,-0.01067322
2023-11-03,Crypto Equal Weight,0.00568709
2023-11-04,Crypto Equal Weight,0.00926673
2023-11-05,Crypto Equal Weight,0.02218067
2023-11-06,Crypto Equal Weight,0.02987322
2023-11-07,Crypto Equal Weight,-0.01524561
2023-11-08,Crypto Equal Weight,0.00912336
2023-11-09,Crypto Equal Weight,0.01894252
2023-11-10,Crypto Equal Weight,0.01611913
2023-11-11,Crypto Equal Weight,0.00038479
2023-11-12,Crypto Equal Weight,-0.00069576
2023-11-13,Crypto Equal Weight,-0.01510975
2023-11-14,Crypto Equal Weight,-0.03211102
2023-11-15,Crypto Equal Weight,0.04185777
2023-11-16,Crypto Equal Weight,-0.03339487
2023-11-17,Crypto Equal Weight,-0.00135111
2023-11-18,Crypto Equal Weight,0.00102001
2023-11-19,Crypto Equal Weight,0.01752721
2023-11-20,Crypto Equal Weight,-0.01249711
2023-11-21,Crypto Equal Weight,-0.05277399
2023-11-22,Crypto Equal Weight,0.04727343
2023-11-23,Crypto Equal Weight,0.00319779
2023-11-24,Crypto Equal Weight,0.01068307
2023-11-25,Crypto Equal Weight,0.01494474
2023-11-26,Crypto Equal Weight,-0.01078954
2023-11-27,Crypto Equal Weight,-0.02422906
2023-11-28,Crypto Equal Weight,0.01087536
2023-11-29,Crypto Equal Weight,-0.00156339
2023-11-30,Crypto Equal Weight,-0.00373514
2023-12-01,Crypto Equal Weight,0.01645783
2023-12-02,Crypto Equal Weight,0.01966303
2023-12-03,Crypto Equal Weight,0.00445922
2023-12-04,Crypto Equal Weight,0.02434107
2023-12-05,Crypto Equal Weight,0.01838949
2023-12-06,Crypto Equal Weight,0.00132372
2023-12-07,Crypto Equal Weight,0.02423428
2023-12-08,Crypto Equal Weight,0.04694567
2023-12-09,Crypto Equal Weight,0.00638899
2023-12-10,Crypto Equal Weight,0.00194399
2023-12-11,Crypto Equal Weight,-0.06588508
2023-12-12,Crypto Equal Weight,0.00635006
2023-12-13,Crypto Equal Weight,0.03016847
2023-12-14,Crypto Equal Weight,0.00588041
2023-12-15,Crypto Equal Weight,-0.04007389
2023-12-16,Crypto Equal Weight,0.01889895
2023-12-17,Crypto Equal Weight,-0.01908537
2023-12-18,Crypto Equal Weight,0.00266822
2023-12-19,Crypto Equal Weight,-0.01388986
2023-12-20,Crypto Equal Weight,0.01919465
2023-12-21,Crypto Equal Weight,0.02803895
2023-12-22,Crypto Equal Weight,0.01765921
2023-12-23,Crypto Equal Weight,-0.00903308
2023-12-24,Crypto Equal Weight,-0.01773706
2023-12-25,Crypto Equal Weight,0.03047236
2023-12-26,Crypto Equal Weight,-0.02247958
2023-12-27,Crypto Equal Weight,0.05254636
2023-12-28,Crypto Equal Weight,-0.00840828
2023-12-29,Crypto Equal Weight,-0.01857
2023-12-30,Crypto Equal Weight,0.00732226
2023-12-31,Crypto Equal Weight,-0.01174817
2021-05-20,Crypto Minimum Variance,0.1309327
2021-05-21,Crypto Minimum Variance,-0.11859355
2021-05-22,Crypto Minimum Variance,-0.03639841
2021-05-23,Crypto Minimum Variance,-0.10102862
2021-05-24,Crypto Minimum Variance,0.20254725
2021-05-25,Crypto Minimum Variance,0.0056236
2021-05-26,Crypto Minimum Variance,0.05834711
2021-05-27,Crypto Minimum Variance,-0.04301877
2021-05-28,Crypto Minimum Variance,-0.08555503
2021-05-29,Crypto Minimum Variance,-0.05089601
2021-05-30,Crypto Minimum Variance,0.05002329
2021-05-31,Crypto Minimum Variance,0.08711399
2021-06-01,Crypto Minimum Variance,-0.0210359
2021-06-02,Crypto Minimum Variance,0.02217171
2021-06-03,Crypto Minimum Variance,0.04356062
2021-06-04,Crypto Minimum Variance,-0.0628592
2021-06-05,Crypto Minimum Variance,-0.03073181
2021-06-06,Crypto Minimum Variance,0.01877332
2021-06-07,Crypto Minimum Variance,-0.06752358
2021-06-08,Crypto Minimum Variance,-0.00388372
2021-06-09,Crypto Minimum Variance,0.06988266
2021-06-10,Crypto Minimum Variance,-0.03637644
2021-06-11,Crypto Minimum Variance,-0.02252113
2021-06-12,Crypto Minimum Variance,-0.01643377
2021-06-13,Crypto Minimum Variance,0.07098237
2021-06-14,Crypto Minimum Variance,0.01695514
2021-06-15,Crypto Minimum Variance,0.01247709
2021-06-16,Crypto Minimum Variance,-0.06549566
2021-06-17,Crypto Minimum Variance,0.00888252
2021-06-18,Crypto Minimum Variance,-0.05784488
2021-06-19,Crypto Minimum Variance,-0.01608127
2021-06-20,Crypto Minimum Variance,0.01096349
2021-06-21,Crypto Minimum Variance,-0.16126116
2021-06-22,Crypto Minimum Variance,-0.01401353
2021-06-23,Crypto Minimum Variance,0.06866195
2021-06-24,Crypto Minimum Variance,0.05366248
2021-06-25,Crypto Minimum Variance,-0.0813945
2021-06-26,Crypto Minimum Variance,0.01229586
2021-06-27,Crypto Minimum Variance,0.06459995
2021-06-28,Crypto Minimum Variance,0.01378298
2021-06-29,Crypto Minimum Variance,0.05106365
2021-06-30,Crypto Minimum Variance,0.0069485
2021-07-01,Crypto Minimum Variance,-0.05102052
2021-07-02,Crypto Minimum Variance,0.01341995
2021-07-03,Crypto Minimum Variance,0.02250101
2021-07-04,Crypto Minimum Variance,0.02567237
2021-07-05,Crypto Minimum Variance,-0.04616133
2021-07-06,Crypto Minimum Variance,0.02213239
2021-07-07,Crypto Minimum Variance,-0.01032378
2021-07-08,Crypto Minimum Variance,-0.04897009
2021-07-09,Crypto Minimum Variance,0.01974243
2021-07-10,Crypto Minimum Variance,-0.01110918
2021-07-11,Crypto Minimum Variance,0.01376127
2021-07-12,Crypto Minimum Variance,-0.02991159
2021-07-13,Crypto Minimum Variance,-0.02488899
2021-07-14,Crypto Minimum Variance,0.00912358
2021-07-15,Crypto Minimum Variance,-0.03585948
2021-07-16,Crypto Minimum Variance,-0.02138645
2021-07-17,Crypto Minimum Variance,0.00227882
2021-07-18,Crypto Minimum Variance,0.00365543
2021-07-19,Crypto Minimum Variance,-0.04133758
2021-07-20,Crypto Minimum Variance,-0.03681838
2021-07-21,Crypto Minimum Variance,0.08813774
2021-07-22,Crypto Minimum Variance,0.01938606
2021-07-23,Crypto Minimum Variance,0.03380206
2021-07-24,Crypto Minimum Variance,0.02243239
2021-07-25,Crypto Minimum Variance,0.01232033
2021-07-26,Crypto Minimum Variance,0.03266827
2021-07-27,Crypto Minimum Variance,0.03597699
2021-07-28,Crypto Minimum Variance,0.01761337
2021-07-29,Crypto Minimum Variance,0.01412193
2021-07-30,Crypto Minimum Variance,0.03744914
2021-07-31,Crypto Minimum Variance,0.00322126
2021-08-01,Crypto Minimum Variance,-0.01967029
2021-08-02,Crypto Minimum Variance,0.00180029
2021-08-03,Crypto Minimum Variance,-0.02147196
2021-08-04,Crypto Minimum Variance,0.04836103
2021-08-05,Crypto Minimum Variance,0.02568579
2021-08-06,Crypto Minimum Variance,0.03106124
2021-08-07,Crypto Minimum Variance,0.05968541
2021-08-08,Crypto Minimum Variance,-0.03353015
2021-08-09,Crypto Minimum Variance,0.05573749
2021-08-10,Crypto Minimum Variance,0.0068774
2021-08-11,Crypto Minimum Variance,0.0415235
2021-08-12,Crypto Minimum Variance,-0.02049385
2021-08-13,Crypto Minimum Variance,0.09252022
2021-08-14,Crypto Minimum Variance,0.00553386
2021-08-15,Crypto Minimum Variance,0.00628933
2021-08-16,Crypto Minimum Variance,-0.0361565
2021-08-17,Crypto Minimum Variance,-0.04607123
2021-08-18,Crypto Minimum Variance,0.01132764
2021-08-19,Crypto Minimum Variance,0.05810481
2021-08-20,Crypto Minimum Variance,0.03915762
2021-08-21,Crypto Minimum Variance,-0.01686411
2021-08-22,Crypto Minimum Variance,0.02003745
2021-08-23,Crypto Minimum Variance,0.01949119
2021-08-24,Crypto Minimum Variance,-0.05130518
2021-08-25,Crypto Minimum Variance,0.02249643
2021-08-26,Crypto Minimum Variance,-0.04813674
2021-08-27,Crypto Minimum Variance,0.06475285
2021-08-28,Crypto Minimum Variance,-0.00788729
2021-08-29,Crypto Minimum Variance,-0.00178838
2021-08-30,Crypto Minimum Variance,-0.02725989
2021-08-31,Crypto Minimum Variance,0.0285126
2021-09-01,Crypto Minimum Variance,0.06349879
2021-09-02,Crypto Minimum Variance,0.01317826
2021-09-03,Crypto Minimum Variance,0.03415019
2021-09-04,Crypto Minimum Variance,-0.0091314
2021-09-05,Crypto Minimum Variance,0.0356897
2021-09-06,Crypto Minimum Variance,-0.00315783
2021-09-07,Crypto Minimum Variance,-0.13746154
2021-09-08,Crypto Minimum Variance,0.01335351
2021-09-09,Crypto Minimum Variance,-0.00077097
2021-09-10,Crypto Minimum Variance,-0.04094255
2021-09-11,Crypto Minimum Variance,0.02788573
2021-09-12,Crypto Minimum Variance,0.04894165
2021-09-13,Crypto Minimum Variance,-0.03945386
2021-09-14,Crypto Minimum Variance,0.05170817
2021-09-15,Crypto Minimum Variance,0.03414554
2021-09-16,Crypto Minimum Variance,-0.01831076
2021-09-17,Crypto Minimum Variance,-0.03839167
2021-09-18,Crypto Minimum Variance,0.01342618
2021-09-19,Crypto Minimum Variance,-0.02597097
2021-09-20,Crypto Minimum Variance,-0.10583546
2021-09-21,Crypto Minimum Variance,-0.04997736
2021-09-22,Crypto Minimum Variance,0.10040569
2021-09-23,Crypto Minimum Variance,0.02238915
2021-09-24,Crypto Minimum Variance,-0.05652831
2021-09-25,Crypto Minimum Variance,-0.00411968
2021-09-26,Crypto Minimum Variance,0.00762913
2021-09-27,Crypto Minimum Variance,-0.02965467
2021-09-28,Crypto Minimum Variance,-0.0351814
2021-09-29,Crypto Minimum Variance,0.01906663
2021-09-30,Crypto Minimum Variance,0.0474622
2021-10-01,Crypto Minimum Variance,0.08949341
2021-10-02,Crypto Minimum Variance,0.00412847
2021-10-03,Crypto Minimum Variance,0.00906978
2021-10-04,Crypto Minimum Variance,-0.00381142
2021-10-05,Crypto Minimum Variance,0.03944239
2021-10-06,Crypto Minimum Variance,0.03154533
2021-10-07,Crypto Minimum Variance,-0.00667988
2021-10-08,Crypto Minimum Variance,-0.00096557
2021-10-09,Crypto Minimum Variance,0.0210446
2021-10-10,Crypto Minimum Variance,-0.02652211
2021-10-11,Crypto Minimum Variance,0.0273238
2021-10-12,Crypto Minimum Variance,-0.02225354
2021-10-13,Crypto Minimum Variance,0.02785431
2021-10-14,Crypto Minimum Variance,0.01241717
2021-10-15,Crypto Minimum Variance,0.0400095
2021-10-16,Crypto Minimum Variance,-0.00908734
2021-10-17,Crypto Minimum Variance,0.00179637
2021-10-18,Crypto Minimum Variance,-0.00605738
2021-10-19,Crypto Minimum Variance,0.0267988
2021-10-20,Crypto Minimum Variance,0.04596982
2021-10-21,Crypto Minimum Variance,-0.03935276
2021-10-22,Crypto Minimum Variance,-0.0156608
2021-10-23,Crypto Minimum Variance,0.02276305
2021-10-24,Crypto Minimum Variance,-0.01524237
2021-10-25,Crypto Minimum Variance,0.02626123
2021-10-26,Crypto Minimum Variance,-0.0191588
2021-10-27,Crypto Minimum Variance,-0.06242295
2021-10-28,Crypto Minimum Variance,0.05688026
2021-10-29,Crypto Minimum Variance,0.02874522
2021-10-30,Crypto Minimum Variance,-0.01043956
2021-10-31,Crypto Minimum Variance,-0.00296992
2021-11-01,Crypto Minimum Variance,0.00020239
2021-11-02,Crypto Minimum Variance,0.04311472
2021-11-03,Crypto Minimum Variance,0.00688715
2021-11-04,Crypto Minimum Variance,-0.02279883
2021-11-05,Crypto Minimum Variance,-0.00622222
2021-11-06,Crypto Minimum Variance,0.00315871
2021-11-07,Crypto Minimum Variance,0.02272779
2021-11-08,Crypto Minimum Variance,0.06005978
2021-11-09,Crypto Minimum Variance,0.01951594
2021-11-10,Crypto Minimum Variance,-0.03779697
2021-11-11,Crypto Minimum Variance,0.00870742
2021-11-12,Crypto Minimum Variance,-0.01609908
2021-11-13,Crypto Minimum Variance,0.01030796
2021-11-14,Crypto Minimum Variance,0.01488851
2021-11-15,Crypto Minimum Variance,-0.01141261
2021-11-16,Crypto Minimum Variance,-0.07613734
2021-11-17,Crypto Minimum Variance,0.0078873
2021-11-18,Crypto Minimum Variance,-0.06829029
2021-11-19,Crypto Minimum Variance,0.04433663
2021-11-20,Crypto Minimum Variance,0.0251107
2021-11-21,Crypto Minimum Variance,-0.01920338
2021-11-22,Crypto Minimum Variance,-0.04263729
2021-11-23,Crypto Minimum Variance,0.02748546
2021-11-24,Crypto Minimum Variance,-0.02474927
2021-11-25,Crypto Minimum Variance,0.00348076
2021-11-26,Crypto Minimum Variance,-0.06576134
2021-11-27,Crypto Minimum Variance,0.01715371
2021-11-28,Crypto Minimum Variance,0.03737055
2021-11-29,Crypto Minimum Variance,0.0188506
2021-11-30,Crypto Minimum Variance,0.00344798
2021-12-01,Crypto Minimum Variance,-0.00151376
2021-12-02,Crypto Minimum Variance,0.0039008
2021-12-03,Crypto Minimum Variance,-0.05909923
2021-12-04,Crypto Minimum Variance,-0.06885586
2021-12-05,Crypto Minimum Variance,-0.00531061
2021-12-06,Crypto Minimum Variance,0.03188097
2021-12-07,Crypto Minimum Variance,-0.0009906
2021-12-08,Crypto Minimum Variance,0.01441278
2021-12-09,Crypto Minimum Variance,-0.06135447
2021-12-10,Crypto Minimum Variance,-0.02976125
2021-12-11,Crypto Minimum Variance,0.05497342
2021-12-12,Crypto Minimum Variance,0.00751946
2021-12-13,Crypto Minimum Variance,-0.07694403
2021-12-14,Crypto Minimum Variance,-0.00199483
2021-12-15,Crypto Minimum Variance,0.05466822
2021-12-16,Crypto Minimum Variance,-0.02585204
2021-12-17,Crypto Minimum Variance,-0.0312641
2021-12-18,Crypto Minimum Variance,0.01714443
2021-12-19,Crypto Minimum Variance,-0.00392929
2021-12-20,Crypto Minimum Variance,-0.00172731
2021-12-21,Crypto Minimum Variance,0.03142002
2021-12-22,Crypto Minimum Variance,0.00076389
2021-12-23,Crypto Minimum Variance,0.04955685
2021-12-24,Crypto Minimum Variance,-0.01647913
2021-12-25,Crypto Minimum Variance,0.00674385
2021-12-26,Crypto Minimum Variance,0.00054709
2021-12-27,Crypto Minimum Variance,0.00056479
2021-12-28,Crypto Minimum Variance,-0.05998482
2021-12-29,Crypto Minimum Variance,-0.03075037
2021-12-30,Crypto Minimum Variance,0.01967539
2021-12-31,Crypto Minimum Variance,-0.01960956
2022-01-01,Crypto Minimum Variance,0.02826334
2022-01-02,Crypto Minimum Variance,0.00509363
2022-01-03,Crypto Minimum Variance,-0.01998761
2022-01-04,Crypto Minimum Variance,-0.00551426
2022-01-05,Crypto Minimum Variance,-0.05879729
2022-01-06,Crypto Minimum Variance,-0.01029899
2022-01-07,Crypto Minimum Variance,-0.04785355
2022-01-08,Crypto Minimum Variance,-0.01709665
2022-01-09,Crypto Minimum Variance,0.00838657
2022-01-10,Crypto Minimum Variance,-0.02147593
2022-01-11,Crypto Minimum Variance,0.03472775
2022-01-12,Crypto Minimum Variance,0.04678078
2022-01-13,Crypto Minimum Variance,-0.03496554
2022-01-14,Crypto Minimum Variance,0.02248384
2022-01-15,Crypto Minimum Variance,0.0066967
2022-01-16,Crypto Minimum Variance,0.01367647
2022-01-17,Crypto Minimum Variance,-0.00034232
2022-01-18,Crypto Minimum Variance,-0.02068319
2022-01-19,Crypto Minimum Variance,-0.02203478
2022-01-20,Crypto Minimum Variance,-0.03259049
2022-01-21,Crypto Minimum Variance,-0.11759157
2022-01-22,Crypto Minimum Variance,-0.05275454
2022-01-23,Crypto Minimum Variance,0.03983877
2022-01-24,Crypto Minimum Variance,-0.02226299
2022-01-25,Crypto Minimum Variance,0.00404015
2022-01-26,Crypto Minimum Variance,0.00560048
2022-01-27,Crypto Minimum Variance,-0.00671746
2022-01-28,Crypto Minimum Variance,0.02701582
2022-01-29,Crypto Minimum Variance,0.01852667
2022-01-30,Crypto Minimum Variance,-0.00926032
2022-01-31,Crypto Minimum Variance,0.01867331
2022-02-01,Crypto Minimum Variance,0.02299969
2022-02-02,Crypto Minimum Variance,-0.04126556
2022-02-03,Crypto Minimum Variance,0.00887378
2022-02-04,Crypto Minimum Variance,0.10289566
2022-02-05,Crypto Minimum Variance,0.00319995
2022-02-06,Crypto Minimum Variance,0.02053113
2022-02-07,Crypto Minimum Variance,0.0388095
2022-02-08,Crypto Minimum Variance,-0.00275052
2022-02-09,Crypto Minimum Variance,0.02093239
2022-02-10,Crypto Minimum Variance,-0.03018183
2022-02-11,Crypto Minimum Variance,-0.04708994
2022-02-12,Crypto Minimum Variance,-0.00499236
2022-02-13,Crypto Minimum Variance,-0.00285854
2022-02-14,Crypto Minimum Variance,0.0081483
2022-02-15,Crypto Minimum Variance,0.05766969
2022-02-16,Crypto Minimum Variance,-0.01479474
2022-02-17,Crypto Minimum Variance,-0.0735873
2022-02-18,Crypto Minimum Variance,-0.01541868
2022-02-19,Crypto Minimum Variance,0.00030199
2022-02-20,Crypto Minimum Variance,-0.04398038
2022-02-21,Crypto Minimum Variance,-0.03945625
2022-02-22,Crypto Minimum Variance,0.0343697
2022-02-23,Crypto Minimum Variance,-0.02298575
2022-02-24,Crypto Minimum Variance,0.00808174
2022-02-25,Crypto Minimum Variance,0.03258085
2022-02-26,Crypto Minimum Variance,-0.00101972
2022-02-27,Crypto Minimum Variance,-0.04055491
2022-02-28,Crypto Minimum Variance,0.11582645
2022-03-01,Crypto Minimum Variance,0.01596896
2022-03-02,Crypto Minimum Variance,-0.01153948
2022-03-03,Crypto Minimum Variance,-0.03232154
2022-03-04,Crypto Minimum Variance,-0.06809209
2022-03-05,Crypto Minimum Variance,0.01987337
2022-03-06,Crypto Minimum Variance,-0.03324964
2022-03-07,Crypto Minimum Variance,-0.01583696
2022-03-08,Crypto Minimum Variance,0.02241584
2022-03-09,Crypto Minimum Variance,0.05888564
2022-03-10,Crypto Minimum Variance,-0.04543794
2022-03-11,Crypto Minimum Variance,-0.01074375
2022-03-12,Crypto Minimum Variance,0.00117726
2022-03-13,Crypto Minimum Variance,-0.01846
2022-03-14,Crypto Minimum Variance,0.03116268
2022-03-15,Crypto Minimum Variance,0.00136225
2022-03-16,Crypto Minimum Variance,0.04269943
2022-03-17,Crypto Minimum Variance,0.00139219
2022-03-18,Crypto Minimum Variance,0.0267184
2022-03-19,Crypto Minimum Variance,0.01268449
2022-03-20,Crypto Minimum Variance,-0.02171637
2022-03-21,Crypto Minimum Variance,0.00981748
2022-03-22,Crypto Minimum Variance,0.0337803
2022-03-23,Crypto Minimum Variance,0.02922443
2022-03-24,Crypto Minimum Variance,0.02363391
2022-03-25,Crypto Minimum Variance,-0.0046513
2022-03-26,Crypto Minimum Variance,0.01575941
2022-03-27,Crypto Minimum Variance,0.04556731
2022-03-28,Crypto Minimum Variance,0.00441209
2022-03-29,Crypto Minimum Variance,0.01188601
2022-03-30,Crypto Minimum Variance,0.00572901
2022-03-31,Crypto Minimum Variance,-0.02623453
2022-04-01,Crypto Minimum Variance,0.02622934
2022-04-02,Crypto Minimum Variance,-0.00852905
2022-04-03,Crypto Minimum Variance,0.01560086
2022-04-04,Crypto Minimum Variance,-0.00347559
2022-04-05,Crypto Minimum Variance,-0.02561293
2022-04-06,Crypto Minimum Variance,-0.07159253
2022-04-07,Crypto Minimum Variance,0.01692408
2022-04-08,Crypto Minimum Variance,-0.02796531
2022-04-09,Crypto Minimum Variance,0.01780914
2022-04-10,Crypto Minimum Variance,-0.01563766
2022-04-11,Crypto Minimum Variance,-0.0730846
2022-04-12,Crypto Minimum Variance,0.02146785
2022-04-13,Crypto Minimum Variance,0.02729021
2022-04-14,Crypto Minimum Variance,-0.030331
2022-04-15,Crypto Minimum Variance,0.01790507
2022-04-16,Crypto Minimum Variance,0.0021729
2022-04-17,Crypto Minimum Variance,-0.02469962
2022-04-18,Crypto Minimum Variance,0.02367536
2022-04-19,Crypto Minimum Variance,0.01889773
2022-04-20,Crypto Minimum Variance,-0.00866808
2022-04-21,Crypto Minimum Variance,0.00368254
2022-04-22,Crypto Minimum Variance,-0.02210132
2022-04-23,Crypto Minimum Variance,-0.00551688
2022-04-24,Crypto Minimum Variance,-0.00779013
2022-04-25,Crypto Minimum Variance,0.01766207
2022-04-26,Crypto Minimum Variance,-0.06260995
2022-04-27,Crypto Minimum Variance,0.02539117
2022-04-28,Crypto Minimum Variance,0.01201429
2022-04-29,Crypto Minimum Variance,-0.03080189
2022-04-30,Crypto Minimum Variance,-0.02887129
2022-05-01,Crypto Minimum Variance,0.04790509
2022-05-02,Crypto Minimum Variance,-0.00231422
2022-05-03,Crypto Minimum Variance,-0.00782075
2022-05-04,Crypto Minimum Variance,0.09255492
2022-05-05,Crypto Minimum Variance,-0.08974069
2022-05-06,Crypto Minimum Variance,0.01591133
2022-05-07,Crypto Minimum Variance,-0.02265267
2022-05-08,Crypto Minimum Variance,-0.02251078
2022-05-09,Crypto Minimum Variance,-0.12963347
2022-05-10,Crypto Minimum Variance,0.03597584
2022-05-11,Crypto Minimum Variance,-0.09697166
2022-05-12,Crypto Minimum Variance,-0.04178086
2022-05-13,Crypto Minimum Variance,0.04625541
2022-05-14,Crypto Minimum Variance,0.01565829
2022-05-15,Crypto Minimum Variance,0.04151731
2022-05-16,Crypto Minimum Variance,-0.05266685
2022-05-17,Crypto Minimum Variance,0.03338391
2022-05-18,Crypto Minimum Variance,-0.06752296
2022-05-19,Crypto Minimum Variance,0.05187344
2022-05-20,Crypto Minimum Variance,-0.03218269
2022-05-21,Crypto Minimum Variance,0.01406944
2022-05-22,Crypto Minimum Variance,0.03459728
2022-05-23,Crypto Minimum Variance,-0.03766294
2022-05-24,Crypto Minimum Variance,0.01986882
2022-05-25,Crypto Minimum Variance,-0.00133454
2022-05-26,Crypto Minimum Variance,-0.0401323
2022-05-27,Crypto Minimum Variance,-0.03234245
2022-05-28,Crypto Minimum Variance,0.01241881
2022-05-29,Crypto Minimum Variance,0.02051595
2022-05-30,Crypto Minimum Variance,0.08898008
2022-05-31,Crypto Minimum Variance,0.00472844
2022-06-01,Crypto Minimum Variance,-0.059719
2022-06-02,Crypto Minimum Variance,0.02088149
2022-06-03,Crypto Minimum Variance,-0.02640478
2022-06-04,Crypto Minimum Variance,0.00420312
2022-06-05,Crypto Minimum Variance,0.00344409
2022-06-06,Crypto Minimum Variance,0.03411241
2022-06-07,Crypto Minimum Variance,-0.01119008
2022-06-08,Crypto Minimum Variance,-0.01439617
2022-06-09,Crypto Minimum Variance,-0.00309292
2022-06-10,Crypto Minimum Variance,-0.05039611
2022-06-11,Crypto Minimum Variance,-0.04972597
2022-06-12,Crypto Minimum Variance,-0.05039256
2022-06-13,Crypto Minimum Variance,-0.14803548
2022-06-14,Crypto Minimum Variance,-0.00856647
2022-06-15,Crypto Minimum Variance,0.04655162
2022-06-16,Crypto Minimum Variance,-0.10459972
2022-06-17,Crypto Minimum Variance,0.0156769
2022-06-18,Crypto Minimum Variance,-0.05741894
2022-06-19,Crypto Minimum Variance,0.08555678
2022-06-20,Crypto Minimum Variance,-0.00062026
2022-06-21,Crypto Minimum Variance,0.00867989
2022-06-22,Crypto Minimum Variance,-0.04057094
2022-06-23,Crypto Minimum Variance,0.05724421
2022-06-24,Crypto Minimum Variance,0.0426891
2022-06-25,Crypto Minimum Variance,0.00636077
2022-06-26,Crypto Minimum Variance,-0.02686964
2022-06-27,Crypto Minimum Variance,-0.00461389
2022-06-28,Crypto Minimum Variance,-0.03036471
2022-06-29,Crypto Minimum Variance,-0.02311558
2022-06-30,Crypto Minimum Variance,-0.01334474
2022-07-01,Crypto Minimum Variance,-0.01634696
2022-07-02,Crypto Minimum Variance,0.00184857
2022-07-03,Crypto Minimum Variance,0.00614079
2022-07-04,Crypto Minimum Variance,0.04631264
2022-07-05,Crypto Minimum Variance,-0.00957307
2022-07-06,Crypto Minimum Variance,0.021732
2022-07-07,Crypto Minimum Variance,0.04203957
2022-07-08,Crypto Minimum Variance,-0.00430519
2022-07-09,Crypto Minimum Variance,-4.484e-05
2022-07-10,Crypto Minimum Variance,-0.03703783
2022-07-11,Crypto Minimum Variance,-0.05167762
2022-07-12,Crypto Minimum Variance,-0.03287088
2022-07-13,Crypto Minimum Variance,0.05199498
2022-07-14,Crypto Minimum Variance,0.0293275
2022-07-15,Crypto Minimum Variance,0.01530944
2022-07-16,Crypto Minimum Variance,0.04221895
2022-07-17,Crypto Minimum Variance,-0.01781861
2022-07-18,Crypto Minimum Variance,0.09868884
2022-07-19,Crypto Minimum Variance,0.01633762
2022-07-20,Crypto Minimum Variance,-0.02092131
2022-07-21,Crypto Minimum Variance,0.01340685
2022-07-22,Crypto Minimum Variance,-0.02072874
2022-07-23,Crypto Minimum Variance,0.0033855
2022-07-24,Crypto Minimum Variance,0.01288329
2022-07-25,Crypto Minimum Variance,-0.06744146
2022-07-26,Crypto Minimum Variance,-0.00141562
2022-07-27,Crypto Minimum Variance,0.0893215
2022-07-28,Crypto Minimum Variance,0.03739166
2022-07-29,Crypto Minimum Variance,0.0006735
2022-07-30,Crypto Minimum Variance,-0.00551904
2022-07-31,Crypto Minimum Variance,-0.01056617
2022-08-01,Crypto Minimum Variance,-0.00507527
2022-08-02,Crypto Minimum Variance,-0.0156992
2022-08-03,Crypto Minimum Variance,-0.00608186
2022-08-04,Crypto Minimum Variance,-0.00225817
2022-08-05,Crypto Minimum Variance,0.04023392
2022-08-06,Crypto Minimum Variance,-0.00902663
2022-08-07,Crypto Minimum Variance,0.00957472
2022-08-08,Crypto Minimum Variance,0.03061035
2022-08-09,Crypto Minimum Variance,-0.03582868
2022-08-10,Crypto Minimum Variance,0.04630784
2022-08-11,Crypto Minimum Variance,0.00294281
2022-08-12,Crypto Minimum Variance,0.01959281
2022-08-13,Crypto Minimum Variance,0.00541829
2022-08-14,Crypto Minimum Variance,-0.00559252
2022-08-15,Crypto Minimum Variance,-0.01582522
2022-08-16,Crypto Minimum Variance,-0.00575678
2022-08-17,Crypto Minimum Variance,-0.02192464
2022-08-18,Crypto Minimum Variance,-0.01129255
2022-08-19,Crypto Minimum Variance,-0.09550958
2022-08-20,Crypto Minimum Variance,0.00533056
2022-08-21,Crypto Minimum Variance,0.01803615
2022-08-22,Crypto Minimum Variance,-0.0046905
2022-08-23,Crypto Minimum Variance,0.01232864
2022-08-24,Crypto Minimum Variance,-0.00970607
2022-08-25,Crypto Minimum Variance,0.01288185
2022-08-26,Crypto Minimum Variance,-0.07205412
2022-08-27,Crypto Minimum Variance,0.00348391
2022-08-28,Crypto Minimum Variance,-0.02751292
2022-08-29,Crypto Minimum Variance,0.0446421
2022-08-30,Crypto Minimum Variance,-0.01128214
2022-08-31,Crypto Minimum Variance,0.00527334
2022-09-01,Crypto Minimum Variance,0.00735548
2022-09-02,Crypto Minimum Variance,-0.0076227
2022-09-03,Crypto Minimum Variance,0.00087445
2022-09-04,Crypto Minimum Variance,0.01102031
2022-09-05,Crypto Minimum Variance,-0.00196526
2022-09-06,Crypto Minimum Variance,-0.04337144
2022-09-07,Crypto Minimum Variance,0.02790468
2022-09-08,Crypto Minimum Variance,0.00069413
2022-09-09,Crypto Minimum Variance,0.07209866
2022-09-10,Crypto Minimum Variance,0.01868499
2022-09-11,Crypto Minimum Variance,-0.00349751
2022-09-12,Crypto Minimum Variance,0.00134205
2022-09-13,Crypto Minimum Variance,-0.07343768
2022-09-14,Crypto Minimum Variance,0.01016172
2022-09-15,Crypto Minimum Variance,-0.03340237
2022-09-16,Crypto Minimum Variance,0.00782507
2022-09-17,Crypto Minimum Variance,0.02619133
2022-09-18,Crypto Minimum Variance,-0.04467146
2022-09-19,Crypto Minimum Variance,0.01386938
2022-09-20,Crypto Minimum Variance,-0.01154167
2022-09-21,Crypto Minimum Variance,-0.02716718
2022-09-22,Crypto Minimum Variance,0.05523804
2022-09-23,Crypto Minimum Variance,0.00070346
2022-09-24,Crypto Minimum Variance,-0.01789975
2022-09-25,Crypto Minimum Variance,-0.00698686
2022-09-26,Crypto Minimum Variance,0.0057199
2022-09-27,Crypto Minimum Variance,-0.00908968
2022-09-28,Crypto Minimum Variance,0.00501556
2022-09-29,Crypto Minimum Variance,0.02145106
2022-09-30,Crypto Minimum Variance,-0.00520001
2022-10-01,Crypto Minimum Variance,0.00131463
2022-10-02,Crypto Minimum Variance,-0.01288209
2022-10-03,Crypto Minimum Variance,0.01862435
2022-10-04,Crypto Minimum Variance,0.02616831
2022-10-05,Crypto Minimum Variance,-0.00332958
2022-10-06,Crypto Minimum Variance,-0.00247725
2022-10-07,Crypto Minimum Variance,-0.00656936
2022-10-08,Crypto Minimum Variance,-0.00038018
2022-10-09,Crypto Minimum Variance,0.00652849
2022-10-10,Crypto Minimum Variance,-0.01407524
2022-10-11,Crypto Minimum Variance,-0.01990004
2022-10-12,Crypto Minimum Variance,0.00472607
2022-10-13,Crypto Minimum Variance,-0.00807097
2022-10-14,Crypto Minimum Variance,0.01369984
2022-10-15,Crypto Minimum Variance,-0.01579133
2022-10-16,Crypto Minimum Variance,0.00914234
2022-10-17,Crypto Minimum Variance,0.0127983
2022-10-18,Crypto Minimum Variance,-0.01149969
2022-10-19,Crypto Minimum Variance,-0.01097405
2022-10-20,Crypto Minimum Variance,-0.00019524
2022-10-21,Crypto Minimum Variance,0.00176137
2022-10-22,Crypto Minimum Variance,0.00274136
2022-10-23,Crypto Minimum Variance,0.01308761
2022-10-24,Crypto Minimum Variance,-0.01178201
2022-10-25,Crypto Minimum Variance,0.03162127
2022-10-26,Crypto Minimum Variance,0.0266339
2022-10-27,Crypto Minimum Variance,-0.01719464
2022-10-28,Crypto Minimum Variance,0.01526004
2022-10-29,Crypto Minimum Variance,0.01320164
2022-10-30,Crypto Minimum Variance,-0.01459733
2022-10-31,Crypto Minimum Variance,-0.00269944
2022-11-01,Crypto Minimum Variance,-0.00407049
2022-11-02,Crypto Minimum Variance,-0.01923888
2022-11-03,Crypto Minimum Variance,0.00615512
2022-11-04,Crypto Minimum Variance,0.04919821
2022-11-05,Crypto Minimum Variance,-0.00180628
2022-11-06,Crypto Minimum Variance,-0.02414418
2022-11-07,Crypto Minimum Variance,-0.00691134
2022-11-08,Crypto Minimum Variance,-0.09133402
2022-11-09,Crypto Minimum Variance,-0.12819817
2022-11-10,Crypto Minimum Variance,0.11539849
2022-11-11,Crypto Minimum Variance,-0.02565023
2022-11-12,Crypto Minimum Variance,-0.01844899
2022-11-13,Crypto Minimum Variance,-0.04419548
2022-11-14,Crypto Minimum Variance,0.01184758
2022-11-15,Crypto Minimum Variance,0.0124882
2022-11-16,Crypto Minimum Variance,-0.01228503
2022-11-17,Crypto Minimum Variance,-0.00066309
2022-11-18,Crypto Minimum Variance,0.00466286
2022-11-19,Crypto Minimum Variance,0.01239961
2022-11-20,Crypto Minimum Variance,-0.0316116
2022-11-21,Crypto Minimum Variance,-0.00668423
2022-11-22,Crypto Minimum Variance,0.01579483
2022-11-23,Crypto Minimum Variance,0.02722248
2022-11-24,Crypto Minimum Variance,0.01293258
2022-11-25,Crypto Minimum Variance,-0.00394319
2022-11-26,Crypto Minimum Variance,-0.00614104
2022-11-27,Crypto Minimum Variance,0.00358631
2022-11-28,Crypto Minimum Variance,-0.01219005
2022-11-29,Crypto Minimum Variance,0.01146552
2022-11-30,Crypto Minimum Variance,0.03068474
2022-12-01,Crypto Minimum Variance,-0.01480545
2022-12-02,Crypto Minimum Variance,0.00715015
2022-12-03,Crypto Minimum Variance,-0.01495503
2022-12-04,Crypto Minimum Variance,0.0060454
2022-12-05,Crypto Minimum Variance,-0.00509704
2022-12-06,Crypto Minimum Variance,0.00600142
2022-12-07,Crypto Minimum Variance,-0.01567549
2022-12-08,Crypto Minimum Variance,0.02414598
2022-12-09,Crypto Minimum Variance,-0.00478691
2022-12-10,Crypto Minimum Variance,-4.538e-05
2022-12-11,Crypto Minimum Variance,-0.01108495
2022-12-12,Crypto Minimum Variance,0.00037113
2022-12-13,Crypto Minimum Variance,0.02381608
2022-12-14,Crypto Minimum Variance,0.00525246
2022-12-15,Crypto Minimum Variance,-0.01369126
2022-12-16,Crypto Minimum Variance,-0.05488248
2022-12-17,Crypto Minimum Variance,0.02194232
2022-12-18,Crypto Minimum Variance,-0.00827703
2022-12-19,Crypto Minimum Variance,-0.01801741
2022-12-20,Crypto Minimum Variance,0.02919925
2022-12-21,Crypto Minimum Variance,-0.00618674
2022-12-22,Crypto Minimum Variance,0.0073993
2022-12-23,Crypto Minimum Variance,-0.00823409
2022-12-24,Crypto Minimum Variance,0.00260671
2022-12-25,Crypto Minimum Variance,-0.00160573
2022-12-26,Crypto Minimum Variance,0.00651603
2022-12-27,Crypto Minimum Variance,-0.01073904
2022-12-28,Crypto Minimum Variance,-0.01137954
2022-12-29,Crypto Minimum Variance,-0.00134299
2022-12-30,Crypto Minimum Variance,0.00018023
2022-12-31,Crypto Minimum Variance,-0.00239962
2023-01-01,Crypto Minimum Variance,0.00543569
2023-01-02,Crypto Minimum Variance,0.00987373
2023-01-03,Crypto Minimum Variance,-0.00268697
2023-01-04,Crypto Minimum Variance,0.00717194
2023-01-05,Crypto Minimum Variance,-0.01084133
2023-01-06,Crypto Minimum Variance,-8.97e-05
2023-01-07,Crypto Minimum Variance,-0.00256305
2023-01-08,Crypto Minimum Variance,0.01976873
2023-01-09,Crypto Minimum Variance,0.01594084
2023-01-10,Crypto Minimum Variance,0.0071882
2023-01-11,Crypto Minimum Variance,0.03018664
2023-01-12,Crypto Minimum Variance,0.03361103
2023-01-13,Crypto Minimum Variance,0.04741133
2023-01-14,Crypto Minimum Variance,0.03764965
2023-01-15,Crypto Minimum Variance,-0.0003761
2023-01-16,Crypto Minimum Variance,0.00472191
2023-01-17,Crypto Minimum Variance,-0.00674188
2023-01-18,Crypto Minimum Variance,-0.03333651
2023-01-19,Crypto Minimum Variance,0.02160589
2023-01-20,Crypto Minimum Variance,0.05756616
2023-01-21,Crypto Minimum Variance,-0.0049664
2023-01-22,Crypto Minimum Variance,-0.00071864
2023-01-23,Crypto Minimum Variance,0.02278801
2023-01-24,Crypto Minimum Variance,-0.03127664
2023-01-25,Crypto Minimum Variance,0.02444187
2023-01-26,Crypto Minimum Variance,-0.00270529
2023-01-27,Crypto Minimum Variance,0.01299985
2023-01-28,Crypto Minimum Variance,-0.00591348
2023-01-29,Crypto Minimum Variance,0.0216566
2023-01-30,Crypto Minimum Variance,-0.03593711
2023-01-31,Crypto Minimum Variance,0.01004641
2023-02-01,Crypto Minimum Variance,0.02012917
2023-02-02,Crypto Minimum Variance,-0.00195825
2023-02-03,Crypto Minimum Variance,0.00448781
2023-02-04,Crypto Minimum Variance,-0.00306898
2023-02-05,Crypto Minimum Variance,-0.01207845
2023-02-06,Crypto Minimum Variance,-0.01378828
2023-02-07,Crypto Minimum Variance,0.03178596
2023-02-08,Crypto Minimum Variance,-0.00473835
2023-02-09,Crypto Minimum Variance,-0.05356649
2023-02-10,Crypto Minimum Variance,0.00051561
2023-02-11,Crypto Minimum Variance,0.00746923
2023-02-12,Crypto Minimum Variance,-0.00635238
2023-02-13,Crypto Minimum Variance,0.00962925
2023-02-14,Crypto Minimum Variance,0.01865699
2023-02-15,Crypto Minimum Variance,0.06997292
2023-02-16,Crypto Minimum Variance,-0.04190299
2023-02-17,Crypto Minimum Variance,0.04416559
2023-02-18,Crypto Minimum Variance,0.00270692
2023-02-19,Crypto Minimum Variance,-0.00755682
2023-02-20,Crypto Minimum Variance,0.02811895
2023-02-21,Crypto Minimum Variance,-0.01853478
2023-02-22,Crypto Minimum Variance,-0.00743425
2023-02-23,Crypto Minimum Variance,-0.00780473
2023-02-24,Crypto Minimum Variance,-0.02838139
2023-02-25,Crypto Minimum Variance,-0.00175276
2023-02-26,Crypto Minimum Variance,0.0173614
2023-02-27,Crypto Minimum Variance,-0.00220033
2023-02-28,Crypto Minimum Variance,-0.01163804
2023-03-01,Crypto Minimum Variance,0.01660656
2023-03-02,Crypto Minimum Variance,-0.00754818
2023-03-03,Crypto Minimum Variance,-0.03465326
2023-03-04,Crypto Minimum Variance,-0.00767199
2023-03-05,Crypto Minimum Variance,0.00093759
2023-03-06,Crypto Minimum Variance,0.00286801
2023-03-07,Crypto Minimum Variance,-0.00862064
2023-03-08,Crypto Minimum Variance,-0.01549882
2023-03-09,Crypto Minimum Variance,-0.07402349
2023-03-10,Crypto Minimum Variance,-0.00690698
2023-03-11,Crypto Minimum Variance,0.02163656
2023-03-12,Crypto Minimum Variance,0.06986197
2023-03-13,Crypto Minimum Variance,0.05177306
2023-03-14,Crypto Minimum Variance,0.01561818
2023-03-15,Crypto Minimum Variance,-0.02916281
2023-03-16,Crypto Minimum Variance,0.01427718
2023-03-17,Crypto Minimum Variance,0.06025459
2023-03-18,Crypto Minimum Variance,-0.02315412
2023-03-19,Crypto Minimum Variance,0.02847411
2023-03-20,Crypto Minimum Variance,-0.02048767
2023-03-21,Crypto Minimum Variance,0.05942909
2023-03-22,Crypto Minimum Variance,-0.07086257
2023-03-23,Crypto Minimum Variance,0.05345626
2023-03-24,Crypto Minimum Variance,-0.03221791
2023-03-25,Crypto Minimum Variance,0.00934722
2023-03-26,Crypto Minimum Variance,0.01171939
2023-03-27,Crypto Minimum Variance,-0.00900032
2023-03-28,Crypto Minimum Variance,0.02037847
2023-03-29,Crypto Minimum Variance,0.02704353
2023-03-30,Crypto Minimum Variance,0.00232938
2023-03-31,Crypto Minimum Variance,0.02005406
2023-04-01,Crypto Minimum Variance,-0.00322354
2023-04-02,Crypto Minimum Variance,-0.01264603
2023-04-03,Crypto Minimum Variance,-0.00395636
2023-04-04,Crypto Minimum Variance,0.00489892
2023-04-05,Crypto Minimum Variance,0.00395458
2023-04-06,Crypto Minimum Variance,-0.00487259
2023-04-07,Crypto Minimum Variance,0.00077764
2023-04-08,Crypto Minimum Variance,-0.00419133
2023-04-09,Crypto Minimum Variance,0.00890624
2023-04-10,Crypto Minimum Variance,0.0246432
2023-04-11,Crypto Minimum Variance,0.00183115
2023-04-12,Crypto Minimum Variance,-0.01152633
2023-04-13,Crypto Minimum Variance,0.00815066
2023-04-14,Crypto Minimum Variance,0.01058626
2023-04-15,Crypto Minimum Variance,-0.0042212
2023-04-16,Crypto Minimum Variance,0.00523866
2023-04-17,Crypto Minimum Variance,-0.02203219
2023-04-18,Crypto Minimum Variance,0.02255214
2023-04-19,Crypto Minimum Variance,-0.04461966
2023-04-20,Crypto Minimum Variance,-0.01582235
2023-04-21,Crypto Minimum Variance,-0.0242316
2023-04-22,Crypto Minimum Variance,0.02198119
2023-04-23,Crypto Minimum Variance,-0.00380738
2023-04-24,Crypto Minimum Variance,-0.00642043
2023-04-25,Crypto Minimum Variance,0.01270159
2023-04-26,Crypto Minimum Variance,-0.00715955
2023-04-27,Crypto Minimum Variance,0.01799074
2023-04-28,Crypto Minimum Variance,0.00629566
2023-04-29,Crypto Minimum Variance,0.00829844
2023-04-30,Crypto Minimum Variance,-0.00685535
2023-05-01,Crypto Minimum Variance,-0.01326854
2023-05-02,Crypto Minimum Variance,0.01420203
2023-05-03,Crypto Minimum Variance,0.0044286
2023-05-04,Crypto Minimum Variance,-0.0032168
2023-05-05,Crypto Minimum Variance,0.02043235
2023-05-06,Crypto Minimum Variance,-0.01692726
2023-05-07,Crypto Minimum Variance,-0.01294604
2023-05-08,Crypto Minimum Variance,-0.02452493
2023-05-09,Crypto Minimum Variance,0.01027189
2023-05-10,Crypto Minimum Variance,-0.00279139
2023-05-11,Crypto Minimum Variance,-0.01873369
2023-05-12,Crypto Minimum Variance,0.00613863
2023-05-13,Crypto Minimum Variance,-0.00232404
2023-05-14,Crypto Minimum Variance,0.00451732
2023-05-15,Crypto Minimum Variance,0.00737022
2023-05-16,Crypto Minimum Variance,0.00139254
2023-05-17,Crypto Minimum Variance,0.01007491
2023-05-18,Crypto Minimum Variance,-0.01122973
2023-05-19,Crypto Minimum Variance,0.00454587
2023-05-20,Crypto Minimum Variance,0.01312305
2023-05-21,Crypto Minimum Variance,0.00307747
2023-05-22,Crypto Minimum Variance,0.01603832
2023-05-23,Crypto Minimum Variance,0.00738391
2023-05-24,Crypto Minimum Variance,-0.0254093
2023-05-25,Crypto Minimum Variance,0.0024728
2023-05-26,Crypto Minimum Variance,0.00121475
2023-05-27,Crypto Minimum Variance,0.01119524
2023-05-28,Crypto Minimum Variance,0.02076368
2023-05-29,Crypto Minimum Variance,-0.00864349
2023-05-30,Crypto Minimum Variance,0.00572229
2023-05-31,Crypto Minimum Variance,-0.00856209
2023-06-01,Crypto Minimum Variance,-0.01131216
2023-06-02,Crypto Minimum Variance,0.04738351
2023-06-03,Crypto Minimum Variance,-0.00668552
2023-06-04,Crypto Minimum Variance,-0.00030321
2023-06-05,Crypto Minimum Variance,-0.04433981
2023-06-06,Crypto Minimum Variance,0.02889516
2023-06-07,Crypto Minimum Variance,-0.02607735
2023-06-08,Crypto Minimum Variance,0.00594107
2023-06-09,Crypto Minimum Variance,-0.02080578
2023-06-10,Crypto Minimum Variance,-0.04078705
2023-06-11,Crypto Minimum Variance,0.00738523
2023-06-12,Crypto Minimum Variance,0.00312192
2023-06-13,Crypto Minimum Variance,0.00456498
2023-06-14,Crypto Minimum Variance,-0.02844459
2023-06-15,Crypto Minimum Variance,0.00026744
2023-06-16,Crypto Minimum Variance,0.01278195
2023-06-17,Crypto Minimum Variance,0.01334887
2023-06-18,Crypto Minimum Variance,-0.00924893
2023-06-19,Crypto Minimum Variance,0.00749286
2023-06-20,Crypto Minimum Variance,0.03169439
2023-06-21,Crypto Minimum Variance,0.05483264
2023-06-22,Crypto Minimum Variance,-0.00500968
2023-06-23,Crypto Minimum Variance,0.04372704
2023-06-24,Crypto Minimum Variance,0.0066736
2023-06-25,Crypto Minimum Variance,0.00135707
2023-06-26,Crypto Minimum Variance,0.00954307
2023-06-27,Crypto Minimum Variance,0.03262032
2023-06-28,Crypto Minimum Variance,-0.01597388
2023-06-29,Crypto Minimum Variance,0.01982253
2023-06-30,Crypto Minimum Variance,0.0380201
2023-07-01,Crypto Minimum Variance,-0.00313945
2023-07-02,Crypto Minimum Variance,-0.0030496
2023-07-03,Crypto Minimum Variance,0.00757748
2023-07-04,Crypto Minimum Variance,-0.01358247
2023-07-05,Crypto Minimum Variance,-0.00939425
2023-07-06,Crypto Minimum Variance,-0.01807361
2023-07-07,Crypto Minimum Variance,0.01586231
2023-07-08,Crypto Minimum Variance,0.00991194
2023-07-09,Crypto Minimum Variance,-0.01412508
2023-07-10,Crypto Minimum Variance,0.00692145
2023-07-11,Crypto Minimum Variance,-0.00166653
2023-07-12,Crypto Minimum Variance,-0.00563662
2023-07-13,Crypto Minimum Variance,0.21571017
2023-07-14,Crypto Minimum Variance,-0.05695434
2023-07-15,Crypto Minimum Variance,-0.00783887
2023-07-16,Crypto Minimum Variance,0.00497626
2023-07-17,Crypto Minimum Variance,-0.00596803
2023-07-18,Crypto Minimum Variance,0.00693368
2023-07-19,Crypto Minimum Variance,0.04228582
2023-07-20,Crypto Minimum Variance,0.00690123
2023-07-21,Crypto Minimum Variance,-0.00905978
2023-07-22,Crypto Minimum Variance,0.00609473
2023-07-23,Crypto Minimum Variance,0.00328421
2023-07-24,Crypto Minimum Variance,-0.03648363
2023-07-25,Crypto Minimum Variance,0.00233833
2023-07-26,Crypto Minimum Variance,0.01917349
2023-07-27,Crypto Minimum Variance,0.00105908
2023-07-28,Crypto Minimum Variance,0.01332372
2023-07-29,Crypto Minimum Variance,-0.00606701
2023-07-30,Crypto Minimum Variance,-0.01375355
2023-07-31,Crypto Minimum Variance,-0.01552668
2023-08-01,Crypto Minimum Variance,0.01052222
2023-08-02,Crypto Minimum Variance,-0.03069572
2023-08-03,Crypto Minimum Variance,-0.00423549
2023-08-04,Crypto Minimum Variance,-0.00565497
2023-08-05,Crypto Minimum Variance,0.00483816
2023-08-06,Crypto Minimum Variance,-0.00455304
2023-08-07,Crypto Minimum Variance,0.00813572
2023-08-08,Crypto Minimum Variance,0.01079861
2023-08-09,Crypto Minimum Variance,-0.00408137
2023-08-10,Crypto Minimum Variance,-0.00359134
2023-08-11,Crypto Minimum Variance,-0.00126696
2023-08-12,Crypto Minimum Variance,0.00035715
2023-08-13,Crypto Minimum Variance,-0.00450955
2023-08-14,Crypto Minimum Variance,0.00298803
2023-08-15,Crypto Minimum Variance,-0.01531397
2023-08-16,Crypto Minimum Variance,-0.02673983
2023-08-17,Crypto Minimum Variance,-0.06384191
2023-08-18,Crypto Minimum Variance,-0.00506607
2023-08-19,Crypto Minimum Variance,0.01150369
2023-08-20,Crypto Minimum Variance,0.01702735
2023-08-21,Crypto Minimum Variance,-0.00891568
2023-08-22,Crypto Minimum Variance,-0.00635866
2023-08-23,Crypto Minimum Variance,0.02680802
2023-08-24,Crypto Minimum Variance,-0.01219429
2023-08-25,Crypto Minimum Variance,0.00065185
2023-08-26,Crypto Minimum Variance,-0.00256283
2023-08-27,Crypto Minimum Variance,0.00515571
2023-08-28,Crypto Minimum Variance,-0.00859321
2023-08-29,Crypto Minimum Variance,0.04891877
2023-08-30,Crypto Minimum Variance,-0.02081381
2023-08-31,Crypto Minimum Variance,-0.02503071
2023-09-01,Crypto Minimum Variance,-0.00994159
2023-09-02,Crypto Minimum Variance,0.00475221
2023-09-03,Crypto Minimum Variance,0.00573444
2023-09-04,Crypto Minimum Variance,0.00205798
2023-09-05,Crypto Minimum Variance,-0.00273225
2023-09-06,Crypto Minimum Variance,0.00729017
2023-09-07,Crypto Minimum Variance,0.01014857
2023-09-08,Crypto Minimum Variance,-0.00452205
2023-09-09,Crypto Minimum Variance,0.00360776
2023-09-10,Crypto Minimum Variance,-0.00686894
2023-09-11,Crypto Minimum Variance,-0.02436915
2023-09-12,Crypto Minimum Variance,0.02754609
2023-09-13,Crypto Minimum Variance,0.00960736
2023-09-14,Crypto Minimum Variance,0.01899923
2023-09-15,Crypto Minimum Variance,0.00865347
2023-09-16,Crypto Minimum Variance,-0.00471509
2023-09-17,Crypto Minimum Variance,-0.00746255
2023-09-18,Crypto Minimum Variance,0.01234533
2023-09-19,Crypto Minimum Variance,0.01078624
2023-09-20,Crypto Minimum Variance,-0.00649586
2023-09-21,Crypto Minimum Variance,-0.01960747
2023-09-22,Crypto Minimum Variance,0.00190603
2023-09-23,Crypto Minimum Variance,0.00171007
2023-09-24,Crypto Minimum Variance,-0.00896266
2023-09-25,Crypto Minimum Variance,0.00787589
2023-09-26,Crypto Minimum Variance,-0.00109425
2023-09-27,Crypto Minimum Variance,0.00966489
2023-09-28,Crypto Minimum Variance,0.02218666
2023-09-29,Crypto Minimum Variance,0.00787893
2023-09-30,Crypto Minimum Variance,-0.00050649
2023-10-01,Crypto Minimum Variance,0.02817088
2023-10-02,Crypto Minimum Variance,-0.02148565
2023-10-03,Crypto Minimum Variance,0.00992931
2023-10-04,Crypto Minimum Variance,-0.00474191
2023-10-05,Crypto Minimum Variance,-0.01056759
2023-10-06,Crypto Minimum Variance,0.00570243
2023-10-07,Crypto Minimum Variance,0.00201651
2023-10-08,Crypto Minimum Variance,-0.00229642
2023-10-09,Crypto Minimum Variance,-0.02282474
2023-10-10,Crypto Minimum Variance,-0.00508665
2023-10-11,Crypto Minimum Variance,-0.01047491
2023-10-12,Crypto Minimum Variance,-0.00832768
2023-10-13,Crypto Minimum Variance,0.00633735
2023-10-14,Crypto Minimum Variance,-0.00113393
2023-10-15,Crypto Minimum Variance,0.01253441
2023-10-16,Crypto Minimum Variance,0.0357396
2023-10-17,Crypto Minimum Variance,-0.0104491
2023-10-18,Crypto Minimum Variance,-0.00109357
2023-10-19,Crypto Minimum Variance,0.01366316
2023-10-20,Crypto Minimum Variance,0.02133439
2023-10-21,Crypto Minimum Variance,0.0134063
2023-10-22,Crypto Minimum Variance,-0.00144685
2023-10-23,Crypto Minimum Variance,0.06074005
2023-10-24,Crypto Minimum Variance,0.00626112
2023-10-25,Crypto Minimum Variance,0.01131223
2023-10-26,Crypto Minimum Variance,-0.00528596
2023-10-27,Crypto Minimum Variance,-0.0023212
2023-10-28,Crypto Minimum Variance,0.00914708
2023-10-29,Crypto Minimum Variance,0.01022478
2023-10-30,Crypto Minimum Variance,0.00717237
2023-10-31,Crypto Minimum Variance,0.00560674
2023-11-01,Crypto Minimum Variance,0.02589728
2023-11-02,Crypto Minimum Variance,-0.00736048
2023-11-03,Crypto Minimum Variance,-0.00496829
2023-11-04,Crypto Minimum Variance,0.00732878
2023-11-05,Crypto Minimum Variance,0.00812177
2023-11-06,Crypto Minimum Variance,0.01091606
2023-11-07,Crypto Minimum Variance,-0.00614543
2023-11-08,Crypto Minimum Variance,0.01151159
2023-11-09,Crypto Minimum Variance,0.01684157
2023-11-10,Crypto Minimum Variance,0.03539482
2023-11-11,Crypto Minimum Variance,0.00494785
2023-11-12,Crypto Minimum Variance,-0.00025144
2023-11-13,Crypto Minimum Variance,-0.0181271
2023-11-14,Crypto Minimum Variance,-0.03107301
2023-11-15,Crypto Minimum Variance,0.04264458
2023-11-16,Crypto Minimum Variance,-0.03063733
2023-11-17,Crypto Minimum Variance,0.0058345
2023-11-18,Crypto Minimum Variance,6.72e-06
2023-11-19,Crypto Minimum Variance,0.01436751
2023-11-20,Crypto Minimum Variance,-0.01040406
2023-11-21,Crypto Minimum Variance,-0.04736792
2023-11-22,Crypto Minimum Variance,0.04813292
2023-11-23,Crypto Minimum Variance,0.00315044
2023-11-24,Crypto Minimum Variance,0.01530499
2023-11-25,Crypto Minimum Variance,0.01912884
2023-11-26,Crypto Minimum Variance,-0.00988012
2023-11-27,Crypto Minimum Variance,-0.02713396
2023-11-28,Crypto Minimum Variance,0.01211941
2023-11-29,Crypto Minimum Variance,0.0010275
2023-11-30,Crypto Minimum Variance,-0.00256233
2023-12-01,Crypto Minimum Variance,0.01378782
2023-12-02,Crypto Minimum Variance,0.01438989
2023-12-03,Crypto Minimum Variance,0.00508714
2023-12-04,Crypto Minimum Variance,0.02786179
2023-12-05,Crypto Minimum Variance,0.02255493
2023-12-06,Crypto Minimum Variance,0.00054549
2023-12-07,Crypto Minimum Variance,0.00246766
2023-12-08,Crypto Minimum Variance,0.03506349
2023-12-09,Crypto Minimum Variance,-0.00155384
2023-12-10,Crypto Minimum Variance,0.00608604
2023-12-11,Crypto Minimum Variance,-0.05337524
2023-12-12,Crypto Minimum Variance,0.00315961
2023-12-13,Crypto Minimum Variance,0.02763475
2023-12-14,Crypto Minimum Variance,0.00803423
2023-12-15,Crypto Minimum Variance,-0.03628251
2023-12-16,Crypto Minimum Variance,0.01016286
2023-12-17,Crypto Minimum Variance,-0.01580936
2023-12-18,Crypto Minimum Variance,0.00867383
2023-12-19,Crypto Minimum Variance,-0.00927793
2023-12-20,Crypto Minimum Variance,0.02231758
2023-12-21,Crypto Minimum Variance,0.01485806
2023-12-22,Crypto Minimum Variance,0.01125939
2023-12-23,Crypto Minimum Variance,0.00048409
2023-12-24,Crypto Minimum Variance,-0.0119385
2023-12-25,Crypto Minimum Variance,0.00899827
2023-12-26,Crypto Minimum Variance,-0.02400546
2023-12-27,Crypto Minimum Variance,0.03544571
2023-12-28,Crypto Minimum Variance,-0.00700659
2023-12-29,Crypto Minimum Variance,-0.0115288
2023-12-30,Crypto Minimum Variance,0.00503878
2023-12-31,Crypto Minimum Variance,0.0016636
2021-05-20,Crypto Maximum Sharpe,0.17787054
2021-05-21,Crypto Maximum Sharpe,-0.13248931
2021-05-22,Crypto Maximum Sharpe,-0.05993542
2021-05-23,Crypto Maximum Sharpe,-0.09302899
2021-05-24,Crypto Maximum Sharpe,0.24309377
2021-05-25,Crypto Maximum Sharpe,0.02016164
2021-05-26,Crypto Maximum Sharpe,0.08327538
2021-05-27,Crypto Maximum Sharpe,-0.06274059
2021-05-28,Crypto Maximum Sharpe,-0.09200809
2021-05-29,Crypto Maximum Sharpe,-0.06163113
2021-05-30,Crypto Maximum Sharpe,0.07227694
2021-05-31,Crypto Maximum Sharpe,0.10606589
2021-06-01,Crypto Maximum Sharpe,-0.02132892
2021-06-02,Crypto Maximum Sharpe,0.01720663
2021-06-03,Crypto Maximum Sharpe,0.04443535
2021-06-04,Crypto Maximum Sharpe,-0.06557388
2021-06-05,Crypto Maximum Sharpe,-0.02794402
2021-06-06,Crypto Maximum Sharpe,0.0199217
2021-06-07,Crypto Maximum Sharpe,-0.06649788
2021-06-08,Crypto Maximum Sharpe,-0.00673709
2021-06-09,Crypto Maximum Sharpe,0.04715451
2021-06-10,Crypto Maximum Sharpe,-0.05007353
2021-06-11,Crypto Maximum Sharpe,-0.03871484
2021-06-12,Crypto Maximum Sharpe,0.00237752
2021-06-13,Crypto Maximum Sharpe,0.06345181
2021-06-14,Crypto Maximum Sharpe,0.0129977
2021-06-15,Crypto Maximum Sharpe,0.01599389
2021-06-16,Crypto Maximum Sharpe,-0.07559117
2021-06-17,Crypto Maximum Sharpe,0.00042854
2021-06-18,Crypto Maximum Sharpe,-0.05340313
2021-06-19,Crypto Maximum Sharpe,-0.02009186
2021-06-20,Crypto Maximum Sharpe,0.02191428
2021-06-21,Crypto Maximum Sharpe,-0.16747948
2021-06-22,Crypto Maximum Sharpe,-0.01825576
2021-06-23,Crypto Maximum Sharpe,0.07567651
2021-06-24,Crypto Maximum Sharpe,0.04255498
2021-06-25,Crypto Maximum Sharpe,-0.08208833
2021-06-26,Crypto Maximum Sharpe,0.00637588
2021-06-27,Crypto Maximum Sharpe,0.07098638
2021-06-28,Crypto Maximum Sharpe,0.01611734
2021-06-29,Crypto Maximum Sharpe,0.06468753
2021-06-30,Crypto Maximum Sharpe,0.02132958
2021-07-01,Crypto Maximum Sharpe,-0.05397815
2021-07-02,Crypto Maximum Sharpe,0.02414062
2021-07-03,Crypto Maximum Sharpe,0.02655976
2021-07-04,Crypto Maximum Sharpe,0.02992327
2021-07-05,Crypto Maximum Sharpe,-0.04490805
2021-07-06,Crypto Maximum Sharpe,0.02831663
2021-07-07,Crypto Maximum Sharpe,-0.0115011
2021-07-08,Crypto Maximum Sharpe,-0.06044829
2021-07-09,Crypto Maximum Sharpe,0.01558548
2021-07-10,Crypto Maximum Sharpe,-0.01314305
2021-07-11,Crypto Maximum Sharpe,0.01287636
2021-07-12,Crypto Maximum Sharpe,-0.03533453
2021-07-13,Crypto Maximum Sharpe,-0.03816387
2021-07-14,Crypto Maximum Sharpe,0.00987517
2021-07-15,Crypto Maximum Sharpe,-0.0378529
2021-07-16,Crypto Maximum Sharpe,-0.02719311
2021-07-17,Crypto Maximum Sharpe,0.00394383
2021-07-18,Crypto Maximum Sharpe,0.00588833
2021-07-19,Crypto Maximum Sharpe,-0.04012286
2021-07-20,Crypto Maximum Sharpe,-0.03829899
2021-07-21,Crypto Maximum Sharpe,0.1013714
2021-07-22,Crypto Maximum Sharpe,0.01432137
2021-07-23,Crypto Maximum Sharpe,0.03694441
2021-07-24,Crypto Maximum Sharpe,0.03262905
2021-07-25,Crypto Maximum Sharpe,0.00121886
2021-07-26,Crypto Maximum Sharpe,0.02475628
2021-07-27,Crypto Maximum Sharpe,0.02745165
2021-07-28,Crypto Maximum Sharpe,0.00335773
2021-07-29,Crypto Maximum Sharpe,0.01342196
2021-07-30,Crypto Maximum Sharpe,0.03348032
2021-07-31,Crypto Maximum Sharpe,0.01186719
2021-08-01,Crypto Maximum Sharpe,-0.00686316
2021-08-02,Crypto Maximum Sharpe,0.00399054
2021-08-03,Crypto Maximum Sharpe,-0.00945552
2021-08-04,Crypto Maximum Sharpe,0.04698523
2021-08-05,Crypto Maximum Sharpe,0.02244151
2021-08-06,Crypto Maximum Sharpe,0.02103037
2021-08-07,Crypto Maximum Sharpe,0.07529042
2021-08-08,Crypto Maximum Sharpe,-0.03645861
2021-08-09,Crypto Maximum Sharpe,0.04453296
2021-08-10,Crypto Maximum Sharpe,0.04007039
2021-08-11,Crypto Maximum Sharpe,0.03419372
2021-08-12,Crypto Maximum Sharpe,-0.01561235
2021-08-13,Crypto Maximum Sharpe,0.11527321
2021-08-14,Crypto Maximum Sharpe,0.00625682
2021-08-15,Crypto Maximum Sharpe,0.00958207
2021-08-16,Crypto Maximum Sharpe,-0.04205188
2021-08-17,Crypto Maximum Sharpe,-0.05548806
2021-08-18,Crypto Maximum Sharpe,0.03618365
2021-08-19,Crypto Maximum Sharpe,0.08551389
2021-08-20,Crypto Maximum Sharpe,0.03123852
2021-08-21,Crypto Maximum Sharpe,-0.01471737
2021-08-22,Crypto Maximum Sharpe,0.04365546
2021-08-23,Crypto Maximum Sharpe,0.03660114
2021-08-24,Crypto Maximum Sharpe,-0.05401564
2021-08-25,Crypto Maximum Sharpe,0.0148875
2021-08-26,Crypto Maximum Sharpe,-0.05390759
2021-08-27,Crypto Maximum Sharpe,0.09217787
2021-08-28,Crypto Maximum Sharpe,-0.01545212
2021-08-29,Crypto Maximum Sharpe,-0.00211708
2021-08-30,Crypto Maximum Sharpe,-0.02548051
2021-08-31,Crypto Maximum Sharpe,0.0321261
2021-09-01,Crypto Maximum Sharpe,0.06719139
2021-09-02,Crypto Maximum Sharpe,0.00840511
2021-09-03,Crypto Maximum Sharpe,0.02002815
2021-09-04,Crypto Maximum Sharpe,-0.0223399
2021-09-05,Crypto Maximum Sharpe,0.02857318
2021-09-06,Crypto Maximum Sharpe,-0.00727638
2021-09-07,Crypto Maximum Sharpe,-0.12518651
2021-09-08,Crypto Maximum Sharpe,-0.00087031
2021-09-09,Crypto Maximum Sharpe,0.00075863
2021-09-10,Crypto Maximum Sharpe,-0.05082943
2021-09-11,Crypto Maximum Sharpe,0.04547886
2021-09-12,Crypto Maximum Sharpe,0.01384515
2021-09-13,Crypto Maximum Sharpe,-0.04591293
2021-09-14,Crypto Maximum Sharpe,0.027
2021-09-15,Crypto Maximum Sharpe,0.04230404
2021-09-16,Crypto Maximum Sharpe,-0.01890948
2021-09-17,Crypto Maximum Sharpe,-0.03197196
2021-09-18,Crypto Maximum Sharpe,0.01255565
2021-09-19,Crypto Maximum Sharpe,-0.03066522
2021-09-20,Crypto Maximum Sharpe,-0.10227798
2021-09-21,Crypto Maximum Sharpe,-0.05205893
2021-09-22,Crypto Maximum Sharpe,0.11421919
2021-09-23,Crypto Maximum Sharpe,0.02461029
2021-09-24,Crypto Maximum Sharpe,-0.04861861
2021-09-25,Crypto Maximum Sharpe,0.0006575
2021-09-26,Crypto Maximum Sharpe,0.00267332
2021-09-27,Crypto Maximum Sharpe,-0.03346514
2021-09-28,Crypto Maximum Sharpe,-0.03885805
2021-09-29,Crypto Maximum Sharpe,0.01555767
2021-09-30,Crypto Maximum Sharpe,0.04020987
2021-10-01,Crypto Maximum Sharpe,0.08758002
2021-10-02,Crypto Maximum Sharpe,0.00721458
2021-10-03,Crypto Maximum Sharpe,0.00612648
2021-10-04,Crypto Maximum Sharpe,-0.0124232
2021-10-05,Crypto Maximum Sharpe,0.03428558
2021-10-06,Crypto Maximum Sharpe,0.01659862
2021-10-07,Crypto Maximum Sharpe,0.00509013
2021-10-08,Crypto Maximum Sharpe,-0.00764237
2021-10-09,Crypto Maximum Sharpe,0.01523411
2021-10-10,Crypto Maximum Sharpe,-0.03102694
2021-10-11,Crypto Maximum Sharpe,0.01818542
2021-10-12,Crypto Maximum Sharpe,-0.0211294
2021-10-13,Crypto Maximum Sharpe,0.02961386
2021-10-14,Crypto Maximum Sharpe,0.01455841
2021-10-15,Crypto Maximum Sharpe,0.03258813
2021-10-16,Crypto Maximum Sharpe,-0.01171425
2021-10-17,Crypto Maximum Sharpe,-0.00046976
2021-10-18,Crypto Maximum Sharpe,-0.01225954
2021-10-19,Crypto Maximum Sharpe,0.01891135
2021-10-20,Crypto Maximum Sharpe,0.04621482
2021-10-21,Crypto Maximum Sharpe,-0.03189253
2021-10-22,Crypto Maximum Sharpe,-0.01064023
2021-10-23,Crypto Maximum Sharpe,0.02342651
2021-10-24,Crypto Maximum Sharpe,-0.01661543
2021-10-25,Crypto Maximum Sharpe,0.02346136
2021-10-26,Crypto Maximum Sharpe,-0.01852167
2021-10-27,Crypto Maximum Sharpe,-0.06730082
2021-10-28,Crypto Maximum Sharpe,0.05810486
2021-10-29,Crypto Maximum Sharpe,0.02263201
2021-10-30,Crypto Maximum Sharpe,-0.01802963
2021-10-31,Crypto Maximum Sharpe,-0.00258479
2021-11-01,Crypto Maximum Sharpe,-0.00169841
2021-11-02,Crypto Maximum Sharpe,0.03598747
2021-11-03,Crypto Maximum Sharpe,0.01863748
2021-11-04,Crypto Maximum Sharpe,-0.02554917
2021-11-05,Crypto Maximum Sharpe,-0.00629948
2021-11-06,Crypto Maximum Sharpe,0.00740483
2021-11-07,Crypto Maximum Sharpe,0.01968028
2021-11-08,Crypto Maximum Sharpe,0.05136938
2021-11-09,Crypto Maximum Sharpe,0.01854626
2021-11-10,Crypto Maximum Sharpe,-0.04423182
2021-11-11,Crypto Maximum Sharpe,0.00494959
2021-11-12,Crypto Maximum Sharpe,-0.01569552
2021-11-13,Crypto Maximum Sharpe,0.00181929
2021-11-14,Crypto Maximum Sharpe,-0.00038014
2021-11-15,Crypto Maximum Sharpe,-0.01781832
2021-11-16,Crypto Maximum Sharpe,-0.06718637
2021-11-17,Crypto Maximum Sharpe,0.00680508
2021-11-18,Crypto Maximum Sharpe,-0.05651474
2021-11-19,Crypto Maximum Sharpe,0.04876456
2021-11-20,Crypto Maximum Sharpe,0.02654215
2021-11-21,Crypto Maximum Sharpe,-0.03101335
2021-11-22,Crypto Maximum Sharpe,-0.03874776
2021-11-23,Crypto Maximum Sharpe,0.02361707
2021-11-24,Crypto Maximum Sharpe,-0.0276583
2021-11-25,Crypto Maximum Sharpe,0.00182553
2021-11-26,Crypto Maximum Sharpe,-0.06406137
2021-11-27,Crypto Maximum Sharpe,0.0164876
2021-11-28,Crypto Maximum Sharpe,0.03933901
2021-11-29,Crypto Maximum Sharpe,0.01864227
2021-11-30,Crypto Maximum Sharpe,0.00342365
2021-12-01,Crypto Maximum Sharpe,-0.00420853
2021-12-02,Crypto Maximum Sharpe,0.01654074
2021-12-03,Crypto Maximum Sharpe,-0.06592716
2021-12-04,Crypto Maximum Sharpe,-0.06505321
2021-12-05,Crypto Maximum Sharpe,-0.00305178
2021-12-06,Crypto Maximum Sharpe,0.03167216
2021-12-07,Crypto Maximum Sharpe,-0.01034155
2021-12-08,Crypto Maximum Sharpe,0.01586033
2021-12-09,Crypto Maximum Sharpe,-0.06586312
2021-12-10,Crypto Maximum Sharpe,-0.04061987
2021-12-11,Crypto Maximum Sharpe,0.06344713
2021-12-12,Crypto Maximum Sharpe,0.007232
2021-12-13,Crypto Maximum Sharpe,-0.08097762
2021-12-14,Crypto Maximum Sharpe,-0.00377992
2021-12-15,Crypto Maximum Sharpe,0.06263675
2021-12-16,Crypto Maximum Sharpe,-0.02951455
2021-12-17,Crypto Maximum Sharpe,-0.02419699
2021-12-18,Crypto Maximum Sharpe,0.01837587
2021-12-19,Crypto Maximum Sharpe,-0.00420087
2021-12-20,Crypto Maximum Sharpe,0.00017945
2021-12-21,Crypto Maximum Sharpe,0.03224286
2021-12-22,Crypto Maximum Sharpe,0.00647209
2021-12-23,Crypto Maximum Sharpe,0.05890194
2021-12-24,Crypto Maximum Sharpe,-0.02423705
2021-12-25,Crypto Maximum Sharpe,0.01610498
2021-12-26,Crypto Maximum Sharpe,-0.00012958
2021-12-27,Crypto Maximum Sharpe,0.00716719
2021-12-28,Crypto Maximum Sharpe,-0.06359206
2021-12-29,Crypto Maximum Sharpe,-0.03904838
2021-12-30,Crypto Maximum Sharpe,0.02077874
2021-12-31,Crypto Maximum Sharpe,-0.02048903
2022-01-01,Crypto Maximum Sharpe,0.0324141
2022-01-02,Crypto Maximum Sharpe,0.0057161
2022-01-03,Crypto Maximum Sharpe,-0.02451344
2022-01-04,Crypto Maximum Sharpe,-0.00357492
2022-01-05,Crypto Maximum Sharpe,-0.05882312
2022-01-06,Crypto Maximum Sharpe,-0.00346186
2022-01-07,Crypto Maximum Sharpe,-0.052776
2022-01-08,Crypto Maximum Sharpe,-0.0205756
2022-01-09,Crypto Maximum Sharpe,0.00548869
2022-01-10,Crypto Maximum Sharpe,-0.02655021
2022-01-11,Crypto Maximum Sharpe,0.04381611
2022-01-12,Crypto Maximum Sharpe,0.0603711
2022-01-13,Crypto Maximum Sharpe,-0.04109976
2022-01-14,Crypto Maximum Sharpe,0.03064627
2022-01-15,Crypto Maximum Sharpe,0.00665097
2022-01-16,Crypto Maximum Sharpe,0.0300641
2022-01-17,Crypto Maximum Sharpe,0.02432741
2022-01-18,Crypto Maximum Sharpe,-0.02823681
2022-01-19,Crypto Maximum Sharpe,-0.04377448
2022-01-20,Crypto Maximum Sharpe,-0.04438002
2022-01-21,Crypto Maximum Sharpe,-0.12135576
2022-01-22,Crypto Maximum Sharpe,-0.05304589
2022-01-23,Crypto Maximum Sharpe,0.04834214
2022-01-24,Crypto Maximum Sharpe,-0.03236657
2022-01-25,Crypto Maximum Sharpe,-0.00396901
2022-01-26,Crypto Maximum Sharpe,0.01461547
2022-01-27,Crypto Maximum Sharpe,-0.01715712
2022-01-28,Crypto Maximum Sharpe,0.02733289
2022-01-29,Crypto Maximum Sharpe,0.01223591
2022-01-30,Crypto Maximum Sharpe,-0.00901126
2022-01-31,Crypto Maximum Sharpe,0.02233049
2022-02-01,Crypto Maximum Sharpe,0.0313646
2022-02-02,Crypto Maximum Sharpe,-0.04403767
2022-02-03,Crypto Maximum Sharpe,0.01602268
2022-02-04,Crypto Maximum Sharpe,0.09534311
2022-02-05,Crypto Maximum Sharpe,0.00020811
2022-02-06,Crypto Maximum Sharpe,0.01657482
2022-02-07,Crypto Maximum Sharpe,0.04413817
2022-02-08,Crypto Maximum Sharpe,-0.0072677
2022-02-09,Crypto Maximum Sharpe,0.02404079
2022-02-10,Crypto Maximum Sharpe,-0.03200275
2022-02-11,Crypto Maximum Sharpe,-0.05013662
2022-02-12,Crypto Maximum Sharpe,-0.01119069
2022-02-13,Crypto Maximum Sharpe,-0.00529017
2022-02-14,Crypto Maximum Sharpe,0.00525173
2022-02-15,Crypto Maximum Sharpe,0.06463882
2022-02-16,Crypto Maximum Sharpe,-0.01910422
2022-02-17,Crypto Maximum Sharpe,-0.07346619
2022-02-18,Crypto Maximum Sharpe,-0.02176269
2022-02-19,Crypto Maximum Sharpe,-0.00146584
2022-02-20,Crypto Maximum Sharpe,-0.0534081
2022-02-21,Crypto Maximum Sharpe,-0.05346884
2022-02-22,Crypto Maximum Sharpe,0.03452586
2022-02-23,Crypto Maximum Sharpe,-0.02016996
2022-02-24,Crypto Maximum Sharpe,-0.00093033
2022-02-25,Crypto Maximum Sharpe,0.05387996
2022-02-26,Crypto Maximum Sharpe,-1.119e-05
2022-02-27,Crypto Maximum Sharpe,-0.0442424
2022-02-28,Crypto Maximum Sharpe,0.11773704
2022-03-01,Crypto Maximum Sharpe,0.01240548
2022-03-02,Crypto Maximum Sharpe,-0.01619736
2022-03-03,Crypto Maximum Sharpe,-0.03091933
2022-03-04,Crypto Maximum Sharpe,-0.07342162
2022-03-05,Crypto Maximum Sharpe,0.02006659
2022-03-06,Crypto Maximum Sharpe,-0.04131435
2022-03-07,Crypto Maximum Sharpe,-0.02232529
2022-03-08,Crypto Maximum Sharpe,0.01751058
2022-03-09,Crypto Maximum Sharpe,0.06296548
2022-03-10,Crypto Maximum Sharpe,-0.04864317
2022-03-11,Crypto Maximum Sharpe,-0.01051641
2022-03-12,Crypto Maximum Sharpe,0.00027474
2022-03-13,Crypto Maximum Sharpe,-0.0169267
2022-03-14,Crypto Maximum Sharpe,0.02416419
2022-03-15,Crypto Maximum Sharpe,0.00057195
2022-03-16,Crypto Maximum Sharpe,0.05181102
2022-03-17,Crypto Maximum Sharpe,0.00329146
2022-03-18,Crypto Maximum Sharpe,0.03042094
2022-03-19,Crypto Maximum Sharpe,0.0523274
2022-03-20,Crypto Maximum Sharpe,-0.00431355
2022-03-21,Crypto Maximum Sharpe,0.02345954
2022-03-22,Crypto Maximum Sharpe,0.06312338
2022-03-23,Crypto Maximum Sharpe,0.0528557
2022-03-24,Crypto Maximum Sharpe,0.02899869
2022-03-25,Crypto Maximum Sharpe,-0.01166086
2022-03-26,Crypto Maximum Sharpe,0.01893169
2022-03-27,Crypto Maximum Sharpe,0.03549376
2022-03-28,Crypto Maximum Sharpe,-1.538e-05
2022-03-29,Crypto Maximum Sharpe,0.01949446
2022-03-30,Crypto Maximum Sharpe,-0.00141509
2022-03-31,Crypto Maximum Sharpe,-0.03987524
2022-04-01,Crypto Maximum Sharpe,0.02452801
2022-04-02,Crypto Maximum Sharpe,-0.01284478
2022-04-03,Crypto Maximum Sharpe,0.02489217
2022-04-04,Crypto Maximum Sharpe,0.00799363
2022-04-05,Crypto Maximum Sharpe,-0.03696759
2022-04-06,Crypto Maximum Sharpe,-0.09923762
2022-04-07,Crypto Maximum Sharpe,0.05682014
2022-04-08,Crypto Maximum Sharpe,-0.04591491
2022-04-09,Crypto Maximum Sharpe,0.0243641
2022-04-10,Crypto Maximum Sharpe,-0.01980132
2022-04-11,Crypto Maximum Sharpe,-0.08830673
2022-04-12,Crypto Maximum Sharpe,0.02804088
2022-04-13,Crypto Maximum Sharpe,0.02058508
2022-04-14,Crypto Maximum Sharpe,-0.03620431
2022-04-15,Crypto Maximum Sharpe,0.01567461
2022-04-16,Crypto Maximum Sharpe,0.00783539
2022-04-17,Crypto Maximum Sharpe,-0.03322188
2022-04-18,Crypto Maximum Sharpe,0.01720111
2022-04-19,Crypto Maximum Sharpe,0.01852516
2022-04-20,Crypto Maximum Sharpe,-0.01908898
2022-04-21,Crypto Maximum Sharpe,-0.03357779
2022-04-22,Crypto Maximum Sharpe,0.00156929
2022-04-23,Crypto Maximum Sharpe,-0.01852849
2022-04-24,Crypto Maximum Sharpe,-0.01086686
2022-04-25,Crypto Maximum Sharpe,0.01537934
2022-04-26,Crypto Maximum Sharpe,-0.0779496
2022-04-27,Crypto Maximum Sharpe,0.02164783
2022-04-28,Crypto Maximum Sharpe,0.00607141
2022-04-29,Crypto Maximum Sharpe,-0.04962663
2022-04-30,Crypto Maximum Sharpe,-0.0649848
2022-05-01,Crypto Maximum Sharpe,0.04857429
2022-05-02,Crypto Maximum Sharpe,-0.00272021
2022-05-03,Crypto Maximum Sharpe,-0.02047908
2022-05-04,Crypto Maximum Sharpe,0.11983197
2022-05-05,Crypto Maximum Sharpe,-0.08744686
2022-05-06,Crypto Maximum Sharpe,-0.01412783
2022-05-07,Crypto Maximum Sharpe,-0.02853963
2022-05-08,Crypto Maximum Sharpe,-0.03089955
2022-05-09,Crypto Maximum Sharpe,-0.13850411
2022-05-10,Crypto Maximum Sharpe,0.03760653
2022-05-11,Crypto Maximum Sharpe,-0.15646101
2022-05-12,Crypto Maximum Sharpe,-0.06393358
2022-05-13,Crypto Maximum Sharpe,0.07927043
2022-05-14,Crypto Maximum Sharpe,0.01620367
2022-05-15,Crypto Maximum Sharpe,0.05623255
2022-05-16,Crypto Maximum Sharpe,-0.05894658
2022-05-17,Crypto Maximum Sharpe,0.0398172
2022-05-18,Crypto Maximum Sharpe,-0.0870754
2022-05-19,Crypto Maximum Sharpe,0.05145681
2022-05-20,Crypto Maximum Sharpe,-0.03021846
2022-05-21,Crypto Maximum Sharpe,0.01587521
2022-05-22,Crypto Maximum Sharpe,0.03680931
2022-05-23,Crypto Maximum Sharpe,-0.0226087
2022-05-24,Crypto Maximum Sharpe,0.04362485
2022-05-25,Crypto Maximum Sharpe,-0.00711985
2022-05-26,Crypto Maximum Sharpe,-0.0622589
2022-05-27,Crypto Maximum Sharpe,-0.02715226
2022-05-28,Crypto Maximum Sharpe,0.01662362
2022-05-29,Crypto Maximum Sharpe,0.02795276
2022-05-30,Crypto Maximum Sharpe,0.1023846
2022-05-31,Crypto Maximum Sharpe,0.01226194
2022-06-01,Crypto Maximum Sharpe,-0.07199367
2022-06-02,Crypto Maximum Sharpe,0.02538452
2022-06-03,Crypto Maximum Sharpe,-0.03547995
2022-06-04,Crypto Maximum Sharpe,0.00133616
2022-06-05,Crypto Maximum Sharpe,0.00337816
2022-06-06,Crypto Maximum Sharpe,0.03101346
2022-06-07,Crypto Maximum Sharpe,-0.01020528
2022-06-08,Crypto Maximum Sharpe,-0.00130169
2022-06-09,Crypto Maximum Sharpe,-0.00415238
2022-06-10,Crypto Maximum Sharpe,-0.05321302
2022-06-11,Crypto Maximum Sharpe,-0.05804877
2022-06-12,Crypto Maximum Sharpe,-0.05264188
2022-06-13,Crypto Maximum Sharpe,-0.1283741
2022-06-14,Crypto Maximum Sharpe,-0.02537131
2022-06-15,Crypto Maximum Sharpe,0.10154194
2022-06-16,Crypto Maximum Sharpe,-0.09811554
2022-06-17,Crypto Maximum Sharpe,0.02698082
2022-06-18,Crypto Maximum Sharpe,-0.0277594
2022-06-19,Crypto Maximum Sharpe,0.06372503
2022-06-20,Crypto Maximum Sharpe,0.02294565
2022-06-21,Crypto Maximum Sharpe,0.0113893
2022-06-22,Crypto Maximum Sharpe,-0.03963281
2022-06-23,Crypto Maximum Sharpe,0.03420869
2022-06-24,Crypto Maximum Sharpe,0.03387428
2022-06-25,Crypto Maximum Sharpe,-0.00173197
2022-06-26,Crypto Maximum Sharpe,-0.00252593
2022-06-27,Crypto Maximum Sharpe,0.00565408
2022-06-28,Crypto Maximum Sharpe,-0.03881041
2022-06-29,Crypto Maximum Sharpe,-0.01499861
2022-06-30,Crypto Maximum Sharpe,-0.01033118
2022-07-01,Crypto Maximum Sharpe,-0.01463492
2022-07-02,Crypto Maximum Sharpe,0.00954882
2022-07-03,Crypto Maximum Sharpe,0.00846075
2022-07-04,Crypto Maximum Sharpe,0.02846706
2022-07-05,Crypto Maximum Sharpe,-0.01283768
2022-07-06,Crypto Maximum Sharpe,0.00583673
2022-07-07,Crypto Maximum Sharpe,0.03205189
2022-07-08,Crypto Maximum Sharpe,-0.01055828
2022-07-09,Crypto Maximum Sharpe,0.01655529
2022-07-10,Crypto Maximum Sharpe,-0.03709537
2022-07-11,Crypto Maximum Sharpe,-0.05465645
2022-07-12,Crypto Maximum Sharpe,-0.02038605
2022-07-13,Crypto Maximum Sharpe,0.03644155
2022-07-14,Crypto Maximum Sharpe,0.01960143
2022-07-15,Crypto Maximum Sharpe,0.01089752
2022-07-16,Crypto Maximum Sharpe,0.07455489
2022-07-17,Crypto Maximum Sharpe,0.02573045
2022-07-18,Crypto Maximum Sharpe,0.14222777
2022-07-19,Crypto Maximum Sharpe,0.00548596
2022-07-20,Crypto Maximum Sharpe,-0.04692377
2022-07-21,Crypto Maximum Sharpe,0.04918614
2022-07-22,Crypto Maximum Sharpe,-0.02645976
2022-07-23,Crypto Maximum Sharpe,0.00910586
2022-07-24,Crypto Maximum Sharpe,-0.00010917
2022-07-25,Crypto Maximum Sharpe,-0.0647192
2022-07-26,Crypto Maximum Sharpe,0.03319003
2022-07-27,Crypto Maximum Sharpe,0.14417299
2022-07-28,Crypto Maximum Sharpe,0.10275041
2022-07-29,Crypto Maximum Sharpe,-0.00684466
2022-07-30,Crypto Maximum Sharpe,0.00188505
2022-07-31,Crypto Maximum Sharpe,-0.03045455
2022-08-01,Crypto Maximum Sharpe,-0.00853365
2022-08-02,Crypto Maximum Sharpe,0.00070366
2022-08-03,Crypto Maximum Sharpe,-0.00988889
2022-08-04,Crypto Maximum Sharpe,-0.00613678
2022-08-05,Crypto Maximum Sharpe,0.05206134
2022-08-06,Crypto Maximum Sharpe,-0.01096483
2022-08-07,Crypto Maximum Sharpe,0.00071243
2022-08-08,Crypto Maximum Sharpe,0.01387931
2022-08-09,Crypto Maximum Sharpe,-0.03291783
2022-08-10,Crypto Maximum Sharpe,0.04928778
2022-08-11,Crypto Maximum Sharpe,0.03389948
2022-08-12,Crypto Maximum Sharpe,0.01571107
2022-08-13,Crypto Maximum Sharpe,-0.00124308
2022-08-14,Crypto Maximum Sharpe,-0.01684857
2022-08-15,Crypto Maximum Sharpe,-0.00651637
2022-08-16,Crypto Maximum Sharpe,-0.01431946
2022-08-17,Crypto Maximum Sharpe,-0.00747974
2022-08-18,Crypto Maximum Sharpe,-0.01209726
2022-08-19,Crypto Maximum Sharpe,-0.10926745
2022-08-20,Crypto Maximum Sharpe,0.00657746
2022-08-21,Crypto Maximum Sharpe,0.01714877
2022-08-22,Crypto Maximum Sharpe,0.00130353
2022-08-23,Crypto Maximum Sharpe,0.01120022
2022-08-24,Crypto Maximum Sharpe,0.00198298
2022-08-25,Crypto Maximum Sharpe,0.02940117
2022-08-26,Crypto Maximum Sharpe,-0.08717078
2022-08-27,Crypto Maximum Sharpe,-0.00699209
2022-08-28,Crypto Maximum Sharpe,-0.04356224
2022-08-29,Crypto Maximum Sharpe,0.06992053
2022-08-30,Crypto Maximum Sharpe,-0.01353644
2022-08-31,Crypto Maximum Sharpe,0.00206008
2022-09-01,Crypto Maximum Sharpe,0.01195454
2022-09-02,Crypto Maximum Sharpe,-0.00983966
2022-09-03,Crypto Maximum Sharpe,-0.00435625
2022-09-04,Crypto Maximum Sharpe,0.00878748
2022-09-05,Crypto Maximum Sharpe,0.08217504
2022-09-06,Crypto Maximum Sharpe,-0.0657568
2022-09-07,Crypto Maximum Sharpe,0.04720674
2022-09-08,Crypto Maximum Sharpe,-0.003111
2022-09-09,Crypto Maximum Sharpe,0.04870098
2022-09-10,Crypto Maximum Sharpe,0.01859054
2022-09-11,Crypto Maximum Sharpe,-0.01312992
2022-09-12,Crypto Maximum Sharpe,-0.01190745
2022-09-13,Crypto Maximum Sharpe,-0.06069118
2022-09-14,Crypto Maximum Sharpe,0.04570431
2022-09-15,Crypto Maximum Sharpe,-0.06984923
2022-09-16,Crypto Maximum Sharpe,-0.0243152
2022-09-17,Crypto Maximum Sharpe,0.01793448
2022-09-18,Crypto Maximum Sharpe,-0.08856528
2022-09-19,Crypto Maximum Sharpe,0.01883128
2022-09-20,Crypto Maximum Sharpe,-0.03087417
2022-09-21,Crypto Maximum Sharpe,-0.0367836
2022-09-22,Crypto Maximum Sharpe,0.0354397
2022-09-23,Crypto Maximum Sharpe,0.00458361
2022-09-24,Crypto Maximum Sharpe,-0.00792002
2022-09-25,Crypto Maximum Sharpe,-0.01190855
2022-09-26,Crypto Maximum Sharpe,0.01167207
2022-09-27,Crypto Maximum Sharpe,-0.00574063
2022-09-28,Crypto Maximum Sharpe,-0.00304381
2022-09-29,Crypto Maximum Sharpe,0.00851727
2022-09-30,Crypto Maximum Sharpe,-0.00313231
2022-10-01,Crypto Maximum Sharpe,-0.00921434
2022-10-02,Crypto Maximum Sharpe,-0.01532065
2022-10-03,Crypto Maximum Sharpe,0.02247999
2022-10-04,Crypto Maximum Sharpe,0.02082181
2022-10-05,Crypto Maximum Sharpe,-0.00578404
2022-10-06,Crypto Maximum Sharpe,0.00411802
2022-10-07,Crypto Maximum Sharpe,-0.01002244
2022-10-08,Crypto Maximum Sharpe,-0.01289603
2022-10-09,Crypto Maximum Sharpe,0.00380019
2022-10-10,Crypto Maximum Sharpe,-0.04054188
2022-10-11,Crypto Maximum Sharpe,-0.01661171
2022-10-12,Crypto Maximum Sharpe,0.00575099
2022-10-13,Crypto Maximum Sharpe,-0.01789754
2022-10-14,Crypto Maximum Sharpe,0.02142716
2022-10-15,Crypto Maximum Sharpe,-0.02263892
2022-10-16,Crypto Maximum Sharpe,0.01279432
2022-10-17,Crypto Maximum Sharpe,0.02156554
2022-10-18,Crypto Maximum Sharpe,-0.01401371
2022-10-19,Crypto Maximum Sharpe,-0.02366357
2022-10-20,Crypto Maximum Sharpe,-0.00870334
2022-10-21,Crypto Maximum Sharpe,0.00676076
2022-10-22,Crypto Maximum Sharpe,0.02209123
2022-10-23,Crypto Maximum Sharpe,0.01516065
2022-10-24,Crypto Maximum Sharpe,-0.01812399
2022-10-25,Crypto Maximum Sharpe,0.06411915
2022-10-26,Crypto Maximum Sharpe,0.03792243
2022-10-27,Crypto Maximum Sharpe,-0.0222957
2022-10-28,Crypto Maximum Sharpe,0.02123332
2022-10-29,Crypto Maximum Sharpe,0.02211676
2022-10-30,Crypto Maximum Sharpe,-0.02744804
2022-10-31,Crypto Maximum Sharpe,-0.00613233
2022-11-01,Crypto Maximum Sharpe,-0.00399102
2022-11-02,Crypto Maximum Sharpe,-0.03420717
2022-11-03,Crypto Maximum Sharpe,0.01793862
2022-11-04,Crypto Maximum Sharpe,0.0593954
2022-11-05,Crypto Maximum Sharpe,0.00350828
2022-11-06,Crypto Maximum Sharpe,-0.03497382
2022-11-07,Crypto Maximum Sharpe,-0.0010382
2022-11-08,Crypto Maximum Sharpe,-0.11065556
2022-11-09,Crypto Maximum Sharpe,-0.14036685
2022-11-10,Crypto Maximum Sharpe,0.14985938
2022-11-11,Crypto Maximum Sharpe,-0.02124962
2022-11-12,Crypto Maximum Sharpe,-0.02837494
2022-11-13,Crypto Maximum Sharpe,-0.04272537
2022-11-14,Crypto Maximum Sharpe,0.00679442
2022-11-15,Crypto Maximum Sharpe,0.00918627
2022-11-16,Crypto Maximum Sharpe,-0.02230857
2022-11-17,Crypto Maximum Sharpe,0.00102637
2022-11-18,Crypto Maximum Sharpe,0.00768183
2022-11-19,Crypto Maximum Sharpe,0.0133452
2022-11-20,Crypto Maximum Sharpe,-0.05366963
2022-11-21,Crypto Maximum Sharpe,0.00339901
2022-11-22,Crypto Maximum Sharpe,0.01273378
2022-11-23,Crypto Maximum Sharpe,0.02551756
2022-11-24,Crypto Maximum Sharpe,0.03177786
2022-11-25,Crypto Maximum Sharpe,0.00477296
2022-11-26,Crypto Maximum Sharpe,-0.00945697
2022-11-27,Crypto Maximum Sharpe,0.00046683
2022-11-28,Crypto Maximum Sharpe,-0.01337572
2022-11-29,Crypto Maximum Sharpe,0.0212449
2022-11-30,Crypto Maximum Sharpe,0.0369888
2022-12-01,Crypto Maximum Sharpe,-0.01781842
2022-12-02,Crypto Maximum Sharpe,0.0055798
2022-12-03,Crypto Maximum Sharpe,-0.02402659
2022-12-04,Crypto Maximum Sharpe,0.00834519
2022-12-05,Crypto Maximum Sharpe,-0.0051231
2022-12-06,Crypto Maximum Sharpe,0.00745141
2022-12-07,Crypto Maximum Sharpe,-0.02033256
2022-12-08,Crypto Maximum Sharpe,0.02425919
2022-12-09,Crypto Maximum Sharpe,-0.01161483
2022-12-10,Crypto Maximum Sharpe,-0.00118746
2022-12-11,Crypto Maximum Sharpe,-0.00882914
2022-12-12,Crypto Maximum Sharpe,0.00069062
2022-12-13,Crypto Maximum Sharpe,0.01745425
2022-12-14,Crypto Maximum Sharpe,-0.00701606
2022-12-15,Crypto Maximum Sharpe,-0.01920973
2022-12-16,Crypto Maximum Sharpe,-0.06689958
2022-12-17,Crypto Maximum Sharpe,0.00927798
2022-12-18,Crypto Maximum Sharpe,-0.01325117
2022-12-19,Crypto Maximum Sharpe,-0.01804206
2022-12-20,Crypto Maximum Sharpe,0.03106805
2022-12-21,Crypto Maximum Sharpe,-0.00585723
2022-12-22,Crypto Maximum Sharpe,0.01160796
2022-12-23,Crypto Maximum Sharpe,-0.00533379
2022-12-24,Crypto Maximum Sharpe,0.00120832
2022-12-25,Crypto Maximum Sharpe,0.0103602
2022-12-26,Crypto Maximum Sharpe,0.02426843
2022-12-27,Crypto Maximum Sharpe,-0.00878212
2022-12-28,Crypto Maximum Sharpe,-0.02128344
2022-12-29,Crypto Maximum Sharpe,-0.00134299
2022-12-30,Crypto Maximum Sharpe,0.00018023
2022-12-31,Crypto Maximum Sharpe,-0.00239962
2023-01-01,Crypto Maximum Sharpe,0.00543569
2023-01-02,Crypto Maximum Sharpe,0.00987373
2023-01-03,Crypto Maximum Sharpe,-0.00268697
2023-01-04,Crypto Maximum Sharpe,0.00717194
2023-01-05,Crypto Maximum Sharpe,-0.01084133
2023-01-06,Crypto Maximum Sharpe,-8.97e-05
2023-01-07,Crypto Maximum Sharpe,-0.00256305
2023-01-08,Crypto Maximum Sharpe,0.01976873
2023-01-09,Crypto Maximum Sharpe,0.01594084
2023-01-10,Crypto Maximum Sharpe,0.0071882
2023-01-11,Crypto Maximum Sharpe,0.03018664
2023-01-12,Crypto Maximum Sharpe,0.03361103
2023-01-13,Crypto Maximum Sharpe,0.04741133
2023-01-14,Crypto Maximum Sharpe,0.03764965
2023-01-15,Crypto Maximum Sharpe,-0.0003761
2023-01-16,Crypto Maximum Sharpe,0.00472191
2023-01-17,Crypto Maximum Sharpe,-0.00674188
2023-01-18,Crypto Maximum Sharpe,-0.03333651
2023-01-19,Crypto Maximum Sharpe,0.02160589
2023-01-20,Crypto Maximum Sharpe,0.05756616
2023-01-21,Crypto Maximum Sharpe,-0.0049664
2023-01-22,Crypto Maximum Sharpe,-0.00071864
2023-01-23,Crypto Maximum Sharpe,0.02278801
2023-01-24,Crypto Maximum Sharpe,-0.03127664
2023-01-25,Crypto Maximum Sharpe,0.02444187
2023-01-26,Crypto Maximum Sharpe,-0.00270529
2023-01-27,Crypto Maximum Sharpe,0.01299985
2023-01-28,Crypto Maximum Sharpe,-0.00591348
2023-01-29,Crypto Maximum Sharpe,0.0216566
2023-01-30,Crypto Maximum Sharpe,-0.03593711
2023-01-31,Crypto Maximum Sharpe,0.01004641
2023-02-01,Crypto Maximum Sharpe,0.02012917
2023-02-02,Crypto Maximum Sharpe,-0.00195825
2023-02-03,Crypto Maximum Sharpe,0.00448781
2023-02-04,Crypto Maximum Sharpe,-0.00306898
2023-02-05,Crypto Maximum Sharpe,-0.01207845
2023-02-06,Crypto Maximum Sharpe,-0.01378828
2023-02-07,Crypto Maximum Sharpe,0.03178596
2023-02-08,Crypto Maximum Sharpe,-0.00473835
2023-02-09,Crypto Maximum Sharpe,-0.07074034
2023-02-10,Crypto Maximum Sharpe,0.01115701
2023-02-11,Crypto Maximum Sharpe,0.01333636
2023-02-12,Crypto Maximum Sharpe,-0.01464839
2023-02-13,Crypto Maximum Sharpe,-0.00264323
2023-02-14,Crypto Maximum Sharpe,0.03198369
2023-02-15,Crypto Maximum Sharpe,0.06450149
2023-02-16,Crypto Maximum Sharpe,-0.04644022
2023-02-17,Crypto Maximum Sharpe,0.03813705
2023-02-18,Crypto Maximum Sharpe,0.00029312
2023-02-19,Crypto Maximum Sharpe,-0.0093567
2023-02-20,Crypto Maximum Sharpe,0.01148996
2023-02-21,Crypto Maximum Sharpe,-0.02407165
2023-02-22,Crypto Maximum Sharpe,0.00053156
2023-02-23,Crypto Maximum Sharpe,-0.00675328
2023-02-24,Crypto Maximum Sharpe,-0.03518801
2023-02-25,Crypto Maximum Sharpe,0.00455391
2023-02-26,Crypto Maximum Sharpe,0.02196017
2023-02-27,Crypto Maximum Sharpe,-0.00641676
2023-02-28,Crypto Maximum Sharpe,-0.01227578
2023-03-01,Crypto Maximum Sharpe,0.02760691
2023-03-02,Crypto Maximum Sharpe,-0.00754818
2023-03-03,Crypto Maximum Sharpe,-0.03465326
2023-03-04,Crypto Maximum Sharpe,-0.00767199
2023-03-05,Crypto Maximum Sharpe,0.00093759
2023-03-06,Crypto Maximum Sharpe,0.00286801
2023-03-07,Crypto Maximum Sharpe,-0.00862064
2023-03-08,Crypto Maximum Sharpe,-0.01549882
2023-03-09,Crypto Maximum Sharpe,-0.07402349
2023-03-10,Crypto Maximum Sharpe,-0.00690698
2023-03-11,Crypto Maximum Sharpe,0.02163656
2023-03-12,Crypto Maximum Sharpe,0.06986197
2023-03-13,Crypto Maximum Sharpe,0.05177306
2023-03-14,Crypto Maximum Sharpe,0.01561818
2023-03-15,Crypto Maximum Sharpe,-0.02916281
2023-03-16,Crypto Maximum Sharpe,0.01427718
2023-03-17,Crypto Maximum Sharpe,0.06025459
2023-03-18,Crypto Maximum Sharpe,-0.02315412
2023-03-19,Crypto Maximum Sharpe,0.02847411
2023-03-20,Crypto Maximum Sharpe,-0.02048767
2023-03-21,Crypto Maximum Sharpe,0.05942909
2023-03-22,Crypto Maximum Sharpe,-0.07086257
2023-03-23,Crypto Maximum Sharpe,0.05345626
2023-03-24,Crypto Maximum Sharpe,-0.03221791
2023-03-25,Crypto Maximum Sharpe,0.00934722
2023-03-26,Crypto Maximum Sharpe,0.01171939
2023-03-27,Crypto Maximum Sharpe,-0.00900032
2023-03-28,Crypto Maximum Sharpe,0.02037847
2023-03-29,Crypto Maximum Sharpe,0.02704353
2023-03-30,Crypto Maximum Sharpe,0.00232938
2023-03-31,Crypto Maximum Sharpe,0.02005406
2023-04-01,Crypto Maximum Sharpe,-0.00322354
2023-04-02,Crypto Maximum Sharpe,-0.01264603
2023-04-03,Crypto Maximum Sharpe,-0.00395636
2023-04-04,Crypto Maximum Sharpe,0.00489892
2023-04-05,Crypto Maximum Sharpe,0.00395458
2023-04-06,Crypto Maximum Sharpe,-0.00487259
2023-04-07,Crypto Maximum Sharpe,0.00077764
2023-04-08,Crypto Maximum Sharpe,-0.00419133
2023-04-09,Crypto Maximum Sharpe,0.00890624
2023-04-10,Crypto Maximum Sharpe,0.0246432
2023-04-11,Crypto Maximum Sharpe,0.00183115
2023-04-12,Crypto Maximum Sharpe,-0.01152633
2023-04-13,Crypto Maximum Sharpe,0.00815066
2023-04-14,Crypto Maximum Sharpe,0.01058626
2023-04-15,Crypto Maximum Sharpe,-0.0042212
2023-04-16,Crypto Maximum Sharpe,0.00523866
2023-04-17,Crypto Maximum Sharpe,-0.02203219
2023-04-18,Crypto Maximum Sharpe,0.02255214
2023-04-19,Crypto Maximum Sharpe,-0.04461966
2023-04-20,Crypto Maximum Sharpe,-0.01582235
2023-04-21,Crypto Maximum Sharpe,-0.0242316
2023-04-22,Crypto Maximum Sharpe,0.02198119
2023-04-23,Crypto Maximum Sharpe,-0.00380738
2023-04-24,Crypto Maximum Sharpe,-0.00642043
2023-04-25,Crypto Maximum Sharpe,0.01270159
2023-04-26,Crypto Maximum Sharpe,-0.00715955
2023-04-27,Crypto Maximum Sharpe,0.01799074
2023-04-28,Crypto Maximum Sharpe,0.00629566
2023-04-29,Crypto Maximum Sharpe,0.00829844
2023-04-30,Crypto Maximum Sharpe,-0.00685535
2023-05-01,Crypto Maximum Sharpe,-0.01326854
2023-05-02,Crypto Maximum Sharpe,0.01420203
2023-05-03,Crypto Maximum Sharpe,0.0044286
2023-05-04,Crypto Maximum Sharpe,-0.00500306
2023-05-05,Crypto Maximum Sharpe,0.01511044
2023-05-06,Crypto Maximum Sharpe,-0.03214946
2023-05-07,Crypto Maximum Sharpe,-0.00949497
2023-05-08,Crypto Maximum Sharpe,-0.03379539
2023-05-09,Crypto Maximum Sharpe,0.02031996
2023-05-10,Crypto Maximum Sharpe,0.00759851
2023-05-11,Crypto Maximum Sharpe,-0.02241046
2023-05-12,Crypto Maximum Sharpe,0.00725326
2023-05-13,Crypto Maximum Sharpe,-0.00125724
2023-05-14,Crypto Maximum Sharpe,0.01182234
2023-05-15,Crypto Maximum Sharpe,0.0205628
2023-05-16,Crypto Maximum Sharpe,0.01078389
2023-05-17,Crypto Maximum Sharpe,0.02143222
2023-05-18,Crypto Maximum Sharpe,-0.01864042
2023-05-19,Crypto Maximum Sharpe,0.00513531
2023-05-20,Crypto Maximum Sharpe,0.0124422
2023-05-21,Crypto Maximum Sharpe,0.00412971
2023-05-22,Crypto Maximum Sharpe,0.01585661
2023-05-23,Crypto Maximum Sharpe,0.00595888
2023-05-24,Crypto Maximum Sharpe,-0.03653558
2023-05-25,Crypto Maximum Sharpe,0.00025363
2023-05-26,Crypto Maximum Sharpe,0.00262096
2023-05-27,Crypto Maximum Sharpe,0.01546313
2023-05-28,Crypto Maximum Sharpe,0.01811508
2023-05-29,Crypto Maximum Sharpe,-0.01108684
2023-05-30,Crypto Maximum Sharpe,0.00360407
2023-05-31,Crypto Maximum Sharpe,-0.01600534
2023-06-01,Crypto Maximum Sharpe,0.00540084
2023-06-02,Crypto Maximum Sharpe,0.04855171
2023-06-03,Crypto Maximum Sharpe,-0.00243466
2023-06-04,Crypto Maximum Sharpe,-0.00527092
2023-06-05,Crypto Maximum Sharpe,-0.05708637
2023-06-06,Crypto Maximum Sharpe,0.02204499
2023-06-07,Crypto Maximum Sharpe,-0.02726532
2023-06-08,Crypto Maximum Sharpe,0.00385998
2023-06-09,Crypto Maximum Sharpe,-0.02332972
2023-06-10,Crypto Maximum Sharpe,-0.09027816
2023-06-11,Crypto Maximum Sharpe,0.00454413
2023-06-12,Crypto Maximum Sharpe,0.00535496
2023-06-13,Crypto Maximum Sharpe,0.0062627
2023-06-14,Crypto Maximum Sharpe,-0.03296412
2023-06-15,Crypto Maximum Sharpe,0.0062474
2023-06-16,Crypto Maximum Sharpe,-0.00171848
2023-06-17,Crypto Maximum Sharpe,0.01029446
2023-06-18,Crypto Maximum Sharpe,-0.00361911
2023-06-19,Crypto Maximum Sharpe,0.00605564
2023-06-20,Crypto Maximum Sharpe,0.01128948
2023-06-21,Crypto Maximum Sharpe,0.0334056
2023-06-22,Crypto Maximum Sharpe,-0.00880181
2023-06-23,Crypto Maximum Sharpe,0.04664751
2023-06-24,Crypto Maximum Sharpe,-0.00298839
2023-06-25,Crypto Maximum Sharpe,-0.00838563
2023-06-26,Crypto Maximum Sharpe,-0.00098407
2023-06-27,Crypto Maximum Sharpe,0.00755216
2023-06-28,Crypto Maximum Sharpe,-0.03561411
2023-06-29,Crypto Maximum Sharpe,0.01915115
2023-06-30,Crypto Maximum Sharpe,0.05694468
2023-07-01,Crypto Maximum Sharpe,0.00317441
2023-07-02,Crypto Maximum Sharpe,-0.0047821
2023-07-03,Crypto Maximum Sharpe,0.00459679
2023-07-04,Crypto Maximum Sharpe,-0.01003857
2023-07-05,Crypto Maximum Sharpe,-0.00860197
2023-07-06,Crypto Maximum Sharpe,-0.01307793
2023-07-07,Crypto Maximum Sharpe,0.01672937
2023-07-08,Crypto Maximum Sharpe,-0.00369652
2023-07-09,Crypto Maximum Sharpe,-0.02746889
2023-07-10,Crypto Maximum Sharpe,0.01704079
2023-07-11,Crypto Maximum Sharpe,-0.00161016
2023-07-12,Crypto Maximum Sharpe,0.01152124
2023-07-13,Crypto Maximum Sharpe,0.02448889
2023-07-14,Crypto Maximum Sharpe,-0.04014065
2023-07-15,Crypto Maximum Sharpe,-0.01168982
2023-07-16,Crypto Maximum Sharpe,-0.01499321
2023-07-17,Crypto Maximum Sharpe,-0.01193726
2023-07-18,Crypto Maximum Sharpe,-0.00045889
2023-07-19,Crypto Maximum Sharpe,0.0043165
2023-07-20,Crypto Maximum Sharpe,0.00207136
2023-07-21,Crypto Maximum Sharpe,0.00798622
2023-07-22,Crypto Maximum Sharpe,-0.00215838
2023-07-23,Crypto Maximum Sharpe,0.01727529
2023-07-24,Crypto Maximum Sharpe,-0.03658401
2023-07-25,Crypto Maximum Sharpe,0.00141427
2023-07-26,Crypto Maximum Sharpe,0.01200416
2023-07-27,Crypto Maximum Sharpe,0.00103414
2023-07-28,Crypto Maximum Sharpe,0.01126242
2023-07-29,Crypto Maximum Sharpe,-0.00185363
2023-07-30,Crypto Maximum Sharpe,-0.01275848
2023-07-31,Crypto Maximum Sharpe,-0.01797978
2023-08-01,Crypto Maximum Sharpe,0.00837421
2023-08-02,Crypto Maximum Sharpe,-0.04030749
2023-08-03,Crypto Maximum Sharpe,-0.01929329
2023-08-04,Crypto Maximum Sharpe,-0.01718648
2023-08-05,Crypto Maximum Sharpe,0.00109868
2023-08-06,Crypto Maximum Sharpe,-0.00902035
2023-08-07,Crypto Maximum Sharpe,0.00717022
2023-08-08,Crypto Maximum Sharpe,0.01619559
2023-08-09,Crypto Maximum Sharpe,-0.00039446
2023-08-10,Crypto Maximum Sharpe,-0.00858777
2023-08-11,Crypto Maximum Sharpe,-0.00183167
2023-08-12,Crypto Maximum Sharpe,-0.0014731
2023-08-13,Crypto Maximum Sharpe,-0.0053544
2023-08-14,Crypto Maximum Sharpe,0.00722998
2023-08-15,Crypto Maximum Sharpe,-0.02565597
2023-08-16,Crypto Maximum Sharpe,-0.04177194
2023-08-17,Crypto Maximum Sharpe,-0.09209015
2023-08-18,Crypto Maximum Sharpe,0.00237347
2023-08-19,Crypto Maximum Sharpe,0.01419221
2023-08-20,Crypto Maximum Sharpe,0.02584167
2023-08-21,Crypto Maximum Sharpe,-0.01415911
2023-08-22,Crypto Maximum Sharpe,-0.00540804
2023-08-23,Crypto Maximum Sharpe,0.02741721
2023-08-24,Crypto Maximum Sharpe,-0.0124819
2023-08-25,Crypto Maximum Sharpe,0.00602114
2023-08-26,Crypto Maximum Sharpe,-0.00302754
2023-08-27,Crypto Maximum Sharpe,0.00982243
2023-08-28,Crypto Maximum Sharpe,-0.01335323
2023-08-29,Crypto Maximum Sharpe,0.05752245
2023-08-30,Crypto Maximum Sharpe,-0.02475668
2023-08-31,Crypto Maximum Sharpe,-0.01963458
2023-09-01,Crypto Maximum Sharpe,-0.02084505
2023-09-02,Crypto Maximum Sharpe,0.00245744
2023-09-03,Crypto Maximum Sharpe,0.00465223
2023-09-04,Crypto Maximum Sharpe,0.00081575
2023-09-05,Crypto Maximum Sharpe,-0.00459844
2023-09-06,Crypto Maximum Sharpe,0.00575565
2023-09-07,Crypto Maximum Sharpe,0.00276001
2023-09-08,Crypto Maximum Sharpe,0.0004321
2023-09-09,Crypto Maximum Sharpe,0.00073907
2023-09-10,Crypto Maximum Sharpe,-0.01073897
2023-09-11,Crypto Maximum Sharpe,-0.03082534
2023-09-12,Crypto Maximum Sharpe,0.03905157
2023-09-13,Crypto Maximum Sharpe,0.00518245
2023-09-14,Crypto Maximum Sharpe,0.02540433
2023-09-15,Crypto Maximum Sharpe,0.02154392
2023-09-16,Crypto Maximum Sharpe,-0.00568061
2023-09-17,Crypto Maximum Sharpe,-0.01296016
2023-09-18,Crypto Maximum Sharpe,0.02024529
2023-09-19,Crypto Maximum Sharpe,0.01202785
2023-09-20,Crypto Maximum Sharpe,-0.00020894
2023-09-21,Crypto Maximum Sharpe,-0.02479933
2023-09-22,Crypto Maximum Sharpe,0.00406512
2023-09-23,Crypto Maximum Sharpe,-0.00160349
2023-09-24,Crypto Maximum Sharpe,-0.00890062
2023-09-25,Crypto Maximum Sharpe,0.01371856
2023-09-26,Crypto Maximum Sharpe,0.0021347
2023-09-27,Crypto Maximum Sharpe,0.01995588
2023-09-28,Crypto Maximum Sharpe,0.02738398
2023-09-29,Crypto Maximum Sharpe,0.01104089
2023-09-30,Crypto Maximum Sharpe,-0.00717788
2023-10-01,Crypto Maximum Sharpe,0.02253579
2023-10-02,Crypto Maximum Sharpe,-0.00966835
2023-10-03,Crypto Maximum Sharpe,0.00522026
2023-10-04,Crypto Maximum Sharpe,-0.0046596
2023-10-05,Crypto Maximum Sharpe,-0.01184972
2023-10-06,Crypto Maximum Sharpe,-0.00198875
2023-10-07,Crypto Maximum Sharpe,-0.00091254
2023-10-08,Crypto Maximum Sharpe,-0.00639432
2023-10-09,Crypto Maximum Sharpe,-0.03097779
2023-10-10,Crypto Maximum Sharpe,-0.01328068
2023-10-11,Crypto Maximum Sharpe,-0.00439844
2023-10-12,Crypto Maximum Sharpe,-0.00825829
2023-10-13,Crypto Maximum Sharpe,0.00943918
2023-10-14,Crypto Maximum Sharpe,-0.00492535
2023-10-15,Crypto Maximum Sharpe,0.00735123
2023-10-16,Crypto Maximum Sharpe,0.04145317
2023-10-17,Crypto Maximum Sharpe,-0.01260229
2023-10-18,Crypto Maximum Sharpe,0.00034231
2023-10-19,Crypto Maximum Sharpe,0.0258327
2023-10-20,Crypto Maximum Sharpe,0.02007721
2023-10-21,Crypto Maximum Sharpe,0.01068804
2023-10-22,Crypto Maximum Sharpe,-0.0033172
2023-10-23,Crypto Maximum Sharpe,0.04710714
2023-10-24,Crypto Maximum Sharpe,-0.00418913
2023-10-25,Crypto Maximum Sharpe,0.00505539
2023-10-26,Crypto Maximum Sharpe,-0.01223176
2023-10-27,Crypto Maximum Sharpe,-0.01359748
2023-10-28,Crypto Maximum Sharpe,0.00985531
2023-10-29,Crypto Maximum Sharpe,0.01077077
2023-10-30,Crypto Maximum Sharpe,0.01616532
2023-10-31,Crypto Maximum Sharpe,0.01605378
2023-11-01,Crypto Maximum Sharpe,0.01520951
2023-11-02,Crypto Maximum Sharpe,-0.01829159
2023-11-03,Crypto Maximum Sharpe,0.00105992
2023-11-04,Crypto Maximum Sharpe,0.00710034
2023-11-05,Crypto Maximum Sharpe,0.02384261
2023-11-06,Crypto Maximum Sharpe,0.03407426
2023-11-07,Crypto Maximum Sharpe,-0.01580559
2023-11-08,Crypto Maximum Sharpe,0.00864286
2023-11-09,Crypto Maximum Sharpe,-0.00688914
2023-11-10,Crypto Maximum Sharpe,0.01908428
2023-11-11,Crypto Maximum Sharpe,-0.00067062
2023-11-12,Crypto Maximum Sharpe,2.272e-05
2023-11-13,Crypto Maximum Sharpe,-0.00471515
2023-11-14,Crypto Maximum Sharpe,-0.03551325
2023-11-15,Crypto Maximum Sharpe,0.03473505
2023-11-16,Crypto Maximum Sharpe,-0.03275197
2023-11-17,Crypto Maximum Sharpe,-3.7e-05
2023-11-18,Crypto Maximum Sharpe,-0.00493188
2023-11-19,Crypto Maximum Sharpe,0.0163331
2023-11-20,Crypto Maximum Sharpe,-0.01575922
2023-11-21,Crypto Maximum Sharpe,-0.04643837
2023-11-22,Crypto Maximum Sharpe,0.04497428
2023-11-23,Crypto Maximum Sharpe,0.00604406
2023-11-24,Crypto Maximum Sharpe,0.01096163
2023-11-25,Crypto Maximum Sharpe,0.01167885
2023-11-26,Crypto Maximum Sharpe,-0.00729027
2023-11-27,Crypto Maximum Sharpe,-0.02362406
2023-11-28,Crypto Maximum Sharpe,0.00858181
2023-11-29,Crypto Maximum Sharpe,0.00028142
2023-11-30,Crypto Maximum Sharpe,-0.00434588
2023-12-01,Crypto Maximum Sharpe,0.01440086
2023-12-02,Crypto Maximum Sharpe,0.01296835
2023-12-03,Crypto Maximum Sharpe,0.00708239
2023-12-04,Crypto Maximum Sharpe,0.04439266
2023-12-05,Crypto Maximum Sharpe,0.01587015
2023-12-06,Crypto Maximum Sharpe,-0.00299804
2023-12-07,Crypto Maximum Sharpe,-0.00093631
2023-12-08,Crypto Maximum Sharpe,0.02719862
2023-12-09,Crypto Maximum Sharpe,-0.00794975
2023-12-10,Crypto Maximum Sharpe,0.00139642
2023-12-11,Crypto Maximum Sharpe,-0.06099113
2023-12-12,Crypto Maximum Sharpe,0.00306548
2023-12-13,Crypto Maximum Sharpe,0.01958935
2023-12-14,Crypto Maximum Sharpe,0.00779858
2023-12-15,Crypto Maximum Sharpe,-0.0343347
2023-12-16,Crypto Maximum Sharpe,0.00950706
2023-12-17,Crypto Maximum Sharpe,-0.01535097
2023-12-18,Crypto Maximum Sharpe,0.01070979
2023-12-19,Crypto Maximum Sharpe,-0.00883239
2023-12-20,Crypto Maximum Sharpe,0.02422218
2023-12-21,Crypto Maximum Sharpe,0.01228203
2023-12-22,Crypto Maximum Sharpe,0.0072313
2023-12-23,Crypto Maximum Sharpe,-0.00282642
2023-12-24,Crypto Maximum Sharpe,-0.01181352
2023-12-25,Crypto Maximum Sharpe,0.01643977
2023-12-26,Crypto Maximum Sharpe,-0.02742904
2023-12-27,Crypto Maximum Sharpe,0.04641381
2023-12-28,Crypto Maximum Sharpe,-0.00710876
2023-12-29,Crypto Maximum Sharpe,-0.01260083
2023-12-30,Crypto Maximum Sharpe,0.01326695
2023-12-31,Crypto Maximum Sharpe,-0.00411556
2021-05-20,Crypto Risk Parity,0.14413433
2021-05-21,Crypto Risk Parity,-0.13709993
2021-05-22,Crypto Risk Parity,-0.05704932
2021-05-23,Crypto Risk Parity,-0.11067648
2021-05-24,Crypto Risk Parity,0.24357557
2021-05-25,Crypto Risk Parity,0.00274347
2021-05-26,Crypto Risk Parity,0.06833871
2021-05-27,Crypto Risk Parity,-0.03683435
2021-05-28,Crypto Risk Parity,-0.08338626
2021-05-29,Crypto Risk Parity,-0.05564666
2021-05-30,Crypto Risk Parity,0.04620108
2021-05-31,Crypto Risk Parity,0.0886428
2021-06-01,Crypto Risk Parity,-0.01913279
2021-06-02,Crypto Risk Parity,0.01660839
2021-06-03,Crypto Risk Parity,0.03545105
2021-06-04,Crypto Risk Parity,-0.06912586
2021-06-05,Crypto Risk Parity,-0.03151156
2021-06-06,Crypto Risk Parity,0.01772427
2021-06-07,Crypto Risk Parity,-0.08047616
2021-06-08,Crypto Risk Parity,-0.00132438
2021-06-09,Crypto Risk Parity,0.05973258
2021-06-10,Crypto Risk Parity,-0.0448761
2021-06-11,Crypto Risk Parity,-0.03204654
2021-06-12,Crypto Risk Parity,-0.00814864
2021-06-13,Crypto Risk Parity,0.06270383
2021-06-14,Crypto Risk Parity,0.01305722
2021-06-15,Crypto Risk Parity,0.01230352
2021-06-16,Crypto Risk Parity,-0.06876198
2021-06-17,Crypto Risk Parity,0.00912203
2021-06-18,Crypto Risk Parity,-0.05776888
2021-06-19,Crypto Risk Parity,-0.01957871
2021-06-20,Crypto Risk Parity,0.01117115
2021-06-21,Crypto Risk Parity,-0.18509275
2021-06-22,Crypto Risk Parity,-0.03096548
2021-06-23,Crypto Risk Parity,0.08248377
2021-06-24,Crypto Risk Parity,0.05970883
2021-06-25,Crypto Risk Parity,-0.08073297
2021-06-26,Crypto Risk Parity,0.01210591
2021-06-27,Crypto Risk Parity,0.05511574
2021-06-28,Crypto Risk Parity,0.01766595
2021-06-29,Crypto Risk Parity,0.07286833
2021-06-30,Crypto Risk Parity,0.00889595
2021-07-01,Crypto Risk Parity,-0.05226721
2021-07-02,Crypto Risk Parity,0.00745072
2021-07-03,Crypto Risk Parity,0.02263874
2021-07-04,Crypto Risk Parity,0.0222733
2021-07-05,Crypto Risk Parity,-0.04724497
2021-07-06,Crypto Risk Parity,0.01834097
2021-07-07,Crypto Risk Parity,-0.01316313
2021-07-08,Crypto Risk Parity,-0.04919759
2021-07-09,Crypto Risk Parity,0.03083413
2021-07-10,Crypto Risk Parity,-0.01520621
2021-07-11,Crypto Risk Parity,0.01151624
2021-07-12,Crypto Risk Parity,-0.02264699
2021-07-13,Crypto Risk Parity,-0.03132023
2021-07-14,Crypto Risk Parity,0.00567121
2021-07-15,Crypto Risk Parity,-0.03377839
2021-07-16,Crypto Risk Parity,-0.02400777
2021-07-17,Crypto Risk Parity,-0.00154321
2021-07-18,Crypto Risk Parity,0.00317613
2021-07-19,Crypto Risk Parity,-0.0472786
2021-07-20,Crypto Risk Parity,-0.03925602
2021-07-21,Crypto Risk Parity,0.0843203
2021-07-22,Crypto Risk Parity,0.03282122
2021-07-23,Crypto Risk Parity,0.03080946
2021-07-24,Crypto Risk Parity,0.02106572
2021-07-25,Crypto Risk Parity,0.0008663
2021-07-26,Crypto Risk Parity,0.02582339
2021-07-27,Crypto Risk Parity,0.0283127
2021-07-28,Crypto Risk Parity,0.02456578
2021-07-29,Crypto Risk Parity,0.01749083
2021-07-30,Crypto Risk Parity,0.03061878
2021-07-31,Crypto Risk Parity,0.00426722
2021-08-01,Crypto Risk Parity,-0.02288709
2021-08-02,Crypto Risk Parity,0.00876372
2021-08-03,Crypto Risk Parity,-0.01612561
2021-08-04,Crypto Risk Parity,0.03712192
2021-08-05,Crypto Risk Parity,0.01744194
2021-08-06,Crypto Risk Parity,0.02388877
2021-08-07,Crypto Risk Parity,0.06858291
2021-08-08,Crypto Risk Parity,-0.04293049
2021-08-09,Crypto Risk Parity,0.05405378
2021-08-10,Crypto Risk Parity,0.01728477
2021-08-11,Crypto Risk Parity,0.05912687
2021-08-12,Crypto Risk Parity,-0.02170183
2021-08-13,Crypto Risk Parity,0.09874253
2021-08-14,Crypto Risk Parity,0.03912815
2021-08-15,Crypto Risk Parity,0.0168308
2021-08-16,Crypto Risk Parity,-0.04236345
2021-08-17,Crypto Risk Parity,-0.06159047
2021-08-18,Crypto Risk Parity,0.01259759
2021-08-19,Crypto Risk Parity,0.06097273
2021-08-20,Crypto Risk Parity,0.03938958
2021-08-21,Crypto Risk Parity,-0.02258028
2021-08-22,Crypto Risk Parity,0.01877485
2021-08-23,Crypto Risk Parity,0.02017114
2021-08-24,Crypto Risk Parity,-0.06459362
2021-08-25,Crypto Risk Parity,0.02189515
2021-08-26,Crypto Risk Parity,-0.05922262
2021-08-27,Crypto Risk Parity,0.07087364
2021-08-28,Crypto Risk Parity,-0.0098565
2021-08-29,Crypto Risk Parity,-0.00026707
2021-08-30,Crypto Risk Parity,-0.03366754
2021-08-31,Crypto Risk Parity,0.03190378
2021-09-01,Crypto Risk Parity,0.05547376
2021-09-02,Crypto Risk Parity,0.01199874
2021-09-03,Crypto Risk Parity,0.04450753
2021-09-04,Crypto Risk Parity,-0.00983601
2021-09-05,Crypto Risk Parity,0.05376954
2021-09-06,Crypto Risk Parity,0.005367
2021-09-07,Crypto Risk Parity,-0.16207886
2021-09-08,Crypto Risk Parity,0.00124824
2021-09-09,Crypto Risk Parity,0.00251494
2021-09-10,Crypto Risk Parity,-0.04162375
2021-09-11,Crypto Risk Parity,0.02893199
2021-09-12,Crypto Risk Parity,0.03894245
2021-09-13,Crypto Risk Parity,-0.04210992
2021-09-14,Crypto Risk Parity,0.04079028
2021-09-15,Crypto Risk Parity,0.03334411
2021-09-16,Crypto Risk Parity,-0.02164101
2021-09-17,Crypto Risk Parity,-0.02885643
2021-09-18,Crypto Risk Parity,0.01465739
2021-09-19,Crypto Risk Parity,-0.03412819
2021-09-20,Crypto Risk Parity,-0.11235784
2021-09-21,Crypto Risk Parity,-0.05291064
2021-09-22,Crypto Risk Parity,0.10682128
2021-09-23,Crypto Risk Parity,0.01744417
2021-09-24,Crypto Risk Parity,-0.06113578
2021-09-25,Crypto Risk Parity,-0.00413434
2021-09-26,Crypto Risk Parity,-0.00453514
2021-09-27,Crypto Risk Parity,-0.03061429
2021-09-28,Crypto Risk Parity,-0.03301171
2021-09-29,Crypto Risk Parity,0.02409929
2021-09-30,Crypto Risk Parity,0.04114155
2021-10-01,Crypto Risk Parity,0.08655949
2021-10-02,Crypto Risk Parity,0.0114224
2021-10-03,Crypto Risk Parity,0.01491056
2021-10-04,Crypto Risk Parity,-0.01259392
2021-10-05,Crypto Risk Parity,0.03960544
2021-10-06,Crypto Risk Parity,0.02879967
2021-10-07,Crypto Risk Parity,-0.00711877
2021-10-08,Crypto Risk Parity,-0.00841901
2021-10-09,Crypto Risk Parity,0.0360349
2021-10-10,Crypto Risk Parity,-0.03655607
2021-10-11,Crypto Risk Parity,0.01864835
2021-10-12,Crypto Risk Parity,-0.02439267
2021-10-13,Crypto Risk Parity,0.03116125
2021-10-14,Crypto Risk Parity,0.00816736
2021-10-15,Crypto Risk Parity,0.02538089
2021-10-16,Crypto Risk Parity,0.00092487
2021-10-17,Crypto Risk Parity,-0.0126211
2021-10-18,Crypto Risk Parity,-0.00480691
2021-10-19,Crypto Risk Parity,0.01523166
2021-10-20,Crypto Risk Parity,0.04976928
2021-10-21,Crypto Risk Parity,-0.03581508
2021-10-22,Crypto Risk Parity,-0.01067515
2021-10-23,Crypto Risk Parity,0.01934186
2021-10-24,Crypto Risk Parity,-0.01468256
2021-10-25,Crypto Risk Parity,0.01981349
2021-10-26,Crypto Risk Parity,-0.01459007
2021-10-27,Crypto Risk Parity,-0.08655593
2021-10-28,Crypto Risk Parity,0.05584664
2021-10-29,Crypto Risk Parity,0.02896835
2021-10-30,Crypto Risk Parity,-0.01065575
2021-10-31,Crypto Risk Parity,0.01184968
2021-11-01,Crypto Risk Parity,-0.00376652
2021-11-02,Crypto Risk Parity,0.03403098
2021-11-03,Crypto Risk Parity,0.01505573
2021-11-04,Crypto Risk Parity,-0.02524604
2021-11-05,Crypto Risk Parity,-0.00951154
2021-11-06,Crypto Risk Parity,-0.00305751
2021-11-07,Crypto Risk Parity,0.02378552
2021-11-08,Crypto Risk Parity,0.06091989
2021-11-09,Crypto Risk Parity,0.05251314
2021-11-10,Crypto Risk Parity,-0.04962669
2021-11-11,Crypto Risk Parity,0.01068593
2021-11-12,Crypto Risk Parity,-0.02030969
2021-11-13,Crypto Risk Parity,0.01166196
2021-11-14,Crypto Risk Parity,0.01262902
2021-11-15,Crypto Risk Parity,-0.01526283
2021-11-16,Crypto Risk Parity,-0.083438
2021-11-17,Crypto Risk Parity,0.00512559
2021-11-18,Crypto Risk Parity,-0.066638
2021-11-19,Crypto Risk Parity,0.04846205
2021-11-20,Crypto Risk Parity,0.01738116
2021-11-21,Crypto Risk Parity,-0.01872536
2021-11-22,Crypto Risk Parity,-0.03757024
2021-11-23,Crypto Risk Parity,0.02285508
2021-11-24,Crypto Risk Parity,-0.02492224
2021-11-25,Crypto Risk Parity,0.00951348
2021-11-26,Crypto Risk Parity,-0.06656433
2021-11-27,Crypto Risk Parity,0.01231574
2021-11-28,Crypto Risk Parity,0.02395628
2021-11-29,Crypto Risk Parity,0.01780923
2021-11-30,Crypto Risk Parity,0.00226466
2021-12-01,Crypto Risk Parity,-0.00405684
2021-12-02,Crypto Risk Parity,0.00259798
2021-12-03,Crypto Risk Parity,-0.05535467
2021-12-04,Crypto Risk Parity,-0.09597747
2021-12-05,Crypto Risk Parity,-0.02218737
2021-12-06,Crypto Risk Parity,0.03846271
2021-12-07,Crypto Risk Parity,-0.00476156
2021-12-08,Crypto Risk Parity,0.03274483
2021-12-09,Crypto Risk Parity,-0.06842319
2021-12-10,Crypto Risk Parity,-0.03547897
2021-12-11,Crypto Risk Parity,0.0607121
2021-12-12,Crypto Risk Parity,0.00188948
2021-12-13,Crypto Risk Parity,-0.07992211
2021-12-14,Crypto Risk Parity,0.0097263
2021-12-15,Crypto Risk Parity,0.04949369
2021-12-16,Crypto Risk Parity,-0.03175606
2021-12-17,Crypto Risk Parity,-0.02578158
2021-12-18,Crypto Risk Parity,0.01968913
2021-12-19,Crypto Risk Parity,-0.00217888
2021-12-20,Crypto Risk Parity,0.00210004
2021-12-21,Crypto Risk Parity,0.03310808
2021-12-22,Crypto Risk Parity,0.00473418
2021-12-23,Crypto Risk Parity,0.05244712
2021-12-24,Crypto Risk Parity,-0.02370414
2021-12-25,Crypto Risk Parity,0.01067505
2021-12-26,Crypto Risk Parity,-0.00139286
2021-12-27,Crypto Risk Parity,0.0061047
2021-12-28,Crypto Risk Parity,-0.06530874
2021-12-29,Crypto Risk Parity,-0.02846915
2021-12-30,Crypto Risk Parity,0.01714881
2021-12-31,Crypto Risk Parity,-0.01585175
2022-01-01,Crypto Risk Parity,0.02912946
2022-01-02,Crypto Risk Parity,0.01340401
2022-01-03,Crypto Risk Parity,-0.02063535
2022-01-04,Crypto Risk Parity,-0.0112159
2022-01-05,Crypto Risk Parity,-0.06127647
2022-01-06,Crypto Risk Parity,-0.00199354
2022-01-07,Crypto Risk Parity,-0.0410745
2022-01-08,Crypto Risk Parity,-0.01956159
2022-01-09,Crypto Risk Parity,0.00898456
2022-01-10,Crypto Risk Parity,-0.02839735
2022-01-11,Crypto Risk Parity,0.03376942
2022-01-12,Crypto Risk Parity,0.05261921
2022-01-13,Crypto Risk Parity,-0.0342829
2022-01-14,Crypto Risk Parity,0.02545142
2022-01-15,Crypto Risk Parity,0.00858891
2022-01-16,Crypto Risk Parity,0.00706821
2022-01-17,Crypto Risk Parity,0.00044377
2022-01-18,Crypto Risk Parity,-0.01577176
2022-01-19,Crypto Risk Parity,-0.02804259
2022-01-20,Crypto Risk Parity,-0.04102847
2022-01-21,Crypto Risk Parity,-0.11549673
2022-01-22,Crypto Risk Parity,-0.05751568
2022-01-23,Crypto Risk Parity,0.03873142
2022-01-24,Crypto Risk Parity,-0.02662452
2022-01-25,Crypto Risk Parity,0.00088548
2022-01-26,Crypto Risk Parity,0.00481809
2022-01-27,Crypto Risk Parity,-0.00791462
2022-01-28,Crypto Risk Parity,0.02515636
2022-01-29,Crypto Risk Parity,0.01486356
2022-01-30,Crypto Risk Parity,-0.016197
2022-01-31,Crypto Risk Parity,0.01474898
2022-02-01,Crypto Risk Parity,0.02273148
2022-02-02,Crypto Risk Parity,-0.03991418
2022-02-03,Crypto Risk Parity,0.01452444
2022-02-04,Crypto Risk Parity,0.08990905
2022-02-05,Crypto Risk Parity,0.00850671
2022-02-06,Crypto Risk Parity,0.02424055
2022-02-07,Crypto Risk Parity,0.06576457
2022-02-08,Crypto Risk Parity,-0.00254454
2022-02-09,Crypto Risk Parity,0.01964829
2022-02-10,Crypto Risk Parity,-0.02623349
2022-02-11,Crypto Risk Parity,-0.05743447
2022-02-12,Crypto Risk Parity,0.00346817
2022-02-13,Crypto Risk Parity,-0.00106145
2022-02-14,Crypto Risk Parity,-0.0031583
2022-02-15,Crypto Risk Parity,0.05507796
2022-02-16,Crypto Risk Parity,-0.01554616
2022-02-17,Crypto Risk Parity,-0.07738686
2022-02-18,Crypto Risk Parity,-0.0088259
2022-02-19,Crypto Risk Parity,0.00498168
2022-02-20,Crypto Risk Parity,-0.04331625
2022-02-21,Crypto Risk Parity,-0.05951302
2022-02-22,Crypto Risk Parity,0.03856344
2022-02-23,Crypto Risk Parity,-0.02113717
2022-02-24,Crypto Risk Parity,0.0034071
2022-02-25,Crypto Risk Parity,0.04088543
2022-02-26,Crypto Risk Parity,0.00229381
2022-02-27,Crypto Risk Parity,-0.04114827
2022-02-28,Crypto Risk Parity,0.10411417
2022-03-01,Crypto Risk Parity,0.00503412
2022-03-02,Crypto Risk Parity,-0.01795349
2022-03-03,Crypto Risk Parity,-0.02095174
2022-03-04,Crypto Risk Parity,-0.07003722
2022-03-05,Crypto Risk Parity,0.02401772
2022-03-06,Crypto Risk Parity,-0.03606834
2022-03-07,Crypto Risk Parity,-0.01748876
2022-03-08,Crypto Risk Parity,0.0194326
2022-03-09,Crypto Risk Parity,0.06214229
2022-03-10,Crypto Risk Parity,-0.04593437
2022-03-11,Crypto Risk Parity,0.00456854
2022-03-12,Crypto Risk Parity,9.264e-05
2022-03-13,Crypto Risk Parity,-0.02603084
2022-03-14,Crypto Risk Parity,0.02716128
2022-03-15,Crypto Risk Parity,0.00238115
2022-03-16,Crypto Risk Parity,0.04181229
2022-03-17,Crypto Risk Parity,-0.00200424
2022-03-18,Crypto Risk Parity,0.02318737
2022-03-19,Crypto Risk Parity,0.0444315
2022-03-20,Crypto Risk Parity,-0.0036092
2022-03-21,Crypto Risk Parity,0.02148066
2022-03-22,Crypto Risk Parity,0.05948407
2022-03-23,Crypto Risk Parity,0.01402209
2022-03-24,Crypto Risk Parity,0.02456571
2022-03-25,Crypto Risk Parity,-0.01022574
2022-03-26,Crypto Risk Parity,0.01002032
2022-03-27,Crypto Risk Parity,0.04295694
2022-03-28,Crypto Risk Parity,0.00392093
2022-03-29,Crypto Risk Parity,0.01369136
2022-03-30,Crypto Risk Parity,0.00847825
2022-03-31,Crypto Risk Parity,-0.03043105
2022-04-01,Crypto Risk Parity,0.01440443
2022-04-02,Crypto Risk Parity,-0.00992544
2022-04-03,Crypto Risk Parity,0.01871002
2022-04-04,Crypto Risk Parity,-0.00605632
2022-04-05,Crypto Risk Parity,-0.02786667
2022-04-06,Crypto Risk Parity,-0.08834216
2022-04-07,Crypto Risk Parity,0.03313721
2022-04-08,Crypto Risk Parity,-0.03999122
2022-04-09,Crypto Risk Parity,0.01810662
2022-04-10,Crypto Risk Parity,-0.01673374
2022-04-11,Crypto Risk Parity,-0.07916785
2022-04-12,Crypto Risk Parity,0.0272062
2022-04-13,Crypto Risk Parity,0.03620759
2022-04-14,Crypto Risk Parity,-0.02465722
2022-04-15,Crypto Risk Parity,0.02898501
2022-04-16,Crypto Risk Parity,0.0124566
2022-04-17,Crypto Risk Parity,-0.03647593
2022-04-18,Crypto Risk Parity,0.0226794
2022-04-19,Crypto Risk Parity,0.0207714
2022-04-20,Crypto Risk Parity,-0.01179256
2022-04-21,Crypto Risk Parity,-0.018394
2022-04-22,Crypto Risk Parity,-0.01282936
2022-04-23,Crypto Risk Parity,-0.01189517
2022-04-24,Crypto Risk Parity,-0.0126326
2022-04-25,Crypto Risk Parity,0.01134786
2022-04-26,Crypto Risk Parity,-0.06728038
2022-04-27,Crypto Risk Parity,0.0246458
2022-04-28,Crypto Risk Parity,0.00935179
2022-04-29,Crypto Risk Parity,-0.03573724
2022-04-30,Crypto Risk Parity,-0.0496458
2022-05-01,Crypto Risk Parity,0.04630555
2022-05-02,Crypto Risk Parity,-0.00283042
2022-05-03,Crypto Risk Parity,-0.01071616
2022-05-04,Crypto Risk Parity,0.09568656
2022-05-05,Crypto Risk Parity,-0.08783518
2022-05-06,Crypto Risk Parity,0.00955882
2022-05-07,Crypto Risk Parity,-0.02517634
2022-05-08,Crypto Risk Parity,-0.02011444
2022-05-09,Crypto Risk Parity,-0.13730977
2022-05-10,Crypto Risk Parity,0.03525793
2022-05-11,Crypto Risk Parity,-0.13739013
2022-05-12,Crypto Risk Parity,-0.04615981
2022-05-13,Crypto Risk Parity,0.06346162
2022-05-14,Crypto Risk Parity,0.02089782
2022-05-15,Crypto Risk Parity,0.04171333
2022-05-16,Crypto Risk Parity,-0.05864389
2022-05-17,Crypto Risk Parity,0.0424362
2022-05-18,Crypto Risk Parity,-0.0777448
2022-05-19,Crypto Risk Parity,0.04828743
2022-05-20,Crypto Risk Parity,-0.03199397
2022-05-21,Crypto Risk Parity,0.01603826
2022-05-22,Crypto Risk Parity,0.03452119
2022-05-23,Crypto Risk Parity,-0.03377992
2022-05-24,Crypto Risk Parity,0.03020567
2022-05-25,Crypto Risk Parity,-0.00841099
2022-05-26,Crypto Risk Parity,-0.04849509
2022-05-27,Crypto Risk Parity,-0.02898058
2022-05-28,Crypto Risk Parity,0.01705371
2022-05-29,Crypto Risk Parity,0.02696211
2022-05-30,Crypto Risk Parity,0.08430544
2022-05-31,Crypto Risk Parity,0.01141923
2022-06-01,Crypto Risk Parity,-0.0699361
2022-06-02,Crypto Risk Parity,0.02399445
2022-06-03,Crypto Risk Parity,-0.02631861
2022-06-04,Crypto Risk Parity,0.00693769
2022-06-05,Crypto Risk Parity,-0.00334838
2022-06-06,Crypto Risk Parity,0.03026801
2022-06-07,Crypto Risk Parity,-0.01140739
2022-06-08,Crypto Risk Parity,-0.01400226
2022-06-09,Crypto Risk Parity,-0.00601412
2022-06-10,Crypto Risk Parity,-0.0518495
2022-06-11,Crypto Risk Parity,-0.05715921
2022-06-12,Crypto Risk Parity,-0.05732849
2022-06-13,Crypto Risk Parity,-0.1288631
2022-06-14,Crypto Risk Parity,0.00937874
2022-06-15,Crypto Risk Parity,0.06270685
2022-06-16,Crypto Risk Parity,-0.10665335
2022-06-17,Crypto Risk Parity,0.03405616
2022-06-18,Crypto Risk Parity,-0.04422375
2022-06-19,Crypto Risk Parity,0.07960521
2022-06-20,Crypto Risk Parity,0.00095408
2022-06-21,Crypto Risk Parity,0.00632753
2022-06-22,Crypto Risk Parity,-0.03615351
2022-06-23,Crypto Risk Parity,0.04830923
2022-06-24,Crypto Risk Parity,0.03761175
2022-06-25,Crypto Risk Parity,0.00796258
2022-06-26,Crypto Risk Parity,-0.02214527
2022-06-27,Crypto Risk Parity,-0.00676964
2022-06-28,Crypto Risk Parity,-0.04140041
2022-06-29,Crypto Risk Parity,-0.01494087
2022-06-30,Crypto Risk Parity,-0.00788583
2022-07-01,Crypto Risk Parity,-0.02256268
2022-07-02,Crypto Risk Parity,0.00890675
2022-07-03,Crypto Risk Parity,0.00617427
2022-07-04,Crypto Risk Parity,0.03537463
2022-07-05,Crypto Risk Parity,-0.01788745
2022-07-06,Crypto Risk Parity,0.01728685
2022-07-07,Crypto Risk Parity,0.03882246
2022-07-08,Crypto Risk Parity,-0.00881289
2022-07-09,Crypto Risk Parity,0.01259551
2022-07-10,Crypto Risk Parity,-0.03948344
2022-07-11,Crypto Risk Parity,-0.05512611
2022-07-12,Crypto Risk Parity,-0.02447837
2022-07-13,Crypto Risk Parity,0.04502245
2022-07-14,Crypto Risk Parity,0.02348311
2022-07-15,Crypto Risk Parity,0.01339782
2022-07-16,Crypto Risk Parity,0.04934101
2022-07-17,Crypto Risk Parity,-0.00338442
2022-07-18,Crypto Risk Parity,0.10485923
2022-07-19,Crypto Risk Parity,0.0188499
2022-07-20,Crypto Risk Parity,-0.03382755
2022-07-21,Crypto Risk Parity,0.02229838
2022-07-22,Crypto Risk Parity,-0.01040377
2022-07-23,Crypto Risk Parity,0.00694407
2022-07-24,Crypto Risk Parity,0.01876287
2022-07-25,Crypto Risk Parity,-0.07167733
2022-07-26,Crypto Risk Parity,0.00304824
2022-07-27,Crypto Risk Parity,0.10491443
2022-07-28,Crypto Risk Parity,0.07258353
2022-07-29,Crypto Risk Parity,-0.0052906
2022-07-30,Crypto Risk Parity,-0.00463549
2022-07-31,Crypto Risk Parity,-0.01589486
2022-08-01,Crypto Risk Parity,-0.01106089
2022-08-02,Crypto Risk Parity,-0.01849414
2022-08-03,Crypto Risk Parity,-0.00574334
2022-08-04,Crypto Risk Parity,0.00128197
2022-08-05,Crypto Risk Parity,0.04403431
2022-08-06,Crypto Risk Parity,-0.00941003
2022-08-07,Crypto Risk Parity,0.00693432
2022-08-08,Crypto Risk Parity,0.02379709
2022-08-09,Crypto Risk Parity,-0.04241422
2022-08-10,Crypto Risk Parity,0.04865645
2022-08-11,Crypto Risk Parity,0.01084303
2022-08-12,Crypto Risk Parity,0.01455819
2022-08-13,Crypto Risk Parity,0.0075477
2022-08-14,Crypto Risk Parity,-0.01143206
2022-08-15,Crypto Risk Parity,-0.01674694
2022-08-16,Crypto Risk Parity,0.00099874
2022-08-17,Crypto Risk Parity,-0.00888565
2022-08-18,Crypto Risk Parity,-0.01673548
2022-08-19,Crypto Risk Parity,-0.1059403
2022-08-20,Crypto Risk Parity,0.01286621
2022-08-21,Crypto Risk Parity,0.02939578
2022-08-22,Crypto Risk Parity,0.01720769
2022-08-23,Crypto Risk Parity,0.01397294
2022-08-24,Crypto Risk Parity,-0.00810093
2022-08-25,Crypto Risk Parity,0.010905
2022-08-26,Crypto Risk Parity,-0.07647985
2022-08-27,Crypto Risk Parity,0.0024198
2022-08-28,Crypto Risk Parity,-0.03188155
2022-08-29,Crypto Risk Parity,0.04800376
2022-08-30,Crypto Risk Parity,-0.02510264
2022-08-31,Crypto Risk Parity,0.00381606
2022-09-01,Crypto Risk Parity,0.02230754
2022-09-02,Crypto Risk Parity,0.00365212
2022-09-03,Crypto Risk Parity,0.00219713
2022-09-04,Crypto Risk Parity,0.01001785
2022-09-05,Crypto Risk Parity,0.02512218
2022-09-06,Crypto Risk Parity,-0.06746197
2022-09-07,Crypto Risk Parity,0.05294683
2022-09-08,Crypto Risk Parity,0.00585141
2022-09-09,Crypto Risk Parity,0.06107457
2022-09-10,Crypto Risk Parity,0.01813245
2022-09-11,Crypto Risk Parity,-0.01012019
2022-09-12,Crypto Risk Parity,-0.0056562
2022-09-13,Crypto Risk Parity,-0.07143787
2022-09-14,Crypto Risk Parity,0.01929435
2022-09-15,Crypto Risk Parity,-0.0459969
2022-09-16,Crypto Risk Parity,0.01328439
2022-09-17,Crypto Risk Parity,0.03071547
2022-09-18,Crypto Risk Parity,-0.07335512
2022-09-19,Crypto Risk Parity,0.02125838
2022-09-20,Crypto Risk Parity,-0.00118521
2022-09-21,Crypto Risk Parity,-0.03669251
2022-09-22,Crypto Risk Parity,0.0674004
2022-09-23,Crypto Risk Parity,0.01032841
2022-09-24,Crypto Risk Parity,-0.02106242
2022-09-25,Crypto Risk Parity,-0.0123996
2022-09-26,Crypto Risk Parity,0.00298153
2022-09-27,Crypto Risk Parity,-0.01470164
2022-09-28,Crypto Risk Parity,-0.00010241
2022-09-29,Crypto Risk Parity,0.02539511
2022-09-30,Crypto Risk Parity,-0.00460068
2022-10-01,Crypto Risk Parity,0.00033632
2022-10-02,Crypto Risk Parity,-0.02403955
2022-10-03,Crypto Risk Parity,0.02189793
2022-10-04,Crypto Risk Parity,0.02525311
2022-10-05,Crypto Risk Parity,-0.00397687
2022-10-06,Crypto Risk Parity,-0.00599118
2022-10-07,Crypto Risk Parity,-0.00431045
2022-10-08,Crypto Risk Parity,-0.00288518
2022-10-09,Crypto Risk Parity,0.01006192
2022-10-10,Crypto Risk Parity,-0.04040531
2022-10-11,Crypto Risk Parity,-0.0180354
2022-10-12,Crypto Risk Parity,0.00200672
2022-10-13,Crypto Risk Parity,-0.01548693
2022-10-14,Crypto Risk Parity,0.00299042
2022-10-15,Crypto Risk Parity,-0.00794293
2022-10-16,Crypto Risk Parity,0.01140187
2022-10-17,Crypto Risk Parity,0.01169841
2022-10-18,Crypto Risk Parity,-0.0154536
2022-10-19,Crypto Risk Parity,-0.02284557
2022-10-20,Crypto Risk Parity,-0.00240926
2022-10-21,Crypto Risk Parity,0.01228168
2022-10-22,Crypto Risk Parity,0.00970293
2022-10-23,Crypto Risk Parity,0.01879139
2022-10-24,Crypto Risk Parity,-0.01919391
2022-10-25,Crypto Risk Parity,0.05124928
2022-10-26,Crypto Risk Parity,0.02367137
2022-10-27,Crypto Risk Parity,-0.0208376
2022-10-28,Crypto Risk Parity,0.01953784
2022-10-29,Crypto Risk Parity,0.01628775
2022-10-30,Crypto Risk Parity,-0.02225803
2022-10-31,Crypto Risk Parity,0.00088845
2022-11-01,Crypto Risk Parity,-0.00472136
2022-11-02,Crypto Risk Parity,-0.01428846
2022-11-03,Crypto Risk Parity,0.01456305
2022-11-04,Crypto Risk Parity,0.06698281
2022-11-05,Crypto Risk Parity,-0.00041773
2022-11-06,Crypto Risk Parity,-0.03737615
2022-11-07,Crypto Risk Parity,-0.00080553
2022-11-08,Crypto Risk Parity,-0.11442006
2022-11-09,Crypto Risk Parity,-0.1438121
2022-11-10,Crypto Risk Parity,0.15319593
2022-11-11,Crypto Risk Parity,-0.01821963
2022-11-12,Crypto Risk Parity,-0.03033503
2022-11-13,Crypto Risk Parity,-0.03529549
2022-11-14,Crypto Risk Parity,0.02247871
2022-11-15,Crypto Risk Parity,0.01475345
2022-11-16,Crypto Risk Parity,-0.0177859
2022-11-17,Crypto Risk Parity,0.00498859
2022-11-18,Crypto Risk Parity,0.00262667
2022-11-19,Crypto Risk Parity,0.00856317
2022-11-20,Crypto Risk Parity,-0.04004691
2022-11-21,Crypto Risk Parity,-0.01300927
2022-11-22,Crypto Risk Parity,0.03620271
2022-11-23,Crypto Risk Parity,0.0437556
2022-11-24,Crypto Risk Parity,0.01091415
2022-11-25,Crypto Risk Parity,-0.00643409
2022-11-26,Crypto Risk Parity,-0.0039142
2022-11-27,Crypto Risk Parity,-0.00117833
2022-11-28,Crypto Risk Parity,-0.01722881
2022-11-29,Crypto Risk Parity,0.0160575
2022-11-30,Crypto Risk Parity,0.03395859
2022-12-01,Crypto Risk Parity,-0.01942481
2022-12-02,Crypto Risk Parity,0.00852883
2022-12-03,Crypto Risk Parity,-0.01873216
2022-12-04,Crypto Risk Parity,0.01059268
2022-12-05,Crypto Risk Parity,-0.0020738
2022-12-06,Crypto Risk Parity,0.00629796
2022-12-07,Crypto Risk Parity,-0.0190121
2022-12-08,Crypto Risk Parity,0.02195983
2022-12-09,Crypto Risk Parity,-0.00547096
2022-12-10,Crypto Risk Parity,-0.00034354
2022-12-11,Crypto Risk Parity,-0.0120825
2022-12-12,Crypto Risk Parity,-0.00202473
2022-12-13,Crypto Risk Parity,0.02288648
2022-12-14,Crypto Risk Parity,-0.00918803
2022-12-15,Crypto Risk Parity,-0.02239123
2022-12-16,Crypto Risk Parity,-0.07746125
2022-12-17,Crypto Risk Parity,0.01482644
2022-12-18,Crypto Risk Parity,-0.00669987
2022-12-19,Crypto Risk Parity,-0.02925071
2022-12-20,Crypto Risk Parity,0.03537425
2022-12-21,Crypto Risk Parity,-0.00425887
2022-12-22,Crypto Risk Parity,0.0064658
2022-12-23,Crypto Risk Parity,-0.00178613
2022-12-24,Crypto Risk Parity,-0.00055002
2022-12-25,Crypto Risk Parity,0.00042771
2022-12-26,Crypto Risk Parity,0.01519682
2022-12-27,Crypto Risk Parity,-0.0115682
2022-12-28,Crypto Risk Parity,-0.0252866
2022-12-29,Crypto Risk Parity,-0.00104783
2022-12-30,Crypto Risk Parity,0.0006411
2022-12-31,Crypto Risk Parity,0.00084741
2023-01-01,Crypto Risk Parity,0.00751254
2023-01-02,Crypto Risk Parity,0.01807101
2023-01-03,Crypto Risk Parity,-0.00261253
2023-01-04,Crypto Risk Parity,0.03229027
2023-01-05,Crypto Risk Parity,-0.01415012
2023-01-06,Crypto Risk Parity,0.02053188
2023-01-07,Crypto Risk Parity,-0.0031042
2023-01-08,Crypto Risk Parity,0.02204484
2023-01-09,Crypto Risk Parity,0.02650845
2023-01-10,Crypto Risk Parity,0.00616127
2023-01-11,Crypto Risk Parity,0.02967908
2023-01-12,Crypto Risk Parity,0.02637245
2023-01-13,Crypto Risk Parity,0.03531077
2023-01-14,Crypto Risk Parity,0.03472901
2023-01-15,Crypto Risk Parity,-0.00245506
2023-01-16,Crypto Risk Parity,-0.00327343
2023-01-17,Crypto Risk Parity,-0.00505992
2023-01-18,Crypto Risk Parity,-0.04160648
2023-01-19,Crypto Risk Parity,0.02363737
2023-01-20,Crypto Risk Parity,0.0636359
2023-01-21,Crypto Risk Parity,-0.00901278
2023-01-22,Crypto Risk Parity,0.00847081
2023-01-23,Crypto Risk Parity,0.0210241
2023-01-24,Crypto Risk Parity,-0.04034483
2023-01-25,Crypto Risk Parity,0.03006123
2023-01-26,Crypto Risk Parity,-0.00192827
2023-01-27,Crypto Risk Parity,0.011057
2023-01-28,Crypto Risk Parity,-0.00853983
2023-01-29,Crypto Risk Parity,0.03074767
2023-01-30,Crypto Risk Parity,-0.0456872
2023-01-31,Crypto Risk Parity,0.01878716
2023-02-01,Crypto Risk Parity,0.02525899
2023-02-02,Crypto Risk Parity,-0.00384484
2023-02-03,Crypto Risk Parity,0.0125769
2023-02-04,Crypto Risk Parity,4.698e-05
2023-02-05,Crypto Risk Parity,-0.02021915
2023-02-06,Crypto Risk Parity,-0.01690571
2023-02-07,Crypto Risk Parity,0.03791465
2023-02-08,Crypto Risk Parity,-0.01368333
2023-02-09,Crypto Risk Parity,-0.05729009
2023-02-10,Crypto Risk Parity,-0.00079882
2023-02-11,Crypto Risk Parity,0.01065996
2023-02-12,Crypto Risk Parity,-0.0132241
2023-02-13,Crypto Risk Parity,-0.00141478
2023-02-14,Crypto Risk Parity,0.02880367
2023-02-15,Crypto Risk Parity,0.06596377
2023-02-16,Crypto Risk Parity,-0.04362474
2023-02-17,Crypto Risk Parity,0.04818261
2023-02-18,Crypto Risk Parity,0.00708215
2023-02-19,Crypto Risk Parity,-0.01025919
2023-02-20,Crypto Risk Parity,0.02505922
2023-02-21,Crypto Risk Parity,-0.01941319
2023-02-22,Crypto Risk Parity,-0.00721184
2023-02-23,Crypto Risk Parity,-0.01101764
2023-02-24,Crypto Risk Parity,-0.03403294
2023-02-25,Crypto Risk Parity,-0.00233241
2023-02-26,Crypto Risk Parity,0.0178294
2023-02-27,Crypto Risk Parity,-0.00436362
2023-02-28,Crypto Risk Parity,-0.01242076
2023-03-01,Crypto Risk Parity,0.02508418
2023-03-02,Crypto Risk Parity,-0.00982888
2023-03-03,Crypto Risk Parity,-0.0241066
2023-03-04,Crypto Risk Parity,-0.01735654
2023-03-05,Crypto Risk Parity,-0.00149062
2023-03-06,Crypto Risk Parity,-0.00315646
2023-03-07,Crypto Risk Parity,-0.00873949
2023-03-08,Crypto Risk Parity,-0.02555771
2023-03-09,Crypto Risk Parity,-0.06245457
2023-03-10,Crypto Risk Parity,-0.00520031
2023-03-11,Crypto Risk Parity,0.00445062
2023-03-12,Crypto Risk Parity,0.06780327
2023-03-13,Crypto Risk Parity,0.04471662
2023-03-14,Crypto Risk Parity,0.01926507
2023-03-15,Crypto Risk Parity,-0.04887079
2023-03-16,Crypto Risk Parity,0.01758913
2023-03-17,Crypto Risk Parity,0.06462919
2023-03-18,Crypto Risk Parity,-0.02326666
2023-03-19,Crypto Risk Parity,0.02830946
2023-03-20,Crypto Risk Parity,-0.03254125
2023-03-21,Crypto Risk Parity,0.07397364
2023-03-22,Crypto Risk Parity,-0.05203011
2023-03-23,Crypto Risk Parity,0.04792511
2023-03-24,Crypto Risk Parity,-0.02773203
2023-03-25,Crypto Risk Parity,-0.00076107
2023-03-26,Crypto Risk Parity,0.01342402
2023-03-27,Crypto Risk Parity,-0.01801332
2023-03-28,Crypto Risk Parity,0.02873239
2023-03-29,Crypto Risk Parity,0.02809094
2023-03-30,Crypto Risk Parity,-0.00120022
2023-03-31,Crypto Risk Parity,0.02198588
2023-04-01,Crypto Risk Parity,-0.00389933
2023-04-02,Crypto Risk Parity,-0.00758685
2023-04-03,Crypto Risk Parity,-0.0020687
2023-04-04,Crypto Risk Parity,0.00827237
2023-04-05,Crypto Risk Parity,0.00465666
2023-04-06,Crypto Risk Parity,-0.00841166
2023-04-07,Crypto Risk Parity,-0.00046281
2023-04-08,Crypto Risk Parity,-0.00717665
2023-04-09,Crypto Risk Parity,0.00855233
2023-04-10,Crypto Risk Parity,0.02361298
2023-04-11,Crypto Risk Parity,0.00308759
2023-04-12,Crypto Risk Parity,-0.00581236
2023-04-13,Crypto Risk Parity,0.0216788
2023-04-14,Crypto Risk Parity,0.01526381
2023-04-15,Crypto Risk Parity,-0.00072841
2023-04-16,Crypto Risk Parity,0.00773059
2023-04-17,Crypto Risk Parity,-0.02345343
2023-04-18,Crypto Risk Parity,0.02084363
2023-04-19,Crypto Risk Parity,-0.0672311
2023-04-20,Crypto Risk Parity,-0.01629001
2023-04-21,Crypto Risk Parity,-0.03483761
2023-04-22,Crypto Risk Parity,0.02678162
2023-04-23,Crypto Risk Parity,-0.01012673
2023-04-24,Crypto Risk Parity,-0.00605833
2023-04-25,Crypto Risk Parity,0.01613468
2023-04-26,Crypto Risk Parity,-0.01214505
2023-04-27,Crypto Risk Parity,0.01502317
2023-04-28,Crypto Risk Parity,0.00425762
2023-04-29,Crypto Risk Parity,0.00640048
2023-04-30,Crypto Risk Parity,-0.01312667
2023-05-01,Crypto Risk Parity,-0.01624337
2023-05-02,Crypto Risk Parity,0.0132603
2023-05-03,Crypto Risk Parity,0.00660986
2023-05-04,Crypto Risk Parity,-0.00958275
2023-05-05,Crypto Risk Parity,0.02080182
2023-05-06,Crypto Risk Parity,-0.0283088
2023-05-07,Crypto Risk Parity,-0.01165765
2023-05-08,Crypto Risk Parity,-0.03472019
2023-05-09,Crypto Risk Parity,0.01534647
2023-05-10,Crypto Risk Parity,-0.00172047
2023-05-11,Crypto Risk Parity,-0.02049001
2023-05-12,Crypto Risk Parity,0.00681464
2023-05-13,Crypto Risk Parity,-0.0061084
2023-05-14,Crypto Risk Parity,0.00907406
2023-05-15,Crypto Risk Parity,0.00846356
2023-05-16,Crypto Risk Parity,0.00803665
2023-05-17,Crypto Risk Parity,0.01439434
2023-05-18,Crypto Risk Parity,-0.01158767
2023-05-19,Crypto Risk Parity,0.00361324
2023-05-20,Crypto Risk Parity,0.00613661
2023-05-21,Crypto Risk Parity,-0.0085011
2023-05-22,Crypto Risk Parity,0.00955368
2023-05-23,Crypto Risk Parity,0.00844085
2023-05-24,Crypto Risk Parity,-0.0289125
2023-05-25,Crypto Risk Parity,0.00084204
2023-05-26,Crypto Risk Parity,0.01219294
2023-05-27,Crypto Risk Parity,0.00918059
2023-05-28,Crypto Risk Parity,0.02642314
2023-05-29,Crypto Risk Parity,-0.00660742
2023-05-30,Crypto Risk Parity,0.00948503
2023-05-31,Crypto Risk Parity,-0.01090163
2023-06-01,Crypto Risk Parity,-0.00721083
2023-06-02,Crypto Risk Parity,0.03357529
2023-06-03,Crypto Risk Parity,-0.00376618
2023-06-04,Crypto Risk Parity,0.00165349
2023-06-05,Crypto Risk Parity,-0.0541279
2023-06-06,Crypto Risk Parity,0.03345956
2023-06-07,Crypto Risk Parity,-0.03277649
2023-06-08,Crypto Risk Parity,0.00730301
2023-06-09,Crypto Risk Parity,-0.01335433
2023-06-10,Crypto Risk Parity,-0.07769832
2023-06-11,Crypto Risk Parity,0.00235427
2023-06-12,Crypto Risk Parity,0.00088953
2023-06-13,Crypto Risk Parity,0.0026035
2023-06-14,Crypto Risk Parity,-0.04164568
2023-06-15,Crypto Risk Parity,0.00517435
2023-06-16,Crypto Risk Parity,0.0109892
2023-06-17,Crypto Risk Parity,0.00990252
2023-06-18,Crypto Risk Parity,-0.00591668
2023-06-19,Crypto Risk Parity,0.00644348
2023-06-20,Crypto Risk Parity,0.02702907
2023-06-21,Crypto Risk Parity,0.06708128
2023-06-22,Crypto Risk Parity,-0.00380225
2023-06-23,Crypto Risk Parity,0.06991829
2023-06-24,Crypto Risk Parity,0.01052456
2023-06-25,Crypto Risk Parity,-0.00877624
2023-06-26,Crypto Risk Parity,0.00620047
2023-06-27,Crypto Risk Parity,0.02307009
2023-06-28,Crypto Risk Parity,-0.03685612
2023-06-29,Crypto Risk Parity,0.02850965
2023-06-30,Crypto Risk Parity,0.0866136
2023-07-01,Crypto Risk Parity,-0.00168283
2023-07-02,Crypto Risk Parity,0.0048426
2023-07-03,Crypto Risk Parity,-0.00336246
2023-07-04,Crypto Risk Parity,-0.0184322
2023-07-05,Crypto Risk Parity,-0.01440628
2023-07-06,Crypto Risk Parity,-0.02381369
2023-07-07,Crypto Risk Parity,0.01768493
2023-07-08,Crypto Risk Parity,0.00277349
2023-07-09,Crypto Risk Parity,-0.01403727
2023-07-10,Crypto Risk Parity,0.01185681
2023-07-11,Crypto Risk Parity,0.00010226
2023-07-12,Crypto Risk Parity,-0.00415044
2023-07-13,Crypto Risk Parity,0.19630427
2023-07-14,Crypto Risk Parity,-0.06024651
2023-07-15,Crypto Risk Parity,-0.00938642
2023-07-16,Crypto Risk Parity,-0.00416929
2023-07-17,Crypto Risk Parity,-0.00446795
2023-07-18,Crypto Risk Parity,0.00156727
2023-07-19,Crypto Risk Parity,0.0300113
2023-07-20,Crypto Risk Parity,0.00028136
2023-07-21,Crypto Risk Parity,-0.0022883
2023-07-22,Crypto Risk Parity,-0.01000523
2023-07-23,Crypto Risk Parity,0.01180364
2023-07-24,Crypto Risk Parity,-0.03844981
2023-07-25,Crypto Risk Parity,0.00086472
2023-07-26,Crypto Risk Parity,0.01527422
2023-07-27,Crypto Risk Parity,0.00196921
2023-07-28,Crypto Risk Parity,0.0086917
2023-07-29,Crypto Risk Parity,0.00178066
2023-07-30,Crypto Risk Parity,-0.00417247
2023-07-31,Crypto Risk Parity,-0.01699624
2023-08-01,Crypto Risk Parity,0.00840477
2023-08-02,Crypto Risk Parity,-0.03610888
2023-08-03,Crypto Risk Parity,-0.01528108
2023-08-04,Crypto Risk Parity,-0.00697144
2023-08-05,Crypto Risk Parity,0.00449524
2023-08-06,Crypto Risk Parity,-0.00535151
2023-08-07,Crypto Risk Parity,0.0069508
2023-08-08,Crypto Risk Parity,0.01403342
2023-08-09,Crypto Risk Parity,-0.002472
2023-08-10,Crypto Risk Parity,-0.00911762
2023-08-11,Crypto Risk Parity,-0.00234416
2023-08-12,Crypto Risk Parity,0.00014398
2023-08-13,Crypto Risk Parity,-0.00595326
2023-08-14,Crypto Risk Parity,0.00221227
2023-08-15,Crypto Risk Parity,-0.02635636
2023-08-16,Crypto Risk Parity,-0.03723246
2023-08-17,Crypto Risk Parity,-0.08415373
2023-08-18,Crypto Risk Parity,0.00433111
2023-08-19,Crypto Risk Parity,0.01384808
2023-08-20,Crypto Risk Parity,0.01689409
2023-08-21,Crypto Risk Parity,-0.00979955
2023-08-22,Crypto Risk Parity,-0.01290864
2023-08-23,Crypto Risk Parity,0.0305734
2023-08-24,Crypto Risk Parity,-0.01208731
2023-08-25,Crypto Risk Parity,-0.00074668
2023-08-26,Crypto Risk Parity,-0.00490515
2023-08-27,Crypto Risk Parity,0.00865327
2023-08-28,Crypto Risk Parity,-0.0062948
2023-08-29,Crypto Risk Parity,0.05347444
2023-08-30,Crypto Risk Parity,-0.02162712
2023-08-31,Crypto Risk Parity,-0.03558232
2023-09-01,Crypto Risk Parity,-0.01248985
2023-09-02,Crypto Risk Parity,0.00269168
2023-09-03,Crypto Risk Parity,0.00580119
2023-09-04,Crypto Risk Parity,0.00281721
2023-09-05,Crypto Risk Parity,-0.00159229
2023-09-06,Crypto Risk Parity,0.00230188
2023-09-07,Crypto Risk Parity,0.00776801
2023-09-08,Crypto Risk Parity,-0.00496558
2023-09-09,Crypto Risk Parity,0.00334666
2023-09-10,Crypto Risk Parity,-0.01287308
2023-09-11,Crypto Risk Parity,-0.03161709
2023-09-12,Crypto Risk Parity,0.02211615
2023-09-13,Crypto Risk Parity,0.01074739
2023-09-14,Crypto Risk Parity,0.01609489
2023-09-15,Crypto Risk Parity,0.01613846
2023-09-16,Crypto Risk Parity,-0.00400966
2023-09-17,Crypto Risk Parity,-0.01490459
2023-09-18,Crypto Risk Parity,0.01855511
2023-09-19,Crypto Risk Parity,0.01186363
2023-09-20,Crypto Risk Parity,-0.0099658
2023-09-21,Crypto Risk Parity,-0.01961567
2023-09-22,Crypto Risk Parity,0.00134161
2023-09-23,Crypto Risk Parity,0.00252208
2023-09-24,Crypto Risk Parity,-0.01223733
2023-09-25,Crypto Risk Parity,0.00866781
2023-09-26,Crypto Risk Parity,-0.00268543
2023-09-27,Crypto Risk Parity,0.00924495
2023-09-28,Crypto Risk Parity,0.02443892
2023-09-29,Crypto Risk Parity,0.00659179
2023-09-30,Crypto Risk Parity,0.00304706
2023-10-01,Crypto Risk Parity,0.02913609
2023-10-02,Crypto Risk Parity,-0.02270649
2023-10-03,Crypto Risk Parity,0.002692
2023-10-04,Crypto Risk Parity,-0.00654778
2023-10-05,Crypto Risk Parity,-0.01087461
2023-10-06,Crypto Risk Parity,0.00858986
2023-10-07,Crypto Risk Parity,-0.00302178
2023-10-08,Crypto Risk Parity,-0.00433807
2023-10-09,Crypto Risk Parity,-0.02952403
2023-10-10,Crypto Risk Parity,-0.00682165
2023-10-11,Crypto Risk Parity,-0.0089183
2023-10-12,Crypto Risk Parity,-0.0085304
2023-10-13,Crypto Risk Parity,0.00698469
2023-10-14,Crypto Risk Parity,0.0008547
2023-10-15,Crypto Risk Parity,0.00730699
2023-10-16,Crypto Risk Parity,0.03054814
2023-10-17,Crypto Risk Parity,-0.01721133
2023-10-18,Crypto Risk Parity,-0.00573855
2023-10-19,Crypto Risk Parity,0.01621113
2023-10-20,Crypto Risk Parity,0.02109033
2023-10-21,Crypto Risk Parity,0.01754583
2023-10-22,Crypto Risk Parity,0.0034104
2023-10-23,Crypto Risk Parity,0.05644843
2023-10-24,Crypto Risk Parity,0.00092634
2023-10-25,Crypto Risk Parity,0.00496404
2023-10-26,Crypto Risk Parity,-0.0013272
2023-10-27,Crypto Risk Parity,-0.00896352
2023-10-28,Crypto Risk Parity,0.01150029
2023-10-29,Crypto Risk Parity,0.01176213
2023-10-30,Crypto Risk Parity,0.01121698
2023-10-31,Crypto Risk Parity,0.00897117
2023-11-01,Crypto Risk Parity,0.02150829
2023-11-02,Crypto Risk Parity,-0.0102491
2023-11-03,Crypto Risk Parity,0.00354056
2023-11-04,Crypto Risk Parity,0.00887921
2023-11-05,Crypto Risk Parity,0.01966238
2023-11-06,Crypto Risk Parity,0.02594034
2023-11-07,Crypto Risk Parity,-0.01372008
2023-11-08,Crypto Risk Parity,0.00964056
2023-11-09,Crypto Risk Parity,0.01796492
2023-11-10,Crypto Risk Parity,0.02108359
2023-11-11,Crypto Risk Parity,0.00190141
2023-11-12,Crypto Risk Parity,-0.00041739
2023-11-13,Crypto Risk Parity,-0.01551338
2023-11-14,Crypto Risk Parity,-0.0322614
2023-11-15,Crypto Risk Parity,0.04102189
2023-11-16,Crypto Risk Parity,-0.03236871
2023-11-17,Crypto Risk Parity,8.135e-05
2023-11-18,Crypto Risk Parity,0.000627
2023-11-19,Crypto Risk Parity,0.01655748
2023-11-20,Crypto Risk Parity,-0.01262207
2023-11-21,Crypto Risk Parity,-0.051744
2023-11-22,Crypto Risk Parity,0.04767262
2023-11-23,Crypto Risk Parity,0.00348252
2023-11-24,Crypto Risk Parity,0.01191157
2023-11-25,Crypto Risk Parity,0.01646085
2023-11-26,Crypto Risk Parity,-0.01053182
2023-11-27,Crypto Risk Parity,-0.02574845
2023-11-28,Crypto Risk Parity,0.01086833
2023-11-29,Crypto Risk Parity,-0.00096661
2023-11-30,Crypto Risk Parity,-0.00341033
2023-12-01,Crypto Risk Parity,0.01541588
2023-12-02,Crypto Risk Parity,0.01828191
2023-12-03,Crypto Risk Parity,0.00425994
2023-12-04,Crypto Risk Parity,0.02459355
2023-12-05,Crypto Risk Parity,0.01842362
2023-12-06,Crypto Risk Parity,0.00126637
2023-12-07,Crypto Risk Parity,0.02009071
2023-12-08,Crypto Risk Parity,0.04498111
2023-12-09,Crypto Risk Parity,0.00554176
2023-12-10,Crypto Risk Parity,0.00290867
2023-12-11,Crypto Risk Parity,-0.06305409
2023-12-12,Crypto Risk Parity,0.00574164
2023-12-13,Crypto Risk Parity,0.02932857
2023-12-14,Crypto Risk Parity,0.00644724
2023-12-15,Crypto Risk Parity,-0.03974597
2023-12-16,Crypto Risk Parity,0.01739809
2023-12-17,Crypto Risk Parity,-0.0180148
2023-12-18,Crypto Risk Parity,0.00302542
2023-12-19,Crypto Risk Parity,-0.013002
2023-12-20,Crypto Risk Parity,0.01957281
2023-12-21,Crypto Risk Parity,0.02641591
2023-12-22,Crypto Risk Parity,0.01631054
2023-12-23,Crypto Risk Parity,-0.00708662
2023-12-24,Crypto Risk Parity,-0.01668247
2023-12-25,Crypto Risk Parity,0.02646018
2023-12-26,Crypto Risk Parity,-0.02255896
2023-12-27,Crypto Risk Parity,0.04979052
2023-12-28,Crypto Risk Parity,-0.00810712
2023-12-29,Crypto Risk Parity,-0.01709835
2023-12-30,Crypto Risk Parity,0.00694758
2023-12-31,Crypto Risk Parity,-0.00906037
2022-01-03,Combined Equal Weight,0.00312316
2022-01-04,Combined Equal Weight,0.00494542
2022-01-05,Combined Equal Weight,-0.01852054
2022-01-06,Combined Equal Weight,0.00035155
2022-01-07,Combined Equal Weight,-0.00557319
2022-01-10,Combined Equal Weight,-0.01046801
2022-01-11,Combined Equal Weight,0.01411759
2022-01-12,Combined Equal Weight,0.01132489
2022-01-13,Combined Equal Weight,-0.00991157
2022-01-14,Combined Equal Weight,0.0058305
2022-01-18,Combined Equal Weight,-0.01153302
2022-01-19,Combined Equal Weight,-0.01048909
2022-01-20,Combined Equal Weight,-0.0169722
2022-01-21,Combined Equal Weight,-0.03006122
2022-01-24,Combined Equal Weight,-0.00285415
2022-01-25,Combined Equal Weight,-0.00274307
2022-01-26,Combined Equal Weight,-0.00653053
2022-01-27,Combined Equal Weight,-0.00429389
2022-01-28,Combined Equal Weight,0.01830962
2022-01-31,Combined Equal Weight,0.01410732
2022-02-01,Combined Equal Weight,0.01296416
2022-02-02,Combined Equal Weight,0.00178173
2022-02-03,Combined Equal Weight,-0.00535647
2022-02-04,Combined Equal Weight,0.01373365
2022-02-07,Combined Equal Weight,0.01368879
2022-02-08,Combined Equal Weight,0.00293717
2022-02-09,Combined Equal Weight,0.01379973
2022-02-10,Combined Equal Weight,-0.01848363
2022-02-11,Combined Equal Weight,-0.01848541
2022-02-14,Combined Equal Weight,-0.00609645
2022-02-15,Combined Equal Weight,0.01794477
2022-02-16,Combined Equal Weight,-0.00294394
2022-02-17,Combined Equal Weight,-0.02566904
2022-02-18,Combined Equal Weight,-0.00830897
2022-02-22,Combined Equal Weight,0.00101453
2022-02-23,Combined Equal Weight,-0.01301967
2022-02-24,Combined Equal Weight,0.00584489
2022-02-25,Combined Equal Weight,0.02829907
2022-02-28,Combined Equal Weight,0.01498101
2022-03-01,Combined Equal Weight,-0.01022692
2022-03-02,Combined Equal Weight,0.01332361
2022-03-03,Combined Equal Weight,-0.00394345
2022-03-04,Combined Equal Weight,-0.01009205
2022-03-07,Combined Equal Weight,-0.01776909
2022-03-08,Combined Equal Weight,-0.00051811
2022-03-09,Combined Equal Weight,0.02275386
2022-03-10,Combined Equal Weight,-0.00828375
2022-03-11,Combined Equal Weight,-0.00572574
2022-03-14,Combined Equal Weight,-0.00362906
2022-03-15,Combined Equal Weight,0.00866542
2022-03-16,Combined Equal Weight,0.02011624
2022-03-17,Combined Equal Weight,0.01178502
2022-03-18,Combined Equal Weight,0.0078957
2022-03-21,Combined Equal Weight,0.00701097
2022-03-22,Combined Equal Weight,0.01510322
2022-03-23,Combined Equal Weight,-0.00604925
2022-03-24,Combined Equal Weight,0.01306863
2022-03-25,Combined Equal Weight,0.0055954
2022-03-28,Combined Equal Weight,0.00144742
2022-03-29,Combined Equal Weight,0.01268481
2022-03-30,Combined Equal Weight,-0.00198303
2022-03-31,Combined Equal Weight,-0.01730613
2022-04-01,Combined Equal Weight,0.00734552
2022-04-04,Combined Equal Weight,0.00089537
2022-04-05,Combined Equal Weight,-0.0136587
2022-04-06,Combined Equal Weight,-0.01632868
2022-04-07,Combined Equal Weight,0.00736462
2022-04-08,Combined Equal Weight,-0.00434864
2022-04-11,Combined Equal Weight,-0.02326496
2022-04-12,Combined Equal Weight,0.00400731
2022-04-13,Combined Equal Weight,0.01378797
2022-04-14,Combined Equal Weight,-0.0057411
2022-04-18,Combined Equal Weight,0.00442832
2022-04-19,Combined Equal Weight,0.01401177
2022-04-20,Combined Equal Weight,-0.00076538
2022-04-21,Combined Equal Weight,-0.01378429
2022-04-22,Combined Equal Weight,-0.0212141
2022-04-25,Combined Equal Weight,-0.00044089
2022-04-26,Combined Equal Weight,-0.02854454
2022-04-27,Combined Equal Weight,0.00444788
2022-04-28,Combined Equal Weight,0.01614944
2022-04-29,Combined Equal Weight,-0.03535914
2022-05-02,Combined Equal Weight,0.00304386
2022-05-03,Combined Equal Weight,0.00356403
2022-05-04,Combined Equal Weight,0.04177919
2022-05-05,Combined Equal Weight,-0.03567405
2022-05-06,Combined Equal Weight,-0.00146042
2022-05-09,Combined Equal Weight,-0.05231016
2022-05-10,Combined Equal Weight,0.00228946
2022-05-11,Combined Equal Weight,-0.02686385
2022-05-12,Combined Equal Weight,-0.00628484
2022-05-13,Combined Equal Weight,0.02971034
2022-05-16,Combined Equal Weight,-0.00883746
2022-05-17,Combined Equal Weight,0.02352218
2022-05-18,Combined Equal Weight,-0.03656835
2022-05-19,Combined Equal Weight,0.00639879
2022-05-20,Combined Equal Weight,-0.00472162
2022-05-23,Combined Equal Weight,0.01060811
2022-05-24,Combined Equal Weight,0.00568655
2022-05-25,Combined Equal Weight,0.00588822
2022-05-26,Combined Equal Weight,0.00424467
2022-05-27,Combined Equal Weight,0.01156507
2022-05-31,Combined Equal Weight,-0.00445096
2022-06-01,Combined Equal Weight,-0.01622012
2022-06-02,Combined Equal Weight,0.01624013
2022-06-03,Combined Equal Weight,-0.0112714
2022-06-06,Combined Equal Weight,0.00447302
2022-06-07,Combined Equal Weight,0.0065155
2022-06-08,Combined Equal Weight,-0.01300935
2022-06-09,Combined Equal Weight,-0.02068098
2022-06-10,Combined Equal Weight,-0.03016926
2022-06-13,Combined Equal Weight,-0.05473765
2022-06-14,Combined Equal Weight,-0.00346279
2022-06-15,Combined Equal Weight,0.01998392
2022-06-16,Combined Equal Weight,-0.04189226
2022-06-17,Combined Equal Weight,0.00273287
2022-06-21,Combined Equal Weight,0.01873118
2022-06-22,Combined Equal Weight,-0.00886185
2022-06-23,Combined Equal Weight,0.01000161
2022-06-24,Combined Equal Weight,0.03030096
2022-06-27,Combined Equal Weight,-0.00370821
2022-06-28,Combined Equal Weight,-0.01511942
2022-06-29,Combined Equal Weight,-0.00669623
2022-06-30,Combined Equal Weight,-0.00753585
2022-07-01,Combined Equal Weight,0.00515536
2022-07-05,Combined Equal Weight,-0.00841759
2022-07-06,Combined Equal Weight,0.0027449
2022-07-07,Combined Equal Weight,0.01812251
2022-07-08,Combined Equal Weight,-0.00439245
2022-07-11,Combined Equal Weight,-0.01564165
2022-07-12,Combined Equal Weight,-0.00713597
2022-07-13,Combined Equal Weight,0.00427384
2022-07-14,Combined Equal Weight,0.00039546
2022-07-15,Combined Equal Weight,0.0177233
2022-07-18,Combined Equal Weight,0.01531311
2022-07-19,Combined Equal Weight,0.02586876
2022-07-20,Combined Equal Weight,-0.00382816
2022-07-21,Combined Equal Weight,0.00855276
2022-07-22,Combined Equal Weight,-0.00541818
2022-07-25,Combined Equal Weight,-0.00913921
2022-07-26,Combined Equal Weight,-0.00333643
2022-07-27,Combined Equal Weight,0.02792847
2022-07-28,Combined Equal Weight,0.02160712
2022-07-29,Combined Equal Weight,0.00711695
2022-08-01,Combined Equal Weight,-0.00346382
2022-08-02,Combined Equal Weight,-0.01125841
2022-08-03,Combined Equal Weight,0.00430776
2022-08-04,Combined Equal Weight,-0.00110841
2022-08-05,Combined Equal Weight,0.00894795
2022-08-08,Combined Equal Weight,0.00372258
2022-08-09,Combined Equal Weight,-0.0079454
2022-08-10,Combined Equal Weight,0.02228559
2022-08-11,Combined Equal Weight,0.00711277
2022-08-12,Combined Equal Weight,0.01474409
2022-08-15,Combined Equal Weight,0.000823
2022-08-16,Combined Equal Weight,0.00281444
2022-08-17,Combined Equal Weight,-0.00779859
2022-08-18,Combined Equal Weight,0.00043693
2022-08-19,Combined Equal Weight,-0.02535533
2022-08-22,Combined Equal Weight,-0.01253748
2022-08-23,Combined Equal Weight,0.00400066
2022-08-24,Combined Equal Weight,0.00068846
2022-08-25,Combined Equal Weight,0.01336977
2022-08-26,Combined Equal Weight,-0.03608089
2022-08-29,Combined Equal Weight,0.00503021
2022-08-30,Combined Equal Weight,-0.01561948
2022-08-31,Combined Equal Weight,-0.00558749
2022-09-01,Combined Equal Weight,0.00348864
2022-09-02,Combined Equal Weight,-0.00711265
2022-09-06,Combined Equal Weight,-0.01516233
2022-09-07,Combined Equal Weight,0.02288836
2022-09-08,Combined Equal Weight,0.00603034
2022-09-09,Combined Equal Weight,0.02197193
2022-09-12,Combined Equal Weight,0.00582841
2022-09-13,Combined Equal Weight,-0.04522623
2022-09-14,Combined Equal Weight,0.00616715
2022-09-15,Combined Equal Weight,-0.02152048
2022-09-16,Combined Equal Weight,-0.00386417
2022-09-19,Combined Equal Weight,0.00887227
2022-09-20,Combined Equal Weight,-0.01295688
2022-09-21,Combined Equal Weight,-0.02065051
2022-09-22,Combined Equal Weight,0.00349809
2022-09-23,Combined Equal Weight,-0.01666782
2022-09-26,Combined Equal Weight,-0.0129393
2022-09-27,Combined Equal Weight,-0.00560548
2022-09-28,Combined Equal Weight,0.01753455
2022-09-29,Combined Equal Weight,-0.01220725
2022-09-30,Combined Equal Weight,-0.0131372
2022-10-03,Combined Equal Weight,0.03044962
2022-10-04,Combined Equal Weight,0.02880958
2022-10-05,Combined Equal Weight,-0.00340659
2022-10-06,Combined Equal Weight,-0.01055413
2022-10-07,Combined Equal Weight,-0.02028022
2022-10-10,Combined Equal Weight,-0.01204555
2022-10-11,Combined Equal Weight,-0.00579429
2022-10-12,Combined Equal Weight,-0.00439241
2022-10-13,Combined Equal Weight,0.02191999
2022-10-14,Combined Equal Weight,-0.01494301
2022-10-17,Combined Equal Weight,0.01869166
2022-10-18,Combined Equal Weight,0.00731847
2022-10-19,Combined Equal Weight,-0.01052209
2022-10-20,Combined Equal Weight,-0.00390397
2022-10-21,Combined Equal Weight,0.02200682
2022-10-24,Combined Equal Weight,0.00343133
2022-10-25,Combined Equal Weight,0.02286686
2022-10-26,Combined Equal Weight,0.00803499
2022-10-27,Combined Equal Weight,-0.00363295
2022-10-28,Combined Equal Weight,0.02357383
2022-10-31,Combined Equal Weight,-0.00609572
2022-11-01,Combined Equal Weight,0.00116655
2022-11-02,Combined Equal Weight,-0.01673442
2022-11-03,Combined Equal Weight,0.00061629
2022-11-04,Combined Equal Weight,0.02690316
2022-11-07,Combined Equal Weight,0.00639161
2022-11-08,Combined Equal Weight,-0.01370132
2022-11-09,Combined Equal Weight,-0.04206237
2022-11-10,Combined Equal Weight,0.06750068
2022-11-11,Combined Equal Weight,0.00681526
2022-11-14,Combined Equal Weight,-0.00340263
2022-11-15,Combined Equal Weight,0.01060232
2022-11-16,Combined Equal Weight,-0.01170198
2022-11-17,Combined Equal Weight,-0.00105282
2022-11-18,Combined Equal Weight,0.00457978
2022-11-21,Combined Equal Weight,-0.00160897
2022-11-22,Combined Equal Weight,0.01870033
2022-11-23,Combined Equal Weight,0.01048983
2022-11-25,Combined Equal Weight,-0.0004738
2022-11-28,Combined Equal Weight,-0.01833949
2022-11-29,Combined Equal Weight,0.00622959
2022-11-30,Combined Equal Weight,0.02551557
2022-12-01,Combined Equal Weight,-0.00357293
2022-12-02,Combined Equal Weight,0.00270074
2022-12-05,Combined Equal Weight,-0.01466587
2022-12-06,Combined Equal Weight,-0.0092177
2022-12-07,Combined Equal Weight,-0.00421837
2022-12-08,Combined Equal Weight,0.00951694
2022-12-09,Combined Equal Weight,-0.00942279
2022-12-12,Combined Equal Weight,0.01342963
2022-12-13,Combined Equal Weight,0.0111267
2022-12-14,Combined Equal Weight,-0.00916119
2022-12-15,Combined Equal Weight,-0.02188884
2022-12-16,Combined Equal Weight,-0.02131975
2022-12-19,Combined Equal Weight,-0.01072885
2022-12-20,Combined Equal Weight,0.00870012
2022-12-21,Combined Equal Weight,0.01425986
2022-12-22,Combined Equal Weight,-0.00862136
2022-12-23,Combined Equal Weight,0.00627764
2022-12-27,Combined Equal Weight,-0.00173914
2022-12-28,Combined Equal Weight,-0.01518678
2022-12-29,Combined Equal Weight,0.01123195
2022-12-30,Combined Equal Weight,-0.00149949
2023-01-03,Combined Equal Weight,0.00142491
2023-01-04,Combined Equal Weight,0.02153013
2023-01-05,Combined Equal Weight,-0.00815058
2023-01-06,Combined Equal Weight,0.02337326
2023-01-09,Combined Equal Weight,0.00470004
2023-01-10,Combined Equal Weight,0.00735111
2023-01-11,Combined Equal Weight,0.01310533
2023-01-12,Combined Equal Weight,0.01015632
2023-01-13,Combined Equal Weight,0.00851195
2023-01-17,Combined Equal Weight,-0.00419444
2023-01-18,Combined Equal Weight,-0.02044388
2023-01-19,Combined Equal Weight,-0.00227335
2023-01-20,Combined Equal Weight,0.02351406
2023-01-23,Combined Equal Weight,0.01302064
2023-01-24,Combined Equal Weight,-0.00935321
2023-01-25,Combined Equal Weight,0.00665824
2023-01-26,Combined Equal Weight,0.00672887
2023-01-27,Combined Equal Weight,0.00077193
2023-01-30,Combined Equal Weight,-0.01629401
2023-01-31,Combined Equal Weight,0.01322003
2023-02-01,Combined Equal Weight,0.00973151
2023-02-02,Combined Equal Weight,-0.00055005
2023-02-03,Combined Equal Weight,-0.00834107
2023-02-06,Combined Equal Weight,-0.00674695
2023-02-07,Combined Equal Weight,0.01557641
2023-02-08,Combined Equal Weight,-0.01047676
2023-02-09,Combined Equal Weight,-0.01769754
2023-02-10,Combined Equal Weight,0.00618052
2023-02-13,Combined Equal Weight,0.00676179
2023-02-14,Combined Equal Weight,0.00444209
2023-02-15,Combined Equal Weight,0.01113497
2023-02-16,Combined Equal Weight,-0.01891394
2023-02-17,Combined Equal Weight,0.00582786
2023-02-21,Combined Equal Weight,-0.01778264
2023-02-22,Combined Equal Weight,-0.00586482
2023-02-23,Combined Equal Weight,0.00260983
2023-02-24,Combined Equal Weight,-0.01372628
2023-02-27,Combined Equal Weight,0.00071063
2023-02-28,Combined Equal Weight,-0.00569664
2023-03-01,Combined Equal Weight,0.00347436
2023-03-02,Combined Equal Weight,0.00829123
2023-03-03,Combined Equal Weight,0.00710017
2023-03-06,Combined Equal Weight,-0.00216085
2023-03-07,Combined Equal Weight,-0.0157875
2023-03-08,Combined Equal Weight,-0.00187528
2023-03-09,Combined Equal Weight,-0.0245362
2023-03-10,Combined Equal Weight,-0.01159381
2023-03-13,Combined Equal Weight,0.00438279
2023-03-14,Combined Equal Weight,0.01548183
2023-03-15,Combined Equal Weight,-0.01672844
2023-03-16,Combined Equal Weight,0.01486904
2023-03-17,Combined Equal Weight,0.00074206
2023-03-20,Combined Equal Weight,0.00375146
2023-03-21,Combined Equal Weight,0.01965881
2023-03-22,Combined Equal Weight,-0.02484604
2023-03-23,Combined Equal Weight,0.00924631
2023-03-24,Combined Equal Weight,0.00181795
2023-03-27,Combined Equal Weight,0.00037268
2023-03-28,Combined Equal Weight,0.00631299
2023-03-29,Combined Equal Weight,0.01774584
2023-03-30,Combined Equal Weight,0.00379762
2023-03-31,Combined Equal Weight,0.01412909
2023-04-03,Combined Equal Weight,0.00547354
2023-04-04,Combined Equal Weight,-0.00275852
2023-04-05,Combined Equal Weight,0.00384838
2023-04-06,Combined Equal Weight,-0.00163245
2023-04-10,Combined Equal Weight,0.00685849
2023-04-11,Combined Equal Weight,0.00277815
2023-04-12,Combined Equal Weight,-0.00264247
2023-04-13,Combined Equal Weight,0.00970237
2023-04-14,Combined Equal Weight,-0.00227194
2023-04-17,Combined Equal Weight,0.00018523
2023-04-18,Combined Equal Weight,0.00368035
2023-04-19,Combined Equal Weight,-0.00992591
2023-04-20,Combined Equal Weight,-0.00856836
2023-04-21,Combined Equal Weight,-0.00688945
2023-04-24,Combined Equal Weight,0.00043051
2023-04-25,Combined Equal Weight,-0.00965064
2023-04-26,Combined Equal Weight,-0.012524
2023-04-27,Combined Equal Weight,0.01470704
2023-04-28,Combined Equal Weight,0.00852459
2023-05-01,Combined Equal Weight,-0.00570146
2023-05-02,Combined Equal Weight,-0.01172862
2023-05-03,Combined Equal Weight,-0.00900897
2023-05-04,Combined Equal Weight,-0.00621397
2023-05-05,Combined Equal Weight,0.01804465
2023-05-08,Combined Equal Weight,-0.00655496
2023-05-09,Combined Equal Weight,-0.00087145
2023-05-10,Combined Equal Weight,-0.00175499
2023-05-11,Combined Equal Weight,-0.01095838
2023-05-12,Combined Equal Weight,0.00040646
2023-05-15,Combined Equal Weight,0.00519317
2023-05-16,Combined Equal Weight,-0.01190408
2023-05-17,Combined Equal Weight,0.01275166
2023-05-18,Combined Equal Weight,0.00296687
2023-05-19,Combined Equal Weight,-0.00151445
2023-05-22,Combined Equal Weight,0.00198268
2023-05-23,Combined Equal Weight,-0.00454127
2023-05-24,Combined Equal Weight,-0.0125878
2023-05-25,Combined Equal Weight,0.00017962
2023-05-26,Combined Equal Weight,0.00953011
2023-05-30,Combined Equal Weight,7.578e-05
2023-05-31,Combined Equal Weight,-0.00571397
2023-06-01,Combined Equal Weight,0.00312276
2023-06-02,Combined Equal Weight,0.02132852
2023-06-05,Combined Equal Weight,-0.01417536
2023-06-06,Combined Equal Weight,0.0094142
2023-06-07,Combined Equal Weight,0.00121517
2023-06-08,Combined Equal Weight,0.00464005
2023-06-09,Combined Equal Weight,-0.0042537
2023-06-12,Combined Equal Weight,0.00443854
2023-06-13,Combined Equal Weight,0.00648216
2023-06-14,Combined Equal Weight,-0.00708935
2023-06-15,Combined Equal Weight,0.00930111
2023-06-16,Combined Equal Weight,0.00231984
2023-06-20,Combined Equal Weight,-0.00599336
2023-06-21,Combined Equal Weight,0.00888657
2023-06-22,Combined Equal Weight,-0.0052677
2023-06-23,Combined Equal Weight,0.00640062
2023-06-26,Combined Equal Weight,0.00656514
2023-06-27,Combined Equal Weight,0.00979098
2023-06-28,Combined Equal Weight,-0.00808081
2023-06-29,Combined Equal Weight,0.01022818
2023-06-30,Combined Equal Weight,0.0226032
2023-07-03,Combined Equal Weight,0.00387726
2023-07-05,Combined Equal Weight,-0.00606056
2023-07-06,Combined Equal Weight,-0.01425884
2023-07-07,Combined Equal Weight,0.00356209
2023-07-10,Combined Equal Weight,0.00609755
2023-07-11,Combined Equal Weight,0.01189302
2023-07-12,Combined Equal Weight,0.00614356
2023-07-13,Combined Equal Weight,0.03726096
2023-07-14,Combined Equal Weight,-0.01576599
2023-07-17,Combined Equal Weight,-0.00364934
2023-07-18,Combined Equal Weight,0.00505413
2023-07-19,Combined Equal Weight,0.00994416
2023-07-20,Combined Equal Weight,0.0014146
2023-07-21,Combined Equal Weight,0.00349092
2023-07-24,Combined Equal Weight,-0.00196436
2023-07-25,Combined Equal Weight,0.00292194
2023-07-26,Combined Equal Weight,0.00438574
2023-07-27,Combined Equal Weight,-0.00348762
2023-07-28,Combined Equal Weight,0.00477824
2023-07-31,Combined Equal Weight,0.0007235
2023-08-01,Combined Equal Weight,-0.00167677
2023-08-02,Combined Equal Weight,-0.01760723
2023-08-03,Combined Equal Weight,-0.00700558
2023-08-04,Combined Equal Weight,-0.003048
2023-08-07,Combined Equal Weight,0.00785306
2023-08-08,Combined Equal Weight,-0.00041396
2023-08-09,Combined Equal Weight,-0.00200391
2023-08-10,Combined Equal Weight,-0.00091521
2023-08-11,Combined Equal Weight,0.00097895
2023-08-14,Combined Equal Weight,0.00174716
2023-08-15,Combined Equal Weight,-0.0157684
2023-08-16,Combined Equal Weight,-0.01330522
2023-08-17,Combined Equal Weight,-0.01861806
2023-08-18,Combined Equal Weight,0.00247189
2023-08-21,Combined Equal Weight,-0.00207421
2023-08-22,Combined Equal Weight,-0.0064817
2023-08-23,Combined Equal Weight,0.01135184
2023-08-24,Combined Equal Weight,-0.0122126
2023-08-25,Combined Equal Weight,0.00391077
2023-08-28,Combined Equal Weight,0.00598645
2023-08-29,Combined Equal Weight,0.01916379
2023-08-30,Combined Equal Weight,-0.00238721
2023-08-31,Combined Equal Weight,-0.00888176
2023-09-01,Combined Equal Weight,0.00121944
2023-09-05,Combined Equal Weight,-0.00753811
2023-09-06,Combined Equal Weight,-0.00323718
2023-09-07,Combined Equal Weight,0.00111968
2023-09-08,Combined Equal Weight,0.00135518
2023-09-11,Combined Equal Weight,-0.00314091
2023-09-12,Combined Equal Weight,0.00529625
2023-09-13,Combined Equal Weight,0.00101233
2023-09-14,Combined Equal Weight,0.01281333
2023-09-15,Combined Equal Weight,-0.00580853
2023-09-18,Combined Equal Weight,0.00307322
2023-09-19,Combined Equal Weight,-0.00151198
2023-09-20,Combined Equal Weight,-0.00616478
2023-09-21,Combined Equal Weight,-0.01879012
2023-09-22,Combined Equal Weight,-0.00257468
2023-09-25,Combined Equal Weight,0.00319085
2023-09-26,Combined Equal Weight,-0.01054876
2023-09-27,Combined Equal Weight,0.00037824
2023-09-28,Combined Equal Weight,0.00755489
2023-09-29,Combined Equal Weight,1.852e-05
2023-10-02,Combined Equal Weight,-0.01567088
2023-10-03,Combined Equal Weight,-0.00715515
2023-10-04,Combined Equal Weight,0.00016981
2023-10-05,Combined Equal Weight,-0.0033834
2023-10-06,Combined Equal Weight,0.01044603
2023-10-09,Combined Equal Weight,0.00214867
2023-10-10,Combined Equal Weight,0.00566487
2023-10-11,Combined Equal Weight,0.00131047
2023-10-12,Combined Equal Weight,-0.00831533
2023-10-13,Combined Equal Weight,0.00210093
2023-10-16,Combined Equal Weight,0.01335236
2023-10-17,Combined Equal Weight,-0.00081655
2023-10-18,Combined Equal Weight,-0.01306918
2023-10-19,Combined Equal Weight,-0.0049118
2023-10-20,Combined Equal Weight,-0.00389143
2023-10-23,Combined Equal Weight,0.00404491
2023-10-24,Combined Equal Weight,0.00904517
2023-10-25,Combined Equal Weight,-0.00945308
2023-10-26,Combined Equal Weight,-0.00182531
2023-10-27,Combined Equal Weight,-0.01021589
2023-10-30,Combined Equal Weight,0.01035295
2023-10-31,Combined Equal Weight,0.00649466
2023-11-01,Combined Equal Weight,0.00747315
2023-11-02,Combined Equal Weight,0.01971693
2023-11-03,Combined Equal Weight,0.01160953
2023-11-06,Combined Equal Weight,0.00126506
2023-11-07,Combined Equal Weight,-0.00565682
2023-11-08,Combined Equal Weight,0.00053732
2023-11-09,Combined Equal Weight,-0.00426281
2023-11-10,Combined Equal Weight,0.0115588
2023-11-13,Combined Equal Weight,-0.00346295
2023-11-14,Combined Equal Weight,0.0151432
2023-11-15,Combined Equal Weight,0.01143396
2023-11-16,Combined Equal Weight,-0.00492984
2023-11-17,Combined Equal Weight,0.00241508
2023-11-20,Combined Equal Weight,0.00161074
2023-11-21,Combined Equal Weight,-0.01074973
2023-11-22,Combined Equal Weight,0.00931395
2023-11-24,Combined Equal Weight,0.00381623
2023-11-27,Combined Equal Weight,-0.00359527
2023-11-28,Combined Equal Weight,0.00351477
2023-11-29,Combined Equal Weight,0.0036378
2023-11-30,Combined Equal Weight,0.0046979
2023-12-01,Combined Equal Weight,0.01043124
2023-12-04,Combined Equal Weight,0.00254567
2023-12-05,Combined Equal Weight,-0.00131966
2023-12-06,Combined Equal Weight,-0.00037605
2023-12-07,Combined Equal Weight,0.00812262
2023-12-08,Combined Equal Weight,0.01051486
2023-12-11,Combined Equal Weight,-0.00532795
2023-12-12,Combined Equal Weight,0.00172318
2023-12-13,Combined Equal Weight,0.02244675
2023-12-14,Combined Equal Weight,0.01305791
2023-12-15,Combined Equal Weight,-0.0091888
2023-12-18,Combined Equal Weight,-0.00070283
2023-12-19,Combined Equal Weight,0.00448205
2023-12-20,Combined Equal Weight,-0.00909504
2023-12-21,Combined Equal Weight,0.0114736
2023-12-22,Combined Equal Weight,0.0045765
2023-12-26,Combined Equal Weight,0.00167545
2023-12-27,Combined Equal Weight,0.00997052
2023-12-28,Combined Equal Weight,-0.0003812
2023-12-29,Combined Equal Weight,-0.00562427
2022-01-03,Combined Minimum Variance,-0.00085855
2022-01-04,Combined Minimum Variance,-4.019e-05
2022-01-05,Combined Minimum Variance,-0.00046861
2022-01-06,Combined Minimum Variance,-0.00915615
2022-01-07,Combined Minimum Variance,0.00403351
2022-01-10,Combined Minimum Variance,-0.00488952
2022-01-11,Combined Minimum Variance,0.00492877
2022-01-12,Combined Minimum Variance,0.0053609
2022-01-13,Combined Minimum Variance,-0.00169078
2022-01-14,Combined Minimum Variance,-0.00176245
2022-01-18,Combined Minimum Variance,-0.00291283
2022-01-19,Combined Minimum Variance,0.00736026
2022-01-20,Combined Minimum Variance,-0.01176669
2022-01-21,Combined Minimum Variance,-0.00398481
2022-01-24,Combined Minimum Variance,-0.00279606
2022-01-25,Combined Minimum Variance,-0.0055516
2022-01-26,Combined Minimum Variance,-0.01374358
2022-01-27,Combined Minimum Variance,0.00098851
2022-01-28,Combined Minimum Variance,0.01021078
2022-01-31,Combined Minimum Variance,0.00876744
2022-02-01,Combined Minimum Variance,0.00130384
2022-02-02,Combined Minimum Variance,0.00786714
2022-02-03,Combined Minimum Variance,-0.00498765
2022-02-04,Combined Minimum Variance,-0.00713317
2022-02-07,Combined Minimum Variance,0.0025686
2022-02-08,Combined Minimum Variance,-0.00094487
2022-02-09,Combined Minimum Variance,0.00143946
2022-02-10,Combined Minimum Variance,-0.01471365
2022-02-11,Combined Minimum Variance,0.00055355
2022-02-14,Combined Minimum Variance,-0.00471034
2022-02-15,Combined Minimum Variance,0.00367286
2022-02-16,Combined Minimum Variance,-0.00070286
2022-02-17,Combined Minimum Variance,0.00093391
2022-02-18,Combined Minimum Variance,-0.00448882
2022-02-22,Combined Minimum Variance,-0.00542432
2022-02-23,Combined Minimum Variance,0.00023996
2022-02-24,Combined Minimum Variance,-0.00612868
2022-02-25,Combined Minimum Variance,0.02238235
2022-02-28,Combined Minimum Variance,-0.00953732
2022-03-01,Combined Minimum Variance,-0.00050978
2022-03-02,Combined Minimum Variance,0.01133944
2022-03-03,Combined Minimum Variance,0.00791066
2022-03-04,Combined Minimum Variance,0.00903233
2022-03-07,Combined Minimum Variance,-0.00687464
2022-03-08,Combined Minimum Variance,-0.01492625
2022-03-09,Combined Minimum Variance,0.0061174
2022-03-10,Combined Minimum Variance,0.00017414
2022-03-11,Combined Minimum Variance,-0.00620594
2022-03-14,Combined Minimum Variance,-0.00451459
2022-03-15,Combined Minimum Variance,0.00954942
2022-03-16,Combined Minimum Variance,0.00453425
2022-03-17,Combined Minimum Variance,0.01178489
2022-03-18,Combined Minimum Variance,0.00390167
2022-03-21,Combined Minimum Variance,0.00269664
2022-03-22,Combined Minimum Variance,0.00412618
2022-03-23,Combined Minimum Variance,-0.00654349
2022-03-24,Combined Minimum Variance,0.0059665
2022-03-25,Combined Minimum Variance,0.00766669
2022-03-28,Combined Minimum Variance,0.00636394
2022-03-29,Combined Minimum Variance,0.01239233
2022-03-30,Combined Minimum Variance,0.00244958
2022-03-31,Combined Minimum Variance,-0.00925274
2022-04-01,Combined Minimum Variance,0.00913066
2022-04-04,Combined Minimum Variance,0.00243967
2022-04-05,Combined Minimum Variance,-0.00418581
2022-04-06,Combined Minimum Variance,0.0106134
2022-04-07,Combined Minimum Variance,0.00310696
2022-04-08,Combined Minimum Variance,0.00468323
2022-04-11,Combined Minimum Variance,-0.00928812
2022-04-12,Combined Minimum Variance,-0.00179347
2022-04-13,Combined Minimum Variance,0.00430438
2022-04-14,Combined Minimum Variance,0.00248601
2022-04-18,Combined Minimum Variance,-0.00641443
2022-04-19,Combined Minimum Variance,0.00959724
2022-04-20,Combined Minimum Variance,0.00309619
2022-04-21,Combined Minimum Variance,-0.00405781
2022-04-22,Combined Minimum Variance,-0.01530587
2022-04-25,Combined Minimum Variance,-0.00091935
2022-04-26,Combined Minimum Variance,-0.01812665
2022-04-27,Combined Minimum Variance,-0.00437683
2022-04-28,Combined Minimum Variance,0.01310141
2022-04-29,Combined Minimum Variance,-0.03125508
2022-05-02,Combined Minimum Variance,0.00054323
2022-05-03,Combined Minimum Variance,0.0033563
2022-05-04,Combined Minimum Variance,0.02281202
2022-05-05,Combined Minimum Variance,-0.01505183
2022-05-06,Combined Minimum Variance,-0.00730127
2022-05-09,Combined Minimum Variance,-0.01434523
2022-05-10,Combined Minimum Variance,-0.00864841
2022-05-11,Combined Minimum Variance,0.00435657
2022-05-12,Combined Minimum Variance,0.00635278
2022-05-13,Combined Minimum Variance,0.00973711
2022-05-16,Combined Minimum Variance,0.00539978
2022-05-17,Combined Minimum Variance,-0.00117171
2022-05-18,Combined Minimum Variance,-0.02254204
2022-05-19,Combined Minimum Variance,-0.00479504
2022-05-20,Combined Minimum Variance,0.00252075
2022-05-23,Combined Minimum Variance,0.01331169
2022-05-24,Combined Minimum Variance,0.01124058
2022-05-25,Combined Minimum Variance,0.003437
2022-05-26,Combined Minimum Variance,0.00489146
2022-05-27,Combined Minimum Variance,0.01108045
2022-05-31,Combined Minimum Variance,-0.00698224
2022-06-01,Combined Minimum Variance,-0.00682527
2022-06-02,Combined Minimum Variance,0.0075627
2022-06-03,Combined Minimum Variance,-0.00726339
2022-06-06,Combined Minimum Variance,-0.00306423
2022-06-07,Combined Minimum Variance,0.00754659
2022-06-08,Combined Minimum Variance,-0.0110638
2022-06-09,Combined Minimum Variance,-0.02000804
2022-06-10,Combined Minimum Variance,-0.0114213
2022-06-13,Combined Minimum Variance,-0.03229431
2022-06-14,Combined Minimum Variance,-0.01273282
2022-06-15,Combined Minimum Variance,0.00542333
2022-06-16,Combined Minimum Variance,-0.01037233
2022-06-17,Combined Minimum Variance,-0.00296816
2022-06-21,Combined Minimum Variance,0.0222354
2022-06-22,Combined Minimum Variance,0.00409706
2022-06-23,Combined Minimum Variance,0.01422303
2022-06-24,Combined Minimum Variance,0.01619564
2022-06-27,Combined Minimum Variance,-0.00306507
2022-06-28,Combined Minimum Variance,-0.0116203
2022-06-29,Combined Minimum Variance,0.00182418
2022-06-30,Combined Minimum Variance,-0.00522714
2022-07-01,Combined Minimum Variance,0.01389404
2022-07-05,Combined Minimum Variance,-0.00391825
2022-07-06,Combined Minimum Variance,0.00161432
2022-07-07,Combined Minimum Variance,0.00294563
2022-07-08,Combined Minimum Variance,-0.00250893
2022-07-11,Combined Minimum Variance,-0.00093683
2022-07-12,Combined Minimum Variance,-0.0052651
2022-07-13,Combined Minimum Variance,-0.00328384
2022-07-14,Combined Minimum Variance,-0.00192786
2022-07-15,Combined Minimum Variance,0.01240266
2022-07-18,Combined Minimum Variance,-0.01127468
2022-07-19,Combined Minimum Variance,0.01443364
2022-07-20,Combined Minimum Variance,-0.00573314
2022-07-21,Combined Minimum Variance,0.00126888
2022-07-22,Combined Minimum Variance,-0.00051866
2022-07-25,Combined Minimum Variance,0.00151508
2022-07-26,Combined Minimum Variance,-0.00199677
2022-07-27,Combined Minimum Variance,0.00370338
2022-07-28,Combined Minimum Variance,0.01157231
2022-07-29,Combined Minimum Variance,0.00452287
2022-08-01,Combined Minimum Variance,-0.00435951
2022-08-02,Combined Minimum Variance,-0.0088522
2022-08-03,Combined Minimum Variance,0.01002201
2022-08-04,Combined Minimum Variance,-0.00431771
2022-08-05,Combined Minimum Variance,-0.00253746
2022-08-08,Combined Minimum Variance,0.0025993
2022-08-09,Combined Minimum Variance,0.00193198
2022-08-10,Combined Minimum Variance,0.01022358
2022-08-11,Combined Minimum Variance,-0.00067222
2022-08-12,Combined Minimum Variance,0.01531989
2022-08-15,Combined Minimum Variance,0.00818539
2022-08-16,Combined Minimum Variance,0.01103153
2022-08-17,Combined Minimum Variance,-0.00601549
2022-08-18,Combined Minimum Variance,-0.00187487
2022-08-19,Combined Minimum Variance,-0.00407107
2022-08-22,Combined Minimum Variance,-0.01495132
2022-08-23,Combined Minimum Variance,-0.00483086
2022-08-24,Combined Minimum Variance,-0.00044773
2022-08-25,Combined Minimum Variance,0.00805783
2022-08-26,Combined Minimum Variance,-0.02065342
2022-08-29,Combined Minimum Variance,-0.00498284
2022-08-30,Combined Minimum Variance,-0.00914705
2022-08-31,Combined Minimum Variance,-0.00528447
2022-09-01,Combined Minimum Variance,0.01099355
2022-09-02,Combined Minimum Variance,-0.01155896
2022-09-06,Combined Minimum Variance,-0.00369526
2022-09-07,Combined Minimum Variance,0.01724119
2022-09-08,Combined Minimum Variance,0.00066171
2022-09-09,Combined Minimum Variance,0.010927
2022-09-12,Combined Minimum Variance,0.01026967
2022-09-13,Combined Minimum Variance,-0.02926733
2022-09-14,Combined Minimum Variance,0.00319744
2022-09-15,Combined Minimum Variance,-0.01178619
2022-09-16,Combined Minimum Variance,-0.00131433
2022-09-19,Combined Minimum Variance,0.00385278
2022-09-20,Combined Minimum Variance,-0.0135702
2022-09-21,Combined Minimum Variance,-0.01397051
2022-09-22,Combined Minimum Variance,-0.00022251
2022-09-23,Combined Minimum Variance,-0.01558947
2022-09-26,Combined Minimum Variance,-0.01169495
2022-09-27,Combined Minimum Variance,-0.00698222
2022-09-28,Combined Minimum Variance,0.01925652
2022-09-29,Combined Minimum Variance,-0.0201832
2022-09-30,Combined Minimum Variance,-0.01691683
2022-10-03,Combined Minimum Variance,0.02618519
2022-10-04,Combined Minimum Variance,0.0207993
2022-10-05,Combined Minimum Variance,-0.00819631
2022-10-06,Combined Minimum Variance,-0.01306403
2022-10-07,Combined Minimum Variance,-0.01696709
2022-10-10,Combined Minimum Variance,0.00240203
2022-10-11,Combined Minimum Variance,0.00698929
2022-10-12,Combined Minimum Variance,-0.00894351
2022-10-13,Combined Minimum Variance,0.02232964
2022-10-14,Combined Minimum Variance,-0.01154737
2022-10-17,Combined Minimum Variance,0.01444126
2022-10-18,Combined Minimum Variance,0.01391603
2022-10-19,Combined Minimum Variance,-0.00980244
2022-10-20,Combined Minimum Variance,-0.00266823
2022-10-21,Combined Minimum Variance,0.02022867
2022-10-24,Combined Minimum Variance,0.0136255
2022-10-25,Combined Minimum Variance,0.01093632
2022-10-26,Combined Minimum Variance,0.00968341
2022-10-27,Combined Minimum Variance,0.00067901
2022-10-28,Combined Minimum Variance,0.02263364
2022-10-31,Combined Minimum Variance,-0.00796794
2022-11-01,Combined Minimum Variance,-0.0008094
2022-11-02,Combined Minimum Variance,-0.01385793
2022-11-03,Combined Minimum Variance,-0.00516945
2022-11-04,Combined Minimum Variance,0.01170182
2022-11-07,Combined Minimum Variance,0.0060936
2022-11-08,Combined Minimum Variance,0.00532274
2022-11-09,Combined Minimum Variance,-0.01173927
2022-11-10,Combined Minimum Variance,0.02967534
2022-11-11,Combined Minimum Variance,-0.00155778
2022-11-14,Combined Minimum Variance,-0.0062224
2022-11-15,Combined Minimum Variance,0.00857424
2022-11-16,Combined Minimum Variance,-0.00095616
2022-11-17,Combined Minimum Variance,-0.00036199
2022-11-18,Combined Minimum Variance,0.00945366
2022-11-21,Combined Minimum Variance,0.00406755
2022-11-22,Combined Minimum Variance,0.0103838
2022-11-23,Combined Minimum Variance,0.00294842
2022-11-25,Combined Minimum Variance,0.0019709
2022-11-28,Combined Minimum Variance,-0.01145721
2022-11-29,Combined Minimum Variance,0.0029151
2022-11-30,Combined Minimum Variance,0.01867763
2022-12-01,Combined Minimum Variance,0.00205195
2022-12-02,Combined Minimum Variance,0.00212379
2022-12-05,Combined Minimum Variance,-0.01134676
2022-12-06,Combined Minimum Variance,-0.00721836
2022-12-07,Combined Minimum Variance,0.00232471
2022-12-08,Combined Minimum Variance,0.00487506
2022-12-09,Combined Minimum Variance,-0.01195966
2022-12-12,Combined Minimum Variance,0.01098745
2022-12-13,Combined Minimum Variance,0.00360318
2022-12-14,Combined Minimum Variance,-0.00234238
2022-12-15,Combined Minimum Variance,-0.01596018
2022-12-16,Combined Minimum Variance,-0.00799649
2022-12-19,Combined Minimum Variance,-0.00299172
2022-12-20,Combined Minimum Variance,0.00055239
2022-12-21,Combined Minimum Variance,0.01214998
2022-12-22,Combined Minimum Variance,-0.00461333
2022-12-23,Combined Minimum Variance,0.00499461
2022-12-27,Combined Minimum Variance,0.00258498
2022-12-28,Combined Minimum Variance,-0.01067862
2022-12-29,Combined Minimum Variance,0.00851181
2022-12-30,Combined Minimum Variance,-0.0014402
2023-01-03,Combined Minimum Variance,0.0031387
2023-01-04,Combined Minimum Variance,0.00998698
2023-01-05,Combined Minimum Variance,-0.00335107
2023-01-06,Combined Minimum Variance,0.01656499
2023-01-09,Combined Minimum Variance,-0.01129619
2023-01-10,Combined Minimum Variance,0.00311482
2023-01-11,Combined Minimum Variance,0.00393348
2023-01-12,Combined Minimum Variance,-0.00321867
2023-01-13,Combined Minimum Variance,0.00221426
2023-01-17,Combined Minimum Variance,-0.00770265
2023-01-18,Combined Minimum Variance,-0.0184504
2023-01-19,Combined Minimum Variance,-0.00391138
2023-01-20,Combined Minimum Variance,0.00926469
2023-01-23,Combined Minimum Variance,0.00388933
2023-01-24,Combined Minimum Variance,-0.00247106
2023-01-25,Combined Minimum Variance,0.00213227
2023-01-26,Combined Minimum Variance,0.00082391
2023-01-27,Combined Minimum Variance,-0.0026788
2023-01-30,Combined Minimum Variance,-0.0043526
2023-01-31,Combined Minimum Variance,0.00965169
2023-02-01,Combined Minimum Variance,-0.00942009
2023-02-02,Combined Minimum Variance,-0.00822305
2023-02-03,Combined Minimum Variance,-0.00936936
2023-02-06,Combined Minimum Variance,-0.00162786
2023-02-07,Combined Minimum Variance,0.00673127
2023-02-08,Combined Minimum Variance,-0.00866988
2023-02-09,Combined Minimum Variance,-0.00286627
2023-02-10,Combined Minimum Variance,0.01240876
2023-02-13,Combined Minimum Variance,0.00841098
2023-02-14,Combined Minimum Variance,-0.00755243
2023-02-15,Combined Minimum Variance,0.00078774
2023-02-16,Combined Minimum Variance,-0.01139819
2023-02-17,Combined Minimum Variance,0.01047283
2023-02-21,Combined Minimum Variance,-0.00698108
2023-02-22,Combined Minimum Variance,-0.00511023
2023-02-23,Combined Minimum Variance,8.968e-05
2023-02-24,Combined Minimum Variance,-0.0059385
2023-02-27,Combined Minimum Variance,-0.00020917
2023-02-28,Combined Minimum Variance,-0.00900301
2023-03-01,Combined Minimum Variance,-0.00333746
2023-03-02,Combined Minimum Variance,0.00803178
2023-03-03,Combined Minimum Variance,0.00768349
2023-03-06,Combined Minimum Variance,0.00536151
2023-03-07,Combined Minimum Variance,-0.01195082
2023-03-08,Combined Minimum Variance,-0.00416391
2023-03-09,Combined Minimum Variance,-0.01262953
2023-03-10,Combined Minimum Variance,-0.00544155
2023-03-13,Combined Minimum Variance,0.00631515
2023-03-14,Combined Minimum Variance,0.00912282
2023-03-15,Combined Minimum Variance,0.00245817
2023-03-16,Combined Minimum Variance,0.00300503
2023-03-17,Combined Minimum Variance,-0.01034908
2023-03-20,Combined Minimum Variance,0.01235694
2023-03-21,Combined Minimum Variance,-0.00044455
2023-03-22,Combined Minimum Variance,-0.01568351
2023-03-23,Combined Minimum Variance,0.00467026
2023-03-24,Combined Minimum Variance,0.01608336
2023-03-27,Combined Minimum Variance,0.00415067
2023-03-28,Combined Minimum Variance,0.0008596
2023-03-29,Combined Minimum Variance,0.00775851
2023-03-30,Combined Minimum Variance,0.00360992
2023-03-31,Combined Minimum Variance,0.00903482
2023-04-03,Combined Minimum Variance,0.00744256
2023-04-04,Combined Minimum Variance,0.00345475
2023-04-05,Combined Minimum Variance,0.013652
2023-04-06,Combined Minimum Variance,0.00025382
2023-04-10,Combined Minimum Variance,-0.0013079
2023-04-11,Combined Minimum Variance,-0.00056636
2023-04-12,Combined Minimum Variance,0.00017415
2023-04-13,Combined Minimum Variance,0.00877173
2023-04-14,Combined Minimum Variance,-0.00498305
2023-04-17,Combined Minimum Variance,0.00170357
2023-04-18,Combined Minimum Variance,-0.00144958
2023-04-19,Combined Minimum Variance,0.00067855
2023-04-20,Combined Minimum Variance,-0.00359213
2023-04-21,Combined Minimum Variance,0.00562353
2023-04-24,Combined Minimum Variance,0.00303314
2023-04-25,Combined Minimum Variance,-0.00383557
2023-04-26,Combined Minimum Variance,-0.01843266
2023-04-27,Combined Minimum Variance,0.00363809
2023-04-28,Combined Minimum Variance,0.00189982
2023-05-01,Combined Minimum Variance,0.00030473
2023-05-02,Combined Minimum Variance,-0.01078636
2023-05-03,Combined Minimum Variance,-0.00789584
2023-05-04,Combined Minimum Variance,-0.00014133
2023-05-05,Combined Minimum Variance,0.0110029
2023-05-08,Combined Minimum Variance,-0.0012112
2023-05-09,Combined Minimum Variance,-0.00423283
2023-05-10,Combined Minimum Variance,-0.00095704
2023-05-11,Combined Minimum Variance,-0.00294281
2023-05-12,Combined Minimum Variance,0.00086973
2023-05-15,Combined Minimum Variance,-0.00232301
2023-05-16,Combined Minimum Variance,-0.01560386
2023-05-17,Combined Minimum Variance,0.00040806
2023-05-18,Combined Minimum Variance,0.00125958
2023-05-19,Combined Minimum Variance,0.00047435
2023-05-22,Combined Minimum Variance,-0.00447456
2023-05-23,Combined Minimum Variance,-0.00407337
2023-05-24,Combined Minimum Variance,-0.00595958
2023-05-25,Combined Minimum Variance,-0.01290989
2023-05-26,Combined Minimum Variance,-0.00042575
2023-05-30,Combined Minimum Variance,-0.00445468
2023-05-31,Combined Minimum Variance,0.00587009
2023-06-01,Combined Minimum Variance,-0.00315014
2023-06-02,Combined Minimum Variance,0.01105268
2023-06-05,Combined Minimum Variance,0.00173967
2023-06-06,Combined Minimum Variance,-0.00586995
2023-06-07,Combined Minimum Variance,0.00351372
2023-06-08,Combined Minimum Variance,0.00774373
2023-06-09,Combined Minimum Variance,-0.00103704
2023-06-12,Combined Minimum Variance,-0.00143359
2023-06-13,Combined Minimum Variance,0.00531949
2023-06-14,Combined Minimum Variance,-0.00028738
2023-06-15,Combined Minimum Variance,0.01014697
2023-06-16,Combined Minimum Variance,0.00231282
2023-06-20,Combined Minimum Variance,-0.00916832
2023-06-21,Combined Minimum Variance,-0.00134672
2023-06-22,Combined Minimum Variance,0.00438581
2023-06-23,Combined Minimum Variance,-0.00676648
2023-06-26,Combined Minimum Variance,0.00358569
2023-06-27,Combined Minimum Variance,0.00107417
2023-06-28,Combined Minimum Variance,-0.00409884
2023-06-29,Combined Minimum Variance,0.00133281
2023-06-30,Combined Minimum Variance,0.00862433
2023-07-03,Combined Minimum Variance,0.00508649
2023-07-05,Combined Minimum Variance,0.00100748
2023-07-06,Combined Minimum Variance,-0.00979875
2023-07-07,Combined Minimum Variance,-0.01117594
2023-07-10,Combined Minimum Variance,0.00416082
2023-07-11,Combined Minimum Variance,0.01057905
2023-07-12,Combined Minimum Variance,0.0021645
2023-07-13,Combined Minimum Variance,0.00122861
2023-07-14,Combined Minimum Variance,0.00071653
2023-07-17,Combined Minimum Variance,-0.00510534
2023-07-18,Combined Minimum Variance,0.00297111
2023-07-19,Combined Minimum Variance,0.00632224
2023-07-20,Combined Minimum Variance,0.01198189
2023-07-21,Combined Minimum Variance,0.00810325
2023-07-24,Combined Minimum Variance,-3.858e-05
2023-07-25,Combined Minimum Variance,-0.0017845
2023-07-26,Combined Minimum Variance,0.00128938
2023-07-27,Combined Minimum Variance,-0.00508651
2023-07-28,Combined Minimum Variance,0.00232832
2023-07-31,Combined Minimum Variance,-0.0016276
2023-08-01,Combined Minimum Variance,-0.00812457
2023-08-02,Combined Minimum Variance,-0.00914804
2023-08-03,Combined Minimum Variance,-0.00764724
2023-08-04,Combined Minimum Variance,0.00038265
2023-08-07,Combined Minimum Variance,0.01198221
2023-08-08,Combined Minimum Variance,0.00010294
2023-08-09,Combined Minimum Variance,0.00152708
2023-08-10,Combined Minimum Variance,1.1e-07
2023-08-11,Combined Minimum Variance,0.00590811
2023-08-14,Combined Minimum Variance,-0.00177844
2023-08-15,Combined Minimum Variance,-0.0073144
2023-08-16,Combined Minimum Variance,-0.00341077
2023-08-17,Combined Minimum Variance,-0.00470244
2023-08-18,Combined Minimum Variance,0.00143687
2023-08-21,Combined Minimum Variance,-0.00250339
2023-08-22,Combined Minimum Variance,-0.00428678
2023-08-23,Combined Minimum Variance,0.0090193
2023-08-24,Combined Minimum Variance,-0.00861966
2023-08-25,Combined Minimum Variance,0.00308011
2023-08-28,Combined Minimum Variance,0.00343484
2023-08-29,Combined Minimum Variance,0.00759231
2023-08-30,Combined Minimum Variance,0.00069788
2023-08-31,Combined Minimum Variance,-0.00528574
2023-09-01,Combined Minimum Variance,0.00104715
2023-09-05,Combined Minimum Variance,-0.01019719
2023-09-06,Combined Minimum Variance,-0.00361023
2023-09-07,Combined Minimum Variance,0.00783306
2023-09-08,Combined Minimum Variance,0.00721544
2023-09-11,Combined Minimum Variance,0.00346089
2023-09-12,Combined Minimum Variance,-0.00101075
2023-09-13,Combined Minimum Variance,0.00170304
2023-09-14,Combined Minimum Variance,0.01100586
2023-09-15,Combined Minimum Variance,-0.00752418
2023-09-18,Combined Minimum Variance,0.00105034
2023-09-19,Combined Minimum Variance,0.00019531
2023-09-20,Combined Minimum Variance,0.00307425
2023-09-21,Combined Minimum Variance,-0.01257764
2023-09-22,Combined Minimum Variance,-0.00154199
2023-09-25,Combined Minimum Variance,0.00032001
2023-09-26,Combined Minimum Variance,-0.00751678
2023-09-27,Combined Minimum Variance,-0.00638719
2023-09-28,Combined Minimum Variance,0.00087103
2023-09-29,Combined Minimum Variance,-0.00519512
2023-10-02,Combined Minimum Variance,-0.01106003
2023-10-03,Combined Minimum Variance,-0.00662554
2023-10-04,Combined Minimum Variance,0.00599707
2023-10-05,Combined Minimum Variance,-0.00364107
2023-10-06,Combined Minimum Variance,0.00456422
2023-10-09,Combined Minimum Variance,0.00776187
2023-10-10,Combined Minimum Variance,0.00733941
2023-10-11,Combined Minimum Variance,0.00524341
2023-10-12,Combined Minimum Variance,-0.00369396
2023-10-13,Combined Minimum Variance,0.00435498
2023-10-16,Combined Minimum Variance,0.00632864
2023-10-17,Combined Minimum Variance,0.00447764
2023-10-18,Combined Minimum Variance,-0.00747312
2023-10-19,Combined Minimum Variance,-0.00772061
2023-10-20,Combined Minimum Variance,-0.00184802
2023-10-23,Combined Minimum Variance,-0.00659282
2023-10-24,Combined Minimum Variance,0.01026019
2023-10-25,Combined Minimum Variance,-0.00598236
2023-10-26,Combined Minimum Variance,-0.00245103
2023-10-27,Combined Minimum Variance,-0.01852968
2023-10-30,Combined Minimum Variance,0.00361427
2023-10-31,Combined Minimum Variance,0.00283314
2023-11-01,Combined Minimum Variance,0.00612583
2023-11-02,Combined Minimum Variance,0.01653026
2023-11-03,Combined Minimum Variance,0.00311204
2023-11-06,Combined Minimum Variance,-0.0019744
2023-11-07,Combined Minimum Variance,-0.00141001
2023-11-08,Combined Minimum Variance,-0.0022578
2023-11-09,Combined Minimum Variance,-0.01280186
2023-11-10,Combined Minimum Variance,0.0057329
2023-11-13,Combined Minimum Variance,0.00148137
2023-11-14,Combined Minimum Variance,0.00990178
2023-11-15,Combined Minimum Variance,0.00314308
2023-11-16,Combined Minimum Variance,-0.00873603
2023-11-17,Combined Minimum Variance,0.00015256
2023-11-20,Combined Minimum Variance,0.00356685
2023-11-21,Combined Minimum Variance,0.00106558
2023-11-22,Combined Minimum Variance,0.00073667
2023-11-24,Combined Minimum Variance,0.00365394
2023-11-27,Combined Minimum Variance,-0.00023622
2023-11-28,Combined Minimum Variance,0.00163284
2023-11-29,Combined Minimum Variance,-0.00013883
2023-11-30,Combined Minimum Variance,0.00975357
2023-12-01,Combined Minimum Variance,0.00589392
2023-12-04,Combined Minimum Variance,0.00319713
2023-12-05,Combined Minimum Variance,0.00075931
2023-12-06,Combined Minimum Variance,-0.00156219
2023-12-07,Combined Minimum Variance,-0.00305137
2023-12-08,Combined Minimum Variance,-0.00050095
2023-12-11,Combined Minimum Variance,0.00514776
2023-12-12,Combined Minimum Variance,0.00280887
2023-12-13,Combined Minimum Variance,0.02013379
2023-12-14,Combined Minimum Variance,-0.00069207
2023-12-15,Combined Minimum Variance,-0.00710528
2023-12-18,Combined Minimum Variance,0.0019905
2023-12-19,Combined Minimum Variance,0.00443378
2023-12-20,Combined Minimum Variance,-0.01265323
2023-12-21,Combined Minimum Variance,0.00769505
2023-12-22,Combined Minimum Variance,0.00818351
2023-12-26,Combined Minimum Variance,0.00093546
2023-12-27,Combined Minimum Variance,0.0028656
2023-12-28,Combined Minimum Variance,0.00187948
2023-12-29,Combined Minimum Variance,-0.00054981
2022-01-03,Combined Maximum Sharpe,-0.00846777
2022-01-04,Combined Maximum Sharpe,-0.00485295
2022-01-05,Combined Maximum Sharpe,-0.0286909
2022-01-06,Combined Maximum Sharpe,0.00298334
2022-01-07,Combined Maximum Sharpe,-0.02534356
2022-01-10,Combined Maximum Sharpe,-0.00532799
2022-01-11,Combined Maximum Sharpe,0.01681541
2022-01-12,Combined Maximum Sharpe,0.02276472
2022-01-13,Combined Maximum Sharpe,-0.02654897
2022-01-14,Combined Maximum Sharpe,0.00763941
2022-01-18,Combined Maximum Sharpe,-0.02127867
2022-01-19,Combined Maximum Sharpe,-0.0190257
2022-01-20,Combined Maximum Sharpe,-0.02735242
2022-01-21,Combined Maximum Sharpe,-0.04238209
2022-01-24,Combined Maximum Sharpe,-0.00583546
2022-01-25,Combined Maximum Sharpe,-0.01228884
2022-01-26,Combined Maximum Sharpe,0.00165212
2022-01-27,Combined Maximum Sharpe,-0.01540902
2022-01-28,Combined Maximum Sharpe,0.02643051
2022-01-31,Combined Maximum Sharpe,0.02484289
2022-02-01,Combined Maximum Sharpe,0.02692787
2022-02-02,Combined Maximum Sharpe,0.00838178
2022-02-03,Combined Maximum Sharpe,-0.01014612
2022-02-04,Combined Maximum Sharpe,0.01572923
2022-02-07,Combined Maximum Sharpe,0.01496733
2022-02-08,Combined Maximum Sharpe,0.00724915
2022-02-09,Combined Maximum Sharpe,0.02034452
2022-02-10,Combined Maximum Sharpe,-0.02173417
2022-02-11,Combined Maximum Sharpe,-0.0291526
2022-02-14,Combined Maximum Sharpe,0.00508074
2022-02-15,Combined Maximum Sharpe,0.03552812
2022-02-16,Combined Maximum Sharpe,-0.0016136
2022-02-17,Combined Maximum Sharpe,-0.03334797
2022-02-18,Combined Maximum Sharpe,-0.01135909
2022-02-22,Combined Maximum Sharpe,0.0011776
2022-02-23,Combined Maximum Sharpe,-0.01177955
2022-02-24,Combined Maximum Sharpe,0.01452931
2022-02-25,Combined Maximum Sharpe,0.0301416
2022-02-28,Combined Maximum Sharpe,0.02082838
2022-03-01,Combined Maximum Sharpe,-0.00546399
2022-03-02,Combined Maximum Sharpe,0.01878895
2022-03-03,Combined Maximum Sharpe,-0.00639178
2022-03-04,Combined Maximum Sharpe,-0.01327995
2022-03-07,Combined Maximum Sharpe,-0.02594213
2022-03-08,Combined Maximum Sharpe,-0.00739194
2022-03-09,Combined Maximum Sharpe,0.03319356
2022-03-10,Combined Maximum Sharpe,-0.00596292
2022-03-11,Combined Maximum Sharpe,-0.00836963
2022-03-14,Combined Maximum Sharpe,-0.00219077
2022-03-15,Combined Maximum Sharpe,0.01952738
2022-03-16,Combined Maximum Sharpe,0.02275944
2022-03-17,Combined Maximum Sharpe,0.0094849
2022-03-18,Combined Maximum Sharpe,0.01180283
2022-03-21,Combined Maximum Sharpe,0.01406146
2022-03-22,Combined Maximum Sharpe,0.00886058
2022-03-23,Combined Maximum Sharpe,0.0057109
2022-03-24,Combined Maximum Sharpe,0.02573545
2022-03-25,Combined Maximum Sharpe,0.00634051
2022-03-28,Combined Maximum Sharpe,0.00396484
2022-03-29,Combined Maximum Sharpe,0.00656057
2022-03-30,Combined Maximum Sharpe,-0.0051817
2022-03-31,Combined Maximum Sharpe,-0.01788703
2022-04-01,Combined Maximum Sharpe,-6.094e-05
2022-04-04,Combined Maximum Sharpe,-0.00111455
2022-04-05,Combined Maximum Sharpe,-0.01175075
2022-04-06,Combined Maximum Sharpe,-0.00215394
2022-04-07,Combined Maximum Sharpe,0.01248062
2022-04-08,Combined Maximum Sharpe,-0.00232964
2022-04-11,Combined Maximum Sharpe,-0.02571762
2022-04-12,Combined Maximum Sharpe,0.00478133
2022-04-13,Combined Maximum Sharpe,0.00431179
2022-04-14,Combined Maximum Sharpe,-0.0005601
2022-04-18,Combined Maximum Sharpe,0.00860727
2022-04-19,Combined Maximum Sharpe,0.00245996
2022-04-20,Combined Maximum Sharpe,-0.00068411
2022-04-21,Combined Maximum Sharpe,-0.01415265
2022-04-22,Combined Maximum Sharpe,-0.03199484
2022-04-25,Combined Maximum Sharpe,-0.00150887
2022-04-26,Combined Maximum Sharpe,-0.01995193
2022-04-27,Combined Maximum Sharpe,0.00514404
2022-04-28,Combined Maximum Sharpe,0.01916341
2022-04-29,Combined Maximum Sharpe,-0.04972718
2022-05-02,Combined Maximum Sharpe,-0.00355567
2022-05-03,Combined Maximum Sharpe,0.00255134
2022-05-04,Combined Maximum Sharpe,0.02031878
2022-05-05,Combined Maximum Sharpe,-0.0328125
2022-05-06,Combined Maximum Sharpe,-0.01108105
2022-05-09,Combined Maximum Sharpe,-0.04809199
2022-05-10,Combined Maximum Sharpe,0.00409538
2022-05-11,Combined Maximum Sharpe,-0.01700252
2022-05-12,Combined Maximum Sharpe,-0.00153142
2022-05-13,Combined Maximum Sharpe,0.01582862
2022-05-16,Combined Maximum Sharpe,-0.00494499
2022-05-17,Combined Maximum Sharpe,0.01180785
2022-05-18,Combined Maximum Sharpe,-0.03778352
2022-05-19,Combined Maximum Sharpe,0.00547341
2022-05-20,Combined Maximum Sharpe,-0.00411443
2022-05-23,Combined Maximum Sharpe,0.01267036
2022-05-24,Combined Maximum Sharpe,0.00146134
2022-05-25,Combined Maximum Sharpe,0.01364624
2022-05-26,Combined Maximum Sharpe,0.0117831
2022-05-27,Combined Maximum Sharpe,0.01855124
2022-05-31,Combined Maximum Sharpe,-0.01607637
2022-06-01,Combined Maximum Sharpe,-0.01214884
2022-06-02,Combined Maximum Sharpe,0.01263455
2022-06-03,Combined Maximum Sharpe,-0.00727997
2022-06-06,Combined Maximum Sharpe,-0.00492137
2022-06-07,Combined Maximum Sharpe,0.01577746
2022-06-08,Combined Maximum Sharpe,-0.02231547
2022-06-09,Combined Maximum Sharpe,-0.02929051
2022-06-10,Combined Maximum Sharpe,-0.0184525
2022-06-13,Combined Maximum Sharpe,-0.04781395
2022-06-14,Combined Maximum Sharpe,-0.00230902
2022-06-15,Combined Maximum Sharpe,0.01360206
2022-06-16,Combined Maximum Sharpe,-0.02258681
2022-06-17,Combined Maximum Sharpe,-0.00491437
2022-06-21,Combined Maximum Sharpe,0.02204773
2022-06-22,Combined Maximum Sharpe,-0.00135963
2022-06-23,Combined Maximum Sharpe,0.00551912
2022-06-24,Combined Maximum Sharpe,0.02729755
2022-06-27,Combined Maximum Sharpe,0.00214387
2022-06-28,Combined Maximum Sharpe,-0.00627522
2022-06-29,Combined Maximum Sharpe,-0.00707514
2022-06-30,Combined Maximum Sharpe,-0.00378578
2022-07-01,Combined Maximum Sharpe,0.0090712
2022-07-05,Combined Maximum Sharpe,-0.00697654
2022-07-06,Combined Maximum Sharpe,0.00237371
2022-07-07,Combined Maximum Sharpe,0.00880567
2022-07-08,Combined Maximum Sharpe,-0.00177248
2022-07-11,Combined Maximum Sharpe,-0.00464304
2022-07-12,Combined Maximum Sharpe,-0.01075227
2022-07-13,Combined Maximum Sharpe,-0.00036999
2022-07-14,Combined Maximum Sharpe,-0.00211941
2022-07-15,Combined Maximum Sharpe,0.01773261
2022-07-18,Combined Maximum Sharpe,-0.00408199
2022-07-19,Combined Maximum Sharpe,0.01790209
2022-07-20,Combined Maximum Sharpe,-0.00416312
2022-07-21,Combined Maximum Sharpe,0.01034453
2022-07-22,Combined Maximum Sharpe,-0.00666328
2022-07-25,Combined Maximum Sharpe,0.01361751
2022-07-26,Combined Maximum Sharpe,-0.00062563
2022-07-27,Combined Maximum Sharpe,0.00932979
2022-07-28,Combined Maximum Sharpe,0.01583817
2022-07-29,Combined Maximum Sharpe,0.00977723
2022-08-01,Combined Maximum Sharpe,-0.00682988
2022-08-02,Combined Maximum Sharpe,-0.00775358
2022-08-03,Combined Maximum Sharpe,1.68e-05
2022-08-04,Combined Maximum Sharpe,-0.00584734
2022-08-05,Combined Maximum Sharpe,0.00590484
2022-08-08,Combined Maximum Sharpe,0.0046689
2022-08-09,Combined Maximum Sharpe,0.0114168
2022-08-10,Combined Maximum Sharpe,0.01172042
2022-08-11,Combined Maximum Sharpe,0.00875676
2022-08-12,Combined Maximum Sharpe,0.01080602
2022-08-15,Combined Maximum Sharpe,-0.00043738
2022-08-16,Combined Maximum Sharpe,-0.00089309
2022-08-17,Combined Maximum Sharpe,-0.00389511
2022-08-18,Combined Maximum Sharpe,0.00706514
2022-08-19,Combined Maximum Sharpe,0.00026839
2022-08-22,Combined Maximum Sharpe,-0.0157891
2022-08-23,Combined Maximum Sharpe,0.00678125
2022-08-24,Combined Maximum Sharpe,0.00323464
2022-08-25,Combined Maximum Sharpe,0.01548668
2022-08-26,Combined Maximum Sharpe,-0.02281225
2022-08-29,Combined Maximum Sharpe,0.00206981
2022-08-30,Combined Maximum Sharpe,-0.02126554
2022-08-31,Combined Maximum Sharpe,-0.0095506
2022-09-01,Combined Maximum Sharpe,0.00265156
2022-09-02,Combined Maximum Sharpe,-0.00762765
2022-09-06,Combined Maximum Sharpe,-0.00150466
2022-09-07,Combined Maximum Sharpe,0.0118929
2022-09-08,Combined Maximum Sharpe,-0.00038656
2022-09-09,Combined Maximum Sharpe,0.010952
2022-09-12,Combined Maximum Sharpe,0.00507871
2022-09-13,Combined Maximum Sharpe,-0.02838485
2022-09-14,Combined Maximum Sharpe,-0.00072457
2022-09-15,Combined Maximum Sharpe,-0.02507019
2022-09-16,Combined Maximum Sharpe,-0.00292678
2022-09-19,Combined Maximum Sharpe,0.0050256
2022-09-20,Combined Maximum Sharpe,-0.01687655
2022-09-21,Combined Maximum Sharpe,-0.01794886
2022-09-22,Combined Maximum Sharpe,-0.00184038
2022-09-23,Combined Maximum Sharpe,-0.01838559
2022-09-26,Combined Maximum Sharpe,-0.0177812
2022-09-27,Combined Maximum Sharpe,-0.00455148
2022-09-28,Combined Maximum Sharpe,0.02000331
2022-09-29,Combined Maximum Sharpe,-0.01817496
2022-09-30,Combined Maximum Sharpe,-0.01231701
2022-10-03,Combined Maximum Sharpe,0.02979889
2022-10-04,Combined Maximum Sharpe,0.02654909
2022-10-05,Combined Maximum Sharpe,0.00323141
2022-10-06,Combined Maximum Sharpe,-0.00137507
2022-10-07,Combined Maximum Sharpe,-0.01361792
2022-10-10,Combined Maximum Sharpe,-0.01569728
2022-10-11,Combined Maximum Sharpe,-0.00103275
2022-10-12,Combined Maximum Sharpe,-0.00339304
2022-10-13,Combined Maximum Sharpe,0.02932198
2022-10-14,Combined Maximum Sharpe,-0.01786144
2022-10-17,Combined Maximum Sharpe,0.01836268
2022-10-18,Combined Maximum Sharpe,0.00806138
2022-10-19,Combined Maximum Sharpe,-0.00616665
2022-10-20,Combined Maximum Sharpe,0.00144309
2022-10-21,Combined Maximum Sharpe,0.02701045
2022-10-24,Combined Maximum Sharpe,0.00172953
2022-10-25,Combined Maximum Sharpe,0.0125407
2022-10-26,Combined Maximum Sharpe,0.01029729
2022-10-27,Combined Maximum Sharpe,-0.00382579
2022-10-28,Combined Maximum Sharpe,0.0061729
2022-10-31,Combined Maximum Sharpe,-0.00506628
2022-11-01,Combined Maximum Sharpe,0.00628569
2022-11-02,Combined Maximum Sharpe,-0.03060479
2022-11-03,Combined Maximum Sharpe,0.00904146
2022-11-04,Combined Maximum Sharpe,0.0115749
2022-11-07,Combined Maximum Sharpe,0.01354188
2022-11-08,Combined Maximum Sharpe,0.00224726
2022-11-09,Combined Maximum Sharpe,-0.03485029
2022-11-10,Combined Maximum Sharpe,0.03532468
2022-11-11,Combined Maximum Sharpe,0.00600613
2022-11-14,Combined Maximum Sharpe,0.00423154
2022-11-15,Combined Maximum Sharpe,0.00550447
2022-11-16,Combined Maximum Sharpe,-0.01225362
2022-11-17,Combined Maximum Sharpe,0.00288852
2022-11-18,Combined Maximum Sharpe,0.00391816
2022-11-21,Combined Maximum Sharpe,0.00373091
2022-11-22,Combined Maximum Sharpe,0.02197899
2022-11-23,Combined Maximum Sharpe,-0.00462433
2022-11-25,Combined Maximum Sharpe,3.582e-05
2022-11-28,Combined Maximum Sharpe,-0.01832376
2022-11-29,Combined Maximum Sharpe,0.00467358
2022-11-30,Combined Maximum Sharpe,0.01514176
2022-12-01,Combined Maximum Sharpe,-0.0045615
2022-12-02,Combined Maximum Sharpe,0.00510145
2022-12-05,Combined Maximum Sharpe,-0.01441873
2022-12-06,Combined Maximum Sharpe,-0.01012508
2022-12-07,Combined Maximum Sharpe,0.00075392
2022-12-08,Combined Maximum Sharpe,0.00703926
2022-12-09,Combined Maximum Sharpe,-0.01647503
2022-12-12,Combined Maximum Sharpe,0.01200893
2022-12-13,Combined Maximum Sharpe,0.00759484
2022-12-14,Combined Maximum Sharpe,-0.00264684
2022-12-15,Combined Maximum Sharpe,-0.02089914
2022-12-16,Combined Maximum Sharpe,-0.01344933
2022-12-19,Combined Maximum Sharpe,-0.00221958
2022-12-20,Combined Maximum Sharpe,0.00304463
2022-12-21,Combined Maximum Sharpe,0.0147447
2022-12-22,Combined Maximum Sharpe,-0.00874907
2022-12-23,Combined Maximum Sharpe,0.01026158
2022-12-27,Combined Maximum Sharpe,0.00399077
2022-12-28,Combined Maximum Sharpe,-0.0150842
2022-12-29,Combined Maximum Sharpe,0.00614894
2022-12-30,Combined Maximum Sharpe,0.00137705
2023-01-03,Combined Maximum Sharpe,-0.01430449
2023-01-04,Combined Maximum Sharpe,0.01488041
2023-01-05,Combined Maximum Sharpe,0.00882712
2023-01-06,Combined Maximum Sharpe,0.02381833
2023-01-09,Combined Maximum Sharpe,-0.02346121
2023-01-10,Combined Maximum Sharpe,0.01369034
2023-01-11,Combined Maximum Sharpe,0.00300831
2023-01-12,Combined Maximum Sharpe,0.00122502
2023-01-13,Combined Maximum Sharpe,0.00604097
2023-01-17,Combined Maximum Sharpe,-0.00853033
2023-01-18,Combined Maximum Sharpe,-0.01971665
2023-01-19,Combined Maximum Sharpe,0.00328229
2023-01-20,Combined Maximum Sharpe,0.01042125
2023-01-23,Combined Maximum Sharpe,-0.00282353
2023-01-24,Combined Maximum Sharpe,-0.00401927
2023-01-25,Combined Maximum Sharpe,0.00326665
2023-01-26,Combined Maximum Sharpe,0.01829778
2023-01-27,Combined Maximum Sharpe,-0.00957864
2023-01-30,Combined Maximum Sharpe,-0.01058092
2023-01-31,Combined Maximum Sharpe,0.01381381
2023-02-01,Combined Maximum Sharpe,-0.00360044
2023-02-02,Combined Maximum Sharpe,-0.02343107
2023-02-03,Combined Maximum Sharpe,9.393e-05
2023-02-06,Combined Maximum Sharpe,-0.00703909
2023-02-07,Combined Maximum Sharpe,0.0104104
2023-02-08,Combined Maximum Sharpe,-0.00452491
2023-02-09,Combined Maximum Sharpe,-0.00338283
2023-02-10,Combined Maximum Sharpe,0.02168504
2023-02-13,Combined Maximum Sharpe,0.00473585
2023-02-14,Combined Maximum Sharpe,0.00129608
2023-02-15,Combined Maximum Sharpe,-0.00650786
2023-02-16,Combined Maximum Sharpe,-0.01082045
2023-02-17,Combined Maximum Sharpe,-0.00498422
2023-02-21,Combined Maximum Sharpe,-0.00546266
2023-02-22,Combined Maximum Sharpe,-0.00874756
2023-02-23,Combined Maximum Sharpe,0.00579435
2023-02-24,Combined Maximum Sharpe,-0.00505787
2023-02-27,Combined Maximum Sharpe,0.00386731
2023-02-28,Combined Maximum Sharpe,-0.00483153
2023-03-01,Combined Maximum Sharpe,0.01039828
2023-03-02,Combined Maximum Sharpe,0.0099694
2023-03-03,Combined Maximum Sharpe,0.00829075
2023-03-06,Combined Maximum Sharpe,0.00473067
2023-03-07,Combined Maximum Sharpe,-0.01359044
2023-03-08,Combined Maximum Sharpe,-0.00995075
2023-03-09,Combined Maximum Sharpe,-0.01705525
2023-03-10,Combined Maximum Sharpe,-0.01167467
2023-03-13,Combined Maximum Sharpe,-0.00483527
2023-03-14,Combined Maximum Sharpe,0.01225432
2023-03-15,Combined Maximum Sharpe,-0.02414977
2023-03-16,Combined Maximum Sharpe,0.0060099
2023-03-17,Combined Maximum Sharpe,-0.01194851
2023-03-20,Combined Maximum Sharpe,0.01684989
2023-03-21,Combined Maximum Sharpe,0.01490622
2023-03-22,Combined Maximum Sharpe,-0.01966307
2023-03-23,Combined Maximum Sharpe,0.00211114
2023-03-24,Combined Maximum Sharpe,0.00607842
2023-03-27,Combined Maximum Sharpe,0.00715347
2023-03-28,Combined Maximum Sharpe,0.0006578
2023-03-29,Combined Maximum Sharpe,0.00775837
2023-03-30,Combined Maximum Sharpe,0.00606336
2023-03-31,Combined Maximum Sharpe,0.01098212
2023-04-03,Combined Maximum Sharpe,0.02155793
2023-04-04,Combined Maximum Sharpe,-0.01668493
2023-04-05,Combined Maximum Sharpe,0.01054013
2023-04-06,Combined Maximum Sharpe,-0.00286788
2023-04-10,Combined Maximum Sharpe,0.00217578
2023-04-11,Combined Maximum Sharpe,0.00179154
2023-04-12,Combined Maximum Sharpe,0.00151946
2023-04-13,Combined Maximum Sharpe,0.00719071
2023-04-14,Combined Maximum Sharpe,-0.00302992
2023-04-17,Combined Maximum Sharpe,-0.00370743
2023-04-18,Combined Maximum Sharpe,0.00459434
2023-04-19,Combined Maximum Sharpe,-0.0018042
2023-04-20,Combined Maximum Sharpe,-0.00135879
2023-04-21,Combined Maximum Sharpe,0.00404201
2023-04-24,Combined Maximum Sharpe,0.00831918
2023-04-25,Combined Maximum Sharpe,-0.00804223
2023-04-26,Combined Maximum Sharpe,-0.01429419
2023-04-27,Combined Maximum Sharpe,-0.00708613
2023-04-28,Combined Maximum Sharpe,0.00816551
2023-05-01,Combined Maximum Sharpe,0.00033197
2023-05-02,Combined Maximum Sharpe,-0.01456187
2023-05-03,Combined Maximum Sharpe,-0.01113461
2023-05-04,Combined Maximum Sharpe,-0.01045389
2023-05-05,Combined Maximum Sharpe,0.01657441
2023-05-08,Combined Maximum Sharpe,-0.00119076
2023-05-09,Combined Maximum Sharpe,-0.00473387
2023-05-10,Combined Maximum Sharpe,-0.0046895
2023-05-11,Combined Maximum Sharpe,-0.00272984
2023-05-12,Combined Maximum Sharpe,-0.00133887
2023-05-15,Combined Maximum Sharpe,0.00160159
2023-05-16,Combined Maximum Sharpe,-0.01123375
2023-05-17,Combined Maximum Sharpe,0.00837862
2023-05-18,Combined Maximum Sharpe,0.00391117
2023-05-19,Combined Maximum Sharpe,0.00651661
2023-05-22,Combined Maximum Sharpe,-0.00565367
2023-05-23,Combined Maximum Sharpe,-0.00392743
2023-05-24,Combined Maximum Sharpe,-0.00121458
2023-05-25,Combined Maximum Sharpe,0.01423737
2023-05-26,Combined Maximum Sharpe,-0.00230137
2023-05-30,Combined Maximum Sharpe,-0.00561977
2023-05-31,Combined Maximum Sharpe,-0.00661825
2023-06-01,Combined Maximum Sharpe,0.00293458
2023-06-02,Combined Maximum Sharpe,0.01852791
2023-06-05,Combined Maximum Sharpe,-0.0011664
2023-06-06,Combined Maximum Sharpe,-0.0102986
2023-06-07,Combined Maximum Sharpe,4.34e-06
2023-06-08,Combined Maximum Sharpe,0.01250396
2023-06-09,Combined Maximum Sharpe,6.771e-05
2023-06-12,Combined Maximum Sharpe,-0.00190971
2023-06-13,Combined Maximum Sharpe,0.0078257
2023-06-14,Combined Maximum Sharpe,0.00192017
2023-06-15,Combined Maximum Sharpe,0.00309672
2023-06-16,Combined Maximum Sharpe,0.00227582
2023-06-20,Combined Maximum Sharpe,-0.00406868
2023-06-21,Combined Maximum Sharpe,0.00131817
2023-06-22,Combined Maximum Sharpe,0.00280043
2023-06-23,Combined Maximum Sharpe,-0.00756431
2023-06-26,Combined Maximum Sharpe,-0.00502344
2023-06-27,Combined Maximum Sharpe,0.00164316
2023-06-28,Combined Maximum Sharpe,-0.00274264
2023-06-29,Combined Maximum Sharpe,0.00486653
2023-06-30,Combined Maximum Sharpe,0.01515337
2023-07-03,Combined Maximum Sharpe,-0.00029613
2023-07-05,Combined Maximum Sharpe,0.00179065
2023-07-06,Combined Maximum Sharpe,-0.0168817
2023-07-07,Combined Maximum Sharpe,-0.00390713
2023-07-10,Combined Maximum Sharpe,0.00360314
2023-07-11,Combined Maximum Sharpe,0.00726719
2023-07-12,Combined Maximum Sharpe,0.00626903
2023-07-13,Combined Maximum Sharpe,0.00090588
2023-07-14,Combined Maximum Sharpe,-0.00702923
2023-07-17,Combined Maximum Sharpe,-0.00255181
2023-07-18,Combined Maximum Sharpe,0.00595097
2023-07-19,Combined Maximum Sharpe,0.00186229
2023-07-20,Combined Maximum Sharpe,0.01084265
2023-07-21,Combined Maximum Sharpe,0.00568706
2023-07-24,Combined Maximum Sharpe,0.00214513
2023-07-25,Combined Maximum Sharpe,0.00292767
2023-07-26,Combined Maximum Sharpe,-0.00345941
2023-07-27,Combined Maximum Sharpe,0.00396247
2023-07-28,Combined Maximum Sharpe,0.00389763
2023-07-31,Combined Maximum Sharpe,0.00746774
2023-08-01,Combined Maximum Sharpe,-0.00749282
2023-08-02,Combined Maximum Sharpe,-0.01085976
2023-08-03,Combined Maximum Sharpe,0.00102773
2023-08-04,Combined Maximum Sharpe,-0.0032073
2023-08-07,Combined Maximum Sharpe,0.01058527
2023-08-08,Combined Maximum Sharpe,-0.00158693
2023-08-09,Combined Maximum Sharpe,-0.00235443
2023-08-10,Combined Maximum Sharpe,-0.00123715
2023-08-11,Combined Maximum Sharpe,0.00658245
2023-08-14,Combined Maximum Sharpe,0.01333739
2023-08-15,Combined Maximum Sharpe,-0.00886576
2023-08-16,Combined Maximum Sharpe,-0.00863108
2023-08-17,Combined Maximum Sharpe,0.00239193
2023-08-18,Combined Maximum Sharpe,0.00454843
2023-08-21,Combined Maximum Sharpe,0.01078685
2023-08-22,Combined Maximum Sharpe,-0.01406095
2023-08-23,Combined Maximum Sharpe,0.00830616
2023-08-24,Combined Maximum Sharpe,-0.00773828
2023-08-25,Combined Maximum Sharpe,0.00302797
2023-08-28,Combined Maximum Sharpe,0.00504675
2023-08-29,Combined Maximum Sharpe,0.01160503
2023-08-30,Combined Maximum Sharpe,0.00525642
2023-08-31,Combined Maximum Sharpe,-0.00337329
2023-09-01,Combined Maximum Sharpe,0.00966376
2023-09-05,Combined Maximum Sharpe,-0.00527337
2023-09-06,Combined Maximum Sharpe,-0.00662114
2023-09-07,Combined Maximum Sharpe,0.00261334
2023-09-08,Combined Maximum Sharpe,0.00614754
2023-09-11,Combined Maximum Sharpe,-0.00815966
2023-09-12,Combined Maximum Sharpe,0.01218609
2023-09-13,Combined Maximum Sharpe,-0.00121295
2023-09-14,Combined Maximum Sharpe,0.01383472
2023-09-15,Combined Maximum Sharpe,-0.01423784
2023-09-18,Combined Maximum Sharpe,0.00636717
2023-09-19,Combined Maximum Sharpe,-0.00507899
2023-09-20,Combined Maximum Sharpe,-0.008207
2023-09-21,Combined Maximum Sharpe,-0.01298355
2023-09-22,Combined Maximum Sharpe,0.00091344
2023-09-25,Combined Maximum Sharpe,0.00787282
2023-09-26,Combined Maximum Sharpe,-0.00297825
2023-09-27,Combined Maximum Sharpe,0.0117148
2023-09-28,Combined Maximum Sharpe,0.00075667
2023-09-29,Combined Maximum Sharpe,-0.0133669
2023-10-02,Combined Maximum Sharpe,-0.00807353
2023-10-03,Combined Maximum Sharpe,-0.00636513
2023-10-04,Combined Maximum Sharpe,-0.01182088
2023-10-05,Combined Maximum Sharpe,-0.00206782
2023-10-06,Combined Maximum Sharpe,0.00344422
2023-10-09,Combined Maximum Sharpe,0.01382777
2023-10-10,Combined Maximum Sharpe,-0.00065846
2023-10-11,Combined Maximum Sharpe,0.00103566
2023-10-12,Combined Maximum Sharpe,2.086e-05
2023-10-13,Combined Maximum Sharpe,0.00381823
2023-10-16,Combined Maximum Sharpe,0.00451783
2023-10-17,Combined Maximum Sharpe,-0.00071967
2023-10-18,Combined Maximum Sharpe,-0.00561394
2023-10-19,Combined Maximum Sharpe,-0.00982187
2023-10-20,Combined Maximum Sharpe,-0.00542847
2023-10-23,Combined Maximum Sharpe,-0.00442011
2023-10-24,Combined Maximum Sharpe,0.0035566
2023-10-25,Combined Maximum Sharpe,-0.00834908
2023-10-26,Combined Maximum Sharpe,-0.00478232
2023-10-27,Combined Maximum Sharpe,-0.02339048
2023-10-30,Combined Maximum Sharpe,0.00856398
2023-10-31,Combined Maximum Sharpe,-0.00694891
2023-11-01,Combined Maximum Sharpe,0.0090949
2023-11-02,Combined Maximum Sharpe,0.01871403
2023-11-03,Combined Maximum Sharpe,0.00172052
2023-11-06,Combined Maximum Sharpe,-0.00191002
2023-11-07,Combined Maximum Sharpe,-0.00848005
2023-11-08,Combined Maximum Sharpe,-0.00251879
2023-11-09,Combined Maximum Sharpe,-0.01657814
2023-11-10,Combined Maximum Sharpe,0.00910979
2023-11-13,Combined Maximum Sharpe,0.00288591
2023-11-14,Combined Maximum Sharpe,0.00533847
2023-11-15,Combined Maximum Sharpe,-0.00271504
2023-11-16,Combined Maximum Sharpe,-0.00385896
2023-11-17,Combined Maximum Sharpe,0.00507688
2023-11-20,Combined Maximum Sharpe,0.00320008
2023-11-21,Combined Maximum Sharpe,-0.00494527
2023-11-22,Combined Maximum Sharpe,-0.0023097
2023-11-24,Combined Maximum Sharpe,-0.00038144
2023-11-27,Combined Maximum Sharpe,-0.00141497
2023-11-28,Combined Maximum Sharpe,-0.0029718
2023-11-29,Combined Maximum Sharpe,0.0007733
2023-11-30,Combined Maximum Sharpe,0.00721369
2023-12-01,Combined Maximum Sharpe,0.00603073
2023-12-04,Combined Maximum Sharpe,-0.00233173
2023-12-05,Combined Maximum Sharpe,-0.00325906
2023-12-06,Combined Maximum Sharpe,-0.00565388
2023-12-07,Combined Maximum Sharpe,-0.00146704
2023-12-08,Combined Maximum Sharpe,0.00214197
2023-12-11,Combined Maximum Sharpe,0.00653798
2023-12-12,Combined Maximum Sharpe,0.00072596
2023-12-13,Combined Maximum Sharpe,0.01515662
2023-12-14,Combined Maximum Sharpe,0.00316674
2023-12-15,Combined Maximum Sharpe,-0.00198605
2023-12-18,Combined Maximum Sharpe,0.00468272
2023-12-19,Combined Maximum Sharpe,0.00939651
2023-12-20,Combined Maximum Sharpe,-0.01274402
2023-12-21,Combined Maximum Sharpe,0.01038155
2023-12-22,Combined Maximum Sharpe,0.00840682
2023-12-26,Combined Maximum Sharpe,0.00267698
2023-12-27,Combined Maximum Sharpe,0.00225648
2023-12-28,Combined Maximum Sharpe,-0.00073893
2023-12-29,Combined Maximum Sharpe,-0.00060698
2022-01-03,Combined Risk Parity,0.0024045
2022-01-04,Combined Risk Parity,0.00362165
2022-01-05,Combined Risk Parity,-0.0133863
2022-01-06,Combined Risk Parity,-0.00187325
2022-01-07,Combined Risk Parity,-0.00236865
2022-01-10,Combined Risk Parity,-0.00878165
2022-01-11,Combined Risk Parity,0.01039672
2022-01-12,Combined Risk Parity,0.00772714
2022-01-13,Combined Risk Parity,-0.00730286
2022-01-14,Combined Risk Parity,0.00231749
2022-01-18,Combined Risk Parity,-0.00985824
2022-01-19,Combined Risk Parity,-0.00560491
2022-01-20,Combined Risk Parity,-0.01392069
2022-01-21,Combined Risk Parity,-0.01962569
2022-01-24,Combined Risk Parity,-0.00110456
2022-01-25,Combined Risk Parity,-0.0048859
2022-01-26,Combined Risk Parity,-0.00906689
2022-01-27,Combined Risk Parity,-0.00353897
2022-01-28,Combined Risk Parity,0.01761485
2022-01-31,Combined Risk Parity,0.01340181
2022-02-01,Combined Risk Parity,0.00927742
2022-02-02,Combined Risk Parity,0.00578962
2022-02-03,Combined Risk Parity,-0.00643657
2022-02-04,Combined Risk Parity,0.00566216
2022-02-07,Combined Risk Parity,0.00768103
2022-02-08,Combined Risk Parity,0.00339142
2022-02-09,Combined Risk Parity,0.01124855
2022-02-10,Combined Risk Parity,-0.01846989
2022-02-11,Combined Risk Parity,-0.01328113
2022-02-14,Combined Risk Parity,-0.00568185
2022-02-15,Combined Risk Parity,0.01287008
2022-02-16,Combined Risk Parity,-0.00201087
2022-02-17,Combined Risk Parity,-0.0181988
2022-02-18,Combined Risk Parity,-0.00751604
2022-02-22,Combined Risk Parity,-0.00173738
2022-02-23,Combined Risk Parity,-0.01105712
2022-02-24,Combined Risk Parity,0.00541595
2022-02-25,Combined Risk Parity,0.02626215
2022-02-28,Combined Risk Parity,0.00486785
2022-03-01,Combined Risk Parity,-0.00939243
2022-03-02,Combined Risk Parity,0.01468477
2022-03-03,Combined Risk Parity,-0.00039978
2022-03-04,Combined Risk Parity,-0.00320379
2022-03-07,Combined Risk Parity,-0.01503883
2022-03-08,Combined Risk Parity,-0.00510893
2022-03-09,Combined Risk Parity,0.01681435
2022-03-10,Combined Risk Parity,-0.00479031
2022-03-11,Combined Risk Parity,-0.006824
2022-03-14,Combined Risk Parity,-0.00567528
2022-03-15,Combined Risk Parity,0.00966221
2022-03-16,Combined Risk Parity,0.01609672
2022-03-17,Combined Risk Parity,0.01192165
2022-03-18,Combined Risk Parity,0.00601607
2022-03-21,Combined Risk Parity,0.0044526
2022-03-22,Combined Risk Parity,0.00995509
2022-03-23,Combined Risk Parity,-0.00750448
2022-03-24,Combined Risk Parity,0.01107825
2022-03-25,Combined Risk Parity,0.00710028
2022-03-28,Combined Risk Parity,0.0032295
2022-03-29,Combined Risk Parity,0.01265624
2022-03-30,Combined Risk Parity,-0.00185811
2022-03-31,Combined Risk Parity,-0.01451071
2022-04-01,Combined Risk Parity,0.00761789
2022-04-04,Combined Risk Parity,0.00160752
2022-04-05,Combined Risk Parity,-0.00905814
2022-04-06,Combined Risk Parity,-0.00338414
2022-04-07,Combined Risk Parity,0.00374721
2022-04-08,Combined Risk Parity,4.023e-05
2022-04-11,Combined Risk Parity,-0.01554359
2022-04-12,Combined Risk Parity,0.00038179
2022-04-13,Combined Risk Parity,0.00944082
2022-04-14,Combined Risk Parity,-0.00313153
2022-04-18,Combined Risk Parity,-8.779e-05
2022-04-19,Combined Risk Parity,0.01258673
2022-04-20,Combined Risk Parity,0.00144299
2022-04-21,Combined Risk Parity,-0.01120551
2022-04-22,Combined Risk Parity,-0.02007425
2022-04-25,Combined Risk Parity,-0.00105331
2022-04-26,Combined Risk Parity,-0.02238237
2022-04-27,Combined Risk Parity,0.00143254
2022-04-28,Combined Risk Parity,0.01540963
2022-04-29,Combined Risk Parity,-0.03461337
2022-05-02,Combined Risk Parity,0.00159953
2022-05-03,Combined Risk Parity,0.00401473
2022-05-04,Combined Risk Parity,0.03180604
2022-05-05,Combined Risk Parity,-0.02596632
2022-05-06,Combined Risk Parity,-0.00367414
2022-05-09,Combined Risk Parity,-0.03485674
2022-05-10,Combined Risk Parity,-0.00376414
2022-05-11,Combined Risk Parity,-0.00914797
2022-05-12,Combined Risk Parity,0.00060368
2022-05-13,Combined Risk Parity,0.02092385
2022-05-16,Combined Risk Parity,-0.0016486
2022-05-17,Combined Risk Parity,0.0158105
2022-05-18,Combined Risk Parity,-0.02825643
2022-05-19,Combined Risk Parity,0.00081973
2022-05-20,Combined Risk Parity,0.00069599
2022-05-23,Combined Risk Parity,0.01401413
2022-05-24,Combined Risk Parity,0.00628337
2022-05-25,Combined Risk Parity,0.00583236
2022-05-26,Combined Risk Parity,0.00732216
2022-05-27,Combined Risk Parity,0.01447502
2022-05-31,Combined Risk Parity,-0.00652659
2022-06-01,Combined Risk Parity,-0.00956507
2022-06-02,Combined Risk Parity,0.01334097
2022-06-03,Combined Risk Parity,-0.0089913
2022-06-06,Combined Risk Parity,0.00084632
2022-06-07,Combined Risk Parity,0.00788809
2022-06-08,Combined Risk Parity,-0.0130692
2022-06-09,Combined Risk Parity,-0.02109207
2022-06-10,Combined Risk Parity,-0.0228535
2022-06-13,Combined Risk Parity,-0.04284057
2022-06-14,Combined Risk Parity,-0.00842045
2022-06-15,Combined Risk Parity,0.01287649
2022-06-16,Combined Risk Parity,-0.02799914
2022-06-17,Combined Risk Parity,-0.00103383
2022-06-21,Combined Risk Parity,0.02059691
2022-06-22,Combined Risk Parity,-0.0016119
2022-06-23,Combined Risk Parity,0.00953964
2022-06-24,Combined Risk Parity,0.02513911
2022-06-27,Combined Risk Parity,-0.00321229
2022-06-28,Combined Risk Parity,-0.01233632
2022-06-29,Combined Risk Parity,-0.00299513
2022-06-30,Combined Risk Parity,-0.00608915
2022-07-01,Combined Risk Parity,0.01077357
2022-07-05,Combined Risk Parity,-0.00673951
2022-07-06,Combined Risk Parity,0.00157112
2022-07-07,Combined Risk Parity,0.01110297
2022-07-08,Combined Risk Parity,-0.00331063
2022-07-11,Combined Risk Parity,-0.00744864
2022-07-12,Combined Risk Parity,-0.00556231
2022-07-13,Combined Risk Parity,-0.00108346
2022-07-14,Combined Risk Parity,-0.00215527
2022-07-15,Combined Risk Parity,0.01623298
2022-07-18,Combined Risk Parity,-0.00049359
2022-07-19,Combined Risk Parity,0.0224907
2022-07-20,Combined Risk Parity,-0.00307731
2022-07-21,Combined Risk Parity,0.00528105
2022-07-22,Combined Risk Parity,-0.0028345
2022-07-25,Combined Risk Parity,-0.00175411
2022-07-26,Combined Risk Parity,-0.00257878
2022-07-27,Combined Risk Parity,0.01364301
2022-07-28,Combined Risk Parity,0.01487778
2022-07-29,Combined Risk Parity,0.00633548
2022-08-01,Combined Risk Parity,-0.00288498
2022-08-02,Combined Risk Parity,-0.00973767
2022-08-03,Combined Risk Parity,0.00693153
2022-08-04,Combined Risk Parity,-0.00149657
2022-08-05,Combined Risk Parity,0.00263957
2022-08-08,Combined Risk Parity,0.00202604
2022-08-09,Combined Risk Parity,-0.00167068
2022-08-10,Combined Risk Parity,0.01618971
2022-08-11,Combined Risk Parity,0.00366473
2022-08-12,Combined Risk Parity,0.01476054
2022-08-15,Combined Risk Parity,0.00460438
2022-08-16,Combined Risk Parity,0.00420869
2022-08-17,Combined Risk Parity,-0.00717838
2022-08-18,Combined Risk Parity,0.00080582
2022-08-19,Combined Risk Parity,-0.01252918
2022-08-22,Combined Risk Parity,-0.01561676
2022-08-23,Combined Risk Parity,-0.00033073
2022-08-24,Combined Risk Parity,0.00104738
2022-08-25,Combined Risk Parity,0.0116471
2022-08-26,Combined Risk Parity,-0.0281554
2022-08-29,Combined Risk Parity,-0.0009831
2022-08-30,Combined Risk Parity,-0.01272175
2022-08-31,Combined Risk Parity,-0.00586054
2022-09-01,Combined Risk Parity,0.00507713
2022-09-02,Combined Risk Parity,-0.00967453
2022-09-06,Combined Risk Parity,-0.00667519
2022-09-07,Combined Risk Parity,0.01911637
2022-09-08,Combined Risk Parity,0.00408877
2022-09-09,Combined Risk Parity,0.01532933
2022-09-12,Combined Risk Parity,0.00791973
2022-09-13,Combined Risk Parity,-0.03859278
2022-09-14,Combined Risk Parity,0.00401185
2022-09-15,Combined Risk Parity,-0.01741099
2022-09-16,Combined Risk Parity,-0.0040717
2022-09-19,Combined Risk Parity,0.00631906
2022-09-20,Combined Risk Parity,-0.01453728
2022-09-21,Combined Risk Parity,-0.01750042
2022-09-22,Combined Risk Parity,-0.0022057
2022-09-23,Combined Risk Parity,-0.01768348
2022-09-26,Combined Risk Parity,-0.01421098
2022-09-27,Combined Risk Parity,-0.00604974
2022-09-28,Combined Risk Parity,0.01885935
2022-09-29,Combined Risk Parity,-0.01795162
2022-09-30,Combined Risk Parity,-0.01458256
2022-10-03,Combined Risk Parity,0.02941441
2022-10-04,Combined Risk Parity,0.02634736
2022-10-05,Combined Risk Parity,-0.00563084
2022-10-06,Combined Risk Parity,-0.01342642
2022-10-07,Combined Risk Parity,-0.02059499
2022-10-10,Combined Risk Parity,-0.00546976
2022-10-11,Combined Risk Parity,-0.00147926
2022-10-12,Combined Risk Parity,-0.00735439
2022-10-13,Combined Risk Parity,0.02509493
2022-10-14,Combined Risk Parity,-0.01526477
2022-10-17,Combined Risk Parity,0.01877735
2022-10-18,Combined Risk Parity,0.01093036
2022-10-19,Combined Risk Parity,-0.01046526
2022-10-20,Combined Risk Parity,-0.00479906
2022-10-21,Combined Risk Parity,0.02095805
2022-10-24,Combined Risk Parity,0.00772075
2022-10-25,Combined Risk Parity,0.01787112
2022-10-26,Combined Risk Parity,0.00769873
2022-10-27,Combined Risk Parity,-0.00128795
2022-10-28,Combined Risk Parity,0.02416653
2022-10-31,Combined Risk Parity,-0.00689795
2022-11-01,Combined Risk Parity,0.000971
2022-11-02,Combined Risk Parity,-0.01669467
2022-11-03,Combined Risk Parity,-0.00241652
2022-11-04,Combined Risk Parity,0.01890403
2022-11-07,Combined Risk Parity,0.00534312
2022-11-08,Combined Risk Parity,2.489e-05
2022-11-09,Combined Risk Parity,-0.02536889
2022-11-10,Combined Risk Parity,0.05132031
2022-11-11,Combined Risk Parity,0.00556351
2022-11-14,Combined Risk Parity,-0.00730723
2022-11-15,Combined Risk Parity,0.00947874
2022-11-16,Combined Risk Parity,-0.00747069
2022-11-17,Combined Risk Parity,-0.00201713
2022-11-18,Combined Risk Parity,0.0064954
2022-11-21,Combined Risk Parity,0.00137136
2022-11-22,Combined Risk Parity,0.01432241
2022-11-23,Combined Risk Parity,0.00588223
2022-11-25,Combined Risk Parity,0.0011604
2022-11-28,Combined Risk Parity,-0.01679837
2022-11-29,Combined Risk Parity,0.00435002
2022-11-30,Combined Risk Parity,0.0231274
2022-12-01,Combined Risk Parity,-0.00084099
2022-12-02,Combined Risk Parity,0.00197386
2022-12-05,Combined Risk Parity,-0.0148823
2022-12-06,Combined Risk Parity,-0.00899814
2022-12-07,Combined Risk Parity,-0.00109752
2022-12-08,Combined Risk Parity,0.0071228
2022-12-09,Combined Risk Parity,-0.00981505
2022-12-12,Combined Risk Parity,0.01436879
2022-12-13,Combined Risk Parity,0.00838338
2022-12-14,Combined Risk Parity,-0.00737516
2022-12-15,Combined Risk Parity,-0.01972394
2022-12-16,Combined Risk Parity,-0.01328409
2022-12-19,Combined Risk Parity,-0.00715516
2022-12-20,Combined Risk Parity,0.00442475
2022-12-21,Combined Risk Parity,0.01468861
2022-12-22,Combined Risk Parity,-0.00782823
2022-12-23,Combined Risk Parity,0.00670053
2022-12-27,Combined Risk Parity,0.00082098
2022-12-28,Combined Risk Parity,-0.0129658
2022-12-29,Combined Risk Parity,0.01138172
2022-12-30,Combined Risk Parity,-0.00221605
2023-01-03,Combined Risk Parity,0.00300263
2023-01-04,Combined Risk Parity,0.01737405
2023-01-05,Combined Risk Parity,-0.00706599
2023-01-06,Combined Risk Parity,0.02172895
2023-01-09,Combined Risk Parity,-0.00110655
2023-01-10,Combined Risk Parity,0.00635003
2023-01-11,Combined Risk Parity,0.0099529
2023-01-12,Combined Risk Parity,0.00544324
2023-01-13,Combined Risk Parity,0.0047503
2023-01-17,Combined Risk Parity,-0.00511263
2023-01-18,Combined Risk Parity,-0.01840325
2023-01-19,Combined Risk Parity,-0.00445306
2023-01-20,Combined Risk Parity,0.01608446
2023-01-23,Combined Risk Parity,0.00889286
2023-01-24,Combined Risk Parity,-0.00474372
2023-01-25,Combined Risk Parity,0.00334777
2023-01-26,Combined Risk Parity,0.00520041
2023-01-27,Combined Risk Parity,-0.00081118
2023-01-30,Combined Risk Parity,-0.01020498
2023-01-31,Combined Risk Parity,0.01175899
2023-02-01,Combined Risk Parity,0.00388561
2023-02-02,Combined Risk Parity,-0.00202808
2023-02-03,Combined Risk Parity,-0.01071676
2023-02-06,Combined Risk Parity,-0.00397649
2023-02-07,Combined Risk Parity,0.01031598
2023-02-08,Combined Risk Parity,-0.00980933
2023-02-09,Combined Risk Parity,-0.01172199
2023-02-10,Combined Risk Parity,0.00893512
2023-02-13,Combined Risk Parity,0.00757451
2023-02-14,Combined Risk Parity,-0.00135387
2023-02-15,Combined Risk Parity,0.00449894
2023-02-16,Combined Risk Parity,-0.01441937
2023-02-17,Combined Risk Parity,0.00388921
2023-02-21,Combined Risk Parity,-0.01545104
2023-02-22,Combined Risk Parity,-0.00585044
2023-02-23,Combined Risk Parity,0.00199311
2023-02-24,Combined Risk Parity,-0.01003063
2023-02-27,Combined Risk Parity,0.00063752
2023-02-28,Combined Risk Parity,-0.00582152
2023-03-01,Combined Risk Parity,-0.00042837
2023-03-02,Combined Risk Parity,0.00957252
2023-03-03,Combined Risk Parity,0.00991783
2023-03-06,Combined Risk Parity,-0.00032228
2023-03-07,Combined Risk Parity,-0.01613059
2023-03-08,Combined Risk Parity,-0.00056565
2023-03-09,Combined Risk Parity,-0.01879972
2023-03-10,Combined Risk Parity,-0.01093277
2023-03-13,Combined Risk Parity,0.00240048
2023-03-14,Combined Risk Parity,0.01297506
2023-03-15,Combined Risk Parity,-0.00857667
2023-03-16,Combined Risk Parity,0.01094316
2023-03-17,Combined Risk Parity,-0.00740625
2023-03-20,Combined Risk Parity,0.00900743
2023-03-21,Combined Risk Parity,0.00939619
2023-03-22,Combined Risk Parity,-0.02120702
2023-03-23,Combined Risk Parity,0.0039495
2023-03-24,Combined Risk Parity,0.0081733
2023-03-27,Combined Risk Parity,0.00288749
2023-03-28,Combined Risk Parity,0.00320284
2023-03-29,Combined Risk Parity,0.01476945
2023-03-30,Combined Risk Parity,0.00402836
2023-03-31,Combined Risk Parity,0.01246675
2023-04-03,Combined Risk Parity,0.00633067
2023-04-04,Combined Risk Parity,-0.00200602
2023-04-05,Combined Risk Parity,0.00698372
2023-04-06,Combined Risk Parity,-0.00014169
2023-04-10,Combined Risk Parity,0.00322897
2023-04-11,Combined Risk Parity,0.00226486
2023-04-12,Combined Risk Parity,-0.00165795
2023-04-13,Combined Risk Parity,0.00814874
2023-04-14,Combined Risk Parity,-0.00494237
2023-04-17,Combined Risk Parity,0.00291439
2023-04-18,Combined Risk Parity,0.00063015
2023-04-19,Combined Risk Parity,-0.0020163
2023-04-20,Combined Risk Parity,-0.00753636
2023-04-21,Combined Risk Parity,-0.001447
2023-04-24,Combined Risk Parity,0.00131241
2023-04-25,Combined Risk Parity,-0.0097115
2023-04-26,Combined Risk Parity,-0.01432474
2023-04-27,Combined Risk Parity,0.01288014
2023-04-28,Combined Risk Parity,0.00706933
2023-05-01,Combined Risk Parity,-0.0038624
2023-05-02,Combined Risk Parity,-0.0136193
2023-05-03,Combined Risk Parity,-0.00933437
2023-05-04,Combined Risk Parity,-0.00403968
2023-05-05,Combined Risk Parity,0.01565409
2023-05-08,Combined Risk Parity,-0.0035053
2023-05-09,Combined Risk Parity,-0.00281599
2023-05-10,Combined Risk Parity,-0.00122928
2023-05-11,Combined Risk Parity,-0.00883709
2023-05-12,Combined Risk Parity,0.00030088
2023-05-15,Combined Risk Parity,0.00246401
2023-05-16,Combined Risk Parity,-0.01522149
2023-05-17,Combined Risk Parity,0.00942257
2023-05-18,Combined Risk Parity,0.0025644
2023-05-19,Combined Risk Parity,-0.00122963
2023-05-22,Combined Risk Parity,0.00030489
2023-05-23,Combined Risk Parity,-0.00573802
2023-05-24,Combined Risk Parity,-0.01013274
2023-05-25,Combined Risk Parity,-0.00554697
2023-05-26,Combined Risk Parity,0.00609501
2023-05-30,Combined Risk Parity,-0.00199063
2023-05-31,Combined Risk Parity,-0.00198056
2023-06-01,Combined Risk Parity,0.00204377
2023-06-02,Combined Risk Parity,0.01880587
2023-06-05,Combined Risk Parity,-0.0071795
2023-06-06,Combined Risk Parity,0.00401263
2023-06-07,Combined Risk Parity,0.0055093
2023-06-08,Combined Risk Parity,0.00465211
2023-06-09,Combined Risk Parity,-0.00379458
2023-06-12,Combined Risk Parity,0.0029045
2023-06-13,Combined Risk Parity,0.00609334
2023-06-14,Combined Risk Parity,-0.00351385
2023-06-15,Combined Risk Parity,0.0103269
2023-06-16,Combined Risk Parity,0.00215473
2023-06-20,Combined Risk Parity,-0.00885497
2023-06-21,Combined Risk Parity,0.00339901
2023-06-22,Combined Risk Parity,-0.00361949
2023-06-23,Combined Risk Parity,-0.00159023
2023-06-26,Combined Risk Parity,0.00654933
2023-06-27,Combined Risk Parity,0.00608179
2023-06-28,Combined Risk Parity,-0.00502708
2023-06-29,Combined Risk Parity,0.00719076
2023-06-30,Combined Risk Parity,0.01427476
2023-07-03,Combined Risk Parity,0.00484185
2023-07-05,Combined Risk Parity,-0.00332665
2023-07-06,Combined Risk Parity,-0.01266394
2023-07-07,Combined Risk Parity,-0.00076765
2023-07-10,Combined Risk Parity,0.00485291
2023-07-11,Combined Risk Parity,0.01218761
2023-07-12,Combined Risk Parity,0.00616444
2023-07-13,Combined Risk Parity,0.01829995
2023-07-14,Combined Risk Parity,-0.00905336
2023-07-17,Combined Risk Parity,-0.00544365
2023-07-18,Combined Risk Parity,0.00437206
2023-07-19,Combined Risk Parity,0.00865898
2023-07-20,Combined Risk Parity,0.00456618
2023-07-21,Combined Risk Parity,0.00545
2023-07-24,Combined Risk Parity,0.00091711
2023-07-25,Combined Risk Parity,0.00172015
2023-07-26,Combined Risk Parity,0.00326364
2023-07-27,Combined Risk Parity,-0.00477259
2023-07-28,Combined Risk Parity,0.00341153
2023-07-31,Combined Risk Parity,0.00108995
2023-08-01,Combined Risk Parity,-0.0041851
2023-08-02,Combined Risk Parity,-0.01289823
2023-08-03,Combined Risk Parity,-0.00707532
2023-08-04,Combined Risk Parity,-0.00276728
2023-08-07,Combined Risk Parity,0.00848277
2023-08-08,Combined Risk Parity,-0.00083409
2023-08-09,Combined Risk Parity,-0.00035575
2023-08-10,Combined Risk Parity,0.00010809
2023-08-11,Combined Risk Parity,0.00270212
2023-08-14,Combined Risk Parity,-0.00013005
2023-08-15,Combined Risk Parity,-0.0131045
2023-08-16,Combined Risk Parity,-0.00906094
2023-08-17,Combined Risk Parity,-0.01032908
2023-08-18,Combined Risk Parity,0.00183945
2023-08-21,Combined Risk Parity,-0.0024996
2023-08-22,Combined Risk Parity,-0.00498821
2023-08-23,Combined Risk Parity,0.00887756
2023-08-24,Combined Risk Parity,-0.01060978
2023-08-25,Combined Risk Parity,0.00416622
2023-08-28,Combined Risk Parity,0.0060241
2023-08-29,Combined Risk Parity,0.01398674
2023-08-30,Combined Risk Parity,-0.00043914
2023-08-31,Combined Risk Parity,-0.00646125
2023-09-01,Combined Risk Parity,0.00163919
2023-09-05,Combined Risk Parity,-0.00936208
2023-09-06,Combined Risk Parity,-0.00335523
2023-09-07,Combined Risk Parity,0.0028805
2023-09-08,Combined Risk Parity,0.00355106
2023-09-11,Combined Risk Parity,0.00069488
2023-09-12,Combined Risk Parity,0.00321429
2023-09-13,Combined Risk Parity,0.00046415
2023-09-14,Combined Risk Parity,0.01292146
2023-09-15,Combined Risk Parity,-0.0070435
2023-09-18,Combined Risk Parity,0.0012978
2023-09-19,Combined Risk Parity,-0.00228851
2023-09-20,Combined Risk Parity,-0.00330969
2023-09-21,Combined Risk Parity,-0.01702374
2023-09-22,Combined Risk Parity,-0.00286685
2023-09-25,Combined Risk Parity,0.0017862
2023-09-26,Combined Risk Parity,-0.01100671
2023-09-27,Combined Risk Parity,-0.00269929
2023-09-28,Combined Risk Parity,0.0038761
2023-09-29,Combined Risk Parity,-0.00160558
2023-10-02,Combined Risk Parity,-0.01597514
2023-10-03,Combined Risk Parity,-0.00690257
2023-10-04,Combined Risk Parity,0.00127727
2023-10-05,Combined Risk Parity,-0.00315915
2023-10-06,Combined Risk Parity,0.0092976
2023-10-09,Combined Risk Parity,0.00599596
2023-10-10,Combined Risk Parity,0.00685108
2023-10-11,Combined Risk Parity,0.00296547
2023-10-12,Combined Risk Parity,-0.00827582
2023-10-13,Combined Risk Parity,0.00314177
2023-10-16,Combined Risk Parity,0.0110801
2023-10-17,Combined Risk Parity,0.0014146
2023-10-18,Combined Risk Parity,-0.01240932
2023-10-19,Combined Risk Parity,-0.00722157
2023-10-20,Combined Risk Parity,-0.0051462
2023-10-23,Combined Risk Parity,-0.00184856
2023-10-24,Combined Risk Parity,0.01018096
2023-10-25,Combined Risk Parity,-0.00834147
2023-10-26,Combined Risk Parity,-0.00094718
2023-10-27,Combined Risk Parity,-0.01224906
2023-10-30,Combined Risk Parity,0.00908242
2023-10-31,Combined Risk Parity,0.00545262
2023-11-01,Combined Risk Parity,0.00587001
2023-11-02,Combined Risk Parity,0.02096602
2023-11-03,Combined Risk Parity,0.01040747
2023-11-06,Combined Risk Parity,-0.00146913
2023-11-07,Combined Risk Parity,-0.00470129
2023-11-08,Combined Risk Parity,-0.00115717
2023-11-09,Combined Risk Parity,-0.00842565
2023-11-10,Combined Risk Parity,0.00953686
2023-11-13,Combined Risk Parity,-0.00223059
2023-11-14,Combined Risk Parity,0.01805712
2023-11-15,Combined Risk Parity,0.0077509
2023-11-16,Combined Risk Parity,-0.00314775
2023-11-17,Combined Risk Parity,0.00217502
2023-11-20,Combined Risk Parity,0.0024789
2023-11-21,Combined Risk Parity,-0.00525407
2023-11-22,Combined Risk Parity,0.00511766
2023-11-24,Combined Risk Parity,0.00344271
2023-11-27,Combined Risk Parity,-0.00157651
2023-11-28,Combined Risk Parity,0.00297453
2023-11-29,Combined Risk Parity,0.00324203
2023-11-30,Combined Risk Parity,0.00657664
2023-12-01,Combined Risk Parity,0.00979345
2023-12-04,Combined Risk Parity,0.001571
2023-12-05,Combined Risk Parity,-0.00234521
2023-12-06,Combined Risk Parity,0.0003007
2023-12-07,Combined Risk Parity,0.003963
2023-12-08,Combined Risk Parity,0.00544103
2023-12-11,Combined Risk Parity,0.0005767
2023-12-12,Combined Risk Parity,0.00091309
2023-12-13,Combined Risk Parity,0.02226931
2023-12-14,Combined Risk Parity,0.01086951
2023-12-15,Combined Risk Parity,-0.00733358
2023-12-18,Combined Risk Parity,-0.00059083
2023-12-19,Combined Risk Parity,0.00556864
2023-12-20,Combined Risk Parity,-0.0114399
2023-12-21,Combined Risk Parity,0.00885802
2023-12-22,Combined Risk Parity,0.00471262
2023-12-26,Combined Risk Parity,0.00292673
2023-12-27,Combined Risk Parity,0.00559886
2023-12-28,Combined Risk Parity,0.00088783
2023-12-29,Combined Risk Parity,-0.00370477
2022-01-03,Equity Equal Weight + Sentiment,0.0078954
2022-01-04,Equity Equal Weight + Sentiment,0.00797583
2022-01-05,Equity Equal Weight + Sentiment,-0.00970935
2022-01-06,Equity Equal Weight + Sentiment,0.00040116
2022-01-07,Equity Equal Weight + Sentiment,0.00129437
2022-01-10,Equity Equal Weight + Sentiment,-0.00658418
2022-01-11,Equity Equal Weight + Sentiment,0.00997239
2022-01-12,Equity Equal Weight + Sentiment,0.00289037
2022-01-13,Equity Equal Weight + Sentiment,-0.00517508
2022-01-14,Equity Equal Weight + Sentiment,0.00171849
2022-01-18,Equity Equal Weight + Sentiment,-0.01073465
2022-01-19,Equity Equal Weight + Sentiment,-0.00673436
2022-01-20,Equity Equal Weight + Sentiment,-0.01186408
2022-01-21,Equity Equal Weight + Sentiment,-0.01295235
2022-01-24,Equity Equal Weight + Sentiment,0.0021608
2022-01-25,Equity Equal Weight + Sentiment,-0.00395665
2022-01-26,Equity Equal Weight + Sentiment,-0.00906695
2022-01-27,Equity Equal Weight + Sentiment,-0.00352559
2022-01-28,Equity Equal Weight + Sentiment,0.01723178
2022-01-31,Equity Equal Weight + Sentiment,0.0143801
2022-02-01,Equity Equal Weight + Sentiment,0.01080061
2022-02-02,Equity Equal Weight + Sentiment,0.01019563
2022-02-03,Equity Equal Weight + Sentiment,-0.00964531
2022-02-04,Equity Equal Weight + Sentiment,-0.00081587
2022-02-07,Equity Equal Weight + Sentiment,0.00230908
2022-02-08,Equity Equal Weight + Sentiment,0.0039055
2022-02-09,Equity Equal Weight + Sentiment,0.01253995
2022-02-10,Equity Equal Weight + Sentiment,-0.01706106
2022-02-11,Equity Equal Weight + Sentiment,-0.01048166
2022-02-14,Equity Equal Weight + Sentiment,-0.00634848
2022-02-15,Equity Equal Weight + Sentiment,0.01049983
2022-02-16,Equity Equal Weight + Sentiment,-0.00052264
2022-02-17,Equity Equal Weight + Sentiment,-0.01540156
2022-02-18,Equity Equal Weight + Sentiment,-0.0084627
2022-02-22,Equity Equal Weight + Sentiment,-0.0064227
2022-02-23,Equity Equal Weight + Sentiment,-0.01157176
2022-02-24,Equity Equal Weight + Sentiment,0.00672624
2022-02-25,Equity Equal Weight + Sentiment,0.02548709
2022-02-28,Equity Equal Weight + Sentiment,-0.00230424
2022-03-01,Equity Equal Weight + Sentiment,-0.01328025
2022-03-02,Equity Equal Weight + Sentiment,0.01972544
2022-03-03,Equity Equal Weight + Sentiment,-0.00084073
2022-03-04,Equity Equal Weight + Sentiment,0.00214274
2022-03-07,Equity Equal Weight + Sentiment,-0.01740488
2022-03-08,Equity Equal Weight + Sentiment,-0.00469318
2022-03-09,Equity Equal Weight + Sentiment,0.01477574
2022-03-10,Equity Equal Weight + Sentiment,-0.00090707
2022-03-11,Equity Equal Weight + Sentiment,-0.00837137
2022-03-14,Equity Equal Weight + Sentiment,-0.00955902
2022-03-15,Equity Equal Weight + Sentiment,0.01008764
2022-03-16,Equity Equal Weight + Sentiment,0.01560291
2022-03-17,Equity Equal Weight + Sentiment,0.0143836
2022-03-18,Equity Equal Weight + Sentiment,0.00483091
2022-03-21,Equity Equal Weight + Sentiment,0.00385264
2022-03-22,Equity Equal Weight + Sentiment,0.00536921
2022-03-23,Equity Equal Weight + Sentiment,-0.00965792
2022-03-24,Equity Equal Weight + Sentiment,0.0110567
2022-03-25,Equity Equal Weight + Sentiment,0.0090047
2022-03-28,Equity Equal Weight + Sentiment,0.00099264
2022-03-29,Equity Equal Weight + Sentiment,0.01236463
2022-03-30,Equity Equal Weight + Sentiment,-0.00420014
2022-03-31,Equity Equal Weight + Sentiment,-0.01460848
2022-04-01,Equity Equal Weight + Sentiment,0.00619455
2022-04-04,Equity Equal Weight + Sentiment,0.00244965
2022-04-05,Equity Equal Weight + Sentiment,-0.01090862
2022-04-06,Equity Equal Weight + Sentiment,-0.00142155
2022-04-07,Equity Equal Weight + Sentiment,0.00175064
2022-04-08,Equity Equal Weight + Sentiment,0.00305138
2022-04-11,Equity Equal Weight + Sentiment,-0.01202054
2022-04-12,Equity Equal Weight + Sentiment,-0.00086218
2022-04-13,Equity Equal Weight + Sentiment,0.00916203
2022-04-14,Equity Equal Weight + Sentiment,-0.00240319
2022-04-18,Equity Equal Weight + Sentiment,0.00107888
2022-04-19,Equity Equal Weight + Sentiment,0.01239357
2022-04-20,Equity Equal Weight + Sentiment,0.00147643
2022-04-21,Equity Equal Weight + Sentiment,-0.01253717
2022-04-22,Equity Equal Weight + Sentiment,-0.02329294
2022-04-25,Equity Equal Weight + Sentiment,-0.00250598
2022-04-26,Equity Equal Weight + Sentiment,-0.02068543
2022-04-27,Equity Equal Weight + Sentiment,0.00085627
2022-04-28,Equity Equal Weight + Sentiment,0.01837718
2022-04-29,Equity Equal Weight + Sentiment,-0.03544225
2022-05-02,Equity Equal Weight + Sentiment,0.00444168
2022-05-03,Equity Equal Weight + Sentiment,0.00628715
2022-05-04,Equity Equal Weight + Sentiment,0.03075866
2022-05-05,Equity Equal Weight + Sentiment,-0.02497162
2022-05-06,Equity Equal Weight + Sentiment,-0.00312655
2022-05-09,Equity Equal Weight + Sentiment,-0.0350252
2022-05-10,Equity Equal Weight + Sentiment,-0.00403077
2022-05-11,Equity Equal Weight + Sentiment,-0.00339308
2022-05-12,Equity Equal Weight + Sentiment,0.00227891
2022-05-13,Equity Equal Weight + Sentiment,0.02243928
2022-05-16,Equity Equal Weight + Sentiment,0.00174865
2022-05-17,Equity Equal Weight + Sentiment,0.01915426
2022-05-18,Equity Equal Weight + Sentiment,-0.02820623
2022-05-19,Equity Equal Weight + Sentiment,-0.00199049
2022-05-20,Equity Equal Weight + Sentiment,0.0008313
2022-05-23,Equity Equal Weight + Sentiment,0.01906841
2022-05-24,Equity Equal Weight + Sentiment,0.00039704
2022-05-25,Equity Equal Weight + Sentiment,0.0090216
2022-05-26,Equity Equal Weight + Sentiment,0.01522492
2022-05-27,Equity Equal Weight + Sentiment,0.01958191
2022-05-31,Equity Equal Weight + Sentiment,-0.00775555
2022-06-01,Equity Equal Weight + Sentiment,-0.00518008
2022-06-02,Equity Equal Weight + Sentiment,0.01445423
2022-06-03,Equity Equal Weight + Sentiment,-0.00808412
2022-06-06,Equity Equal Weight + Sentiment,-0.00049862
2022-06-07,Equity Equal Weight + Sentiment,0.01029077
2022-06-08,Equity Equal Weight + Sentiment,-0.01300114
2022-06-09,Equity Equal Weight + Sentiment,-0.0235875
2022-06-10,Equity Equal Weight + Sentiment,-0.02566137
2022-06-13,Equity Equal Weight + Sentiment,-0.04039196
2022-06-14,Equity Equal Weight + Sentiment,-0.00624916
2022-06-15,Equity Equal Weight + Sentiment,0.01075636
2022-06-16,Equity Equal Weight + Sentiment,-0.02923139
2022-06-17,Equity Equal Weight + Sentiment,-0.00450567
2022-06-21,Equity Equal Weight + Sentiment,0.02148324
2022-06-22,Equity Equal Weight + Sentiment,-0.00364802
2022-06-23,Equity Equal Weight + Sentiment,0.0023704
2022-06-24,Equity Equal Weight + Sentiment,0.02870912
2022-06-27,Equity Equal Weight + Sentiment,-0.00276169
2022-06-28,Equity Equal Weight + Sentiment,-0.00938606
2022-06-29,Equity Equal Weight + Sentiment,-0.00538525
2022-06-30,Equity Equal Weight + Sentiment,-0.00744491
2022-07-01,Equity Equal Weight + Sentiment,0.01053114
2022-07-05,Equity Equal Weight + Sentiment,-0.00649259
2022-07-06,Equity Equal Weight + Sentiment,-0.00016315
2022-07-07,Equity Equal Weight + Sentiment,0.01425824
2022-07-08,Equity Equal Weight + Sentiment,-0.00325701
2022-07-11,Equity Equal Weight + Sentiment,-0.00756916
2022-07-12,Equity Equal Weight + Sentiment,-0.00401108
2022-07-13,Equity Equal Weight + Sentiment,-0.00359472
2022-07-14,Equity Equal Weight + Sentiment,-0.00397582
2022-07-15,Equity Equal Weight + Sentiment,0.01853486
2022-07-18,Equity Equal Weight + Sentiment,-0.00321562
2022-07-19,Equity Equal Weight + Sentiment,0.02734789
2022-07-20,Equity Equal Weight + Sentiment,0.00273326
2022-07-21,Equity Equal Weight + Sentiment,0.00549251
2022-07-22,Equity Equal Weight + Sentiment,-0.00507664
2022-07-25,Equity Equal Weight + Sentiment,0.00378333
2022-07-26,Equity Equal Weight + Sentiment,-0.00502405
2022-07-27,Equity Equal Weight + Sentiment,0.01183556
2022-07-28,Equity Equal Weight + Sentiment,0.01034086
2022-07-29,Equity Equal Weight + Sentiment,0.00970497
2022-08-01,Equity Equal Weight + Sentiment,-0.00161977
2022-08-02,Equity Equal Weight + Sentiment,-0.00964761
2022-08-03,Equity Equal Weight + Sentiment,0.0060773
2022-08-04,Equity Equal Weight + Sentiment,-0.00195008
2022-08-05,Equity Equal Weight + Sentiment,0.00191146
2022-08-08,Equity Equal Weight + Sentiment,-0.00017392
2022-08-09,Equity Equal Weight + Sentiment,-0.00034407
2022-08-10,Equity Equal Weight + Sentiment,0.0163675
2022-08-11,Equity Equal Weight + Sentiment,0.00620648
2022-08-12,Equity Equal Weight + Sentiment,0.01471905
2022-08-15,Equity Equal Weight + Sentiment,0.00407213
2022-08-16,Equity Equal Weight + Sentiment,0.00265438
2022-08-17,Equity Equal Weight + Sentiment,-0.00783448
2022-08-18,Equity Equal Weight + Sentiment,0.004442
2022-08-19,Equity Equal Weight + Sentiment,-0.00833064
2022-08-22,Equity Equal Weight + Sentiment,-0.01917737
2022-08-23,Equity Equal Weight + Sentiment,0.00241973
2022-08-24,Equity Equal Weight + Sentiment,0.00242409
2022-08-25,Equity Equal Weight + Sentiment,0.01366538
2022-08-26,Equity Equal Weight + Sentiment,-0.02736913
2022-08-29,Equity Equal Weight + Sentiment,-0.00347123
2022-08-30,Equity Equal Weight + Sentiment,-0.01371484
2022-08-31,Equity Equal Weight + Sentiment,-0.00740039
2022-09-01,Equity Equal Weight + Sentiment,-0.00083643
2022-09-02,Equity Equal Weight + Sentiment,-0.009507
2022-09-06,Equity Equal Weight + Sentiment,-0.00391094
2022-09-07,Equity Equal Weight + Sentiment,0.01573722
2022-09-08,Equity Equal Weight + Sentiment,0.00574857
2022-09-09,Equity Equal Weight + Sentiment,0.01444439
2022-09-12,Equity Equal Weight + Sentiment,0.00843504
2022-09-13,Equity Equal Weight + Sentiment,-0.03982334
2022-09-14,Equity Equal Weight + Sentiment,0.00338679
2022-09-15,Equity Equal Weight + Sentiment,-0.01669595
2022-09-16,Equity Equal Weight + Sentiment,-0.00710782
2022-09-19,Equity Equal Weight + Sentiment,0.00611991
2022-09-20,Equity Equal Weight + Sentiment,-0.01545326
2022-09-21,Equity Equal Weight + Sentiment,-0.01679895
2022-09-22,Equity Equal Weight + Sentiment,-0.00912531
2022-09-23,Equity Equal Weight + Sentiment,-0.02212008
2022-09-26,Equity Equal Weight + Sentiment,-0.01610153
2022-09-27,Equity Equal Weight + Sentiment,-0.00380633
2022-09-28,Equity Equal Weight + Sentiment,0.02095807
2022-09-29,Equity Equal Weight + Sentiment,-0.01987425
2022-09-30,Equity Equal Weight + Sentiment,-0.01467325
2022-10-03,Equity Equal Weight + Sentiment,0.03208085
2022-10-04,Equity Equal Weight + Sentiment,0.02926084
2022-10-05,Equity Equal Weight + Sentiment,-0.00321666
2022-10-06,Equity Equal Weight + Sentiment,-0.01176678
2022-10-07,Equity Equal Weight + Sentiment,-0.02325659
2022-10-10,Equity Equal Weight + Sentiment,-0.00598069
2022-10-11,Equity Equal Weight + Sentiment,-0.00319843
2022-10-12,Equity Equal Weight + Sentiment,-0.00577219
2022-10-13,Equity Equal Weight + Sentiment,0.02967125
2022-10-14,Equity Equal Weight + Sentiment,-0.01836754
2022-10-17,Equity Equal Weight + Sentiment,0.02008833
2022-10-18,Equity Equal Weight + Sentiment,0.01190733
2022-10-19,Equity Equal Weight + Sentiment,-0.00785153
2022-10-20,Equity Equal Weight + Sentiment,-0.00417866
2022-10-21,Equity Equal Weight + Sentiment,0.02340335
2022-10-24,Equity Equal Weight + Sentiment,0.00831502
2022-10-25,Equity Equal Weight + Sentiment,0.01674643
2022-10-26,Equity Equal Weight + Sentiment,0.00550505
2022-10-27,Equity Equal Weight + Sentiment,-5.845e-05
2022-10-28,Equity Equal Weight + Sentiment,0.0239924
2022-10-31,Equity Equal Weight + Sentiment,-0.00743609
2022-11-01,Equity Equal Weight + Sentiment,0.00239328
2022-11-02,Equity Equal Weight + Sentiment,-0.01716155
2022-11-03,Equity Equal Weight + Sentiment,-0.00231272
2022-11-04,Equity Equal Weight + Sentiment,0.01825629
2022-11-07,Equity Equal Weight + Sentiment,0.00750595
2022-11-08,Equity Equal Weight + Sentiment,0.00651946
2022-11-09,Equity Equal Weight + Sentiment,-0.02144527
2022-11-10,Equity Equal Weight + Sentiment,0.04928735
2022-11-11,Equity Equal Weight + Sentiment,0.01182831
2022-11-14,Equity Equal Weight + Sentiment,-0.00860305
2022-11-15,Equity Equal Weight + Sentiment,0.00979959
2022-11-16,Equity Equal Weight + Sentiment,-0.01030596
2022-11-17,Equity Equal Weight + Sentiment,-0.00232918
2022-11-18,Equity Equal Weight + Sentiment,0.00500753
2022-11-21,Equity Equal Weight + Sentiment,0.00092362
2022-11-22,Equity Equal Weight + Sentiment,0.01474799
2022-11-23,Equity Equal Weight + Sentiment,0.00330022
2022-11-25,Equity Equal Weight + Sentiment,0.00074853
2022-11-28,Equity Equal Weight + Sentiment,-0.01840952
2022-11-29,Equity Equal Weight + Sentiment,0.00410027
2022-11-30,Equity Equal Weight + Sentiment,0.02368611
2022-12-01,Equity Equal Weight + Sentiment,-0.00029988
2022-12-02,Equity Equal Weight + Sentiment,0.00127412
2022-12-05,Equity Equal Weight + Sentiment,-0.01727475
2022-12-06,Equity Equal Weight + Sentiment,-0.01226641
2022-12-07,Equity Equal Weight + Sentiment,-0.00107989
2022-12-08,Equity Equal Weight + Sentiment,0.00721149
2022-12-09,Equity Equal Weight + Sentiment,-0.01034151
2022-12-12,Equity Equal Weight + Sentiment,0.01665312
2022-12-13,Equity Equal Weight + Sentiment,0.00862452
2022-12-14,Equity Equal Weight + Sentiment,-0.00863114
2022-12-15,Equity Equal Weight + Sentiment,-0.02151496
2022-12-16,Equity Equal Weight + Sentiment,-0.00960979
2022-12-19,Equity Equal Weight + Sentiment,-0.00666154
2022-12-20,Equity Equal Weight + Sentiment,0.00304724
2022-12-21,Equity Equal Weight + Sentiment,0.01793336
2022-12-22,Equity Equal Weight + Sentiment,-0.01145494
2022-12-23,Equity Equal Weight + Sentiment,0.00783936
2022-12-27,Equity Equal Weight + Sentiment,0.00037004
2022-12-28,Equity Equal Weight + Sentiment,-0.01286438
2022-12-29,Equity Equal Weight + Sentiment,0.01354369
2022-12-30,Equity Equal Weight + Sentiment,-0.00192294
2023-01-03,Equity Equal Weight + Sentiment,0.00198072
2023-01-04,Equity Equal Weight + Sentiment,0.01808955
2023-01-05,Equity Equal Weight + Sentiment,-0.00673256
2023-01-06,Equity Equal Weight + Sentiment,0.0232937
2023-01-09,Equity Equal Weight + Sentiment,0.00026201
2023-01-10,Equity Equal Weight + Sentiment,0.0075527
2023-01-11,Equity Equal Weight + Sentiment,0.00969214
2023-01-12,Equity Equal Weight + Sentiment,0.00707734
2023-01-13,Equity Equal Weight + Sentiment,0.00340866
2023-01-17,Equity Equal Weight + Sentiment,-0.00384494
2023-01-18,Equity Equal Weight + Sentiment,-0.01603513
2023-01-19,Equity Equal Weight + Sentiment,-0.00737655
2023-01-20,Equity Equal Weight + Sentiment,0.01517164
2023-01-23,Equity Equal Weight + Sentiment,0.01139763
2023-01-24,Equity Equal Weight + Sentiment,-0.00300657
2023-01-25,Equity Equal Weight + Sentiment,0.00168811
2023-01-26,Equity Equal Weight + Sentiment,0.00872216
2023-01-27,Equity Equal Weight + Sentiment,-0.0012565
2023-01-30,Equity Equal Weight + Sentiment,-0.01036353
2023-01-31,Equity Equal Weight + Sentiment,0.01179682
2023-02-01,Equity Equal Weight + Sentiment,0.00658953
2023-02-02,Equity Equal Weight + Sentiment,0.00022539
2023-02-03,Equity Equal Weight + Sentiment,-0.01257926
2023-02-06,Equity Equal Weight + Sentiment,-0.00461845
2023-02-07,Equity Equal Weight + Sentiment,0.01062168
2023-02-08,Equity Equal Weight + Sentiment,-0.00941205
2023-02-09,Equity Equal Weight + Sentiment,-0.00959153
2023-02-10,Equity Equal Weight + Sentiment,0.00773394
2023-02-13,Equity Equal Weight + Sentiment,0.00873106
2023-02-14,Equity Equal Weight + Sentiment,-0.00060396
2023-02-15,Equity Equal Weight + Sentiment,0.00014285
2023-02-16,Equity Equal Weight + Sentiment,-0.01387535
2023-02-17,Equity Equal Weight + Sentiment,-0.00298532
2023-02-21,Equity Equal Weight + Sentiment,-0.01736301
2023-02-22,Equity Equal Weight + Sentiment,-0.00558562
2023-02-23,Equity Equal Weight + Sentiment,0.00568786
2023-02-24,Equity Equal Weight + Sentiment,-0.00930953
2023-02-27,Equity Equal Weight + Sentiment,0.00168135
2023-02-28,Equity Equal Weight + Sentiment,-0.00425641
2023-03-01,Equity Equal Weight + Sentiment,-0.0011365
2023-03-02,Equity Equal Weight + Sentiment,0.01200485
2023-03-03,Equity Equal Weight + Sentiment,0.01309925
2023-03-06,Equity Equal Weight + Sentiment,-0.00162659
2023-03-07,Equity Equal Weight + Sentiment,-0.01689674
2023-03-08,Equity Equal Weight + Sentiment,0.00337397
2023-03-09,Equity Equal Weight + Sentiment,-0.01696178
2023-03-10,Equity Equal Weight + Sentiment,-0.01302895
2023-03-13,Equity Equal Weight + Sentiment,-0.0028485
2023-03-14,Equity Equal Weight + Sentiment,0.01461309
2023-03-15,Equity Equal Weight + Sentiment,-0.008917
2023-03-16,Equity Equal Weight + Sentiment,0.014275
2023-03-17,Equity Equal Weight + Sentiment,-0.01180711
2023-03-20,Equity Equal Weight + Sentiment,0.01106261
2023-03-21,Equity Equal Weight + Sentiment,0.00781784
2023-03-22,Equity Equal Weight + Sentiment,-0.01962583
2023-03-23,Equity Equal Weight + Sentiment,0.00188384
2023-03-24,Equity Equal Weight + Sentiment,0.00784901
2023-03-27,Equity Equal Weight + Sentiment,0.00408032
2023-03-28,Equity Equal Weight + Sentiment,0.00132681
2023-03-29,Equity Equal Weight + Sentiment,0.01567039
2023-03-30,Equity Equal Weight + Sentiment,0.00500234
2023-03-31,Equity Equal Weight + Sentiment,0.01235141
2023-04-03,Equity Equal Weight + Sentiment,0.00674562
2023-04-04,Equity Equal Weight + Sentiment,-0.00473458
2023-04-05,Equity Equal Weight + Sentiment,0.0036959
2023-04-06,Equity Equal Weight + Sentiment,-0.0001185
2023-04-10,Equity Equal Weight + Sentiment,0.00344738
2023-04-11,Equity Equal Weight + Sentiment,0.00240931
2023-04-12,Equity Equal Weight + Sentiment,-0.00228989
2023-04-13,Equity Equal Weight + Sentiment,0.00674361
2023-04-14,Equity Equal Weight + Sentiment,-0.00577161
2023-04-17,Equity Equal Weight + Sentiment,0.00479576
2023-04-18,Equity Equal Weight + Sentiment,0.00027001
2023-04-19,Equity Equal Weight + Sentiment,0.00225804
2023-04-20,Equity Equal Weight + Sentiment,-0.00706348
2023-04-21,Equity Equal Weight + Sentiment,-0.00101125
2023-04-24,Equity Equal Weight + Sentiment,0.0015384
2023-04-25,Equity Equal Weight + Sentiment,-0.01505744
2023-04-26,Equity Equal Weight + Sentiment,-0.01246278
2023-04-27,Equity Equal Weight + Sentiment,0.01457554
2023-04-28,Equity Equal Weight + Sentiment,0.00954737
2023-05-01,Equity Equal Weight + Sentiment,-0.00324182
2023-05-02,Equity Equal Weight + Sentiment,-0.01667955
2023-05-03,Equity Equal Weight + Sentiment,-0.01219083
2023-05-04,Equity Equal Weight + Sentiment,-0.00493665
2023-05-05,Equity Equal Weight + Sentiment,0.01753059
2023-05-08,Equity Equal Weight + Sentiment,-0.0006107
2023-05-09,Equity Equal Weight + Sentiment,-0.00427123
2023-05-10,Equity Equal Weight + Sentiment,-0.00170719
2023-05-11,Equity Equal Weight + Sentiment,-0.00894829
2023-05-12,Equity Equal Weight + Sentiment,-0.00070922
2023-05-15,Equity Equal Weight + Sentiment,0.00456381
2023-05-16,Equity Equal Weight + Sentiment,-0.01597266
2023-05-17,Equity Equal Weight + Sentiment,0.01219271
2023-05-18,Equity Equal Weight + Sentiment,0.00570617
2023-05-19,Equity Equal Weight + Sentiment,-0.00236343
2023-05-22,Equity Equal Weight + Sentiment,0.00050208
2023-05-23,Equity Equal Weight + Sentiment,-0.00720648
2023-05-24,Equity Equal Weight + Sentiment,-0.00911512
2023-05-25,Equity Equal Weight + Sentiment,0.00041122
2023-05-26,Equity Equal Weight + Sentiment,0.00868227
2023-05-30,Equity Equal Weight + Sentiment,-0.00197962
2023-05-31,Equity Equal Weight + Sentiment,-0.0046973
2023-06-01,Equity Equal Weight + Sentiment,0.00527117
2023-06-02,Equity Equal Weight + Sentiment,0.0192808
2023-06-05,Equity Equal Weight + Sentiment,-0.00579381
2023-06-06,Equity Equal Weight + Sentiment,0.00438318
2023-06-07,Equity Equal Weight + Sentiment,0.00813369
2023-06-08,Equity Equal Weight + Sentiment,0.00421588
2023-06-09,Equity Equal Weight + Sentiment,-0.00269529
2023-06-12,Equity Equal Weight + Sentiment,0.00520814
2023-06-13,Equity Equal Weight + Sentiment,0.00719058
2023-06-14,Equity Equal Weight + Sentiment,0.00026216
2023-06-15,Equity Equal Weight + Sentiment,0.00995532
2023-06-16,Equity Equal Weight + Sentiment,0.00060627
2023-06-20,Equity Equal Weight + Sentiment,-0.01254711
2023-06-21,Equity Equal Weight + Sentiment,-0.00327593
2023-06-22,Equity Equal Weight + Sentiment,-0.0054702
2023-06-23,Equity Equal Weight + Sentiment,-0.00740798
2023-06-26,Equity Equal Weight + Sentiment,0.00667175
2023-06-27,Equity Equal Weight + Sentiment,0.00712846
2023-06-28,Equity Equal Weight + Sentiment,-0.0017799
2023-06-29,Equity Equal Weight + Sentiment,0.00613928
2023-06-30,Equity Equal Weight + Sentiment,0.00841305
2023-07-03,Equity Equal Weight + Sentiment,0.00580135
2023-07-05,Equity Equal Weight + Sentiment,-0.00411066
2023-07-06,Equity Equal Weight + Sentiment,-0.0121528
2023-07-07,Equity Equal Weight + Sentiment,0.00049286
2023-07-10,Equity Equal Weight + Sentiment,0.00467227
2023-07-11,Equity Equal Weight + Sentiment,0.01394013
2023-07-12,Equity Equal Weight + Sentiment,0.0083096
2023-07-13,Equity Equal Weight + Sentiment,0.00583096
2023-07-14,Equity Equal Weight + Sentiment,-0.00655077
2023-07-17,Equity Equal Weight + Sentiment,-0.00358209
2023-07-18,Equity Equal Weight + Sentiment,0.00566931
2023-07-19,Equity Equal Weight + Sentiment,0.00636739
2023-07-20,Equity Equal Weight + Sentiment,0.00160564
2023-07-21,Equity Equal Weight + Sentiment,0.00459455
2023-07-24,Equity Equal Weight + Sentiment,0.00538095
2023-07-25,Equity Equal Weight + Sentiment,0.00330231
2023-07-26,Equity Equal Weight + Sentiment,0.00191695
2023-07-27,Equity Equal Weight + Sentiment,-0.00474556
2023-07-28,Equity Equal Weight + Sentiment,0.00415405
2023-07-31,Equity Equal Weight + Sentiment,0.00427885
2023-08-01,Equity Equal Weight + Sentiment,-0.0034791
2023-08-02,Equity Equal Weight + Sentiment,-0.01360213
2023-08-03,Equity Equal Weight + Sentiment,-0.00512109
2023-08-04,Equity Equal Weight + Sentiment,-0.00197552
2023-08-07,Equity Equal Weight + Sentiment,0.00786505
2023-08-08,Equity Equal Weight + Sentiment,-0.00348645
2023-08-09,Equity Equal Weight + Sentiment,-0.00182634
2023-08-10,Equity Equal Weight + Sentiment,0.00087888
2023-08-11,Equity Equal Weight + Sentiment,0.00168723
2023-08-14,Equity Equal Weight + Sentiment,0.00177764
2023-08-15,Equity Equal Weight + Sentiment,-0.01310542
2023-08-16,Equity Equal Weight + Sentiment,-0.00826784
2023-08-17,Equity Equal Weight + Sentiment,-0.00467529
2023-08-18,Equity Equal Weight + Sentiment,0.00177013
2023-08-21,Equity Equal Weight + Sentiment,-0.00044014
2023-08-22,Equity Equal Weight + Sentiment,-0.00479737
2023-08-23,Equity Equal Weight + Sentiment,0.00739184
2023-08-24,Equity Equal Weight + Sentiment,-0.0121795
2023-08-25,Equity Equal Weight + Sentiment,0.00483507
2023-08-28,Equity Equal Weight + Sentiment,0.00824896
2023-08-29,Equity Equal Weight + Sentiment,0.01191953
2023-08-30,Equity Equal Weight + Sentiment,0.00158837
2023-08-31,Equity Equal Weight + Sentiment,-0.00301401
2023-09-01,Equity Equal Weight + Sentiment,0.00398969
2023-09-05,Equity Equal Weight + Sentiment,-0.00851765
2023-09-06,Equity Equal Weight + Sentiment,-0.00416244
2023-09-07,Equity Equal Weight + Sentiment,5.038e-05
2023-09-08,Equity Equal Weight + Sentiment,0.00258123
2023-09-11,Equity Equal Weight + Sentiment,0.00285208
2023-09-12,Equity Equal Weight + Sentiment,0.00220952
2023-09-13,Equity Equal Weight + Sentiment,-0.00081957
2023-09-14,Equity Equal Weight + Sentiment,0.01222597
2023-09-15,Equity Equal Weight + Sentiment,-0.01064556
2023-09-18,Equity Equal Weight + Sentiment,-0.00021119
2023-09-19,Equity Equal Weight + Sentiment,-0.00431449
2023-09-20,Equity Equal Weight + Sentiment,-0.00526183
2023-09-21,Equity Equal Weight + Sentiment,-0.01882847
2023-09-22,Equity Equal Weight + Sentiment,-0.00324261
2023-09-25,Equity Equal Weight + Sentiment,0.00194851
2023-09-26,Equity Equal Weight + Sentiment,-0.01203939
2023-09-27,Equity Equal Weight + Sentiment,-0.00154324
2023-09-28,Equity Equal Weight + Sentiment,0.00410839
2023-09-29,Equity Equal Weight + Sentiment,-0.00107284
2023-10-02,Equity Equal Weight + Sentiment,-0.01427873
2023-10-03,Equity Equal Weight + Sentiment,-0.00864809
2023-10-04,Equity Equal Weight + Sentiment,0.00144648
2023-10-05,Equity Equal Weight + Sentiment,-0.00204876
2023-10-06,Equity Equal Weight + Sentiment,0.01047735
2023-10-09,Equity Equal Weight + Sentiment,0.00871273
2023-10-10,Equity Equal Weight + Sentiment,0.00834293
2023-10-11,Equity Equal Weight + Sentiment,0.00346725
2023-10-12,Equity Equal Weight + Sentiment,-0.00833495
2023-10-13,Equity Equal Weight + Sentiment,0.00135266
2023-10-16,Equity Equal Weight + Sentiment,0.01002056
2023-10-17,Equity Equal Weight + Sentiment,0.00255798
2023-10-18,Equity Equal Weight + Sentiment,-0.01435308
2023-10-19,Equity Equal Weight + Sentiment,-0.00917896
2023-10-20,Equity Equal Weight + Sentiment,-0.00885072
2023-10-23,Equity Equal Weight + Sentiment,-0.00674282
2023-10-24,Equity Equal Weight + Sentiment,0.01125117
2023-10-25,Equity Equal Weight + Sentiment,-0.01185386
2023-10-26,Equity Equal Weight + Sentiment,-0.0022072
2023-10-27,Equity Equal Weight + Sentiment,-0.01032919
2023-10-30,Equity Equal Weight + Sentiment,0.01001997
2023-10-31,Equity Equal Weight + Sentiment,0.00609618
2023-11-01,Equity Equal Weight + Sentiment,0.00529783
2023-11-02,Equity Equal Weight + Sentiment,0.02570717
2023-11-03,Equity Equal Weight + Sentiment,0.01262766
2023-11-06,Equity Equal Weight + Sentiment,-0.00452106
2023-11-07,Equity Equal Weight + Sentiment,-0.00364884
2023-11-08,Equity Equal Weight + Sentiment,-0.00125258
2023-11-09,Equity Equal Weight + Sentiment,-0.00914417
2023-11-10,Equity Equal Weight + Sentiment,0.01069497
2023-11-13,Equity Equal Weight + Sentiment,-0.00127094
2023-11-14,Equity Equal Weight + Sentiment,0.02469791
2023-11-15,Equity Equal Weight + Sentiment,0.00527654
2023-11-16,Equity Equal Weight + Sentiment,0.00075315
2023-11-17,Equity Equal Weight + Sentiment,0.00306745
2023-11-20,Equity Equal Weight + Sentiment,0.00440293
2023-11-21,Equity Equal Weight + Sentiment,-0.00220908
2023-11-22,Equity Equal Weight + Sentiment,0.0016996
2023-11-24,Equity Equal Weight + Sentiment,0.00241368
2023-11-27,Equity Equal Weight + Sentiment,0.00055032
2023-11-28,Equity Equal Weight + Sentiment,0.00206807
2023-11-29,Equity Equal Weight + Sentiment,0.00459087
2023-11-30,Equity Equal Weight + Sentiment,0.00625233
2023-12-01,Equity Equal Weight + Sentiment,0.00916941
2023-12-04,Equity Equal Weight + Sentiment,-0.00190823
2023-12-05,Equity Equal Weight + Sentiment,-0.00499528
2023-12-06,Equity Equal Weight + Sentiment,-0.00068847
2023-12-07,Equity Equal Weight + Sentiment,0.0052433
2023-12-08,Equity Equal Weight + Sentiment,0.00307745
2023-12-11,Equity Equal Weight + Sentiment,0.00690032
2023-12-12,Equity Equal Weight + Sentiment,0.00081943
2023-12-13,Equity Equal Weight + Sentiment,0.02085962
2023-12-14,Equity Equal Weight + Sentiment,0.01396518
2023-12-15,Equity Equal Weight + Sentiment,-0.00295761
2023-12-18,Equity Equal Weight + Sentiment,-0.00129106
2023-12-19,Equity Equal Weight + Sentiment,0.00810253
2023-12-20,Equity Equal Weight + Sentiment,-0.01482475
2023-12-21,Equity Equal Weight + Sentiment,0.00815934
2023-12-22,Equity Equal Weight + Sentiment,0.00187919
2023-12-26,Equity Equal Weight + Sentiment,0.00662324
2023-12-27,Equity Equal Weight + Sentiment,0.00154386
2023-12-28,Equity Equal Weight + Sentiment,0.0013175
2023-12-29,Equity Equal Weight + Sentiment,-0.00306163
2022-01-03,Equity Minimum Variance + Sentiment,-0.00133591
2022-01-04,Equity Minimum Variance + Sentiment,-0.00144614
2022-01-05,Equity Minimum Variance + Sentiment,0.0006309
2022-01-06,Equity Minimum Variance + Sentiment,-0.00913277
2022-01-07,Equity Minimum Variance + Sentiment,0.00410743
2022-01-10,Equity Minimum Variance + Sentiment,-0.00186051
2022-01-11,Equity Minimum Variance + Sentiment,0.00447274
2022-01-12,Equity Minimum Variance + Sentiment,0.00448095
2022-01-13,Equity Minimum Variance + Sentiment,-0.00131202
2022-01-14,Equity Minimum Variance + Sentiment,-0.00116094
2022-01-18,Equity Minimum Variance + Sentiment,-0.00351267
2022-01-19,Equity Minimum Variance + Sentiment,0.00745058
2022-01-20,Equity Minimum Variance + Sentiment,-0.01261023
2022-01-21,Equity Minimum Variance + Sentiment,-0.00340082
2022-01-24,Equity Minimum Variance + Sentiment,-0.00329848
2022-01-25,Equity Minimum Variance + Sentiment,-0.00538644
2022-01-26,Equity Minimum Variance + Sentiment,-0.0129258
2022-01-27,Equity Minimum Variance + Sentiment,0.00111603
2022-01-28,Equity Minimum Variance + Sentiment,0.00967974
2022-01-31,Equity Minimum Variance + Sentiment,0.00823498
2022-02-01,Equity Minimum Variance + Sentiment,0.00073593
2022-02-02,Equity Minimum Variance + Sentiment,0.00752476
2022-02-03,Equity Minimum Variance + Sentiment,-0.00497973
2022-02-04,Equity Minimum Variance + Sentiment,-0.00820839
2022-02-07,Equity Minimum Variance + Sentiment,0.00214758
2022-02-08,Equity Minimum Variance + Sentiment,-0.00085185
2022-02-09,Equity Minimum Variance + Sentiment,0.00065403
2022-02-10,Equity Minimum Variance + Sentiment,-0.01522813
2022-02-11,Equity Minimum Variance + Sentiment,0.00111568
2022-02-14,Equity Minimum Variance + Sentiment,-0.00495359
2022-02-15,Equity Minimum Variance + Sentiment,0.00311296
2022-02-16,Equity Minimum Variance + Sentiment,-0.00041013
2022-02-17,Equity Minimum Variance + Sentiment,0.00229854
2022-02-18,Equity Minimum Variance + Sentiment,-0.00491441
2022-02-22,Equity Minimum Variance + Sentiment,-0.00508034
2022-02-23,Equity Minimum Variance + Sentiment,0.00140948
2022-02-24,Equity Minimum Variance + Sentiment,-0.007535
2022-02-25,Equity Minimum Variance + Sentiment,0.02241779
2022-02-28,Equity Minimum Variance + Sentiment,-0.00988747
2022-03-01,Equity Minimum Variance + Sentiment,0.00041899
2022-03-02,Equity Minimum Variance + Sentiment,0.01087974
2022-03-03,Equity Minimum Variance + Sentiment,0.00894282
2022-03-04,Equity Minimum Variance + Sentiment,0.01073095
2022-03-07,Equity Minimum Variance + Sentiment,-0.00568072
2022-03-08,Equity Minimum Variance + Sentiment,-0.01493372
2022-03-09,Equity Minimum Variance + Sentiment,0.00513664
2022-03-10,Equity Minimum Variance + Sentiment,0.00093053
2022-03-11,Equity Minimum Variance + Sentiment,-0.00547575
2022-03-14,Equity Minimum Variance + Sentiment,-0.0015499
2022-03-15,Equity Minimum Variance + Sentiment,0.00881576
2022-03-16,Equity Minimum Variance + Sentiment,0.00257434
2022-03-17,Equity Minimum Variance + Sentiment,0.01192578
2022-03-18,Equity Minimum Variance + Sentiment,0.00396392
2022-03-21,Equity Minimum Variance + Sentiment,0.00273056
2022-03-22,Equity Minimum Variance + Sentiment,0.0035868
2022-03-23,Equity Minimum Variance + Sentiment,-0.00713105
2022-03-24,Equity Minimum Variance + Sentiment,0.00641538
2022-03-25,Equity Minimum Variance + Sentiment,0.00722
2022-03-28,Equity Minimum Variance + Sentiment,0.0066716
2022-03-29,Equity Minimum Variance + Sentiment,0.01203401
2022-03-30,Equity Minimum Variance + Sentiment,0.00353772
2022-03-31,Equity Minimum Variance + Sentiment,-0.00844665
2022-04-01,Equity Minimum Variance + Sentiment,0.01014112
2022-04-04,Equity Minimum Variance + Sentiment,0.00301486
2022-04-05,Equity Minimum Variance + Sentiment,-0.00363775
2022-04-06,Equity Minimum Variance + Sentiment,0.01306759
2022-04-07,Equity Minimum Variance + Sentiment,0.00329007
2022-04-08,Equity Minimum Variance + Sentiment,0.00531259
2022-04-11,Equity Minimum Variance + Sentiment,-0.00895944
2022-04-12,Equity Minimum Variance + Sentiment,-0.00266715
2022-04-13,Equity Minimum Variance + Sentiment,0.003785
2022-04-14,Equity Minimum Variance + Sentiment,0.0030553
2022-04-18,Equity Minimum Variance + Sentiment,-0.00712779
2022-04-19,Equity Minimum Variance + Sentiment,0.0094769
2022-04-20,Equity Minimum Variance + Sentiment,0.00361289
2022-04-21,Equity Minimum Variance + Sentiment,-0.00219063
2022-04-22,Equity Minimum Variance + Sentiment,-0.01435187
2022-04-25,Equity Minimum Variance + Sentiment,-0.000385
2022-04-26,Equity Minimum Variance + Sentiment,-0.01729227
2022-04-27,Equity Minimum Variance + Sentiment,-0.00535373
2022-04-28,Equity Minimum Variance + Sentiment,0.01385304
2022-04-29,Equity Minimum Variance + Sentiment,-0.03180292
2022-05-02,Equity Minimum Variance + Sentiment,0.00073534
2022-05-03,Equity Minimum Variance + Sentiment,0.00342797
2022-05-04,Equity Minimum Variance + Sentiment,0.02100642
2022-05-05,Equity Minimum Variance + Sentiment,-0.01303705
2022-05-06,Equity Minimum Variance + Sentiment,-0.00854363
2022-05-09,Equity Minimum Variance + Sentiment,-0.01075416
2022-05-10,Equity Minimum Variance + Sentiment,-0.00918917
2022-05-11,Equity Minimum Variance + Sentiment,0.00503438
2022-05-12,Equity Minimum Variance + Sentiment,0.00716375
2022-05-13,Equity Minimum Variance + Sentiment,0.0079501
2022-05-16,Equity Minimum Variance + Sentiment,0.00645345
2022-05-17,Equity Minimum Variance + Sentiment,-0.00711685
2022-05-18,Equity Minimum Variance + Sentiment,-0.0236101
2022-05-19,Equity Minimum Variance + Sentiment,-0.00646519
2022-05-20,Equity Minimum Variance + Sentiment,0.0023456
2022-05-23,Equity Minimum Variance + Sentiment,0.01327982
2022-05-24,Equity Minimum Variance + Sentiment,0.01140047
2022-05-25,Equity Minimum Variance + Sentiment,0.00276788
2022-05-26,Equity Minimum Variance + Sentiment,0.00509687
2022-05-27,Equity Minimum Variance + Sentiment,0.01058162
2022-05-31,Equity Minimum Variance + Sentiment,-0.00678728
2022-06-01,Equity Minimum Variance + Sentiment,-0.00757998
2022-06-02,Equity Minimum Variance + Sentiment,0.00710562
2022-06-03,Equity Minimum Variance + Sentiment,-0.00720664
2022-06-06,Equity Minimum Variance + Sentiment,-0.00384098
2022-06-07,Equity Minimum Variance + Sentiment,0.00733692
2022-06-08,Equity Minimum Variance + Sentiment,-0.01088631
2022-06-09,Equity Minimum Variance + Sentiment,-0.01968126
2022-06-10,Equity Minimum Variance + Sentiment,-0.00986013
2022-06-13,Equity Minimum Variance + Sentiment,-0.03160252
2022-06-14,Equity Minimum Variance + Sentiment,-0.01197531
2022-06-15,Equity Minimum Variance + Sentiment,0.0047209
2022-06-16,Equity Minimum Variance + Sentiment,-0.00826216
2022-06-17,Equity Minimum Variance + Sentiment,-0.00313279
2022-06-21,Equity Minimum Variance + Sentiment,0.02278844
2022-06-22,Equity Minimum Variance + Sentiment,0.00501206
2022-06-23,Equity Minimum Variance + Sentiment,0.01540706
2022-06-24,Equity Minimum Variance + Sentiment,0.01502285
2022-06-27,Equity Minimum Variance + Sentiment,-0.00261205
2022-06-28,Equity Minimum Variance + Sentiment,-0.01140999
2022-06-29,Equity Minimum Variance + Sentiment,0.00230395
2022-06-30,Equity Minimum Variance + Sentiment,-0.00480772
2022-07-01,Equity Minimum Variance + Sentiment,0.01337709
2022-07-05,Equity Minimum Variance + Sentiment,-0.00369497
2022-07-06,Equity Minimum Variance + Sentiment,0.00211845
2022-07-07,Equity Minimum Variance + Sentiment,0.00212607
2022-07-08,Equity Minimum Variance + Sentiment,-0.00224589
2022-07-11,Equity Minimum Variance + Sentiment,-0.00027034
2022-07-12,Equity Minimum Variance + Sentiment,-0.00501527
2022-07-13,Equity Minimum Variance + Sentiment,-0.00295811
2022-07-14,Equity Minimum Variance + Sentiment,-0.00087283
2022-07-15,Equity Minimum Variance + Sentiment,0.01168451
2022-07-18,Equity Minimum Variance + Sentiment,-0.01234997
2022-07-19,Equity Minimum Variance + Sentiment,0.01270797
2022-07-20,Equity Minimum Variance + Sentiment,-0.00664972
2022-07-21,Equity Minimum Variance + Sentiment,0.00062304
2022-07-22,Equity Minimum Variance + Sentiment,-0.00015843
2022-07-25,Equity Minimum Variance + Sentiment,0.00192444
2022-07-26,Equity Minimum Variance + Sentiment,-0.00250699
2022-07-27,Equity Minimum Variance + Sentiment,0.00417879
2022-07-28,Equity Minimum Variance + Sentiment,0.00988013
2022-07-29,Equity Minimum Variance + Sentiment,0.002875
2022-08-01,Equity Minimum Variance + Sentiment,-0.00438398
2022-08-02,Equity Minimum Variance + Sentiment,-0.00833229
2022-08-03,Equity Minimum Variance + Sentiment,0.01056095
2022-08-04,Equity Minimum Variance + Sentiment,-0.00527758
2022-08-05,Equity Minimum Variance + Sentiment,-0.00255396
2022-08-08,Equity Minimum Variance + Sentiment,0.00275852
2022-08-09,Equity Minimum Variance + Sentiment,0.00290561
2022-08-10,Equity Minimum Variance + Sentiment,0.00857872
2022-08-11,Equity Minimum Variance + Sentiment,-0.00160473
2022-08-12,Equity Minimum Variance + Sentiment,0.01546144
2022-08-15,Equity Minimum Variance + Sentiment,0.00868961
2022-08-16,Equity Minimum Variance + Sentiment,0.0125131
2022-08-17,Equity Minimum Variance + Sentiment,-0.00543649
2022-08-18,Equity Minimum Variance + Sentiment,-0.00210992
2022-08-19,Equity Minimum Variance + Sentiment,-0.00327512
2022-08-22,Equity Minimum Variance + Sentiment,-0.01466647
2022-08-23,Equity Minimum Variance + Sentiment,-0.00551361
2022-08-24,Equity Minimum Variance + Sentiment,-0.00068915
2022-08-25,Equity Minimum Variance + Sentiment,0.00733758
2022-08-26,Equity Minimum Variance + Sentiment,-0.01984341
2022-08-29,Equity Minimum Variance + Sentiment,-0.00486476
2022-08-30,Equity Minimum Variance + Sentiment,-0.00858446
2022-08-31,Equity Minimum Variance + Sentiment,-0.00531721
2022-09-01,Equity Minimum Variance + Sentiment,0.01240971
2022-09-02,Equity Minimum Variance + Sentiment,-0.01234275
2022-09-06,Equity Minimum Variance + Sentiment,-0.00385039
2022-09-07,Equity Minimum Variance + Sentiment,0.01789483
2022-09-08,Equity Minimum Variance + Sentiment,0.0003578
2022-09-09,Equity Minimum Variance + Sentiment,0.01008687
2022-09-12,Equity Minimum Variance + Sentiment,0.01068884
2022-09-13,Equity Minimum Variance + Sentiment,-0.02844453
2022-09-14,Equity Minimum Variance + Sentiment,0.00280327
2022-09-15,Equity Minimum Variance + Sentiment,-0.01147704
2022-09-16,Equity Minimum Variance + Sentiment,-0.00045231
2022-09-19,Equity Minimum Variance + Sentiment,0.0035041
2022-09-20,Equity Minimum Variance + Sentiment,-0.01270315
2022-09-21,Equity Minimum Variance + Sentiment,-0.01307812
2022-09-22,Equity Minimum Variance + Sentiment,0.00063547
2022-09-23,Equity Minimum Variance + Sentiment,-0.01475477
2022-09-26,Equity Minimum Variance + Sentiment,-0.01091772
2022-09-27,Equity Minimum Variance + Sentiment,-0.00736999
2022-09-28,Equity Minimum Variance + Sentiment,0.0183428
2022-09-29,Equity Minimum Variance + Sentiment,-0.02017623
2022-09-30,Equity Minimum Variance + Sentiment,-0.01646179
2022-10-03,Equity Minimum Variance + Sentiment,0.02517828
2022-10-04,Equity Minimum Variance + Sentiment,0.01942806
2022-10-05,Equity Minimum Variance + Sentiment,-0.00779292
2022-10-06,Equity Minimum Variance + Sentiment,-0.01311594
2022-10-07,Equity Minimum Variance + Sentiment,-0.01611153
2022-10-10,Equity Minimum Variance + Sentiment,0.00331462
2022-10-11,Equity Minimum Variance + Sentiment,0.00891473
2022-10-12,Equity Minimum Variance + Sentiment,-0.00832002
2022-10-13,Equity Minimum Variance + Sentiment,0.02156916
2022-10-14,Equity Minimum Variance + Sentiment,-0.01103581
2022-10-17,Equity Minimum Variance + Sentiment,0.01345517
2022-10-18,Equity Minimum Variance + Sentiment,0.0139356
2022-10-19,Equity Minimum Variance + Sentiment,-0.00851418
2022-10-20,Equity Minimum Variance + Sentiment,-0.00067285
2022-10-21,Equity Minimum Variance + Sentiment,0.02065764
2022-10-24,Equity Minimum Variance + Sentiment,0.01475759
2022-10-25,Equity Minimum Variance + Sentiment,0.01012415
2022-10-26,Equity Minimum Variance + Sentiment,0.01032365
2022-10-27,Equity Minimum Variance + Sentiment,0.0008556
2022-10-28,Equity Minimum Variance + Sentiment,0.02133384
2022-10-31,Equity Minimum Variance + Sentiment,-0.00810095
2022-11-01,Equity Minimum Variance + Sentiment,-0.00104404
2022-11-02,Equity Minimum Variance + Sentiment,-0.01219947
2022-11-03,Equity Minimum Variance + Sentiment,-0.00495764
2022-11-04,Equity Minimum Variance + Sentiment,0.01077156
2022-11-07,Equity Minimum Variance + Sentiment,0.00774323
2022-11-08,Equity Minimum Variance + Sentiment,0.00402776
2022-11-09,Equity Minimum Variance + Sentiment,-0.01076539
2022-11-10,Equity Minimum Variance + Sentiment,0.02753985
2022-11-11,Equity Minimum Variance + Sentiment,-0.00207006
2022-11-14,Equity Minimum Variance + Sentiment,-0.00511549
2022-11-15,Equity Minimum Variance + Sentiment,0.00987187
2022-11-16,Equity Minimum Variance + Sentiment,-0.00088957
2022-11-17,Equity Minimum Variance + Sentiment,0.00116605
2022-11-18,Equity Minimum Variance + Sentiment,0.00975834
2022-11-21,Equity Minimum Variance + Sentiment,0.00464792
2022-11-22,Equity Minimum Variance + Sentiment,0.00962151
2022-11-23,Equity Minimum Variance + Sentiment,0.00232477
2022-11-25,Equity Minimum Variance + Sentiment,0.00193831
2022-11-28,Equity Minimum Variance + Sentiment,-0.00985547
2022-11-29,Equity Minimum Variance + Sentiment,0.00288235
2022-11-30,Equity Minimum Variance + Sentiment,0.01753112
2022-12-01,Equity Minimum Variance + Sentiment,0.00211409
2022-12-02,Equity Minimum Variance + Sentiment,0.0026283
2022-12-05,Equity Minimum Variance + Sentiment,-0.00933969
2022-12-06,Equity Minimum Variance + Sentiment,-0.00652056
2022-12-07,Equity Minimum Variance + Sentiment,0.00229765
2022-12-08,Equity Minimum Variance + Sentiment,0.00439957
2022-12-09,Equity Minimum Variance + Sentiment,-0.01334334
2022-12-12,Equity Minimum Variance + Sentiment,0.0099032
2022-12-13,Equity Minimum Variance + Sentiment,0.00269419
2022-12-14,Equity Minimum Variance + Sentiment,-0.00135206
2022-12-15,Equity Minimum Variance + Sentiment,-0.01528951
2022-12-16,Equity Minimum Variance + Sentiment,-0.00788245
2022-12-19,Equity Minimum Variance + Sentiment,-0.00226802
2022-12-20,Equity Minimum Variance + Sentiment,0.00025699
2022-12-21,Equity Minimum Variance + Sentiment,0.01208455
2022-12-22,Equity Minimum Variance + Sentiment,-0.0044325
2022-12-23,Equity Minimum Variance + Sentiment,0.00429064
2022-12-27,Equity Minimum Variance + Sentiment,0.00192532
2022-12-28,Equity Minimum Variance + Sentiment,-0.01053347
2022-12-29,Equity Minimum Variance + Sentiment,0.00779423
2022-12-30,Equity Minimum Variance + Sentiment,-0.00141194
2023-01-03,Equity Minimum Variance + Sentiment,0.00303259
2023-01-04,Equity Minimum Variance + Sentiment,0.00896833
2023-01-05,Equity Minimum Variance + Sentiment,-0.00233431
2023-01-06,Equity Minimum Variance + Sentiment,0.01653562
2023-01-09,Equity Minimum Variance + Sentiment,-0.01323997
2023-01-10,Equity Minimum Variance + Sentiment,0.00231386
2023-01-11,Equity Minimum Variance + Sentiment,0.00357133
2023-01-12,Equity Minimum Variance + Sentiment,-0.00420881
2023-01-13,Equity Minimum Variance + Sentiment,0.00228741
2023-01-17,Equity Minimum Variance + Sentiment,-0.00600368
2023-01-18,Equity Minimum Variance + Sentiment,-0.01895658
2023-01-19,Equity Minimum Variance + Sentiment,-0.00424454
2023-01-20,Equity Minimum Variance + Sentiment,0.00901371
2023-01-23,Equity Minimum Variance + Sentiment,0.00304722
2023-01-24,Equity Minimum Variance + Sentiment,-0.00225362
2023-01-25,Equity Minimum Variance + Sentiment,0.00185655
2023-01-26,Equity Minimum Variance + Sentiment,0.00034187
2023-01-27,Equity Minimum Variance + Sentiment,-0.00302039
2023-01-30,Equity Minimum Variance + Sentiment,-0.0041525
2023-01-31,Equity Minimum Variance + Sentiment,0.00844271
2023-02-01,Equity Minimum Variance + Sentiment,-0.01067666
2023-02-02,Equity Minimum Variance + Sentiment,-0.00955997
2023-02-03,Equity Minimum Variance + Sentiment,-0.0077723
2023-02-06,Equity Minimum Variance + Sentiment,-0.00089544
2023-02-07,Equity Minimum Variance + Sentiment,0.00635433
2023-02-08,Equity Minimum Variance + Sentiment,-0.0076197
2023-02-09,Equity Minimum Variance + Sentiment,-0.00070251
2023-02-10,Equity Minimum Variance + Sentiment,0.01203723
2023-02-13,Equity Minimum Variance + Sentiment,0.00902997
2023-02-14,Equity Minimum Variance + Sentiment,-0.00774561
2023-02-15,Equity Minimum Variance + Sentiment,0.000492
2023-02-16,Equity Minimum Variance + Sentiment,-0.01186805
2023-02-17,Equity Minimum Variance + Sentiment,0.01159251
2023-02-21,Equity Minimum Variance + Sentiment,-0.00532325
2023-02-22,Equity Minimum Variance + Sentiment,-0.00497338
2023-02-23,Equity Minimum Variance + Sentiment,0.00065057
2023-02-24,Equity Minimum Variance + Sentiment,-0.0057695
2023-02-27,Equity Minimum Variance + Sentiment,-0.0001032
2023-02-28,Equity Minimum Variance + Sentiment,-0.00874414
2023-03-01,Equity Minimum Variance + Sentiment,-0.00314847
2023-03-02,Equity Minimum Variance + Sentiment,0.00756038
2023-03-03,Equity Minimum Variance + Sentiment,0.0063317
2023-03-06,Equity Minimum Variance + Sentiment,0.00624288
2023-03-07,Equity Minimum Variance + Sentiment,-0.01099733
2023-03-08,Equity Minimum Variance + Sentiment,-0.00494865
2023-03-09,Equity Minimum Variance + Sentiment,-0.01205812
2023-03-10,Equity Minimum Variance + Sentiment,-0.00388009
2023-03-13,Equity Minimum Variance + Sentiment,0.00738529
2023-03-14,Equity Minimum Variance + Sentiment,0.00849762
2023-03-15,Equity Minimum Variance + Sentiment,0.00345301
2023-03-16,Equity Minimum Variance + Sentiment,0.00255227
2023-03-17,Equity Minimum Variance + Sentiment,-0.01045521
2023-03-20,Equity Minimum Variance + Sentiment,0.01240927
2023-03-21,Equity Minimum Variance + Sentiment,-0.00147487
2023-03-22,Equity Minimum Variance + Sentiment,-0.01518757
2023-03-23,Equity Minimum Variance + Sentiment,0.00552246
2023-03-24,Equity Minimum Variance + Sentiment,0.01700167
2023-03-27,Equity Minimum Variance + Sentiment,0.00413294
2023-03-28,Equity Minimum Variance + Sentiment,0.00051936
2023-03-29,Equity Minimum Variance + Sentiment,0.00701045
2023-03-30,Equity Minimum Variance + Sentiment,0.00385818
2023-03-31,Equity Minimum Variance + Sentiment,0.00858159
2023-04-03,Equity Minimum Variance + Sentiment,0.00745555
2023-04-04,Equity Minimum Variance + Sentiment,0.00389875
2023-04-05,Equity Minimum Variance + Sentiment,0.01341871
2023-04-06,Equity Minimum Variance + Sentiment,0.00071119
2023-04-10,Equity Minimum Variance + Sentiment,-0.0015426
2023-04-11,Equity Minimum Variance + Sentiment,-0.00104763
2023-04-12,Equity Minimum Variance + Sentiment,0.0003863
2023-04-13,Equity Minimum Variance + Sentiment,0.00812542
2023-04-14,Equity Minimum Variance + Sentiment,-0.00526108
2023-04-17,Equity Minimum Variance + Sentiment,0.00185829
2023-04-18,Equity Minimum Variance + Sentiment,-0.0016913
2023-04-19,Equity Minimum Variance + Sentiment,0.00126466
2023-04-20,Equity Minimum Variance + Sentiment,-0.00271113
2023-04-21,Equity Minimum Variance + Sentiment,0.00571965
2023-04-24,Equity Minimum Variance + Sentiment,0.00276138
2023-04-25,Equity Minimum Variance + Sentiment,-0.00291835
2023-04-26,Equity Minimum Variance + Sentiment,-0.0179905
2023-04-27,Equity Minimum Variance + Sentiment,0.00100581
2023-04-28,Equity Minimum Variance + Sentiment,0.00297579
2023-05-01,Equity Minimum Variance + Sentiment,0.00117195
2023-05-02,Equity Minimum Variance + Sentiment,-0.00939073
2023-05-03,Equity Minimum Variance + Sentiment,-0.00836251
2023-05-04,Equity Minimum Variance + Sentiment,2.113e-05
2023-05-05,Equity Minimum Variance + Sentiment,0.01092735
2023-05-08,Equity Minimum Variance + Sentiment,-0.00136573
2023-05-09,Equity Minimum Variance + Sentiment,-0.00420007
2023-05-10,Equity Minimum Variance + Sentiment,-0.00096179
2023-05-11,Equity Minimum Variance + Sentiment,-0.00187242
2023-05-12,Equity Minimum Variance + Sentiment,0.00093397
2023-05-15,Equity Minimum Variance + Sentiment,-0.00265617
2023-05-16,Equity Minimum Variance + Sentiment,-0.01510675
2023-05-17,Equity Minimum Variance + Sentiment,-0.00028332
2023-05-18,Equity Minimum Variance + Sentiment,0.00086761
2023-05-19,Equity Minimum Variance + Sentiment,0.00067366
2023-05-22,Equity Minimum Variance + Sentiment,-0.00556485
2023-05-23,Equity Minimum Variance + Sentiment,-0.00376692
2023-05-24,Equity Minimum Variance + Sentiment,-0.00598168
2023-05-25,Equity Minimum Variance + Sentiment,-0.01216053
2023-05-26,Equity Minimum Variance + Sentiment,-0.00071844
2023-05-30,Equity Minimum Variance + Sentiment,-0.00420391
2023-05-31,Equity Minimum Variance + Sentiment,0.00655199
2023-06-01,Equity Minimum Variance + Sentiment,-0.0041952
2023-06-02,Equity Minimum Variance + Sentiment,0.01217068
2023-06-05,Equity Minimum Variance + Sentiment,0.0021971
2023-06-06,Equity Minimum Variance + Sentiment,-0.00663694
2023-06-07,Equity Minimum Variance + Sentiment,0.00241406
2023-06-08,Equity Minimum Variance + Sentiment,0.00785187
2023-06-09,Equity Minimum Variance + Sentiment,-0.00073618
2023-06-12,Equity Minimum Variance + Sentiment,-0.00150231
2023-06-13,Equity Minimum Variance + Sentiment,0.00600076
2023-06-14,Equity Minimum Variance + Sentiment,0.00021889
2023-06-15,Equity Minimum Variance + Sentiment,0.00984902
2023-06-16,Equity Minimum Variance + Sentiment,0.00203552
2023-06-20,Equity Minimum Variance + Sentiment,-0.00881306
2023-06-21,Equity Minimum Variance + Sentiment,-0.00182754
2023-06-22,Equity Minimum Variance + Sentiment,0.005391
2023-06-23,Equity Minimum Variance + Sentiment,-0.00632481
2023-06-26,Equity Minimum Variance + Sentiment,0.00254526
2023-06-27,Equity Minimum Variance + Sentiment,0.0012679
2023-06-28,Equity Minimum Variance + Sentiment,-0.00363081
2023-06-29,Equity Minimum Variance + Sentiment,0.00046599
2023-06-30,Equity Minimum Variance + Sentiment,0.00849394
2023-07-03,Equity Minimum Variance + Sentiment,0.00487751
2023-07-05,Equity Minimum Variance + Sentiment,0.0015275
2023-07-06,Equity Minimum Variance + Sentiment,-0.00897929
2023-07-07,Equity Minimum Variance + Sentiment,-0.01275969
2023-07-10,Equity Minimum Variance + Sentiment,0.00451198
2023-07-11,Equity Minimum Variance + Sentiment,0.01012347
2023-07-12,Equity Minimum Variance + Sentiment,0.001237
2023-07-13,Equity Minimum Variance + Sentiment,0.00171146
2023-07-14,Equity Minimum Variance + Sentiment,0.00231136
2023-07-17,Equity Minimum Variance + Sentiment,-0.0037796
2023-07-18,Equity Minimum Variance + Sentiment,0.0030683
2023-07-19,Equity Minimum Variance + Sentiment,0.00576179
2023-07-20,Equity Minimum Variance + Sentiment,0.0124385
2023-07-21,Equity Minimum Variance + Sentiment,0.00772231
2023-07-24,Equity Minimum Variance + Sentiment,-0.00035566
2023-07-25,Equity Minimum Variance + Sentiment,-0.00200008
2023-07-26,Equity Minimum Variance + Sentiment,0.00183067
2023-07-27,Equity Minimum Variance + Sentiment,-0.00458037
2023-07-28,Equity Minimum Variance + Sentiment,0.00244562
2023-07-31,Equity Minimum Variance + Sentiment,-0.00257451
2023-08-01,Equity Minimum Variance + Sentiment,-0.00751165
2023-08-02,Equity Minimum Variance + Sentiment,-0.00905549
2023-08-03,Equity Minimum Variance + Sentiment,-0.00768066
2023-08-04,Equity Minimum Variance + Sentiment,0.00141489
2023-08-07,Equity Minimum Variance + Sentiment,0.01311453
2023-08-08,Equity Minimum Variance + Sentiment,-0.00053776
2023-08-09,Equity Minimum Variance + Sentiment,0.00133681
2023-08-10,Equity Minimum Variance + Sentiment,-0.00042541
2023-08-11,Equity Minimum Variance + Sentiment,0.00564465
2023-08-14,Equity Minimum Variance + Sentiment,-0.00228302
2023-08-15,Equity Minimum Variance + Sentiment,-0.00611705
2023-08-16,Equity Minimum Variance + Sentiment,-0.00324932
2023-08-17,Equity Minimum Variance + Sentiment,-0.005526
2023-08-18,Equity Minimum Variance + Sentiment,0.0019071
2023-08-21,Equity Minimum Variance + Sentiment,-0.00286592
2023-08-22,Equity Minimum Variance + Sentiment,-0.00456022
2023-08-23,Equity Minimum Variance + Sentiment,0.00936543
2023-08-24,Equity Minimum Variance + Sentiment,-0.00846312
2023-08-25,Equity Minimum Variance + Sentiment,0.00228433
2023-08-28,Equity Minimum Variance + Sentiment,0.00298862
2023-08-29,Equity Minimum Variance + Sentiment,0.00613096
2023-08-30,Equity Minimum Variance + Sentiment,0.00077917
2023-08-31,Equity Minimum Variance + Sentiment,-0.00521295
2023-09-01,Equity Minimum Variance + Sentiment,0.00071734
2023-09-05,Equity Minimum Variance + Sentiment,-0.0097312
2023-09-06,Equity Minimum Variance + Sentiment,-0.00333091
2023-09-07,Equity Minimum Variance + Sentiment,0.00809661
2023-09-08,Equity Minimum Variance + Sentiment,0.00664737
2023-09-11,Equity Minimum Variance + Sentiment,0.00334605
2023-09-12,Equity Minimum Variance + Sentiment,-0.00159729
2023-09-13,Equity Minimum Variance + Sentiment,0.00136115
2023-09-14,Equity Minimum Variance + Sentiment,0.01039256
2023-09-15,Equity Minimum Variance + Sentiment,-0.00816499
2023-09-18,Equity Minimum Variance + Sentiment,0.00138875
2023-09-19,Equity Minimum Variance + Sentiment,0.00029892
2023-09-20,Equity Minimum Variance + Sentiment,0.00376478
2023-09-21,Equity Minimum Variance + Sentiment,-0.01250801
2023-09-22,Equity Minimum Variance + Sentiment,-0.00153916
2023-09-25,Equity Minimum Variance + Sentiment,0.00010368
2023-09-26,Equity Minimum Variance + Sentiment,-0.00684188
2023-09-27,Equity Minimum Variance + Sentiment,-0.00693072
2023-09-28,Equity Minimum Variance + Sentiment,0.00103649
2023-09-29,Equity Minimum Variance + Sentiment,-0.00546596
2023-10-02,Equity Minimum Variance + Sentiment,-0.00967821
2023-10-03,Equity Minimum Variance + Sentiment,-0.00680073
2023-10-04,Equity Minimum Variance + Sentiment,0.00702834
2023-10-05,Equity Minimum Variance + Sentiment,-0.00508488
2023-10-06,Equity Minimum Variance + Sentiment,0.0039245
2023-10-09,Equity Minimum Variance + Sentiment,0.00702124
2023-10-10,Equity Minimum Variance + Sentiment,0.00730691
2023-10-11,Equity Minimum Variance + Sentiment,0.00572037
2023-10-12,Equity Minimum Variance + Sentiment,-0.00325685
2023-10-13,Equity Minimum Variance + Sentiment,0.00384268
2023-10-16,Equity Minimum Variance + Sentiment,0.00591034
2023-10-17,Equity Minimum Variance + Sentiment,0.00475553
2023-10-18,Equity Minimum Variance + Sentiment,-0.0066549
2023-10-19,Equity Minimum Variance + Sentiment,-0.00774988
2023-10-20,Equity Minimum Variance + Sentiment,-0.00154629
2023-10-23,Equity Minimum Variance + Sentiment,-0.00619796
2023-10-24,Equity Minimum Variance + Sentiment,0.01098897
2023-10-25,Equity Minimum Variance + Sentiment,-0.00557737
2023-10-26,Equity Minimum Variance + Sentiment,-0.00185227
2023-10-27,Equity Minimum Variance + Sentiment,-0.01910483
2023-10-30,Equity Minimum Variance + Sentiment,0.00295576
2023-10-31,Equity Minimum Variance + Sentiment,0.00279441
2023-11-01,Equity Minimum Variance + Sentiment,0.00613541
2023-11-02,Equity Minimum Variance + Sentiment,0.01630977
2023-11-03,Equity Minimum Variance + Sentiment,0.00255369
2023-11-06,Equity Minimum Variance + Sentiment,-0.00081915
2023-11-07,Equity Minimum Variance + Sentiment,-0.00046635
2023-11-08,Equity Minimum Variance + Sentiment,-0.00164495
2023-11-09,Equity Minimum Variance + Sentiment,-0.01350405
2023-11-10,Equity Minimum Variance + Sentiment,0.00492608
2023-11-13,Equity Minimum Variance + Sentiment,0.00234082
2023-11-14,Equity Minimum Variance + Sentiment,0.0097791
2023-11-15,Equity Minimum Variance + Sentiment,0.003218
2023-11-16,Equity Minimum Variance + Sentiment,-0.01110541
2023-11-17,Equity Minimum Variance + Sentiment,-0.0008378
2023-11-20,Equity Minimum Variance + Sentiment,0.00371122
2023-11-21,Equity Minimum Variance + Sentiment,0.00195214
2023-11-22,Equity Minimum Variance + Sentiment,9.124e-05
2023-11-24,Equity Minimum Variance + Sentiment,0.00396761
2023-11-27,Equity Minimum Variance + Sentiment,0.00050886
2023-11-28,Equity Minimum Variance + Sentiment,0.00159548
2023-11-29,Equity Minimum Variance + Sentiment,-0.00088592
2023-11-30,Equity Minimum Variance + Sentiment,0.00986453
2023-12-01,Equity Minimum Variance + Sentiment,0.00522549
2023-12-04,Equity Minimum Variance + Sentiment,0.00339437
2023-12-05,Equity Minimum Variance + Sentiment,0.00169286
2023-12-06,Equity Minimum Variance + Sentiment,-0.0024023
2023-12-07,Equity Minimum Variance + Sentiment,-0.0033368
2023-12-08,Equity Minimum Variance + Sentiment,-0.00113064
2023-12-11,Equity Minimum Variance + Sentiment,0.00568937
2023-12-12,Equity Minimum Variance + Sentiment,0.00342458
2023-12-13,Equity Minimum Variance + Sentiment,0.02013217
2023-12-14,Equity Minimum Variance + Sentiment,-0.00201986
2023-12-15,Equity Minimum Variance + Sentiment,-0.00677095
2023-12-18,Equity Minimum Variance + Sentiment,0.00243084
2023-12-19,Equity Minimum Variance + Sentiment,0.00449029
2023-12-20,Equity Minimum Variance + Sentiment,-0.01271026
2023-12-21,Equity Minimum Variance + Sentiment,0.00793814
2023-12-22,Equity Minimum Variance + Sentiment,0.00862447
2023-12-26,Equity Minimum Variance + Sentiment,0.00100574
2023-12-27,Equity Minimum Variance + Sentiment,0.00308046
2023-12-28,Equity Minimum Variance + Sentiment,0.0018644
2023-12-29,Equity Minimum Variance + Sentiment,-0.00052138
