trade_date,sector,sentiment,sentiment_lag1
2020-01-02,Comm,0.20894933333333335,
2020-01-03,Comm,0.05423,0.20894933333333335
2020-01-06,Comm,0.13917583333333333,0.05423
2020-01-07,Comm,0.2169,0.13917583333333333
2020-01-08,Comm,0.17791,0.2169
2020-01-09,Comm,0.24958,0.17791
2020-01-10,Comm,0.050303333333333325,0.24958
2020-01-13,Comm,0.011894166666666664,0.050303333333333325
2020-01-14,Comm,0.05822666666666667,0.011894166666666664
2020-01-15,Comm,0.0004183333333333289,0.05822666666666667
2020-01-16,Comm,0.18428333333333335,0.0004183333333333289
2020-01-17,Comm,0.03442800000000001,0.18428333333333335
2020-01-21,Comm,0.005146666666666665,0.03442800000000001
2020-01-22,Comm,0.10965,0.005146666666666665
2020-01-23,Comm,0.24310171428571428,0.10965
2020-01-24,Comm,0.16000672727272727,0.24310171428571428
2020-01-27,Comm,-0.0039016969696969717,0.16000672727272727
2020-01-28,Comm,0.0864,-0.0039016969696969717
2020-01-29,Comm,0.330422,0.0864
2020-01-30,Comm,0.006508333333333338,0.330422
2020-01-31,Comm,-0.14415636363636364,0.006508333333333338
2020-02-03,Comm,0.19718000000000005,-0.14415636363636364
2020-02-04,Comm,0.20030199999999998,0.19718000000000005
2020-02-05,Comm,-0.0041749999999999956,0.20030199999999998
2020-02-06,Comm,0.18807357142857145,-0.0041749999999999956
2020-02-07,Comm,0.07586599999999999,0.18807357142857145
2020-02-10,Comm,0.10556500000000002,0.07586599999999999
2020-02-11,Comm,0.025162588235294138,0.10556500000000002
2020-02-12,Comm,0.24253833333333336,0.025162588235294138
2020-02-13,Comm,0.15257642857142856,0.24253833333333336
2020-02-14,Comm,0.12498000000000001,0.15257642857142856
2020-02-18,Comm,0.13427904761904763,0.12498000000000001
2020-02-19,Comm,0.11788000000000001,0.13427904761904763
2020-02-20,Comm,0.06705750000000002,0.11788000000000001
2020-02-21,Comm,0.11371666666666666,0.06705750000000002
2020-02-24,Comm,0.04135333333333333,0.11371666666666666
2020-02-25,Comm,0.15966,0.04135333333333333
2020-02-26,Comm,0.14375666666666667,0.15966
2020-02-27,Comm,0.18128666666666668,0.14375666666666667
2020-02-28,Comm,-0.0732142857142857,0.18128666666666668
2020-03-02,Comm,0.1700266666666667,-0.0732142857142857
2020-03-03,Comm,0.084685,0.1700266666666667
2020-03-04,Comm,0.10109666666666665,0.084685
2020-03-05,Comm,0.16623500000000002,0.10109666666666665
2020-03-06,Comm,0.083685,0.16623500000000002
2020-03-09,Comm,0.07535999999999998,0.083685
2020-03-10,Comm,0.05478533333333333,0.07535999999999998
2020-03-11,Comm,0.035176,0.05478533333333333
2020-03-12,Comm,0.022556,0.035176
2020-03-13,Comm,-0.010364999999999997,0.022556
2020-03-16,Comm,-0.0008701111111110972,-0.010364999999999997
2020-03-17,Comm,0.07137933333333332,-0.0008701111111110972
2020-03-18,Comm,0.070585,0.07137933333333332
2020-03-19,Comm,0.047275000000000005,0.070585
2020-03-20,Comm,-0.026135,0.047275000000000005
2020-03-23,Comm,0.24177684415584416,-0.026135
2020-03-24,Comm,0.19839390476190472,0.24177684415584416
2020-03-25,Comm,0.27460266666666666,0.19839390476190472
2020-03-26,Comm,0.16944166666666666,0.27460266666666666
2020-03-27,Comm,0.20390133333333335,0.16944166666666666
2020-03-30,Comm,0.30821899999999997,0.20390133333333335
2020-03-31,Comm,0.16252,0.30821899999999997
2020-04-01,Comm,0.10229333333333332,0.16252
2020-04-02,Comm,0.07449333333333333,0.10229333333333332
2020-04-03,Comm,0.2345080952380952,0.07449333333333333
2020-04-06,Comm,0.36927333333333334,0.2345080952380952
2020-04-07,Comm,0.24082636363636362,0.36927333333333334
2020-04-08,Comm,0.05021066666666667,0.24082636363636362
2020-04-09,Comm,0.038329999999999996,0.05021066666666667
2020-04-13,Comm,0.08995666666666666,0.038329999999999996
2020-04-14,Comm,0.263548,0.08995666666666666
2020-04-15,Comm,0.1288146666666667,0.263548
2020-04-16,Comm,0.222231,0.1288146666666667
2020-04-17,Comm,0.20522933333333332,0.222231
2020-04-20,Comm,0.104612,0.20522933333333332
2020-04-21,Comm,0.2473066666666667,0.104612
2020-04-22,Comm,0.18066228571428572,0.2473066666666667
2020-04-23,Comm,0.18780833333333335,0.18066228571428572
2020-04-24,Comm,0.14052969696969697,0.18780833333333335
2020-04-27,Comm,0.14920363636363637,0.14052969696969697
2020-04-28,Comm,0.24791500000000002,0.14920363636363637
2020-04-29,Comm,0.11740888888888887,0.24791500000000002
2020-04-30,Comm,0.04134958333333334,0.11740888888888887
2020-05-01,Comm,0.007541999999999993,0.04134958333333334
2020-05-04,Comm,0.10064666666666666,0.007541999999999993
2020-05-05,Comm,0.17229214285714287,0.10064666666666666
2020-05-06,Comm,-0.03404700000000001,0.17229214285714287
2020-05-07,Comm,0.22248800000000002,-0.03404700000000001
2020-05-08,Comm,0.238836,0.22248800000000002
2020-05-11,Comm,0.20981952380952382,0.238836
2020-05-12,Comm,0.14303633333333335,0.20981952380952382
2020-05-13,Comm,0.048929999999999994,0.14303633333333335
2020-05-14,Comm,0.20533833333333334,0.048929999999999994
2020-05-15,Comm,0.20572833333333335,0.20533833333333334
2020-05-18,Comm,0.2164745,0.20572833333333335
2020-05-19,Comm,0.11420557142857143,0.2164745
2020-05-20,Comm,0.05658773809523811,0.11420557142857143
2020-05-21,Comm,0.07018833333333334,0.05658773809523811
2020-05-22,Comm,-0.06914999999999999,0.07018833333333334
2020-05-26,Comm,0.24060766666666664,-0.06914999999999999
2020-05-27,Comm,0.30551416666666664,0.24060766666666664
2020-05-28,Comm,0.13122799999999998,0.30551416666666664
2020-05-29,Comm,0.14708133333333334,0.13122799999999998
2020-06-01,Comm,0.22572819047619044,0.14708133333333334
2020-06-02,Comm,0.20386666666666664,0.22572819047619044
2020-06-03,Comm,-0.06949000000000001,0.20386666666666664
2020-06-04,Comm,0.241865,-0.06949000000000001
2020-06-05,Comm,0.09140000000000001,0.241865
2020-06-08,Comm,0.2920525,0.09140000000000001
2020-06-09,Comm,-0.09478,0.2920525
2020-06-10,Comm,-0.027939999999999986,-0.09478
2020-06-11,Comm,0.16128,-0.027939999999999986
2020-06-12,Comm,0.13400833333333334,0.16128
2020-06-15,Comm,0.035903333333333315,0.13400833333333334
2020-06-16,Comm,0.09640777777777779,0.035903333333333315
2020-06-17,Comm,0.107765,0.09640777777777779
2020-06-18,Comm,-0.146251,0.107765
2020-06-19,Comm,0.16250333333333333,-0.146251
2020-06-22,Comm,0.16527333333333333,0.16250333333333333
2020-06-23,Comm,0.11743166666666667,0.16527333333333333
2020-06-24,Comm,0.1394669696969697,0.11743166666666667
2020-06-25,Comm,0.09086266666666667,0.1394669696969697
2020-06-26,Comm,0.202625,0.09086266666666667
2020-06-29,Comm,0.08891897435897436,0.202625
2020-06-30,Comm,0.15807714285714286,0.08891897435897436
2020-07-01,Comm,0.00041999999999999953,0.15807714285714286
2020-07-02,Comm,0.10419,0.00041999999999999953
2020-07-06,Comm,0.09353900000000001,0.10419
2020-07-07,Comm,0.12243333333333332,0.09353900000000001
2020-07-08,Comm,0.07024999999999999,0.12243333333333332
2020-07-09,Comm,0.103315,0.07024999999999999
2020-07-10,Comm,0.0,0.103315
2020-07-13,Comm,0.14606333333333332,0.0
2020-07-14,Comm,0.054688571428571434,0.14606333333333332
2020-07-15,Comm,0.06717999999999999,0.054688571428571434
2020-07-16,Comm,0.2696266666666667,0.06717999999999999
2020-07-17,Comm,-0.0021199999999999995,0.2696266666666667
2020-07-20,Comm,0.07252,-0.0021199999999999995
2020-07-21,Comm,0.30106,0.07252
2020-07-22,Comm,0.11694,0.30106
2020-07-23,Comm,-0.10960999999999999,0.11694
2020-07-24,Comm,0.15311999999999998,-0.10960999999999999
2020-07-27,Comm,0.07184,0.15311999999999998
2020-07-28,Comm,0.09995800000000002,0.07184
2020-07-29,Comm,0.027355,0.09995800000000002
2020-07-30,Comm,0.16367833333333331,0.027355
2020-07-31,Comm,0.18167,0.16367833333333331
2020-08-03,Comm,0.287368,0.18167
2020-08-04,Comm,0.1495379487179487,0.287368
2020-08-05,Comm,0.27443,0.1495379487179487
2020-08-06,Comm,0.19156285714285715,0.27443
2020-08-07,Comm,0.06047261538461539,0.19156285714285715
2020-08-10,Comm,0.40163000000000004,0.06047261538461539
2020-08-11,Comm,0.09573666666666666,0.40163000000000004
2020-08-12,Comm,0.08342999999999999,0.09573666666666666
2020-08-13,Comm,0.059199999999999996,0.08342999999999999
2020-08-14,Comm,-0.01936999999999999,0.059199999999999996
2020-08-17,Comm,0.15204,-0.01936999999999999
2020-08-18,Comm,0.14584333333333335,0.15204
2020-08-19,Comm,0.0,0.14584333333333335
2020-08-20,Comm,0.145732,0.0
2020-08-21,Comm,0.12469333333333332,0.145732
2020-08-24,Comm,0.104775,0.12469333333333332
2020-08-25,Comm,0.11251333333333333,0.104775
2020-08-26,Comm,0.15222399999999997,0.11251333333333333
2020-08-27,Comm,0.04046,0.15222399999999997
2020-08-28,Comm,0.07781166666666667,0.04046
2020-08-31,Comm,0.19338666666666668,0.07781166666666667
2020-09-01,Comm,0.022940000000000006,0.19338666666666668
2020-09-02,Comm,0.20510333333333333,0.022940000000000006
2020-09-03,Comm,0.07360857142857143,0.20510333333333333
2020-09-04,Comm,0.10863666666666667,0.07360857142857143
2020-09-08,Comm,0.1942,0.10863666666666667
2020-09-09,Comm,0.11918,0.1942
2020-09-10,Comm,0.05115000000000001,0.11918
2020-09-11,Comm,-0.00442,0.05115000000000001
2020-09-14,Comm,0.06487916666666667,-0.00442
2020-09-15,Comm,0.028493333333333332,0.06487916666666667
2020-09-16,Comm,0.0624,0.028493333333333332
2020-09-17,Comm,0.23980666666666667,0.0624
2020-09-18,Comm,0.08352499999999999,0.23980666666666667
2020-09-21,Comm,0.0661375,0.08352499999999999
2020-09-22,Comm,0.18247,0.0661375
2020-09-23,Comm,0.08753999999999999,0.18247
2020-09-24,Comm,0.17704599999999998,0.08753999999999999
2020-09-25,Comm,0.0004299999999999998,0.17704599999999998
2020-09-28,Comm,0.267844,0.0004299999999999998
2020-09-29,Comm,0.01870666666666667,0.267844
2020-09-30,Comm,0.2011,0.01870666666666667
2020-10-01,Comm,0.13627,0.2011
2020-10-02,Comm,-0.09462,0.13627
2020-10-05,Comm,0.1755125,-0.09462
2020-10-06,Comm,0.17255000000000004,0.1755125
2020-10-07,Comm,0.15276,0.17255000000000004
2020-10-08,Comm,0.0017319999999999974,0.15276
2020-10-09,Comm,0.25846642857142854,0.0017319999999999974
2020-10-12,Comm,-0.011790303030303031,0.25846642857142854
2020-10-13,Comm,-0.09748642857142857,-0.011790303030303031
2020-10-14,Comm,0.24550200000000003,-0.09748642857142857
2020-10-15,Comm,0.1794,0.24550200000000003
2020-10-16,Comm,0.01017499999999999,0.1794
2020-10-19,Comm,0.4259933333333333,0.01017499999999999
2020-10-20,Comm,0.0,0.4259933333333333
2020-10-21,Comm,0.04211333333333332,0.0
2020-10-22,Comm,0.17505666666666667,0.04211333333333332
2020-10-23,Comm,0.17967499999999997,0.17505666666666667
2020-10-26,Comm,0.35274314285714287,0.17967499999999997
2020-10-27,Comm,0.15272,0.35274314285714287
2020-10-28,Comm,0.09188999999999999,0.15272
2020-10-29,Comm,0.23262200000000002,0.09188999999999999
2020-10-30,Comm,0.17333333333333334,0.23262200000000002
2020-11-02,Comm,0.11475066666666667,0.17333333333333334
2020-11-03,Comm,0.02534866666666665,0.11475066666666667
2020-11-04,Comm,0.010992666666666668,0.02534866666666665
2020-11-05,Comm,-0.05718466666666666,0.010992666666666668
2020-11-06,Comm,0.15120968137254903,-0.05718466666666666
2020-11-09,Comm,0.2207697142857143,0.15120968137254903
2020-11-10,Comm,0.055191666666666674,0.2207697142857143
2020-11-11,Comm,-0.24360999999999997,0.055191666666666674
2020-11-12,Comm,0.187475,-0.24360999999999997
2020-11-13,Comm,0.1595475,0.187475
2020-11-16,Comm,0.17023,0.1595475
2020-11-17,Comm,0.17507199999999998,0.17023
2020-11-18,Comm,0.11011199999999999,0.17507199999999998
2020-11-19,Comm,0.28133857142857144,0.11011199999999999
2020-11-20,Comm,-0.02012250000000001,0.28133857142857144
2020-11-23,Comm,0.050182666666666674,-0.02012250000000001
2020-11-24,Comm,0.13468333333333332,0.050182666666666674
2020-11-25,Comm,0.07470799999999998,0.13468333333333332
2020-11-27,Comm,0.17606,0.07470799999999998
2020-11-30,Comm,0.06034666666666667,0.17606
2020-12-01,Comm,0.24863999999999997,0.06034666666666667
2020-12-02,Comm,-0.09878,0.24863999999999997
2020-12-03,Comm,0.027834285714285718,-0.09878
2020-12-04,Comm,0.11452,0.027834285714285718
2020-12-07,Comm,0.08356888888888889,0.11452
2020-12-08,Comm,0.09640000000000001,0.08356888888888889
2020-12-09,Comm,0.24539,0.09640000000000001
2020-12-10,Comm,0.199635,0.24539
2020-12-11,Comm,0.06766,0.199635
2020-12-14,Comm,0.15982357142857143,0.06766
2020-12-15,Comm,0.09560428571428572,0.15982357142857143
2020-12-16,Comm,0.012726666666666667,0.09560428571428572
2020-12-17,Comm,0.02362,0.012726666666666667
2020-12-18,Comm,0.027072000000000002,0.02362
2020-12-21,Comm,0.11140533333333336,0.027072000000000002
2020-12-22,Comm,-0.004289999999999997,0.11140533333333336
2020-12-23,Comm,0.15063,-0.004289999999999997
2020-12-24,Comm,0.016390000000000002,0.15063
2020-12-28,Comm,0.20182249999999996,0.016390000000000002
2020-12-29,Comm,0.13656,0.20182249999999996
2020-12-30,Comm,0.16137,0.13656
2020-12-31,Comm,0.09676571428571427,0.16137
2021-01-04,Comm,0.11952333333333334,0.09676571428571427
2021-01-05,Comm,0.10998333333333335,0.11952333333333334
2021-01-06,Comm,0.11747371428571429,0.10998333333333335
2021-01-07,Comm,0.4148933333333333,0.11747371428571429
2021-01-08,Comm,0.15272,0.4148933333333333
2021-01-11,Comm,0.23350999999999997,0.15272
2021-01-12,Comm,-0.01495,0.23350999999999997
2021-01-13,Comm,-0.02697666666666667,-0.01495
2021-01-14,Comm,0.037972,-0.02697666666666667
2021-01-15,Comm,0.07774,0.037972
2021-01-19,Comm,0.037084,0.07774
2021-01-20,Comm,-0.19188,0.037084
2021-01-21,Comm,0.029337333333333326,-0.19188
2021-01-22,Comm,0.114955,0.029337333333333326
2021-01-25,Comm,0.13667428571428572,0.114955
2021-01-26,Comm,-0.004759999999999992,0.13667428571428572
2021-01-27,Comm,0.054598,-0.004759999999999992
2021-01-28,Comm,0.23055916666666665,0.054598
2021-01-29,Comm,0.20530333333333334,0.23055916666666665
2021-02-01,Comm,0.5192466666666667,0.20530333333333334
2021-02-02,Comm,0.27083,0.5192466666666667
2021-02-03,Comm,0.09375,0.27083
2021-02-04,Comm,0.10161666666666666,0.09375
2021-02-05,Comm,0.11781299999999999,0.10161666666666666
2021-02-08,Comm,0.02857,0.11781299999999999
2021-02-09,Comm,0.09358619047619048,0.02857
2021-02-10,Comm,0.008992666666666671,0.09358619047619048
2021-02-11,Comm,0.281775,0.008992666666666671
2021-02-12,Comm,0.22936,0.281775
2021-02-16,Comm,0.12633242424242425,0.22936
2021-02-17,Comm,0.05377333333333334,0.12633242424242425
2021-02-18,Comm,0.13748999999999997,0.05377333333333334
2021-02-19,Comm,0.15291000000000002,0.13748999999999997
2021-02-22,Comm,0.160904,0.15291000000000002
2021-02-23,Comm,0.2507666666666667,0.160904
2021-02-24,Comm,-0.022618571428571432,0.2507666666666667
2021-02-25,Comm,0.058635555555555566,-0.022618571428571432
2021-02-26,Comm,0.05639000000000001,0.058635555555555566
2021-03-01,Comm,0.010490000000000005,0.05639000000000001
2021-03-02,Comm,0.18422999999999998,0.010490000000000005
2021-03-03,Comm,0.25354,0.18422999999999998
2021-03-04,Comm,0.154,0.25354
2021-03-05,Comm,0.09695333333333334,0.154
2021-03-08,Comm,-0.058365999999999994,0.09695333333333334
2021-03-09,Comm,0.30178,-0.058365999999999994
2021-03-10,Comm,0.18280083333333333,0.30178
2021-03-11,Comm,0.11883599999999998,0.18280083333333333
2021-03-12,Comm,0.16632857142857144,0.11883599999999998
2021-03-15,Comm,0.18179583333333332,0.16632857142857144
2021-03-16,Comm,0.11033533333333331,0.18179583333333332
2021-03-17,Comm,0.20586000000000002,0.11033533333333331
2021-03-18,Comm,0.017640000000000006,0.20586000000000002
2021-03-19,Comm,0.19004000000000001,0.017640000000000006
2021-03-22,Comm,0.14271499999999998,0.19004000000000001
2021-03-23,Comm,0.07192000000000001,0.14271499999999998
2021-03-24,Comm,0.29575,0.07192000000000001
2021-03-25,Comm,-0.002475999999999998,0.29575
2021-03-26,Comm,0.08177000000000001,-0.002475999999999998
2021-03-29,Comm,0.16681722222222223,0.08177000000000001
2021-03-30,Comm,0.3011133333333334,0.16681722222222223
2021-03-31,Comm,0.09902666666666667,0.3011133333333334
2021-04-01,Comm,0.130938,0.09902666666666667
2021-04-05,Comm,0.368046,0.130938
2021-04-06,Comm,0.17469714285714283,0.368046
2021-04-07,Comm,0.031307999999999996,0.17469714285714283
2021-04-08,Comm,0.24443333333333334,0.031307999999999996
2021-04-09,Comm,0.11104500000000002,0.24443333333333334
2021-04-12,Comm,0.0039579999999999945,0.11104500000000002
2021-04-13,Comm,0.19961600000000002,0.0039579999999999945
2021-04-14,Comm,0.12558,0.19961600000000002
2021-04-15,Comm,0.0074366666666666695,0.12558
2021-04-16,Comm,0.12730999999999998,0.0074366666666666695
2021-04-19,Comm,0.05420499999999999,0.12730999999999998
2021-04-20,Comm,0.005025714285714284,0.05420499999999999
2021-04-21,Comm,-0.011035555555555554,0.005025714285714284
2021-04-22,Comm,0.11292545454545452,-0.011035555555555554
2021-04-23,Comm,0.162138,0.11292545454545452
2021-04-26,Comm,-0.011226666666666652,0.162138
2021-04-27,Comm,0.09934,-0.011226666666666652
2021-04-28,Comm,0.27043,0.09934
2021-04-29,Comm,0.164216,0.27043
2021-04-30,Comm,0.12322666666666666,0.164216
2021-05-03,Comm,0.23053666666666667,0.12322666666666666
2021-05-04,Comm,0.290846,0.23053666666666667
2021-05-05,Comm,0.20353333333333334,0.290846
2021-05-06,Comm,0.017120000000000003,0.20353333333333334
2021-05-07,Comm,0.11617999999999999,0.017120000000000003
2021-05-10,Comm,-0.13295433333333334,0.11617999999999999
2021-05-11,Comm,0.23673000000000002,-0.13295433333333334
2021-05-12,Comm,0.15725666666666666,0.23673000000000002
2021-05-13,Comm,0.02054,0.15725666666666666
2021-05-14,Comm,0.01544,0.02054
2021-05-17,Comm,0.2587225641025641,0.01544
2021-05-18,Comm,0.10317266666666666,0.2587225641025641
2021-05-19,Comm,0.155806,0.10317266666666666
2021-05-20,Comm,0.140893,0.155806
2021-05-21,Comm,0.24927714285714284,0.140893
2021-05-24,Comm,0.03641000000000001,0.24927714285714284
2021-05-25,Comm,0.328866,0.03641000000000001
2021-05-26,Comm,0.05687714285714286,0.328866
2021-05-27,Comm,0.37982000000000005,0.05687714285714286
2021-05-28,Comm,0.48770966666666665,0.37982000000000005
2021-06-01,Comm,0.17207,0.48770966666666665
2021-06-02,Comm,0.19691999999999998,0.17207
2021-06-03,Comm,0.008579999999999999,0.19691999999999998
2021-06-04,Comm,0.45503499999999997,0.008579999999999999
2021-06-07,Comm,0.3333244444444444,0.45503499999999997
2021-06-08,Comm,0.32458666666666663,0.3333244444444444
2021-06-09,Comm,0.0,0.32458666666666663
2021-06-10,Comm,0.13382514285714284,0.0
2021-06-11,Comm,0.18489666666666668,0.13382514285714284
2021-06-14,Comm,0.07797333333333334,0.18489666666666668
2021-06-15,Comm,0.12288999999999999,0.07797333333333334
2021-06-16,Comm,0.25842,0.12288999999999999
2021-06-17,Comm,0.25203,0.25842
2021-06-18,Comm,0.07636,0.25203
2021-06-21,Comm,0.18502000000000002,0.07636
2021-06-22,Comm,-0.04416999999999999,0.18502000000000002
2021-06-23,Comm,0.004260666666666671,-0.04416999999999999
2021-06-24,Comm,-0.11072333333333337,0.004260666666666671
2021-06-25,Comm,0.06541,-0.11072333333333337
2021-06-28,Comm,0.271771,0.06541
2021-06-29,Comm,0.08808,0.271771
2021-06-30,Comm,0.2134554545454545,0.08808
2021-07-01,Comm,0.14739,0.2134554545454545
2021-07-02,Comm,0.08647999999999999,0.14739
2021-07-06,Comm,0.056405,0.08647999999999999
2021-07-07,Comm,0.031904,0.056405
2021-07-08,Comm,0.21664,0.031904
2021-07-09,Comm,0.24954666666666667,0.21664
2021-07-12,Comm,0.14441333333333334,0.24954666666666667
2021-07-13,Comm,0.2982433333333333,0.14441333333333334
2021-07-14,Comm,0.025346666666666674,0.2982433333333333
2021-07-15,Comm,-0.04596666666666667,0.025346666666666674
2021-07-16,Comm,0.03555133333333334,-0.04596666666666667
2021-07-19,Comm,0.31944333333333336,0.03555133333333334
2021-07-20,Comm,0.09351999999999999,0.31944333333333336
2021-07-21,Comm,-0.036919999999999994,0.09351999999999999
2021-07-22,Comm,0.1142525,-0.036919999999999994
2021-07-23,Comm,0.16062222222222222,0.1142525
2021-07-26,Comm,-0.0007440000000000002,0.16062222222222222
2021-07-27,Comm,0.17268,-0.0007440000000000002
2021-07-28,Comm,0.25700666666666666,0.17268
2021-07-29,Comm,0.1350652380952381,0.25700666666666666
2021-07-30,Comm,0.05971,0.1350652380952381
2021-08-02,Comm,0.046145000000000005,0.05971
2021-08-03,Comm,0.13516533333333333,0.046145000000000005
2021-08-04,Comm,0.035919999999999994,0.13516533333333333
2021-08-05,Comm,0.07803666666666666,0.035919999999999994
2021-08-06,Comm,0.03416999999999998,0.07803666666666666
2021-08-09,Comm,0.22978666666666667,0.03416999999999998
2021-08-10,Comm,0.05385666666666668,0.22978666666666667
2021-08-11,Comm,0.06664,0.05385666666666668
2021-08-12,Comm,0.32542000000000004,0.06664
2021-08-13,Comm,0.289635,0.32542000000000004
2021-08-16,Comm,0.08188642857142857,0.289635
2021-08-17,Comm,0.19438,0.08188642857142857
2021-08-18,Comm,0.04019285714285715,0.19438
2021-08-19,Comm,0.032813999999999996,0.04019285714285715
2021-08-20,Comm,0.04622333333333333,0.032813999999999996
2021-08-23,Comm,0.29232,0.04622333333333333
2021-08-24,Comm,0.2765533333333333,0.29232
2021-08-25,Comm,0.06369,0.2765533333333333
2021-08-26,Comm,0.150265,0.06369
2021-08-27,Comm,0.42011000000000004,0.150265
2021-08-30,Comm,0.129609,0.42011000000000004
2021-08-31,Comm,0.04381333333333333,0.129609
2021-09-01,Comm,0.0,0.04381333333333333
2021-09-02,Comm,0.12163666666666666,0.0
2021-09-03,Comm,0.21498,0.12163666666666666
2021-09-07,Comm,0.1519066666666667,0.21498
2021-09-08,Comm,0.19782166666666665,0.1519066666666667
2021-09-09,Comm,-0.07228799999999999,0.19782166666666665
2021-09-10,Comm,0.21449400000000002,-0.07228799999999999
2021-09-13,Comm,0.36383714285714286,0.21449400000000002
2021-09-14,Comm,0.1482713333333333,0.36383714285714286
2021-09-15,Comm,0.028367999999999997,0.1482713333333333
2021-09-16,Comm,0.06560666666666666,0.028367999999999997
2021-09-17,Comm,0.12684914285714285,0.06560666666666666
2021-09-20,Comm,0.38327181818181816,0.12684914285714285
2021-09-21,Comm,0.12419,0.38327181818181816
2021-09-22,Comm,0.172152,0.12419
2021-09-23,Comm,0.17079,0.172152
2021-09-24,Comm,0.09761,0.17079
2021-09-27,Comm,0.19313666666666668,0.09761
2021-09-28,Comm,0.15829100000000002,0.19313666666666668
2021-09-29,Comm,-0.014279999999999996,0.15829100000000002
2021-09-30,Comm,0.10342666666666667,-0.014279999999999996
2021-10-01,Comm,0.20278999999999997,0.10342666666666667
2021-10-04,Comm,0.11742999999999999,0.20278999999999997
2021-10-05,Comm,0.14201714285714284,0.11742999999999999
2021-10-06,Comm,0.021336666666666667,0.14201714285714284
2021-10-07,Comm,0.23674166666666668,0.021336666666666667
2021-10-08,Comm,0.003252500000000003,0.23674166666666668
2021-10-11,Comm,0.1970333333333333,0.003252500000000003
2021-10-12,Comm,0.16868,0.1970333333333333
2021-10-13,Comm,-0.07740666666666667,0.16868
2021-10-14,Comm,-0.001044999999999996,-0.07740666666666667
2021-10-15,Comm,0.16146,-0.001044999999999996
2021-10-18,Comm,0.1916,0.16146
2021-10-19,Comm,0.04836666666666668,0.1916
2021-10-20,Comm,0.04565333333333334,0.04836666666666668
2021-10-21,Comm,0.07695642857142856,0.04565333333333334
2021-10-22,Comm,0.22125000000000003,0.07695642857142856
2021-10-25,Comm,0.378412,0.22125000000000003
2021-10-26,Comm,0.27002,0.378412
2021-10-27,Comm,0.12161999999999999,0.27002
2021-10-28,Comm,0.13147666666666663,0.12161999999999999
2021-10-29,Comm,0.19843666666666668,0.13147666666666663
2021-11-01,Comm,0.149505,0.19843666666666668
2021-11-02,Comm,0.2320066666666667,0.149505
2021-11-03,Comm,0.292313,0.2320066666666667
2021-11-04,Comm,0.16645009523809523,0.292313
2021-11-05,Comm,0.16154,0.16645009523809523
2021-11-08,Comm,-0.14548666666666668,0.16154
2021-11-09,Comm,0.05717999999999999,-0.14548666666666668
2021-11-10,Comm,0.05030666666666665,0.05717999999999999
2021-11-11,Comm,0.10554666666666668,0.05030666666666665
2021-11-12,Comm,0.18726333333333334,0.10554666666666668
2021-11-15,Comm,0.197412,0.18726333333333334
2021-11-16,Comm,0.06988857142857142,0.197412
2021-11-17,Comm,0.06301999999999999,0.06988857142857142
2021-11-18,Comm,0.12821666666666667,0.06301999999999999
2021-11-19,Comm,0.081346,0.12821666666666667
2021-11-22,Comm,0.08311166666666667,0.081346
2021-11-23,Comm,0.137586,0.08311166666666667
2021-11-24,Comm,0.06409499999999999,0.137586
2021-11-26,Comm,0.15616000000000002,0.06409499999999999
2021-11-29,Comm,-0.05756,0.15616000000000002
2021-11-30,Comm,0.1320590909090909,-0.05756
2021-12-01,Comm,0.30377,0.1320590909090909
2021-12-02,Comm,-0.064,0.30377
2021-12-03,Comm,0.06587333333333333,-0.064
2021-12-06,Comm,0.14084666666666665,0.06587333333333333
2021-12-07,Comm,0.23764000000000002,0.14084666666666665
2021-12-08,Comm,0.21416500000000002,0.23764000000000002
2021-12-09,Comm,0.062495,0.21416500000000002
2021-12-10,Comm,0.22532000000000005,0.062495
2021-12-13,Comm,0.07404999999999999,0.22532000000000005
2021-12-14,Comm,0.21833999999999998,0.07404999999999999
2021-12-15,Comm,0.016157999999999995,0.21833999999999998
2021-12-16,Comm,0.4555225,0.016157999999999995
2021-12-17,Comm,-0.050591428571428565,0.4555225
2021-12-20,Comm,0.1981,-0.050591428571428565
2021-12-21,Comm,0.053434999999999996,0.1981
2021-12-22,Comm,0.17231666666666667,0.053434999999999996
2021-12-23,Comm,0.08898133333333333,0.17231666666666667
2021-12-27,Comm,0.0644675,0.08898133333333333
2021-12-28,Comm,0.038645,0.0644675
2021-12-29,Comm,0.05666,0.038645
2021-12-30,Comm,0.1496866666666667,0.05666
2021-12-31,Comm,0.011473333333333332,0.1496866666666667
2022-01-03,Comm,0.08404923076923078,0.011473333333333332
2022-01-04,Comm,0.112155,0.08404923076923078
2022-01-05,Comm,0.19329999999999997,0.112155
2022-01-06,Comm,0.32664400000000005,0.19329999999999997
2022-01-07,Comm,0.222086,0.32664400000000005
2022-01-10,Comm,0.20878178571428568,0.222086
2022-01-11,Comm,0.193445,0.20878178571428568
2022-01-12,Comm,0.31898,0.193445
2022-01-13,Comm,0.19064566666666666,0.31898
2022-01-14,Comm,0.129514,0.19064566666666666
2022-01-18,Comm,-0.09721099439775911,0.129514
2022-01-19,Comm,0.16563733333333333,-0.09721099439775911
2022-01-20,Comm,0.326080606060606,0.16563733333333333
2022-01-21,Comm,0.20643666666666666,0.326080606060606
2022-01-24,Comm,0.28797555555555554,0.20643666666666666
2022-01-25,Comm,0.00818916666666666,0.28797555555555554
2022-01-26,Comm,0.3841069607843137,0.00818916666666666
2022-01-27,Comm,0.20096607142857142,0.3841069607843137
2022-01-28,Comm,-0.128894,0.20096607142857142
2022-01-31,Comm,0.19101771428571426,-0.128894
2022-02-01,Comm,0.09111619047619048,0.19101771428571426
2022-02-02,Comm,0.19816380952380955,0.09111619047619048
2022-02-03,Comm,0.18452285714285716,0.19816380952380955
2022-02-04,Comm,0.043645333333333335,0.18452285714285716
2022-02-07,Comm,0.29136999999999996,0.043645333333333335
2022-02-08,Comm,0.18695166666666665,0.29136999999999996
2022-02-09,Comm,0.30288000000000004,0.18695166666666665
2022-02-10,Comm,0.4471,0.30288000000000004
2022-02-11,Comm,-0.03927,0.4471
2022-02-14,Comm,0.3487653333333333,-0.03927
2022-02-15,Comm,0.16592400000000002,0.3487653333333333
2022-02-16,Comm,0.14769,0.16592400000000002
2022-02-17,Comm,0.23192857142857143,0.14769
2022-02-18,Comm,0.00772,0.23192857142857143
2022-02-22,Comm,-0.06070428571428571,0.00772
2022-02-23,Comm,-0.13194,-0.06070428571428571
2022-02-24,Comm,0.10559,-0.13194
2022-02-25,Comm,0.14956666666666668,0.10559
2022-02-28,Comm,0.2310805555555556,0.14956666666666668
2022-03-01,Comm,0.05896,0.2310805555555556
2022-03-02,Comm,0.151944,0.05896
2022-03-03,Comm,0.09894400000000003,0.151944
2022-03-04,Comm,0.062975,0.09894400000000003
2022-03-07,Comm,0.055763333333333345,0.062975
2022-03-08,Comm,0.046473333333333325,0.055763333333333345
2022-03-09,Comm,0.193202,0.046473333333333325
2022-03-10,Comm,0.10330666666666666,0.193202
2022-03-11,Comm,0.040895,0.10330666666666666
2022-03-14,Comm,0.11673857142857143,0.040895
2022-03-15,Comm,0.166354,0.11673857142857143
2022-03-16,Comm,-0.02263,0.166354
2022-03-17,Comm,-0.04211999999999999,-0.02263
2022-03-18,Comm,0.28324,-0.04211999999999999
2022-03-21,Comm,0.09798600000000002,0.28324
2022-03-22,Comm,-0.08581666666666668,0.09798600000000002
2022-03-23,Comm,0.10768,-0.08581666666666668
2022-03-24,Comm,0.147525,0.10768
2022-03-25,Comm,-0.0256,0.147525
2022-03-28,Comm,0.2312813333333333,-0.0256
2022-03-29,Comm,0.15476666666666666,0.2312813333333333
2022-03-30,Comm,0.11262000000000001,0.15476666666666666
2022-03-31,Comm,0.30680666666666667,0.11262000000000001
2022-04-01,Comm,0.07650000000000001,0.30680666666666667
2022-04-04,Comm,0.18249300000000002,0.07650000000000001
2022-04-05,Comm,-0.063406,0.18249300000000002
2022-04-06,Comm,0.01874,-0.063406
2022-04-07,Comm,0.04327833333333333,0.01874
2022-04-08,Comm,0.0646075,0.04327833333333333
2022-04-11,Comm,0.03640117647058823,0.0646075
2022-04-12,Comm,0.24074,0.03640117647058823
2022-04-13,Comm,0.19924666666666666,0.24074
2022-04-14,Comm,-0.014504,0.19924666666666666
2022-04-18,Comm,0.07415047619047618,-0.014504
2022-04-19,Comm,-0.035720666666666664,0.07415047619047618
2022-04-20,Comm,0.17722833333333335,-0.035720666666666664
2022-04-21,Comm,0.2912851578947368,0.17722833333333335
2022-04-22,Comm,0.08444666666666666,0.2912851578947368
2022-04-25,Comm,0.09182199999999999,0.08444666666666666
2022-04-26,Comm,0.31365066666666663,0.09182199999999999
2022-04-27,Comm,0.16628,0.31365066666666663
2022-04-28,Comm,0.09246666666666667,0.16628
2022-04-29,Comm,0.20392799999999997,0.09246666666666667
2022-05-02,Comm,0.186996,0.20392799999999997
2022-05-03,Comm,0.019774999999999997,0.186996
2022-05-04,Comm,0.004559999999999997,0.019774999999999997
2022-05-05,Comm,0.006820000000000009,0.004559999999999997
2022-05-06,Comm,0.2437346666666667,0.006820000000000009
2022-05-09,Comm,-0.0983975,0.2437346666666667
2022-05-10,Comm,0.01650857142857144,-0.0983975
2022-05-11,Comm,0.14298200000000003,0.01650857142857144
2022-05-12,Comm,-0.007874666666666669,0.14298200000000003
2022-05-13,Comm,0.17071,-0.007874666666666669
2022-05-16,Comm,0.023040000000000012,0.17071
2022-05-17,Comm,0.03812866666666666,0.023040000000000012
2022-05-18,Comm,0.010504999999999999,0.03812866666666666
2022-05-19,Comm,0.04399000000000001,0.010504999999999999
2022-05-20,Comm,0.13009,0.04399000000000001
2022-05-23,Comm,0.043474,0.13009
2022-05-24,Comm,0.164564,0.043474
2022-05-25,Comm,0.18587428571428571,0.164564
2022-05-26,Comm,0.20134666666666665,0.18587428571428571
2022-05-27,Comm,0.21421,0.20134666666666665
2022-05-31,Comm,0.14997466666666667,0.21421
2022-06-01,Comm,0.15304,0.14997466666666667
2022-06-02,Comm,-0.0919366666666667,0.15304
2022-06-03,Comm,0.0005153333333333361,-0.0919366666666667
2022-06-06,Comm,0.08506,0.0005153333333333361
2022-06-07,Comm,0.13093499999999997,0.08506
2022-06-08,Comm,0.2733426666666666,0.13093499999999997
2022-06-09,Comm,0.13137466666666667,0.2733426666666666
2022-06-10,Comm,-0.002322000000000002,0.13137466666666667
2022-06-13,Comm,0.12201499999999998,-0.002322000000000002
2022-06-14,Comm,0.240435,0.12201499999999998
2022-06-15,Comm,0.08197333333333331,0.240435
2022-06-16,Comm,0.04706,0.08197333333333331
2022-06-17,Comm,0.06608599999999999,0.04706
2022-06-21,Comm,0.22733571428571428,0.06608599999999999
2022-06-22,Comm,0.095675,0.22733571428571428
2022-06-23,Comm,0.033957333333333325,0.095675
2022-06-24,Comm,0.053136,0.033957333333333325
2022-06-27,Comm,0.15499000000000002,0.053136
2022-06-28,Comm,0.23021000000000003,0.15499000000000002
2022-06-29,Comm,0.03617166666666667,0.23021000000000003
2022-06-30,Comm,0.2531916666666667,0.03617166666666667
2022-07-01,Comm,0.32706,0.2531916666666667
2022-07-05,Comm,0.15281666666666668,0.32706
2022-07-06,Comm,-0.11258333333333333,0.15281666666666668
2022-07-07,Comm,0.0,-0.11258333333333333
2022-07-08,Comm,0.09790999999999998,0.0
2022-07-11,Comm,0.217698,0.09790999999999998
2022-07-12,Comm,0.16574333333333335,0.217698
2022-07-13,Comm,-0.07573999999999999,0.16574333333333335
2022-07-14,Comm,0.04655000000000001,-0.07573999999999999
2022-07-15,Comm,-0.11701999999999999,0.04655000000000001
2022-07-18,Comm,0.08329535714285714,-0.11701999999999999
2022-07-19,Comm,0.16787000000000002,0.08329535714285714
2022-07-20,Comm,-0.05688666666666666,0.16787000000000002
2022-07-21,Comm,0.24238633333333331,-0.05688666666666666
2022-07-22,Comm,0.12217933333333333,0.24238633333333331
2022-07-25,Comm,0.16893666666666668,0.12217933333333333
2022-07-26,Comm,0.04202,0.16893666666666668
2022-07-27,Comm,0.16597388888888892,0.04202
2022-07-28,Comm,0.07534222222222223,0.16597388888888892
2022-07-29,Comm,0.17986,0.07534222222222223
2022-08-01,Comm,0.17701166666666668,0.17986
2022-08-02,Comm,0.0494225,0.17701166666666668
2022-08-03,Comm,0.059868,0.0494225
2022-08-04,Comm,0.16289499999999998,0.059868
2022-08-05,Comm,0.26927,0.16289499999999998
2022-08-08,Comm,-0.14491,0.26927
2022-08-09,Comm,0.11537000000000001,-0.14491
2022-08-10,Comm,0.28241266666666665,0.11537000000000001
2022-08-11,Comm,0.11823666666666668,0.28241266666666665
2022-08-12,Comm,0.18697,0.11823666666666668
2022-08-15,Comm,0.13165833333333332,0.18697
2022-08-16,Comm,0.10556833333333333,0.13165833333333332
2022-08-17,Comm,-0.07450000000000001,0.10556833333333333
2022-08-18,Comm,0.07144999999999999,-0.07450000000000001
2022-08-19,Comm,-0.15926,0.07144999999999999
2022-08-22,Comm,0.28592666666666666,-0.15926
2022-08-23,Comm,0.20003333333333334,0.28592666666666666
2022-08-24,Comm,0.11606999999999998,0.20003333333333334
2022-08-25,Comm,-0.00978166666666667,0.11606999999999998
2022-08-26,Comm,-0.07284983333333334,-0.00978166666666667
2022-08-29,Comm,0.20597,-0.07284983333333334
2022-08-30,Comm,-0.10533999999999999,0.20597
2022-08-31,Comm,0.15957,-0.10533999999999999
2022-09-01,Comm,0.06900666666666666,0.15957
2022-09-02,Comm,0.06369,0.06900666666666666
2022-09-06,Comm,0.17848999999999998,0.06369
2022-09-07,Comm,0.10329428571428571,0.17848999999999998
2022-09-08,Comm,0.3112424761904762,0.10329428571428571
2022-09-09,Comm,0.009850000000000003,0.3112424761904762
2022-09-12,Comm,0.13986714285714288,0.009850000000000003
2022-09-13,Comm,0.023622666666666674,0.13986714285714288
2022-09-14,Comm,0.20706799999999997,0.023622666666666674
2022-09-15,Comm,0.21313166666666666,0.20706799999999997
2022-09-16,Comm,0.05549833333333333,0.21313166666666666
2022-09-19,Comm,0.04116454545454547,0.05549833333333333
2022-09-20,Comm,0.157765,0.04116454545454547
2022-09-21,Comm,0.27289733333333327,0.157765
2022-09-22,Comm,0.047865000000000005,0.27289733333333327
2022-09-23,Comm,0.138341,0.047865000000000005
2022-09-26,Comm,0.25310333333333335,0.138341
2022-09-27,Comm,0.17409,0.25310333333333335
2022-09-28,Comm,0.15314514285714287,0.17409
2022-09-29,Comm,0.04336999999999998,0.15314514285714287
2022-09-30,Comm,0.12325,0.04336999999999998
2022-10-03,Comm,0.24489099999999997,0.12325
2022-10-04,Comm,0.19019999999999998,0.24489099999999997
2022-10-05,Comm,0.20115,0.19019999999999998
2022-10-06,Comm,0.19742500000000002,0.20115
2022-10-07,Comm,0.14030666666666666,0.19742500000000002
2022-10-10,Comm,0.03302,0.14030666666666666
2022-10-11,Comm,0.19792466666666667,0.03302
2022-10-12,Comm,0.34665,0.19792466666666667
2022-10-13,Comm,-0.167445,0.34665
2022-10-14,Comm,0.10980666666666668,-0.167445
2022-10-17,Comm,0.33184199999999997,0.10980666666666668
2022-10-18,Comm,0.31045,0.33184199999999997
2022-10-19,Comm,-0.06154666666666666,0.31045
2022-10-20,Comm,0.055932222222222217,-0.06154666666666666
2022-10-21,Comm,0.12281777777777778,0.055932222222222217
2022-10-24,Comm,0.16093333333333332,0.12281777777777778
2022-10-25,Comm,0.12546222222222222,0.16093333333333332
2022-10-26,Comm,0.015326666666666666,0.12546222222222222
2022-10-27,Comm,0.31828333333333336,0.015326666666666666
2022-10-28,Comm,0.187,0.31828333333333336
2022-10-31,Comm,0.36332,0.187
2022-11-01,Comm,0.0666875,0.36332
2022-11-02,Comm,0.06241000000000001,0.0666875
2022-11-03,Comm,0.14462000000000003,0.06241000000000001
2022-11-04,Comm,0.053285000000000006,0.14462000000000003
2022-11-07,Comm,-0.008143333333333336,0.053285000000000006
2022-11-08,Comm,0.10394923076923077,-0.008143333333333336
2022-11-09,Comm,0.035535,0.10394923076923077
2022-11-10,Comm,0.20254,0.035535
2022-11-11,Comm,0.03818,0.20254
2022-11-14,Comm,0.42445547619047624,0.03818
2022-11-15,Comm,-0.03632666666666667,0.42445547619047624
2022-11-16,Comm,0.10525333333333334,-0.03632666666666667
2022-11-17,Comm,-0.010206666666666668,0.10525333333333334
2022-11-18,Comm,0.0,-0.010206666666666668
2022-11-21,Comm,0.30869,0.0
2022-11-22,Comm,0.12108666666666668,0.30869
2022-11-23,Comm,0.00258,0.12108666666666668
2022-11-25,Comm,0.27879000000000004,0.00258
2022-11-28,Comm,0.14201999999999998,0.27879000000000004
2022-11-29,Comm,0.1961,0.14201999999999998
2022-11-30,Comm,0.04576,0.1961
2022-12-01,Comm,0.12533333333333335,0.04576
2022-12-02,Comm,0.32610999999999996,0.12533333333333335
2022-12-05,Comm,0.111312,0.32610999999999996
2022-12-06,Comm,0.15284,0.111312
2022-12-07,Comm,0.0638,0.15284
2022-12-08,Comm,0.07392000000000001,0.0638
2022-12-09,Comm,-0.151775,0.07392000000000001
2022-12-12,Comm,0.06461333333333333,-0.151775
2022-12-13,Comm,-0.081124,0.06461333333333333
2022-12-14,Comm,0.18396333333333334,-0.081124
2022-12-15,Comm,0.18053399999999997,0.18396333333333334
2022-12-16,Comm,-0.08018499999999999,0.18053399999999997
2022-12-19,Comm,0.21940500000000002,-0.08018499999999999
2022-12-20,Comm,0.26637000000000005,0.21940500000000002
2022-12-21,Comm,0.042159999999999996,0.26637000000000005
2022-12-22,Comm,0.019786666666666664,0.042159999999999996
2022-12-23,Comm,0.1233,0.019786666666666664
2022-12-27,Comm,0.19218333333333332,0.1233
2022-12-28,Comm,0.07134700000000001,0.19218333333333332
2022-12-29,Comm,0.02013999999999999,0.07134700000000001
2022-12-30,Comm,0.10847199999999999,0.02013999999999999
2023-01-03,Comm,0.06692314285714285,0.10847199999999999
2023-01-04,Comm,0.06936666666666666,0.06692314285714285
2023-01-05,Comm,0.09565199999999999,0.06936666666666666
2023-01-06,Comm,0.23797666666666667,0.09565199999999999
2023-01-09,Comm,0.31187,0.23797666666666667
2023-01-10,Comm,0.2719166666666667,0.31187
2023-01-11,Comm,0.3491266666666667,0.2719166666666667
2023-01-12,Comm,0.14352666666666666,0.3491266666666667
2023-01-13,Comm,0.09343,0.14352666666666666
2023-01-17,Comm,0.28286333333333336,0.09343
2023-01-18,Comm,0.12498000000000001,0.28286333333333336
2023-01-19,Comm,0.07506666666666667,0.12498000000000001
2023-01-20,Comm,0.10717047619047619,0.07506666666666667
2023-01-23,Comm,0.128778,0.10717047619047619
2023-01-24,Comm,0.04809000000000001,0.128778
2023-01-25,Comm,-0.020038095238095226,0.04809000000000001
2023-01-26,Comm,0.25163742424242425,-0.020038095238095226
2023-01-27,Comm,0.18485066666666666,0.25163742424242425
2023-01-30,Comm,0.09865,0.18485066666666666
2023-01-31,Comm,0.07480444444444444,0.09865
2023-02-01,Comm,0.01959272727272727,0.07480444444444444
2023-02-02,Comm,0.21904133333333334,0.01959272727272727
2023-02-03,Comm,0.23374999999999996,0.21904133333333334
2023-02-06,Comm,0.0770625,0.23374999999999996
2023-02-07,Comm,0.156109,0.0770625
2023-02-08,Comm,0.09207,0.156109
2023-02-09,Comm,0.21699000000000002,0.09207
2023-02-10,Comm,0.29147999999999996,0.21699000000000002
2023-02-13,Comm,0.04316,0.29147999999999996
2023-02-14,Comm,0.01027,0.04316
2023-02-15,Comm,0.36109,0.01027
2023-02-16,Comm,0.17637999999999998,0.36109
2023-02-17,Comm,0.26779,0.17637999999999998
2023-02-21,Comm,0.20222714285714286,0.26779
2023-02-22,Comm,0.14825333333333335,0.20222714285714286
2023-02-23,Comm,0.12320500000000001,0.14825333333333335
2023-02-24,Comm,0.0031899999999999984,0.12320500000000001
2023-02-27,Comm,0.12051333333333333,0.0031899999999999984
2023-02-28,Comm,0.11760000000000001,0.12051333333333333
2023-03-01,Comm,-0.0007650000000000157,0.11760000000000001
2023-03-02,Comm,0.34803166666666663,-0.0007650000000000157
2023-03-03,Comm,-0.05888,0.34803166666666663
2023-03-06,Comm,0.052669999999999995,-0.05888
2023-03-07,Comm,0.15453999999999998,0.052669999999999995
2023-03-08,Comm,-0.013319999999999999,0.15453999999999998
2023-03-09,Comm,-0.01675999999999999,-0.013319999999999999
2023-03-10,Comm,0.094782,-0.01675999999999999
2023-03-13,Comm,0.093726,0.094782
2023-03-14,Comm,0.0,0.093726
2023-03-15,Comm,0.14142000000000002,0.0
2023-03-16,Comm,0.14509085714285713,0.14142000000000002
2023-03-17,Comm,0.12942,0.14509085714285713
2023-03-20,Comm,0.16101,0.12942
2023-03-21,Comm,-0.042278,0.16101
2023-03-22,Comm,0.17268333333333336,-0.042278
2023-03-23,Comm,0.21268333333333334,0.17268333333333336
2023-03-24,Comm,0.12738,0.21268333333333334
2023-03-27,Comm,0.10362380952380952,0.12738
2023-03-28,Comm,0.1739433333333333,0.10362380952380952
2023-03-29,Comm,0.08874666666666667,0.1739433333333333
2023-03-30,Comm,0.23181333333333334,0.08874666666666667
2023-03-31,Comm,0.23048533333333335,0.23181333333333334
2023-04-03,Comm,0.26078190476190477,0.23048533333333335
2023-04-04,Comm,0.064968,0.26078190476190477
2023-04-05,Comm,0.0063,0.064968
2023-04-06,Comm,0.27776333333333336,0.0063
2023-04-10,Comm,0.15847666666666665,0.27776333333333336
2023-04-11,Comm,0.09408000000000001,0.15847666666666665
2023-04-12,Comm,0.17698,0.09408000000000001
2023-04-13,Comm,0.08019619047619048,0.17698
2023-04-14,Comm,0.04191333333333334,0.08019619047619048
2023-04-17,Comm,0.11666000000000001,0.04191333333333334
2023-04-18,Comm,0.07272619047619047,0.11666000000000001
2023-04-19,Comm,0.09591233333333334,0.07272619047619047
2023-04-20,Comm,0.009091282051282052,0.09591233333333334
2023-04-21,Comm,0.24027000000000004,0.009091282051282052
2023-04-24,Comm,-0.007427316017316024,0.24027000000000004
2023-04-25,Comm,0.008656666666666668,-0.007427316017316024
2023-04-26,Comm,0.11200722222222222,0.008656666666666668
2023-04-27,Comm,0.05436015873015874,0.11200722222222222
2023-04-28,Comm,0.130072,0.05436015873015874
2023-05-01,Comm,-0.030270000000000012,0.130072
2023-05-02,Comm,0.20078833333333335,-0.030270000000000012
2023-05-03,Comm,0.09589666666666667,0.20078833333333335
2023-05-04,Comm,0.12557000000000001,0.09589666666666667
2023-05-05,Comm,0.25769,0.12557000000000001
2023-05-08,Comm,0.19553666666666666,0.25769
2023-05-09,Comm,0.12231666666666667,0.19553666666666666
2023-05-10,Comm,0.1253911111111111,0.12231666666666667
2023-05-11,Comm,0.4074404761904762,0.1253911111111111
2023-05-12,Comm,0.13845000000000002,0.4074404761904762
2023-05-15,Comm,0.10282166666666667,0.13845000000000002
2023-05-16,Comm,0.06946666666666666,0.10282166666666667
2023-05-17,Comm,0.09090333333333334,0.06946666666666666
2023-05-18,Comm,0.07027166666666666,0.09090333333333334
2023-05-19,Comm,0.36284833333333333,0.07027166666666666
2023-05-22,Comm,0.021003476190476197,0.36284833333333333
2023-05-23,Comm,0.09619333333333333,0.021003476190476197
2023-05-24,Comm,0.15084666666666666,0.09619333333333333
2023-05-25,Comm,0.07691200000000001,0.15084666666666666
2023-05-26,Comm,0.4019316666666666,0.07691200000000001
2023-05-30,Comm,0.00871166666666667,0.4019316666666666
2023-05-31,Comm,0.106065,0.00871166666666667
2023-06-01,Comm,0.1552966666666667,0.106065
2023-06-02,Comm,-0.06559423076923077,0.1552966666666667
2023-06-05,Comm,0.10535066666666666,-0.06559423076923077
2023-06-06,Comm,0.097537,0.10535066666666666
2023-06-07,Comm,0.220436,0.097537
2023-06-08,Comm,-0.04597833333333333,0.220436
2023-06-09,Comm,0.27913333333333334,-0.04597833333333333
2023-06-12,Comm,0.07866333333333334,0.27913333333333334
2023-06-13,Comm,0.153105,0.07866333333333334
2023-06-14,Comm,0.25071,0.153105
2023-06-15,Comm,0.086951,0.25071
2023-06-16,Comm,0.24116666666666667,0.086951
2023-06-20,Comm,0.1378245,0.24116666666666667
2023-06-21,Comm,0.16292,0.1378245
2023-06-22,Comm,0.25276,0.16292
2023-06-23,Comm,0.031689999999999996,0.25276
2023-06-26,Comm,0.14619944444444447,0.031689999999999996
2023-06-27,Comm,0.264874,0.14619944444444447
2023-06-28,Comm,0.03523666666666668,0.264874
2023-06-29,Comm,0.11265333333333334,0.03523666666666668
2023-06-30,Comm,-0.008533333333333334,0.11265333333333334
2023-07-03,Comm,0.128274,-0.008533333333333334
2023-07-05,Comm,0.26369666666666663,0.128274
2023-07-06,Comm,0.21488333333333332,0.26369666666666663
2023-07-07,Comm,0.22424866666666668,0.21488333333333332
2023-07-10,Comm,0.05628166666666666,0.22424866666666668
2023-07-11,Comm,0.18520499999999998,0.05628166666666666
2023-07-12,Comm,0.174325,0.18520499999999998
2023-07-13,Comm,0.07516,0.174325
2023-07-14,Comm,0.15483686274509806,0.07516
2023-07-17,Comm,0.0747448717948718,0.15483686274509806
2023-07-18,Comm,0.3119641212121212,0.0747448717948718
2023-07-19,Comm,0.21004117647058823,0.3119641212121212
2023-07-20,Comm,0.05838928571428571,0.21004117647058823
2023-07-21,Comm,0.14101561904761906,0.05838928571428571
2023-07-24,Comm,0.12994500000000003,0.14101561904761906
2023-07-25,Comm,0.1463403333333333,0.12994500000000003
2023-07-26,Comm,0.29665733333333333,0.1463403333333333
2023-07-27,Comm,0.1973609523809524,0.29665733333333333
2023-07-28,Comm,0.3631666666666667,0.1973609523809524
2023-07-31,Comm,0.2012019393939394,0.3631666666666667
2023-08-01,Comm,0.43106,0.2012019393939394
2023-08-02,Comm,0.24511500000000003,0.43106
2023-08-03,Comm,0.06452999999999999,0.24511500000000003
2023-08-04,Comm,0.20402166666666663,0.06452999999999999
2023-08-07,Comm,0.291974,0.20402166666666663
2023-08-08,Comm,0.14043500000000003,0.291974
2023-08-09,Comm,0.12117733333333333,0.14043500000000003
2023-08-10,Comm,0.08554999999999999,0.12117733333333333
2023-08-11,Comm,0.1447983333333333,0.08554999999999999
2023-08-14,Comm,0.06734666666666667,0.1447983333333333
2023-08-15,Comm,0.1439133333333333,0.06734666666666667
2023-08-16,Comm,0.21075,0.1439133333333333
2023-08-17,Comm,0.157765,0.21075
2023-08-18,Comm,0.05073,0.157765
2023-08-21,Comm,0.17566285714285715,0.05073
2023-08-22,Comm,0.03204400000000002,0.17566285714285715
2023-08-23,Comm,0.14472555555555558,0.03204400000000002
2023-08-24,Comm,0.09317333333333333,0.14472555555555558
2023-08-25,Comm,-0.026886666666666663,0.09317333333333333
2023-08-28,Comm,0.09395400000000001,-0.026886666666666663
2023-08-29,Comm,0.1199625,0.09395400000000001
2023-08-30,Comm,0.11286066666666668,0.1199625
2023-08-31,Comm,0.16715333333333335,0.11286066666666668
2023-09-01,Comm,-0.010079999999999997,0.16715333333333335
2023-09-05,Comm,0.5344339999999999,-0.010079999999999997
2023-09-06,Comm,0.16263,0.5344339999999999
2023-09-07,Comm,0.15223166666666668,0.16263
2023-09-08,Comm,0.23986266666666664,0.15223166666666668
2023-09-11,Comm,0.11738416666666666,0.23986266666666664
2023-09-12,Comm,0.21563,0.11738416666666666
2023-09-13,Comm,0.14969333333333332,0.21563
2023-09-14,Comm,0.134,0.14969333333333332
2023-09-15,Comm,0.008928333333333333,0.134
2023-09-18,Comm,0.10875333333333334,0.008928333333333333
2023-09-19,Comm,0.08,0.10875333333333334
2023-09-20,Comm,0.26169000000000003,0.08
2023-09-21,Comm,0.07450333333333332,0.26169000000000003
2023-09-22,Comm,0.16235666666666665,0.07450333333333332
2023-09-25,Comm,-0.022315999999999992,0.16235666666666665
2023-09-26,Comm,0.17263666666666666,-0.022315999999999992
2023-09-27,Comm,0.06364,0.17263666666666666
2023-09-28,Comm,0.22324142857142854,0.06364
2023-09-29,Comm,0.40373000000000003,0.22324142857142854
2023-10-02,Comm,0.300786,0.40373000000000003
2023-10-03,Comm,0.022510000000000006,0.300786
2023-10-04,Comm,0.13925285714285715,0.022510000000000006
2023-10-05,Comm,0.08636333333333332,0.13925285714285715
2023-10-06,Comm,0.13102250000000001,0.08636333333333332
2023-10-09,Comm,0.2740266666666667,0.13102250000000001
2023-10-10,Comm,0.160426,0.2740266666666667
2023-10-11,Comm,0.06042000000000001,0.160426
2023-10-12,Comm,0.10061333333333333,0.06042000000000001
2023-10-13,Comm,0.22702,0.10061333333333333
2023-10-16,Comm,0.09769,0.22702
2023-10-17,Comm,0.05933999999999999,0.09769
2023-10-18,Comm,0.08069,0.05933999999999999
2023-10-19,Comm,0.23237037037037034,0.08069
2023-10-20,Comm,0.10552121212121213,0.23237037037037034
2023-10-23,Comm,0.018196999999999998,0.10552121212121213
2023-10-24,Comm,0.12574333333333335,0.018196999999999998
2023-10-25,Comm,0.304212,0.12574333333333335
2023-10-26,Comm,0.0942380341880342,0.304212
2023-10-27,Comm,0.061702333333333324,0.0942380341880342
2023-10-30,Comm,0.2370933333333333,0.061702333333333324
2023-10-31,Comm,0.20560799999999996,0.2370933333333333
2023-11-01,Comm,0.15991333333333332,0.20560799999999996
2023-11-02,Comm,0.1511966666666667,0.15991333333333332
2023-11-03,Comm,0.157372,0.1511966666666667
2023-11-06,Comm,0.14587999999999998,0.157372
2023-11-07,Comm,0.17745,0.14587999999999998
2023-11-08,Comm,0.16753600000000002,0.17745
2023-11-09,Comm,0.35949904761904766,0.16753600000000002
2023-11-10,Comm,0.071004,0.35949904761904766
2023-11-13,Comm,0.235915,0.071004
2023-11-14,Comm,0.0,0.235915
2023-11-15,Comm,0.11142999999999999,0.0
2023-11-16,Comm,0.02261333333333334,0.11142999999999999
2023-11-17,Comm,0.0,0.02261333333333334
2023-11-20,Comm,0.27313,0.0
2023-11-21,Comm,0.07591666666666667,0.27313
2023-11-22,Comm,0.004704000000000014,0.07591666666666667
2023-11-24,Comm,0.20080066666666663,0.004704000000000014
2023-11-27,Comm,0.16804333333333335,0.20080066666666663
2023-11-28,Comm,0.07770999999999999,0.16804333333333335
2023-11-29,Comm,0.05322266666666666,0.07770999999999999
2023-11-30,Comm,0.24827733333333332,0.05322266666666666
2023-12-01,Comm,0.11937499999999998,0.24827733333333332
2023-12-04,Comm,0.10721133333333335,0.11937499999999998
2023-12-05,Comm,0.10369246153846154,0.10721133333333335
2023-12-06,Comm,0.19512833333333335,0.10369246153846154
2023-12-07,Comm,0.14336,0.19512833333333335
2023-12-08,Comm,0.07623500000000001,0.14336
2023-12-11,Comm,0.15822238095238098,0.07623500000000001
2023-12-12,Comm,0.17859301587301588,0.15822238095238098
2023-12-13,Comm,0.171763,0.17859301587301588
2023-12-14,Comm,0.23392666666666667,0.171763
2023-12-15,Comm,0.18312666666666666,0.23392666666666667
2023-12-18,Comm,0.3846554285714286,0.18312666666666666
2023-12-19,Comm,0.0,0.3846554285714286
2023-12-20,Comm,0.0,0.0
2023-12-21,Comm,0.0,0.0
2023-12-22,Comm,0.0,0.0
2023-12-26,Comm,0.0,0.0
2023-12-27,Comm,0.0,0.0
2023-12-28,Comm,0.0,0.0
2023-12-29,Comm,0.0,0.0
2020-01-02,Consumer,-0.0667895238095238,
2020-01-03,Consumer,-0.0670766666666667,-0.0667895238095238
2020-01-06,Consumer,0.14215041666666667,-0.0670766666666667
2020-01-07,Consumer,0.19826549999999998,0.14215041666666667
2020-01-08,Consumer,0.06061571428571429,0.19826549999999998
2020-01-09,Consumer,0.38255785714285717,0.06061571428571429
2020-01-10,Consumer,0.041435999999999994,0.38255785714285717
2020-01-13,Consumer,0.11641585714285711,0.041435999999999994
2020-01-14,Consumer,0.11346833333333332,0.11641585714285711
2020-01-15,Consumer,0.11458666666666666,0.11346833333333332
2020-01-16,Consumer,0.27481,0.11458666666666666
2020-01-17,Consumer,0.119492,0.27481
2020-01-21,Consumer,0.14901598484848486,0.119492
2020-01-22,Consumer,0.1735179047619048,0.14901598484848486
2020-01-23,Consumer,0.1963496666666667,0.1735179047619048
2020-01-24,Consumer,0.1170724358974359,0.1963496666666667
2020-01-27,Consumer,0.07745777777777778,0.1170724358974359
2020-01-28,Consumer,0.05334814285714286,0.07745777777777778
2020-01-29,Consumer,0.0653667619047619,0.05334814285714286
2020-01-30,Consumer,0.049517285714285694,0.0653667619047619
2020-01-31,Consumer,0.09881393939393938,0.049517285714285694
2020-02-03,Consumer,0.20204844155844154,0.09881393939393938
2020-02-04,Consumer,0.1677311818181818,0.20204844155844154
2020-02-05,Consumer,0.03887425925925926,0.1677311818181818
2020-02-06,Consumer,0.15449666666666667,0.03887425925925926
2020-02-07,Consumer,0.17336416666666665,0.15449666666666667
2020-02-10,Consumer,0.06102619047619048,0.17336416666666665
2020-02-11,Consumer,0.07380966666666666,0.06102619047619048
2020-02-12,Consumer,0.08576470588235294,0.07380966666666666
2020-02-13,Consumer,0.02127632352941176,0.08576470588235294
2020-02-14,Consumer,0.03939066666666667,0.02127632352941176
2020-02-18,Consumer,0.21899972222222225,0.03939066666666667
2020-02-19,Consumer,0.19472071428571427,0.21899972222222225
2020-02-20,Consumer,0.11269642857142856,0.19472071428571427
2020-02-21,Consumer,0.12437833333333334,0.11269642857142856
2020-02-24,Consumer,0.09520714285714285,0.12437833333333334
2020-02-25,Consumer,0.18280801282051282,0.09520714285714285
2020-02-26,Consumer,0.13398428571428572,0.18280801282051282
2020-02-27,Consumer,0.08829200000000001,0.13398428571428572
2020-02-28,Consumer,-0.0995854761904762,0.08829200000000001
2020-03-02,Consumer,0.10845064102564103,-0.0995854761904762
2020-03-03,Consumer,0.19811055555555557,0.10845064102564103
2020-03-04,Consumer,0.16487999999999997,0.19811055555555557
2020-03-05,Consumer,0.1216915844155844,0.16487999999999997
2020-03-06,Consumer,0.004173021978021982,0.1216915844155844
2020-03-09,Consumer,0.0528575,0.004173021978021982
2020-03-10,Consumer,-0.021444848484848483,0.0528575
2020-03-11,Consumer,-0.02262828571428572,-0.021444848484848483
2020-03-12,Consumer,0.056177177777777774,-0.02262828571428572
2020-03-13,Consumer,0.061238333333333325,0.056177177777777774
2020-03-16,Consumer,-0.17912115579710147,0.061238333333333325
2020-03-17,Consumer,0.0653897619047619,-0.17912115579710147
2020-03-18,Consumer,0.05442672438672439,0.0653897619047619
2020-03-19,Consumer,0.022597166666666675,0.05442672438672439
2020-03-20,Consumer,0.10981095129870129,0.022597166666666675
2020-03-23,Consumer,0.10596394076511721,0.10981095129870129
2020-03-24,Consumer,0.2517368424908425,0.10596394076511721
2020-03-25,Consumer,0.22269428571428568,0.2517368424908425
2020-03-26,Consumer,0.1808947619047619,0.22269428571428568
2020-03-27,Consumer,0.220885,0.1808947619047619
2020-03-30,Consumer,0.11377959649122807,0.220885
2020-03-31,Consumer,-0.023837333333333356,0.11377959649122807
2020-04-01,Consumer,0.2347991111111111,-0.023837333333333356
2020-04-02,Consumer,0.06176285714285714,0.2347991111111111
2020-04-03,Consumer,0.08783458333333334,0.06176285714285714
2020-04-06,Consumer,0.2303624675324675,0.08783458333333334
2020-04-07,Consumer,0.23957672727272725,0.2303624675324675
2020-04-08,Consumer,-0.04971392631578948,0.23957672727272725
2020-04-09,Consumer,0.2567316666666667,-0.04971392631578948
2020-04-13,Consumer,0.0741641212121212,0.2567316666666667
2020-04-14,Consumer,0.29776800000000003,0.0741641212121212
2020-04-15,Consumer,0.08375978787878788,0.29776800000000003
2020-04-16,Consumer,0.1413047342995169,0.08375978787878788
2020-04-17,Consumer,0.23280133333333333,0.1413047342995169
2020-04-20,Consumer,0.1519743492063492,0.23280133333333333
2020-04-21,Consumer,0.0402167927927928,0.1519743492063492
2020-04-22,Consumer,0.21431043137254902,0.0402167927927928
2020-04-23,Consumer,0.17584348051948048,0.21431043137254902
2020-04-24,Consumer,0.06884566666666667,0.17584348051948048
2020-04-27,Consumer,0.15699633333333335,0.06884566666666667
2020-04-28,Consumer,0.08934304895104896,0.15699633333333335
2020-04-29,Consumer,0.2405332161172161,0.08934304895104896
2020-04-30,Consumer,0.11320033333333335,0.2405332161172161
2020-05-01,Consumer,0.26266183333333337,0.11320033333333335
2020-05-04,Consumer,0.171370989010989,0.26266183333333337
2020-05-05,Consumer,0.2822745238095238,0.171370989010989
2020-05-06,Consumer,0.11874282352941176,0.2822745238095238
2020-05-07,Consumer,0.13320055555555554,0.11874282352941176
2020-05-08,Consumer,0.13976271428571432,0.13320055555555554
2020-05-11,Consumer,0.11918289880952382,0.13976271428571432
2020-05-12,Consumer,0.104586,0.11918289880952382
2020-05-13,Consumer,0.10699316666666665,0.104586
2020-05-14,Consumer,0.15196933333333335,0.10699316666666665
2020-05-15,Consumer,0.10377074074074075,0.15196933333333335
2020-05-18,Consumer,0.32749833333333334,0.10377074074074075
2020-05-19,Consumer,-0.019926461538461553,0.32749833333333334
2020-05-20,Consumer,0.0033901470588235338,-0.019926461538461553
2020-05-21,Consumer,0.1495061212121212,0.0033901470588235338
2020-05-22,Consumer,0.0036226666666666686,0.1495061212121212
2020-05-26,Consumer,0.2520224285714286,0.0036226666666666686
2020-05-27,Consumer,0.22055053030303032,0.2520224285714286
2020-05-28,Consumer,0.15792283333333332,0.22055053030303032
2020-05-29,Consumer,0.2295793333333333,0.15792283333333332
2020-06-01,Consumer,0.16865590271132375,0.2295793333333333
2020-06-02,Consumer,-0.09572733333333336,0.16865590271132375
2020-06-03,Consumer,0.22705523809523806,-0.09572733333333336
2020-06-04,Consumer,0.231955,0.22705523809523806
2020-06-05,Consumer,0.2605466666666667,0.231955
2020-06-08,Consumer,0.150687,0.2605466666666667
2020-06-09,Consumer,0.03667613636363637,0.150687
2020-06-10,Consumer,0.07907206535947713,0.03667613636363637
2020-06-11,Consumer,0.10459560439560438,0.07907206535947713
2020-06-12,Consumer,0.15157847619047618,0.10459560439560438
2020-06-15,Consumer,0.15304110389610387,0.15157847619047618
2020-06-16,Consumer,0.15301333333333333,0.15304110389610387
2020-06-17,Consumer,0.2395226666666667,0.15301333333333333
2020-06-18,Consumer,0.16780461904761904,0.2395226666666667
2020-06-19,Consumer,0.11656822222222223,0.16780461904761904
2020-06-22,Consumer,0.08190608333333334,0.11656822222222223
2020-06-23,Consumer,0.3012436666666667,0.08190608333333334
2020-06-24,Consumer,0.010822000000000002,0.3012436666666667
2020-06-25,Consumer,0.16581906666666665,0.010822000000000002
2020-06-26,Consumer,0.2326911764705882,0.16581906666666665
2020-06-29,Consumer,0.066146,0.2326911764705882
2020-06-30,Consumer,0.13294866666666666,0.066146
2020-07-01,Consumer,-0.055854272727272745,0.13294866666666666
2020-07-02,Consumer,0.231694,-0.055854272727272745
2020-07-06,Consumer,0.11087257142857143,0.231694
2020-07-07,Consumer,0.21730072727272728,0.11087257142857143
2020-07-08,Consumer,0.24130805555555557,0.21730072727272728
2020-07-09,Consumer,0.16154249999999998,0.24130805555555557
2020-07-10,Consumer,0.06493642857142856,0.16154249999999998
2020-07-13,Consumer,0.20890190476190473,0.06493642857142856
2020-07-14,Consumer,0.1882278571428571,0.20890190476190473
2020-07-15,Consumer,0.14673295238095238,0.1882278571428571
2020-07-16,Consumer,0.24189499999999997,0.14673295238095238
2020-07-17,Consumer,0.3573572222222222,0.24189499999999997
2020-07-20,Consumer,0.08298243290043292,0.3573572222222222
2020-07-21,Consumer,0.25766111801242236,0.08298243290043292
2020-07-22,Consumer,0.13248,0.25766111801242236
2020-07-23,Consumer,0.10769660256410256,0.13248
2020-07-24,Consumer,0.013190666666666667,0.10769660256410256
2020-07-27,Consumer,0.15461888888888892,0.013190666666666667
2020-07-28,Consumer,0.14728466666666667,0.15461888888888892
2020-07-29,Consumer,0.14843250000000002,0.14728466666666667
2020-07-30,Consumer,0.18504799999999996,0.14843250000000002
2020-07-31,Consumer,0.15510961904761905,0.18504799999999996
2020-08-03,Consumer,0.10351213725490196,0.15510961904761905
2020-08-04,Consumer,0.22392373737373736,0.10351213725490196
2020-08-05,Consumer,0.034573411764705894,0.22392373737373736
2020-08-06,Consumer,0.1648633333333333,0.034573411764705894
2020-08-07,Consumer,0.19178866666666666,0.1648633333333333
2020-08-10,Consumer,0.3070080519480519,0.19178866666666666
2020-08-11,Consumer,0.05894183333333334,0.3070080519480519
2020-08-12,Consumer,0.04454749999999999,0.05894183333333334
2020-08-13,Consumer,0.07669523809523807,0.04454749999999999
2020-08-14,Consumer,0.05813250000000001,0.07669523809523807
2020-08-17,Consumer,0.22180759259259258,0.05813250000000001
2020-08-18,Consumer,0.2850473809523809,0.22180759259259258
2020-08-19,Consumer,0.21444393939393938,0.2850473809523809
2020-08-20,Consumer,0.24943149999999997,0.21444393939393938
2020-08-21,Consumer,0.309785,0.24943149999999997
2020-08-24,Consumer,0.1071842857142857,0.309785
2020-08-25,Consumer,0.11350333333333333,0.1071842857142857
2020-08-26,Consumer,0.21098523809523811,0.11350333333333333
2020-08-27,Consumer,0.002337894736842111,0.21098523809523811
2020-08-28,Consumer,-0.030293162393162387,0.002337894736842111
2020-08-31,Consumer,0.0637270588235294,-0.030293162393162387
2020-09-01,Consumer,0.1387457142857143,0.0637270588235294
2020-09-02,Consumer,0.22469,0.1387457142857143
2020-09-03,Consumer,0.3100942857142857,0.22469
2020-09-04,Consumer,0.098314,0.3100942857142857
2020-09-08,Consumer,0.2374389090909091,0.098314
2020-09-09,Consumer,0.14458848484848483,0.2374389090909091
2020-09-10,Consumer,0.2665175,0.14458848484848483
2020-09-11,Consumer,0.25677833333333333,0.2665175
2020-09-14,Consumer,0.11596080952380952,0.25677833333333333
2020-09-15,Consumer,0.1365338095238095,0.11596080952380952
2020-09-16,Consumer,0.12947333333333333,0.1365338095238095
2020-09-17,Consumer,0.22361599999999998,0.12947333333333333
2020-09-18,Consumer,0.03809753246753249,0.22361599999999998
2020-09-21,Consumer,0.12803893333333333,0.03809753246753249
2020-09-22,Consumer,0.20942508547008548,0.12803893333333333
2020-09-23,Consumer,0.13994933333333331,0.20942508547008548
2020-09-24,Consumer,0.06551619047619046,0.13994933333333331
2020-09-25,Consumer,0.15207,0.06551619047619046
2020-09-28,Consumer,0.11815343434343437,0.15207
2020-09-29,Consumer,0.21929730158730157,0.11815343434343437
2020-09-30,Consumer,0.24271034632034633,0.21929730158730157
2020-10-01,Consumer,0.09655,0.24271034632034633
2020-10-02,Consumer,0.06434785714285715,0.09655
2020-10-05,Consumer,0.1671455238095238,0.06434785714285715
2020-10-06,Consumer,0.16668666666666665,0.1671455238095238
2020-10-07,Consumer,0.22989757142857142,0.16668666666666665
2020-10-08,Consumer,0.0951975,0.22989757142857142
2020-10-09,Consumer,0.13217285714285715,0.0951975
2020-10-12,Consumer,0.3081373333333333,0.13217285714285715
2020-10-13,Consumer,0.06850780701754385,0.3081373333333333
2020-10-14,Consumer,0.18640178571428573,0.06850780701754385
2020-10-15,Consumer,0.1537618181818182,0.18640178571428573
2020-10-16,Consumer,0.32805999999999996,0.1537618181818182
2020-10-19,Consumer,0.3885657142857143,0.32805999999999996
2020-10-20,Consumer,0.25994,0.3885657142857143
2020-10-21,Consumer,0.24109242857142857,0.25994
2020-10-22,Consumer,0.10123388516746412,0.24109242857142857
2020-10-23,Consumer,0.40327166666666664,0.10123388516746412
2020-10-26,Consumer,0.21092888888888886,0.40327166666666664
2020-10-27,Consumer,0.080525,0.21092888888888886
2020-10-28,Consumer,0.099158,0.080525
2020-10-29,Consumer,0.1454610476190476,0.099158
2020-10-30,Consumer,0.2292997777777778,0.1454610476190476
2020-11-02,Consumer,0.3188972222222222,0.2292997777777778
2020-11-03,Consumer,0.23150514285714285,0.3188972222222222
2020-11-04,Consumer,0.08942171428571428,0.23150514285714285
2020-11-05,Consumer,0.20202785714285715,0.08942171428571428
2020-11-06,Consumer,0.09865035714285716,0.20202785714285715
2020-11-09,Consumer,0.05298714285714286,0.09865035714285716
2020-11-10,Consumer,0.1608337777777778,0.05298714285714286
2020-11-11,Consumer,0.10293733333333335,0.1608337777777778
2020-11-12,Consumer,0.149615670995671,0.10293733333333335
2020-11-13,Consumer,0.21154198757763978,0.149615670995671
2020-11-16,Consumer,0.21698977777777778,0.21154198757763978
2020-11-17,Consumer,0.3882743859649123,0.21698977777777778
2020-11-18,Consumer,0.11870916666666667,0.3882743859649123
2020-11-19,Consumer,0.00021999999999999797,0.11870916666666667
2020-11-20,Consumer,0.11982797619047618,0.00021999999999999797
2020-11-23,Consumer,0.24101514285714284,0.11982797619047618
2020-11-24,Consumer,0.012065000000000001,0.24101514285714284
2020-11-25,Consumer,0.22209166666666666,0.012065000000000001
2020-11-27,Consumer,0.11833399999999998,0.22209166666666666
2020-11-30,Consumer,0.11614899999999999,0.11833399999999998
2020-12-01,Consumer,0.16736666666666666,0.11614899999999999
2020-12-02,Consumer,0.06704066666666667,0.16736666666666666
2020-12-03,Consumer,0.19483,0.06704066666666667
2020-12-04,Consumer,0.13590666666666668,0.19483
2020-12-07,Consumer,0.1494460952380952,0.13590666666666668
2020-12-08,Consumer,0.09299583333333335,0.1494460952380952
2020-12-09,Consumer,0.010507151515151511,0.09299583333333335
2020-12-10,Consumer,0.2441373968253968,0.010507151515151511
2020-12-11,Consumer,0.24622722807017544,0.2441373968253968
2020-12-14,Consumer,0.08953850000000001,0.24622722807017544
2020-12-15,Consumer,0.2428061904761905,0.08953850000000001
2020-12-16,Consumer,0.28759066666666666,0.2428061904761905
2020-12-17,Consumer,0.258024,0.28759066666666666
2020-12-18,Consumer,0.3783793333333333,0.258024
2020-12-21,Consumer,0.217114683982684,0.3783793333333333
2020-12-22,Consumer,0.16395066666666663,0.217114683982684
2020-12-23,Consumer,0.199436,0.16395066666666663
2020-12-24,Consumer,0.2514332857142857,0.199436
2020-12-28,Consumer,0.3128717272727273,0.2514332857142857
2020-12-29,Consumer,0.2557255555555556,0.3128717272727273
2020-12-30,Consumer,0.41839666666666664,0.2557255555555556
2020-12-31,Consumer,0.4376808888888889,0.41839666666666664
2021-01-04,Consumer,0.24974138888888886,0.4376808888888889
2021-01-05,Consumer,0.17352666666666666,0.24974138888888886
2021-01-06,Consumer,0.16119333333333336,0.17352666666666666
2021-01-07,Consumer,0.16247099999999998,0.16119333333333336
2021-01-08,Consumer,0.33781500000000003,0.16247099999999998
2021-01-11,Consumer,0.31854142857142853,0.33781500000000003
2021-01-12,Consumer,0.20344916666666668,0.31854142857142853
2021-01-13,Consumer,0.20799133333333333,0.20344916666666668
2021-01-14,Consumer,0.2733307142857143,0.20799133333333333
2021-01-15,Consumer,0.23760083333333334,0.2733307142857143
2021-01-19,Consumer,0.14315078787878785,0.23760083333333334
2021-01-20,Consumer,-0.021938000000000006,0.14315078787878785
2021-01-21,Consumer,0.062160000000000014,-0.021938000000000006
2021-01-22,Consumer,0.0651425,0.062160000000000014
2021-01-25,Consumer,0.11071166666666668,0.0651425
2021-01-26,Consumer,0.14106749999999998,0.11071166666666668
2021-01-27,Consumer,0.056528214285714286,0.14106749999999998
2021-01-28,Consumer,0.19031333333333333,0.056528214285714286
2021-01-29,Consumer,0.1605538888888889,0.19031333333333333
2021-02-01,Consumer,0.1460425,0.1605538888888889
2021-02-02,Consumer,0.28937999999999997,0.1460425
2021-02-03,Consumer,0.05086555555555555,0.28937999999999997
2021-02-04,Consumer,0.29247199999999995,0.05086555555555555
2021-02-05,Consumer,-0.21545333333333333,0.29247199999999995
2021-02-08,Consumer,0.18904485714285713,-0.21545333333333333
2021-02-09,Consumer,0.05942095238095237,0.18904485714285713
2021-02-10,Consumer,0.2533011904761905,0.05942095238095237
2021-02-11,Consumer,0.1609727777777778,0.2533011904761905
2021-02-12,Consumer,0.12096433333333331,0.1609727777777778
2021-02-16,Consumer,0.14739659523809526,0.12096433333333331
2021-02-17,Consumer,0.16795333333333334,0.14739659523809526
2021-02-18,Consumer,0.3028314285714286,0.16795333333333334
2021-02-19,Consumer,0.13098666666666667,0.3028314285714286
2021-02-22,Consumer,0.08366033333333334,0.13098666666666667
2021-02-23,Consumer,0.16733285714285712,0.08366033333333334
2021-02-24,Consumer,0.0472275,0.16733285714285712
2021-02-25,Consumer,0.2246778333333333,0.0472275
2021-02-26,Consumer,0.242359,0.2246778333333333
2021-03-01,Consumer,0.23939666666666665,0.242359
2021-03-02,Consumer,0.03705,0.23939666666666665
2021-03-03,Consumer,0.13723214285714286,0.03705
2021-03-04,Consumer,-0.08476204545454545,0.13723214285714286
2021-03-05,Consumer,0.1465475,-0.08476204545454545
2021-03-08,Consumer,0.1992061111111111,0.1465475
2021-03-09,Consumer,0.150773,0.1992061111111111
2021-03-10,Consumer,0.18157366233766234,0.150773
2021-03-11,Consumer,0.12494357142857142,0.18157366233766234
2021-03-12,Consumer,0.16343999999999997,0.12494357142857142
2021-03-15,Consumer,0.1896252380952381,0.16343999999999997
2021-03-16,Consumer,0.25692400000000004,0.1896252380952381
2021-03-17,Consumer,0.21761499999999998,0.25692400000000004
2021-03-18,Consumer,0.36519866666666667,0.21761499999999998
2021-03-19,Consumer,0.04547047619047619,0.36519866666666667
2021-03-22,Consumer,0.17580933333333332,0.04547047619047619
2021-03-23,Consumer,0.228857,0.17580933333333332
2021-03-24,Consumer,0.20046212121212123,0.228857
2021-03-25,Consumer,0.2221857142857143,0.20046212121212123
2021-03-26,Consumer,-0.009819880952380951,0.2221857142857143
2021-03-29,Consumer,0.3308518311688312,-0.009819880952380951
2021-03-30,Consumer,0.19914400000000004,0.3308518311688312
2021-03-31,Consumer,0.06770166666666669,0.19914400000000004
2021-04-01,Consumer,0.04657666666666667,0.06770166666666669
2021-04-05,Consumer,0.3117916666666667,0.04657666666666667
2021-04-06,Consumer,0.20076377777777782,0.3117916666666667
2021-04-07,Consumer,0.03180666666666667,0.20076377777777782
2021-04-08,Consumer,0.34467461904761904,0.03180666666666667
2021-04-09,Consumer,0.19908238095238096,0.34467461904761904
2021-04-12,Consumer,0.2556357142857143,0.19908238095238096
2021-04-13,Consumer,0.15724083333333333,0.2556357142857143
2021-04-14,Consumer,0.005628333333333335,0.15724083333333333
2021-04-15,Consumer,0.005527428571428569,0.005628333333333335
2021-04-16,Consumer,0.21610800000000002,0.005527428571428569
2021-04-19,Consumer,0.09429359477124183,0.21610800000000002
2021-04-20,Consumer,0.13586420634920635,0.09429359477124183
2021-04-21,Consumer,0.2124066666666667,0.13586420634920635
2021-04-22,Consumer,0.24745333333333336,0.2124066666666667
2021-04-23,Consumer,0.17256333333333335,0.24745333333333336
2021-04-26,Consumer,0.21023441176470586,0.17256333333333335
2021-04-27,Consumer,0.08633342857142857,0.21023441176470586
2021-04-28,Consumer,0.16889250000000003,0.08633342857142857
2021-04-29,Consumer,0.09191666666666667,0.16889250000000003
2021-04-30,Consumer,0.11487499999999998,0.09191666666666667
2021-05-03,Consumer,0.06439085714285712,0.11487499999999998
2021-05-04,Consumer,0.2323843333333333,0.06439085714285712
2021-05-05,Consumer,0.07853166666666667,0.2323843333333333
2021-05-06,Consumer,0.20203933333333332,0.07853166666666667
2021-05-07,Consumer,-0.016354,0.20203933333333332
2021-05-10,Consumer,0.254645,-0.016354
2021-05-11,Consumer,0.08784299999999999,0.254645
2021-05-12,Consumer,0.02749666666666667,0.08784299999999999
2021-05-13,Consumer,0.30126600000000003,0.02749666666666667
2021-05-14,Consumer,0.03724010869565218,0.30126600000000003
2021-05-17,Consumer,0.09610108359133127,0.03724010869565218
2021-05-18,Consumer,0.12322428571428572,0.09610108359133127
2021-05-19,Consumer,0.19552766666666663,0.12322428571428572
2021-05-20,Consumer,0.2930041666666666,0.19552766666666663
2021-05-21,Consumer,0.12814714285714285,0.2930041666666666
2021-05-24,Consumer,0.2253905555555556,0.12814714285714285
2021-05-25,Consumer,0.20884944444444448,0.2253905555555556
2021-05-26,Consumer,0.10952242424242424,0.20884944444444448
2021-05-27,Consumer,0.2918808333333333,0.10952242424242424
2021-05-28,Consumer,0.30293166666666665,0.2918808333333333
2021-06-01,Consumer,0.36144884615384615,0.30293166666666665
2021-06-02,Consumer,0.25751238095238094,0.36144884615384615
2021-06-03,Consumer,0.35612000000000005,0.25751238095238094
2021-06-04,Consumer,0.17424866666666666,0.35612000000000005
2021-06-07,Consumer,0.13181611111111108,0.17424866666666666
2021-06-08,Consumer,0.09490866666666667,0.13181611111111108
2021-06-09,Consumer,0.07265999999999999,0.09490866666666667
2021-06-10,Consumer,0.14283949999999998,0.07265999999999999
2021-06-11,Consumer,0.042125,0.14283949999999998
2021-06-14,Consumer,0.3343501587301587,0.042125
2021-06-15,Consumer,0.21729466666666664,0.3343501587301587
2021-06-16,Consumer,0.12691085714285713,0.21729466666666664
2021-06-17,Consumer,0.12882500000000002,0.12691085714285713
2021-06-18,Consumer,0.2894083333333333,0.12882500000000002
2021-06-21,Consumer,0.06590670634920634,0.2894083333333333
2021-06-22,Consumer,0.08903900000000001,0.06590670634920634
2021-06-23,Consumer,0.18233866666666668,0.08903900000000001
2021-06-24,Consumer,0.20685249999999997,0.18233866666666668
2021-06-25,Consumer,0.058586166666666675,0.20685249999999997
2021-06-28,Consumer,0.14752507936507936,0.058586166666666675
2021-06-29,Consumer,-0.020438571428571424,0.14752507936507936
2021-06-30,Consumer,0.07082604761904761,-0.020438571428571424
2021-07-01,Consumer,0.176415,0.07082604761904761
2021-07-02,Consumer,0.2774933333333333,0.176415
2021-07-06,Consumer,0.16578266666666666,0.2774933333333333
2021-07-07,Consumer,0.3171858333333334,0.16578266666666666
2021-07-08,Consumer,0.10512999999999999,0.3171858333333334
2021-07-09,Consumer,0.142035,0.10512999999999999
2021-07-12,Consumer,0.20625555555555555,0.142035
2021-07-13,Consumer,0.27831416666666664,0.20625555555555555
2021-07-14,Consumer,0.2627316666666667,0.27831416666666664
2021-07-15,Consumer,0.07881583333333333,0.2627316666666667
2021-07-16,Consumer,0.10530904761904761,0.07881583333333333
2021-07-19,Consumer,0.08622072727272727,0.10530904761904761
2021-07-20,Consumer,0.10438999999999998,0.08622072727272727
2021-07-21,Consumer,0.08658875,0.10438999999999998
2021-07-22,Consumer,0.193772,0.08658875
2021-07-23,Consumer,0.100007,0.193772
2021-07-26,Consumer,0.07026000000000002,0.100007
2021-07-27,Consumer,0.14174444444444445,0.07026000000000002
2021-07-28,Consumer,0.21848666666666666,0.14174444444444445
2021-07-29,Consumer,0.23439333333333337,0.21848666666666666
2021-07-30,Consumer,0.0275747619047619,0.23439333333333337
2021-08-02,Consumer,0.2319612121212121,0.0275747619047619
2021-08-03,Consumer,0.20894428571428572,0.2319612121212121
2021-08-04,Consumer,0.099755,0.20894428571428572
2021-08-05,Consumer,0.3225783333333333,0.099755
2021-08-06,Consumer,0.16274000000000002,0.3225783333333333
2021-08-09,Consumer,0.21768969696969695,0.16274000000000002
2021-08-10,Consumer,0.06274533333333333,0.21768969696969695
2021-08-11,Consumer,0.107626,0.06274533333333333
2021-08-12,Consumer,0.14403208333333334,0.107626
2021-08-13,Consumer,0.36008442982456146,0.14403208333333334
2021-08-16,Consumer,0.0854056140350877,0.36008442982456146
2021-08-17,Consumer,0.048481444444444445,0.0854056140350877
2021-08-18,Consumer,0.1264515,0.048481444444444445
2021-08-19,Consumer,0.10308666666666666,0.1264515
2021-08-20,Consumer,0.19246800000000003,0.10308666666666666
2021-08-23,Consumer,0.1337957142857143,0.19246800000000003
2021-08-24,Consumer,0.06311047619047619,0.1337957142857143
2021-08-25,Consumer,0.31004699999999996,0.06311047619047619
2021-08-26,Consumer,0.155383,0.31004699999999996
2021-08-27,Consumer,0.0638509090909091,0.155383
2021-08-30,Consumer,0.2848647619047619,0.0638509090909091
2021-08-31,Consumer,0.14249904761904764,0.2848647619047619
2021-09-01,Consumer,0.31534952380952386,0.14249904761904764
2021-09-02,Consumer,0.05491933333333332,0.31534952380952386
2021-09-03,Consumer,0.2326986666666667,0.05491933333333332
2021-09-07,Consumer,0.21545142857142857,0.2326986666666667
2021-09-08,Consumer,0.21342984848484853,0.21545142857142857
2021-09-09,Consumer,0.10828666666666667,0.21342984848484853
2021-09-10,Consumer,0.159746,0.10828666666666667
2021-09-13,Consumer,0.23444207792207788,0.159746
2021-09-14,Consumer,0.199645,0.23444207792207788
2021-09-15,Consumer,0.061601428571428564,0.199645
2021-09-16,Consumer,0.03950200000000001,0.061601428571428564
2021-09-17,Consumer,0.2592933333333333,0.03950200000000001
2021-09-20,Consumer,0.21249452747252748,0.2592933333333333
2021-09-21,Consumer,0.1387338095238095,0.21249452747252748
2021-09-22,Consumer,0.36796666666666666,0.1387338095238095
2021-09-23,Consumer,0.28751000000000004,0.36796666666666666
2021-09-24,Consumer,0.07178016666666667,0.28751000000000004
2021-09-27,Consumer,0.18163095238095237,0.07178016666666667
2021-09-28,Consumer,0.13216166666666668,0.18163095238095237
2021-09-29,Consumer,0.18826900000000002,0.13216166666666668
2021-09-30,Consumer,0.17037333333333332,0.18826900000000002
2021-10-01,Consumer,0.16219161904761906,0.17037333333333332
2021-10-04,Consumer,0.3176704761904762,0.16219161904761906
2021-10-05,Consumer,0.10976733333333333,0.3176704761904762
2021-10-06,Consumer,0.23277333333333336,0.10976733333333333
2021-10-07,Consumer,0.06595000000000001,0.23277333333333336
2021-10-08,Consumer,0.23560499999999998,0.06595000000000001
2021-10-11,Consumer,0.2080553896103896,0.23560499999999998
2021-10-12,Consumer,0.1894015,0.2080553896103896
2021-10-13,Consumer,0.08102200000000001,0.1894015
2021-10-14,Consumer,0.27770380952380946,0.08102200000000001
2021-10-15,Consumer,0.2680666666666667,0.27770380952380946
2021-10-18,Consumer,0.11118893939393941,0.2680666666666667
2021-10-19,Consumer,0.09666333333333335,0.11118893939393941
2021-10-20,Consumer,0.19078,0.09666333333333335
2021-10-21,Consumer,0.09599850000000001,0.19078
2021-10-22,Consumer,0.2874333333333333,0.09599850000000001
2021-10-25,Consumer,0.1419683333333333,0.2874333333333333
2021-10-26,Consumer,0.073166,0.1419683333333333
2021-10-27,Consumer,0.25426,0.073166
2021-10-28,Consumer,0.08457722222222222,0.25426
2021-10-29,Consumer,0.063778,0.08457722222222222
2021-11-01,Consumer,0.18105833333333332,0.063778
2021-11-02,Consumer,0.215984,0.18105833333333332
2021-11-03,Consumer,0.33466809523809526,0.215984
2021-11-04,Consumer,0.13623666666666664,0.33466809523809526
2021-11-05,Consumer,0.37426500000000007,0.13623666666666664
2021-11-08,Consumer,0.14615466666666665,0.37426500000000007
2021-11-09,Consumer,0.16215333333333332,0.14615466666666665
2021-11-10,Consumer,0.1889274358974359,0.16215333333333332
2021-11-11,Consumer,0.18892773333333332,0.1889274358974359
2021-11-12,Consumer,-0.04775571428571428,0.18892773333333332
2021-11-15,Consumer,0.08904440350877194,-0.04775571428571428
2021-11-16,Consumer,0.14051184782608694,0.08904440350877194
2021-11-17,Consumer,0.3301933333333334,0.14051184782608694
2021-11-18,Consumer,0.128735,0.3301933333333334
2021-11-19,Consumer,0.15988966666666665,0.128735
2021-11-22,Consumer,0.17463780952380953,0.15988966666666665
2021-11-23,Consumer,0.15466766666666665,0.17463780952380953
2021-11-24,Consumer,0.07174666666666667,0.15466766666666665
2021-11-26,Consumer,0.33548733333333336,0.07174666666666667
2021-11-29,Consumer,0.039398606060606065,0.33548733333333336
2021-11-30,Consumer,0.2129691111111111,0.039398606060606065
2021-12-01,Consumer,0.0007873333333333413,0.2129691111111111
2021-12-02,Consumer,0.2828657142857143,0.0007873333333333413
2021-12-03,Consumer,0.31765571428571426,0.2828657142857143
2021-12-06,Consumer,0.3411507142857143,0.31765571428571426
2021-12-07,Consumer,-0.026780000000000005,0.3411507142857143
2021-12-08,Consumer,0.059653333333333336,-0.026780000000000005
2021-12-09,Consumer,0.14585,0.059653333333333336
2021-12-10,Consumer,0.18612,0.14585
2021-12-13,Consumer,0.09611857142857141,0.18612
2021-12-14,Consumer,0.20157266666666668,0.09611857142857141
2021-12-15,Consumer,0.36560000000000004,0.20157266666666668
2021-12-16,Consumer,0.253875,0.36560000000000004
2021-12-17,Consumer,0.17781561904761906,0.253875
2021-12-20,Consumer,0.15246664404223229,0.17781561904761906
2021-12-21,Consumer,0.0629278195488722,0.15246664404223229
2021-12-22,Consumer,0.036500000000000005,0.0629278195488722
2021-12-23,Consumer,0.12362,0.036500000000000005
2021-12-27,Consumer,0.10771583333333332,0.12362
2021-12-28,Consumer,0.1563235,0.10771583333333332
2021-12-29,Consumer,0.13715333333333335,0.1563235
2021-12-30,Consumer,0.13854,0.13715333333333335
2021-12-31,Consumer,0.13290333333333332,0.13854
2022-01-03,Consumer,0.04162566666666667,0.13290333333333332
2022-01-04,Consumer,0.04971,0.04162566666666667
2022-01-05,Consumer,0.15819944444444442,0.04971
2022-01-06,Consumer,0.172308,0.15819944444444442
2022-01-07,Consumer,-0.00200366666666667,0.172308
2022-01-10,Consumer,0.151256,-0.00200366666666667
2022-01-11,Consumer,0.16355000000000003,0.151256
2022-01-12,Consumer,0.21130100000000002,0.16355000000000003
2022-01-13,Consumer,0.31497166666666665,0.21130100000000002
2022-01-14,Consumer,0.024892499999999984,0.31497166666666665
2022-01-18,Consumer,0.09326655710955711,0.024892499999999984
2022-01-19,Consumer,0.21895350000000002,0.09326655710955711
2022-01-20,Consumer,0.1716615873015873,0.21895350000000002
2022-01-21,Consumer,0.23945254901960786,0.1716615873015873
2022-01-24,Consumer,0.15839804761904763,0.23945254901960786
2022-01-25,Consumer,0.12355866666666668,0.15839804761904763
2022-01-26,Consumer,0.1022435294117647,0.12355866666666668
2022-01-27,Consumer,0.0513352380952381,0.1022435294117647
2022-01-28,Consumer,0.086032,0.0513352380952381
2022-01-31,Consumer,0.2637293333333333,0.086032
2022-02-01,Consumer,-0.06766466666666666,0.2637293333333333
2022-02-02,Consumer,0.1336445238095238,-0.06766466666666666
2022-02-03,Consumer,0.16752166666666665,0.1336445238095238
2022-02-04,Consumer,0.19207999999999997,0.16752166666666665
2022-02-07,Consumer,0.14063421212121213,0.19207999999999997
2022-02-08,Consumer,0.25745026262626264,0.14063421212121213
2022-02-09,Consumer,0.14046595238095236,0.25745026262626264
2022-02-10,Consumer,0.18334480952380952,0.14046595238095236
2022-02-11,Consumer,0.07628166666666666,0.18334480952380952
2022-02-14,Consumer,0.19341769841269843,0.07628166666666666
2022-02-15,Consumer,0.2583805555555555,0.19341769841269843
2022-02-16,Consumer,0.23022866666666664,0.2583805555555555
2022-02-17,Consumer,0.07410836231884058,0.23022866666666664
2022-02-18,Consumer,0.07032916666666666,0.07410836231884058
2022-02-22,Consumer,0.15715785714285713,0.07032916666666666
2022-02-23,Consumer,-0.02443666666666665,0.15715785714285713
2022-02-24,Consumer,0.0894475,-0.02443666666666665
2022-02-25,Consumer,0.07171999999999999,0.0894475
2022-02-28,Consumer,0.2552566227106227,0.07171999999999999
2022-03-01,Consumer,0.08054642857142856,0.2552566227106227
2022-03-02,Consumer,0.18125809523809525,0.08054642857142856
2022-03-03,Consumer,0.10637971428571429,0.18125809523809525
2022-03-04,Consumer,0.11476266666666668,0.10637971428571429
2022-03-07,Consumer,0.08612369047619046,0.11476266666666668
2022-03-08,Consumer,0.19633452380952382,0.08612369047619046
2022-03-09,Consumer,0.1052175,0.19633452380952382
2022-03-10,Consumer,0.094718,0.1052175
2022-03-11,Consumer,0.12451866666666667,0.094718
2022-03-14,Consumer,0.11875500000000001,0.12451866666666667
2022-03-15,Consumer,0.17572694444444442,0.11875500000000001
2022-03-16,Consumer,0.11675333333333333,0.17572694444444442
2022-03-17,Consumer,0.07053111111111111,0.11675333333333333
2022-03-18,Consumer,0.15581790476190477,0.07053111111111111
2022-03-21,Consumer,0.32233533333333336,0.15581790476190477
2022-03-22,Consumer,0.14851555555555557,0.32233533333333336
2022-03-23,Consumer,0.15713749999999999,0.14851555555555557
2022-03-24,Consumer,0.07386619047619047,0.15713749999999999
2022-03-25,Consumer,0.17270666666666665,0.07386619047619047
2022-03-28,Consumer,0.1830943253968254,0.17270666666666665
2022-03-29,Consumer,0.170436,0.1830943253968254
2022-03-30,Consumer,0.16546666666666668,0.170436
2022-03-31,Consumer,0.09392333333333333,0.16546666666666668
2022-04-01,Consumer,0.05338438095238095,0.09392333333333333
2022-04-04,Consumer,0.21674782913165264,0.05338438095238095
2022-04-05,Consumer,0.11152999999999999,0.21674782913165264
2022-04-06,Consumer,0.09232133333333332,0.11152999999999999
2022-04-07,Consumer,0.10207683333333332,0.09232133333333332
2022-04-08,Consumer,0.16122066666666662,0.10207683333333332
2022-04-11,Consumer,0.23006007142857143,0.16122066666666662
2022-04-12,Consumer,0.09485714285714286,0.23006007142857143
2022-04-13,Consumer,0.04663666666666667,0.09485714285714286
2022-04-14,Consumer,0.2537971428571429,0.04663666666666667
2022-04-18,Consumer,0.2131383333333333,0.2537971428571429
2022-04-19,Consumer,0.1616527380952381,0.2131383333333333
2022-04-20,Consumer,0.14608200000000002,0.1616527380952381
2022-04-21,Consumer,0.176908,0.14608200000000002
2022-04-22,Consumer,0.22774285714285716,0.176908
2022-04-25,Consumer,0.14817706666666666,0.22774285714285716
2022-04-26,Consumer,0.210588,0.14817706666666666
2022-04-27,Consumer,0.1047011111111111,0.210588
2022-04-28,Consumer,0.20919000000000004,0.1047011111111111
2022-04-29,Consumer,0.14664324675324675,0.20919000000000004
2022-05-02,Consumer,0.21406857142857144,0.14664324675324675
2022-05-03,Consumer,0.157826,0.21406857142857144
2022-05-04,Consumer,0.11790130434782609,0.157826
2022-05-05,Consumer,-0.05407733333333331,0.11790130434782609
2022-05-06,Consumer,0.10006580952380954,-0.05407733333333331
2022-05-09,Consumer,0.11447927272727272,0.10006580952380954
2022-05-10,Consumer,0.11047833333333335,0.11447927272727272
2022-05-11,Consumer,-0.0028392499999999933,0.11047833333333335
2022-05-12,Consumer,0.07421254901960783,-0.0028392499999999933
2022-05-13,Consumer,0.03726523809523811,0.07421254901960783
2022-05-16,Consumer,0.052948249999999995,0.03726523809523811
2022-05-17,Consumer,0.10697309803921569,0.052948249999999995
2022-05-18,Consumer,0.08867209677419355,0.10697309803921569
2022-05-19,Consumer,0.16060214285714286,0.08867209677419355
2022-05-20,Consumer,0.16391059006211184,0.16060214285714286
2022-05-23,Consumer,0.09539976708074534,0.16391059006211184
2022-05-24,Consumer,0.25877858333333326,0.09539976708074534
2022-05-25,Consumer,0.049163047619047606,0.25877858333333326
2022-05-26,Consumer,0.16660783333333334,0.049163047619047606
2022-05-27,Consumer,0.228078,0.16660783333333334
2022-05-31,Consumer,0.1629497777777778,0.228078
2022-06-01,Consumer,0.07640999999999999,0.1629497777777778
2022-06-02,Consumer,0.2804106666666667,0.07640999999999999
2022-06-03,Consumer,0.07656833333333334,0.2804106666666667
2022-06-06,Consumer,0.20005866666666666,0.07656833333333334
2022-06-07,Consumer,0.28273625,0.20005866666666666
2022-06-08,Consumer,0.16940857142857144,0.28273625
2022-06-09,Consumer,0.017327571428571432,0.16940857142857144
2022-06-10,Consumer,0.18594130303030304,0.017327571428571432
2022-06-13,Consumer,0.18574769696969698,0.18594130303030304
2022-06-14,Consumer,0.06321785714285713,0.18574769696969698
2022-06-15,Consumer,-0.08827500000000002,0.06321785714285713
2022-06-16,Consumer,0.12325666666666664,-0.08827500000000002
2022-06-17,Consumer,0.184325,0.12325666666666664
2022-06-21,Consumer,0.09285571428571429,0.184325
2022-06-22,Consumer,0.16722472727272725,0.09285571428571429
2022-06-23,Consumer,0.23266042857142857,0.16722472727272725
2022-06-24,Consumer,0.034948809523809514,0.23266042857142857
2022-06-27,Consumer,0.20715211764705882,0.034948809523809514
2022-06-28,Consumer,0.2397869473684211,0.20715211764705882
2022-06-29,Consumer,0.07294371428571429,0.2397869473684211
2022-06-30,Consumer,0.29044659340659346,0.07294371428571429
2022-07-01,Consumer,0.10975642857142857,0.29044659340659346
2022-07-05,Consumer,0.17279079059829058,0.10975642857142857
2022-07-06,Consumer,0.19137266666666666,0.17279079059829058
2022-07-07,Consumer,-0.04118333333333332,0.19137266666666666
2022-07-08,Consumer,-0.04169999999999998,-0.04118333333333332
2022-07-11,Consumer,0.065058,-0.04169999999999998
2022-07-12,Consumer,0.20680402597402597,0.065058
2022-07-13,Consumer,0.18595142857142857,0.20680402597402597
2022-07-14,Consumer,0.23137309523809524,0.18595142857142857
2022-07-15,Consumer,0.16907660606060604,0.23137309523809524
2022-07-18,Consumer,0.2757209047619048,0.16907660606060604
2022-07-19,Consumer,0.29999200000000004,0.2757209047619048
2022-07-20,Consumer,0.045155,0.29999200000000004
2022-07-21,Consumer,0.15840285714285712,0.045155
2022-07-22,Consumer,0.19820857142857143,0.15840285714285712
2022-07-25,Consumer,0.14667964102564104,0.19820857142857143
2022-07-26,Consumer,0.011277924637681161,0.14667964102564104
2022-07-27,Consumer,0.14568441176470587,0.011277924637681161
2022-07-28,Consumer,0.058219333333333324,0.14568441176470587
2022-07-29,Consumer,0.22484285714285712,0.058219333333333324
2022-08-01,Consumer,0.22385242857142856,0.22484285714285712
2022-08-02,Consumer,0.06091644444444444,0.22385242857142856
2022-08-03,Consumer,0.11011324675324674,0.06091644444444444
2022-08-04,Consumer,0.21315633333333334,0.11011324675324674
2022-08-05,Consumer,0.028546666666666675,0.21315633333333334
2022-08-08,Consumer,0.17024438095238098,0.028546666666666675
2022-08-09,Consumer,0.0967136507936508,0.17024438095238098
2022-08-10,Consumer,0.16261551515151515,0.0967136507936508
2022-08-11,Consumer,0.08821388888888888,0.16261551515151515
2022-08-12,Consumer,0.25075057142857143,0.08821388888888888
2022-08-15,Consumer,0.0989486277056277,0.25075057142857143
2022-08-16,Consumer,0.20172261904761904,0.0989486277056277
2022-08-17,Consumer,0.092157922705314,0.20172261904761904
2022-08-18,Consumer,0.23007533333333333,0.092157922705314
2022-08-19,Consumer,0.08011899999999998,0.23007533333333333
2022-08-22,Consumer,0.24339399999999997,0.08011899999999998
2022-08-23,Consumer,0.19339485714285717,0.24339399999999997
2022-08-24,Consumer,0.00609533333333333,0.19339485714285717
2022-08-25,Consumer,0.180563,0.00609533333333333
2022-08-26,Consumer,-0.011516190476190475,0.180563
2022-08-29,Consumer,0.18293685714285718,-0.011516190476190475
2022-08-30,Consumer,0.212825,0.18293685714285718
2022-08-31,Consumer,0.0748675,0.212825
2022-09-01,Consumer,0.20270700000000003,0.0748675
2022-09-02,Consumer,0.11148533333333335,0.20270700000000003
2022-09-06,Consumer,0.2368413333333333,0.11148533333333335
2022-09-07,Consumer,0.19086696428571429,0.2368413333333333
2022-09-08,Consumer,0.23466166666666669,0.19086696428571429
2022-09-09,Consumer,0.27544916666666663,0.23466166666666669
2022-09-12,Consumer,0.3476811666666667,0.27544916666666663
2022-09-13,Consumer,0.234894,0.3476811666666667
2022-09-14,Consumer,0.2216388095238095,0.234894
2022-09-15,Consumer,0.09638476190476192,0.2216388095238095
2022-09-16,Consumer,0.08805333333333333,0.09638476190476192
2022-09-19,Consumer,0.35794857142857145,0.08805333333333333
2022-09-20,Consumer,0.05303619047619047,0.35794857142857145
2022-09-21,Consumer,0.18921555555555553,0.05303619047619047
2022-09-22,Consumer,0.2479057142857143,0.18921555555555553
2022-09-23,Consumer,0.05534866666666667,0.2479057142857143
2022-09-26,Consumer,0.26607690476190476,0.05534866666666667
2022-09-27,Consumer,0.049049999999999996,0.26607690476190476
2022-09-28,Consumer,0.07606285714285715,0.049049999999999996
2022-09-29,Consumer,0.19928142857142855,0.07606285714285715
2022-09-30,Consumer,0.2173790909090909,0.19928142857142855
2022-10-03,Consumer,0.2043002142857143,0.2173790909090909
2022-10-04,Consumer,-0.043785000000000004,0.2043002142857143
2022-10-05,Consumer,0.06479866666666667,-0.043785000000000004
2022-10-06,Consumer,0.27181055555555556,0.06479866666666667
2022-10-07,Consumer,0.16394499999999998,0.27181055555555556
2022-10-10,Consumer,0.2017382142857143,0.16394499999999998
2022-10-11,Consumer,0.19786166666666666,0.2017382142857143
2022-10-12,Consumer,0.24069214285714283,0.19786166666666666
2022-10-13,Consumer,0.067272,0.24069214285714283
2022-10-14,Consumer,0.06092444444444445,0.067272
2022-10-17,Consumer,0.21056904761904766,0.06092444444444445
2022-10-18,Consumer,0.09134619047619047,0.21056904761904766
2022-10-19,Consumer,0.208245,0.09134619047619047
2022-10-20,Consumer,0.2760286666666666,0.208245
2022-10-21,Consumer,0.09222666666666667,0.2760286666666666
2022-10-24,Consumer,0.29176900000000006,0.09222666666666667
2022-10-25,Consumer,0.13327444444444442,0.29176900000000006
2022-10-26,Consumer,0.1729675,0.13327444444444442
2022-10-27,Consumer,0.11935916666666668,0.1729675
2022-10-28,Consumer,0.12347333333333335,0.11935916666666668
2022-10-31,Consumer,0.1314989166666667,0.12347333333333335
2022-11-01,Consumer,0.06742714285714287,0.1314989166666667
2022-11-02,Consumer,0.3127003333333333,0.06742714285714287
2022-11-03,Consumer,0.22741333333333333,0.3127003333333333
2022-11-04,Consumer,0.10168918767507003,0.22741333333333333
2022-11-07,Consumer,0.1969454523809524,0.10168918767507003
2022-11-08,Consumer,0.10592866666666667,0.1969454523809524
2022-11-09,Consumer,0.18437583333333335,0.10592866666666667
2022-11-10,Consumer,0.10369388888888889,0.18437583333333335
2022-11-11,Consumer,0.29161533333333334,0.10369388888888889
2022-11-14,Consumer,0.24826552584670228,0.29161533333333334
2022-11-15,Consumer,0.11519955555555557,0.24826552584670228
2022-11-16,Consumer,0.15336466666666668,0.11519955555555557
2022-11-17,Consumer,0.476102,0.15336466666666668
2022-11-18,Consumer,0.09069714285714287,0.476102
2022-11-21,Consumer,0.3557911851851852,0.09069714285714287
2022-11-22,Consumer,0.07888999999999999,0.3557911851851852
2022-11-23,Consumer,0.3372353968253968,0.07888999999999999
2022-11-25,Consumer,0.2349574404761905,0.3372353968253968
2022-11-28,Consumer,0.09441246153846153,0.2349574404761905
2022-11-29,Consumer,0.15207555555555555,0.09441246153846153
2022-11-30,Consumer,0.14563700000000002,0.15207555555555555
2022-12-01,Consumer,0.3235842857142857,0.14563700000000002
2022-12-02,Consumer,0.17862636363636364,0.3235842857142857
2022-12-05,Consumer,0.20124781746031745,0.17862636363636364
2022-12-06,Consumer,0.194595,0.20124781746031745
2022-12-07,Consumer,0.15227833333333335,0.194595
2022-12-08,Consumer,0.19687066666666667,0.15227833333333335
2022-12-09,Consumer,0.3824902777777778,0.19687066666666667
2022-12-12,Consumer,0.25884333333333337,0.3824902777777778
2022-12-13,Consumer,0.1884413095238095,0.25884333333333337
2022-12-14,Consumer,0.14062166666666664,0.1884413095238095
2022-12-15,Consumer,0.22590500000000002,0.14062166666666664
2022-12-16,Consumer,0.22706133333333334,0.22590500000000002
2022-12-19,Consumer,0.21091062271062272,0.22706133333333334
2022-12-20,Consumer,0.1717649350649351,0.21091062271062272
2022-12-21,Consumer,0.14462181818181816,0.1717649350649351
2022-12-22,Consumer,0.14362,0.14462181818181816
2022-12-23,Consumer,0.18976666666666664,0.14362
2022-12-27,Consumer,0.3502163636363636,0.18976666666666664
2022-12-28,Consumer,0.10508000000000002,0.3502163636363636
2022-12-29,Consumer,0.2114333333333333,0.10508000000000002
2022-12-30,Consumer,0.18870790476190474,0.2114333333333333
2023-01-03,Consumer,0.2426452380952381,0.18870790476190474
2023-01-04,Consumer,0.170663619047619,0.2426452380952381
2023-01-05,Consumer,0.38314888888888887,0.170663619047619
2023-01-06,Consumer,0.1748866666666667,0.38314888888888887
2023-01-09,Consumer,0.20469365079365082,0.1748866666666667
2023-01-10,Consumer,0.14510380952380952,0.20469365079365082
2023-01-11,Consumer,0.10790433333333334,0.14510380952380952
2023-01-12,Consumer,0.1665630769230769,0.10790433333333334
2023-01-13,Consumer,0.21635466666666664,0.1665630769230769
2023-01-17,Consumer,0.32037192857142854,0.21635466666666664
2023-01-18,Consumer,0.25545500000000004,0.32037192857142854
2023-01-19,Consumer,0.09106176190476192,0.25545500000000004
2023-01-20,Consumer,0.01987,0.09106176190476192
2023-01-23,Consumer,0.3750783333333333,0.01987
2023-01-24,Consumer,0.19054440476190476,0.3750783333333333
2023-01-25,Consumer,0.16350233333333336,0.19054440476190476
2023-01-26,Consumer,0.18532066666666663,0.16350233333333336
2023-01-27,Consumer,0.15139619047619052,0.18532066666666663
2023-01-30,Consumer,0.11022666666666667,0.15139619047619052
2023-01-31,Consumer,0.14337519047619046,0.11022666666666667
2023-02-01,Consumer,0.1568581818181818,0.14337519047619046
2023-02-02,Consumer,0.21202200000000002,0.1568581818181818
2023-02-03,Consumer,0.2473694285714286,0.21202200000000002
2023-02-06,Consumer,0.198077,0.2473694285714286
2023-02-07,Consumer,0.22781666666666664,0.198077
2023-02-08,Consumer,0.1742350476190476,0.22781666666666664
2023-02-09,Consumer,0.2752514137931034,0.1742350476190476
2023-02-10,Consumer,0.2170278333333333,0.2752514137931034
2023-02-13,Consumer,0.23232234848484845,0.2170278333333333
2023-02-14,Consumer,0.283748303030303,0.23232234848484845
2023-02-15,Consumer,0.09658199999999999,0.283748303030303
2023-02-16,Consumer,0.06292228571428571,0.09658199999999999
2023-02-17,Consumer,0.25226000000000004,0.06292228571428571
2023-02-21,Consumer,0.17176225925925925,0.25226000000000004
2023-02-22,Consumer,0.16331752380952383,0.17176225925925925
2023-02-23,Consumer,0.14141333333333336,0.16331752380952383
2023-02-24,Consumer,0.028116666666666672,0.14141333333333336
2023-02-27,Consumer,0.12435677777777779,0.028116666666666672
2023-02-28,Consumer,0.16487866666666667,0.12435677777777779
2023-03-01,Consumer,0.19619183333333332,0.16487866666666667
2023-03-02,Consumer,0.30141313852813856,0.19619183333333332
2023-03-03,Consumer,-0.007603333333333328,0.30141313852813856
2023-03-06,Consumer,0.023560333333333322,-0.007603333333333328
2023-03-07,Consumer,0.2333553333333333,0.023560333333333322
2023-03-08,Consumer,0.31774833333333335,0.2333553333333333
2023-03-09,Consumer,0.20281500000000002,0.31774833333333335
2023-03-10,Consumer,0.147925,0.20281500000000002
2023-03-13,Consumer,0.06617019047619047,0.147925
2023-03-14,Consumer,0.006288333333333329,0.06617019047619047
2023-03-15,Consumer,0.126745,0.006288333333333329
2023-03-16,Consumer,0.11627499999999999,0.126745
2023-03-17,Consumer,0.014640666666666658,0.11627499999999999
2023-03-20,Consumer,0.12642150793650794,0.014640666666666658
2023-03-21,Consumer,0.20166,0.12642150793650794
2023-03-22,Consumer,-0.030129807692307702,0.20166
2023-03-23,Consumer,0.07815666666666668,-0.030129807692307702
2023-03-24,Consumer,0.31358566666666665,0.07815666666666668
2023-03-27,Consumer,0.22644666666666663,0.31358566666666665
2023-03-28,Consumer,0.21379342857142855,0.22644666666666663
2023-03-29,Consumer,0.14287533333333338,0.21379342857142855
2023-03-30,Consumer,0.1756184615384615,0.14287533333333338
2023-03-31,Consumer,0.11761000000000002,0.1756184615384615
2023-04-03,Consumer,0.20342933834586469,0.11761000000000002
2023-04-04,Consumer,0.22259833333333331,0.20342933834586469
2023-04-05,Consumer,0.1253942857142857,0.22259833333333331
2023-04-06,Consumer,0.18087044444444444,0.1253942857142857
2023-04-10,Consumer,0.2402999633699634,0.18087044444444444
2023-04-11,Consumer,0.20111999999999997,0.2402999633699634
2023-04-12,Consumer,0.13997285714285712,0.20111999999999997
2023-04-13,Consumer,-0.07278114285714285,0.13997285714285712
2023-04-14,Consumer,0.261988,-0.07278114285714285
2023-04-17,Consumer,0.08749672268907563,0.261988
2023-04-18,Consumer,0.04354642857142856,0.08749672268907563
2023-04-19,Consumer,0.13509500000000002,0.04354642857142856
2023-04-20,Consumer,0.19076600000000002,0.13509500000000002
2023-04-21,Consumer,0.27612523809523803,0.19076600000000002
2023-04-24,Consumer,0.2058428333333333,0.27612523809523803
2023-04-25,Consumer,0.19891466666666666,0.2058428333333333
2023-04-26,Consumer,0.22800285714285712,0.19891466666666666
2023-04-27,Consumer,0.07704833333333334,0.22800285714285712
2023-04-28,Consumer,0.34302416666666663,0.07704833333333334
2023-05-01,Consumer,0.1353407142857143,0.34302416666666663
2023-05-02,Consumer,0.11414666666666666,0.1353407142857143
2023-05-03,Consumer,0.168815,0.11414666666666666
2023-05-04,Consumer,0.019946666666666668,0.168815
2023-05-05,Consumer,0.16228800000000002,0.019946666666666668
2023-05-08,Consumer,0.1691464285714286,0.16228800000000002
2023-05-09,Consumer,0.21451666666666663,0.1691464285714286
2023-05-10,Consumer,0.0811385641025641,0.21451666666666663
2023-05-11,Consumer,0.14178333333333332,0.0811385641025641
2023-05-12,Consumer,0.15281419696969697,0.14178333333333332
2023-05-15,Consumer,0.13664743589743591,0.15281419696969697
2023-05-16,Consumer,0.03748666666666666,0.13664743589743591
2023-05-17,Consumer,0.12449678787878786,0.03748666666666666
2023-05-18,Consumer,0.36692020833333333,0.12449678787878786
2023-05-19,Consumer,0.11081449974861741,0.36692020833333333
2023-05-22,Consumer,0.07978669191919192,0.11081449974861741
2023-05-23,Consumer,-0.02966333333333333,0.07978669191919192
2023-05-24,Consumer,0.03858933333333333,-0.02966333333333333
2023-05-25,Consumer,0.187675,0.03858933333333333
2023-05-26,Consumer,0.09355566666666666,0.187675
2023-05-30,Consumer,0.17684564935064936,0.09355566666666666
2023-05-31,Consumer,0.13196595238095238,0.17684564935064936
2023-06-01,Consumer,0.2484890476190476,0.13196595238095238
2023-06-02,Consumer,0.048617999999999995,0.2484890476190476
2023-06-05,Consumer,0.13974451282051284,0.048617999999999995
2023-06-06,Consumer,0.16595166666666666,0.13974451282051284
2023-06-07,Consumer,0.18121944444444443,0.16595166666666666
2023-06-08,Consumer,0.22454177777777778,0.18121944444444443
2023-06-09,Consumer,0.11617885714285717,0.22454177777777778
2023-06-12,Consumer,0.13181094444444447,0.11617885714285717
2023-06-13,Consumer,0.10129333333333335,0.13181094444444447
2023-06-14,Consumer,0.07422111111111111,0.10129333333333335
2023-06-15,Consumer,0.13432603174603175,0.07422111111111111
2023-06-16,Consumer,0.08889,0.13432603174603175
2023-06-20,Consumer,0.14495661904761903,0.08889
2023-06-21,Consumer,0.1515512380952381,0.14495661904761903
2023-06-22,Consumer,0.10243619047619049,0.1515512380952381
2023-06-23,Consumer,0.04330190476190476,0.10243619047619049
2023-06-26,Consumer,0.19228428571428574,0.04330190476190476
2023-06-27,Consumer,0.1756733333333333,0.19228428571428574
2023-06-28,Consumer,0.2793136666666667,0.1756733333333333
2023-06-29,Consumer,0.06513666666666668,0.2793136666666667
2023-06-30,Consumer,0.13966145604395605,0.06513666666666668
2023-07-03,Consumer,0.1454517142857143,0.13966145604395605
2023-07-05,Consumer,0.10051780952380951,0.1454517142857143
2023-07-06,Consumer,0.15055642857142856,0.10051780952380951
2023-07-07,Consumer,0.16355766666666666,0.15055642857142856
2023-07-10,Consumer,0.10859333333333335,0.16355766666666666
2023-07-11,Consumer,0.22195,0.10859333333333335
2023-07-12,Consumer,0.18440745454545454,0.22195
2023-07-13,Consumer,0.25115020879120886,0.18440745454545454
2023-07-14,Consumer,0.29345254545454547,0.25115020879120886
2023-07-17,Consumer,0.13140131818181816,0.29345254545454547
2023-07-18,Consumer,0.06934785714285714,0.13140131818181816
2023-07-19,Consumer,0.27658666666666665,0.06934785714285714
2023-07-20,Consumer,0.16970085714285715,0.27658666666666665
2023-07-21,Consumer,0.04853866666666666,0.16970085714285715
2023-07-24,Consumer,0.15118588095238095,0.04853866666666666
2023-07-25,Consumer,0.15556014285714287,0.15118588095238095
2023-07-26,Consumer,0.2462074736842105,0.15556014285714287
2023-07-27,Consumer,0.21166000000000001,0.2462074736842105
2023-07-28,Consumer,0.19559357142857142,0.21166000000000001
2023-07-31,Consumer,0.17034888888888888,0.19559357142857142
2023-08-01,Consumer,0.18365799999999996,0.17034888888888888
2023-08-02,Consumer,0.12979095238095237,0.18365799999999996
2023-08-03,Consumer,0.10446333333333332,0.12979095238095237
2023-08-04,Consumer,0.16758333333333336,0.10446333333333332
2023-08-07,Consumer,0.08575466666666666,0.16758333333333336
2023-08-08,Consumer,0.20898063492063496,0.08575466666666666
2023-08-09,Consumer,0.1395318947368421,0.20898063492063496
2023-08-10,Consumer,0.2396316666666667,0.1395318947368421
2023-08-11,Consumer,0.20531905982905982,0.2396316666666667
2023-08-14,Consumer,0.1516219047619048,0.20531905982905982
2023-08-15,Consumer,0.1093884090909091,0.1516219047619048
2023-08-16,Consumer,0.3005067450980392,0.1093884090909091
2023-08-17,Consumer,0.08150022727272728,0.3005067450980392
2023-08-18,Consumer,0.06329083333333334,0.08150022727272728
2023-08-21,Consumer,0.21557666666666667,0.06329083333333334
2023-08-22,Consumer,0.10045845238095237,0.21557666666666667
2023-08-23,Consumer,0.2436629761904762,0.10045845238095237
2023-08-24,Consumer,0.15107939393939393,0.2436629761904762
2023-08-25,Consumer,0.14653116666666666,0.15107939393939393
2023-08-28,Consumer,0.16631171428571428,0.14653116666666666
2023-08-29,Consumer,0.18692,0.16631171428571428
2023-08-30,Consumer,0.18864895238095236,0.18692
2023-08-31,Consumer,0.37382838095238097,0.18864895238095236
2023-09-01,Consumer,0.34711499999999995,0.37382838095238097
2023-09-05,Consumer,0.1672086557886558,0.34711499999999995
2023-09-06,Consumer,0.10262083333333334,0.1672086557886558
2023-09-07,Consumer,0.09128960317460318,0.10262083333333334
2023-09-08,Consumer,0.3076508333333333,0.09128960317460318
2023-09-11,Consumer,0.07762069444444444,0.3076508333333333
2023-09-12,Consumer,0.18664595238095238,0.07762069444444444
2023-09-13,Consumer,0.16342611111111113,0.18664595238095238
2023-09-14,Consumer,0.058486666666666666,0.16342611111111113
2023-09-15,Consumer,0.35440316666666666,0.058486666666666666
2023-09-18,Consumer,0.19287714285714283,0.35440316666666666
2023-09-19,Consumer,0.11552283333333335,0.19287714285714283
2023-09-20,Consumer,-0.087515,0.11552283333333335
2023-09-21,Consumer,0.12221523809523809,-0.087515
2023-09-22,Consumer,0.3635348888888889,0.12221523809523809
2023-09-25,Consumer,0.12711336904761902,0.3635348888888889
2023-09-26,Consumer,0.22063999999999995,0.12711336904761902
2023-09-27,Consumer,0.09904866666666665,0.22063999999999995
2023-09-28,Consumer,0.22460060805860804,0.09904866666666665
2023-09-29,Consumer,0.19800817543859647,0.22460060805860804
2023-10-02,Consumer,0.24764166233766233,0.19800817543859647
2023-10-03,Consumer,0.5145526666666667,0.24764166233766233
2023-10-04,Consumer,0.12075183333333332,0.5145526666666667
2023-10-05,Consumer,0.32942083333333333,0.12075183333333332
2023-10-06,Consumer,0.22164378787878788,0.32942083333333333
2023-10-09,Consumer,0.17839246428571426,0.22164378787878788
2023-10-10,Consumer,0.20332203174603175,0.17839246428571426
2023-10-11,Consumer,0.10317816666666668,0.20332203174603175
2023-10-12,Consumer,0.16089219047619047,0.10317816666666668
2023-10-13,Consumer,0.2755657142857143,0.16089219047619047
2023-10-16,Consumer,0.259629,0.2755657142857143
2023-10-17,Consumer,0.1431,0.259629
2023-10-18,Consumer,0.22512742424242424,0.1431
2023-10-19,Consumer,0.2646850634920635,0.22512742424242424
2023-10-20,Consumer,0.10246666666666666,0.2646850634920635
2023-10-23,Consumer,0.22800719871794875,0.10246666666666666
2023-10-24,Consumer,0.14965316666666667,0.22800719871794875
2023-10-25,Consumer,0.02809333333333334,0.14965316666666667
2023-10-26,Consumer,0.22625166666666666,0.02809333333333334
2023-10-27,Consumer,0.39773514285714284,0.22625166666666666
2023-10-30,Consumer,0.19792405982905983,0.39773514285714284
2023-10-31,Consumer,0.194187,0.19792405982905983
2023-11-01,Consumer,0.28894720634920634,0.194187
2023-11-02,Consumer,0.20926088888888889,0.28894720634920634
2023-11-03,Consumer,0.13081038095238093,0.20926088888888889
2023-11-06,Consumer,0.10106653968253969,0.13081038095238093
2023-11-07,Consumer,0.26836822222222223,0.10106653968253969
2023-11-08,Consumer,0.11061820512820512,0.26836822222222223
2023-11-09,Consumer,0.23236614035087716,0.11061820512820512
2023-11-10,Consumer,0.16236219696969698,0.23236614035087716
2023-11-13,Consumer,0.22052900000000003,0.16236219696969698
2023-11-14,Consumer,0.3021042222222222,0.22052900000000003
2023-11-15,Consumer,0.20363863247863248,0.3021042222222222
2023-11-16,Consumer,0.03091180952380953,0.20363863247863248
2023-11-17,Consumer,0.11025888888888888,0.03091180952380953
2023-11-20,Consumer,0.1658056103896104,0.11025888888888888
2023-11-21,Consumer,0.031088416666666664,0.1658056103896104
2023-11-22,Consumer,0.2362327272727273,0.031088416666666664
2023-11-24,Consumer,-0.049472,0.2362327272727273
2023-11-27,Consumer,0.18102354761904763,-0.049472
2023-11-28,Consumer,0.19991299999999998,0.18102354761904763
2023-11-29,Consumer,0.12887821428571428,0.19991299999999998
2023-11-30,Consumer,0.07882611111111112,0.12887821428571428
2023-12-01,Consumer,0.24429285714285714,0.07882611111111112
2023-12-04,Consumer,0.15254984848484848,0.24429285714285714
2023-12-05,Consumer,0.17419,0.15254984848484848
2023-12-06,Consumer,0.16428977777777778,0.17419
2023-12-07,Consumer,0.325995,0.16428977777777778
2023-12-08,Consumer,0.033315000000000004,0.325995
2023-12-11,Consumer,0.20384030303030304,0.033315000000000004
2023-12-12,Consumer,-0.006460857142857138,0.20384030303030304
2023-12-13,Consumer,0.140389,-0.006460857142857138
2023-12-14,Consumer,0.12374366666666665,0.140389
2023-12-15,Consumer,0.17862444444444442,0.12374366666666665
2023-12-18,Consumer,0.19291866666666668,0.17862444444444442
2023-12-19,Consumer,0.0,0.19291866666666668
2023-12-20,Consumer,0.0,0.0
2023-12-21,Consumer,0.0,0.0
2023-12-22,Consumer,0.0,0.0
2023-12-26,Consumer,0.0,0.0
2023-12-27,Consumer,0.0,0.0
2023-12-28,Consumer,0.0,0.0
2023-12-29,Consumer,0.0,0.0
2020-01-02,Energy,0.2243475,
2020-01-03,Energy,-0.00855663636363636,0.2243475
2020-01-06,Energy,0.10096060606060604,-0.00855663636363636
2020-01-07,Energy,0.0947,0.10096060606060604
2020-01-08,Energy,-0.03692333333333332,0.0947
2020-01-09,Energy,0.15729,-0.03692333333333332
2020-01-10,Energy,0.10111200000000001,0.15729
2020-01-13,Energy,0.1503485,0.10111200000000001
2020-01-14,Energy,0.2513883333333333,0.1503485
2020-01-15,Energy,0.1783633333333333,0.2513883333333333
2020-01-16,Energy,0.134652,0.1783633333333333
2020-01-17,Energy,0.1419168888888889,0.134652
2020-01-21,Energy,0.16645971428571427,0.1419168888888889
2020-01-22,Energy,0.29083333333333333,0.16645971428571427
2020-01-23,Energy,0.038838666666666674,0.29083333333333333
2020-01-24,Energy,0.23912666666666665,0.038838666666666674
2020-01-27,Energy,0.10272250000000001,0.23912666666666665
2020-01-28,Energy,0.10951333333333335,0.10272250000000001
2020-01-29,Energy,0.014183333333333336,0.10951333333333335
2020-01-30,Energy,0.16079619047619048,0.014183333333333336
2020-01-31,Energy,0.11142968253968255,0.16079619047619048
2020-02-03,Energy,0.05001064102564103,0.11142968253968255
2020-02-04,Energy,0.10250333333333335,0.05001064102564103
2020-02-05,Energy,0.5536884761904761,0.10250333333333335
2020-02-06,Energy,0.17039666666666667,0.5536884761904761
2020-02-07,Energy,0.22275299999999998,0.17039666666666667
2020-02-10,Energy,0.13447000000000003,0.22275299999999998
2020-02-11,Energy,0.19843257142857143,0.13447000000000003
2020-02-12,Energy,0.08286750000000001,0.19843257142857143
2020-02-13,Energy,0.12961133333333336,0.08286750000000001
2020-02-14,Energy,0.0905,0.12961133333333336
2020-02-18,Energy,0.2270716666666667,0.0905
2020-02-19,Energy,0.21187666666666666,0.2270716666666667
2020-02-20,Energy,0.179475,0.21187666666666666
2020-02-21,Energy,0.08919666666666667,0.179475
2020-02-24,Energy,-0.1411557142857143,0.08919666666666667
2020-02-25,Energy,-0.06153666666666666,-0.1411557142857143
2020-02-26,Energy,0.3225577142857143,-0.06153666666666666
2020-02-27,Energy,0.09398933333333334,0.3225577142857143
2020-02-28,Energy,0.16397583333333335,0.09398933333333334
2020-03-02,Energy,0.075395,0.16397583333333335
2020-03-03,Energy,0.10812844444444444,0.075395
2020-03-04,Energy,0.3449766666666667,0.10812844444444444
2020-03-05,Energy,0.10077,0.3449766666666667
2020-03-06,Energy,0.005734761904761904,0.10077
2020-03-09,Energy,-0.12759116830537884,0.005734761904761904
2020-03-10,Energy,0.002390879227053133,-0.12759116830537884
2020-03-11,Energy,-0.018582738095238104,0.002390879227053133
2020-03-12,Energy,-0.047442368421052636,-0.018582738095238104
2020-03-13,Energy,0.20315638655462184,-0.047442368421052636
2020-03-16,Energy,-0.021874156862745107,0.20315638655462184
2020-03-17,Energy,-0.0616635,-0.021874156862745107
2020-03-18,Energy,-0.07433507936507935,-0.0616635
2020-03-19,Energy,-0.023423999999999993,-0.07433507936507935
2020-03-20,Energy,-0.060602,-0.023423999999999993
2020-03-23,Energy,-0.1477577777777778,-0.060602
2020-03-24,Energy,0.2084702222222222,-0.1477577777777778
2020-03-25,Energy,0.16745133333333334,0.2084702222222222
2020-03-26,Energy,0.217666,0.16745133333333334
2020-03-27,Energy,0.4391773333333333,0.217666
2020-03-30,Energy,-0.04518133333333333,0.4391773333333333
2020-03-31,Energy,0.0809175,-0.04518133333333333
2020-04-01,Energy,-0.001967619047619032,0.0809175
2020-04-02,Energy,-0.038364538461538464,-0.001967619047619032
2020-04-03,Energy,0.019094047619047608,-0.038364538461538464
2020-04-06,Energy,0.219987380952381,0.019094047619047608
2020-04-07,Energy,0.38217214285714285,0.219987380952381
2020-04-08,Energy,0.35925295238095234,0.38217214285714285
2020-04-09,Energy,0.16091514285714284,0.35925295238095234
2020-04-13,Energy,0.13268260805860807,0.16091514285714284
2020-04-14,Energy,-0.004230833333333339,0.13268260805860807
2020-04-15,Energy,0.04324333333333333,-0.004230833333333339
2020-04-16,Energy,0.012308220779220771,0.04324333333333333
2020-04-17,Energy,-0.06630933333333333,0.012308220779220771
2020-04-20,Energy,-0.18548498136645958,-0.06630933333333333
2020-04-21,Energy,-0.22505333333333333,-0.18548498136645958
2020-04-22,Energy,-0.09592466666666666,-0.22505333333333333
2020-04-23,Energy,0.215803202020202,-0.09592466666666666
2020-04-24,Energy,0.06775250000000002,0.215803202020202
2020-04-27,Energy,0.010003750000000002,0.06775250000000002
2020-04-28,Energy,0.027043888888888888,0.010003750000000002
2020-04-29,Energy,0.12002319841269841,0.027043888888888888
2020-04-30,Energy,0.07226798268398268,0.12002319841269841
2020-05-01,Energy,-0.10041903174603176,0.07226798268398268
2020-05-04,Energy,0.01801396270396271,-0.10041903174603176
2020-05-05,Energy,0.14480459595959594,0.01801396270396271
2020-05-06,Energy,0.19081257142857141,0.14480459595959594
2020-05-07,Energy,0.2152702380952381,0.19081257142857141
2020-05-08,Energy,0.21505916666666666,0.2152702380952381
2020-05-11,Energy,-0.05100500000000001,0.21505916666666666
2020-05-12,Energy,0.068648,-0.05100500000000001
2020-05-13,Energy,-0.013588571428571427,0.068648
2020-05-14,Energy,-0.05574,-0.013588571428571427
2020-05-15,Energy,0.15703333333333333,-0.05574
2020-05-18,Energy,0.17909031746031748,0.15703333333333333
2020-05-19,Energy,0.15623599999999999,0.17909031746031748
2020-05-20,Energy,0.07565166666666666,0.15623599999999999
2020-05-21,Energy,-0.02015999999999999,0.07565166666666666
2020-05-22,Energy,0.033826666666666665,-0.02015999999999999
2020-05-26,Energy,0.19775085714285714,0.033826666666666665
2020-05-27,Energy,0.143856,0.19775085714285714
2020-05-28,Energy,0.08907499999999999,0.143856
2020-05-29,Energy,0.19005,0.08907499999999999
2020-06-01,Energy,0.030572878787878777,0.19005
2020-06-02,Energy,0.11939999999999999,0.030572878787878777
2020-06-03,Energy,0.24751166666666666,0.11939999999999999
2020-06-04,Energy,0.19080266666666665,0.24751166666666666
2020-06-05,Energy,0.059014444444444446,0.19080266666666665
2020-06-08,Energy,0.3453964285714286,0.059014444444444446
2020-06-09,Energy,0.168495,0.3453964285714286
2020-06-10,Energy,0.48233066666666663,0.168495
2020-06-11,Energy,-0.06044214285714285,0.48233066666666663
2020-06-12,Energy,0.037739999999999996,-0.06044214285714285
2020-06-15,Energy,0.049979111111111106,0.037739999999999996
2020-06-16,Energy,0.059812500000000005,0.049979111111111106
2020-06-17,Energy,-0.0004159999999999997,0.059812500000000005
2020-06-18,Energy,0.08593999999999999,-0.0004159999999999997
2020-06-19,Energy,0.22383738095238095,0.08593999999999999
2020-06-22,Energy,0.2731,0.22383738095238095
2020-06-23,Energy,0.11371000000000002,0.2731
2020-06-24,Energy,-0.004023571428571415,0.11371000000000002
2020-06-25,Energy,0.15729238095238093,-0.004023571428571415
2020-06-26,Energy,0.074315,0.15729238095238093
2020-06-29,Energy,0.14134000000000002,0.074315
2020-06-30,Energy,0.11192466666666667,0.14134000000000002
2020-07-01,Energy,0.04746333333333334,0.11192466666666667
2020-07-02,Energy,0.2141806060606061,0.04746333333333334
2020-07-06,Energy,0.22793714285714284,0.2141806060606061
2020-07-07,Energy,0.04496928571428571,0.22793714285714284
2020-07-08,Energy,0.11717999999999999,0.04496928571428571
2020-07-09,Energy,0.28890000000000005,0.11717999999999999
2020-07-10,Energy,0.16856000000000002,0.28890000000000005
2020-07-13,Energy,0.2691,0.16856000000000002
2020-07-14,Energy,-0.00516,0.2691
2020-07-15,Energy,-0.047505000000000006,-0.00516
2020-07-16,Energy,0.09852166666666667,-0.047505000000000006
2020-07-17,Energy,-0.05126666666666668,0.09852166666666667
2020-07-20,Energy,0.13021,-0.05126666666666668
2020-07-21,Energy,0.36154663003663,0.13021
2020-07-22,Energy,0.22932999999999998,0.36154663003663
2020-07-23,Energy,0.16031,0.22932999999999998
2020-07-24,Energy,0.26113846153846154,0.16031
2020-07-27,Energy,0.099916,0.26113846153846154
2020-07-28,Energy,0.08092,0.099916
2020-07-29,Energy,0.32641,0.08092
2020-07-30,Energy,0.1255317777777778,0.32641
2020-07-31,Energy,-0.0031979047619047586,0.1255317777777778
2020-08-03,Energy,0.11130749999999998,-0.0031979047619047586
2020-08-04,Energy,0.013091666666666672,0.11130749999999998
2020-08-05,Energy,0.11779500000000001,0.013091666666666672
2020-08-06,Energy,0.08496000000000001,0.11779500000000001
2020-08-07,Energy,0.043589333333333334,0.08496000000000001
2020-08-10,Energy,0.21037266666666668,0.043589333333333334
2020-08-11,Energy,0.220985,0.21037266666666668
2020-08-12,Energy,0.27510500000000004,0.220985
2020-08-13,Energy,0.05464,0.27510500000000004
2020-08-14,Energy,0.22184999999999996,0.05464
2020-08-17,Energy,-0.007303333333333328,0.22184999999999996
2020-08-18,Energy,0.01937666666666666,-0.007303333333333328
2020-08-19,Energy,0.07973999999999999,0.01937666666666666
2020-08-20,Energy,0.096216,0.07973999999999999
2020-08-21,Energy,0.045533333333333335,0.096216
2020-08-24,Energy,0.07532244444444444,0.045533333333333335
2020-08-25,Energy,0.007580000000000001,0.07532244444444444
2020-08-26,Energy,0.15078285714285714,0.007580000000000001
2020-08-27,Energy,0.03930171428571428,0.15078285714285714
2020-08-28,Energy,0.022555,0.03930171428571428
2020-08-31,Energy,0.08712714285714288,0.022555
2020-09-01,Energy,0.04298333333333333,0.08712714285714288
2020-09-02,Energy,-0.03684,0.04298333333333333
2020-09-03,Energy,0.12132399999999999,-0.03684
2020-09-04,Energy,0.118445,0.12132399999999999
2020-09-08,Energy,-0.08131495238095236,0.118445
2020-09-09,Energy,0.04588,-0.08131495238095236
2020-09-10,Energy,-0.03558,0.04588
2020-09-11,Energy,0.09462666666666666,-0.03558
2020-09-14,Energy,-0.002675714285714284,0.09462666666666666
2020-09-15,Energy,-0.10440666666666668,-0.002675714285714284
2020-09-16,Energy,0.11143333333333334,-0.10440666666666668
2020-09-17,Energy,0.09484333333333334,0.11143333333333334
2020-09-18,Energy,0.049510000000000005,0.09484333333333334
2020-09-21,Energy,-0.02024333333333334,0.049510000000000005
2020-09-22,Energy,0.36573,-0.02024333333333334
2020-09-23,Energy,0.11249333333333333,0.36573
2020-09-24,Energy,0.22975666666666666,0.11249333333333333
2020-09-25,Energy,-0.06765,0.22975666666666666
2020-09-28,Energy,0.12590642857142859,-0.06765
2020-09-29,Energy,0.27777333333333337,0.12590642857142859
2020-09-30,Energy,0.029470000000000007,0.27777333333333337
2020-10-01,Energy,0.058744444444444446,0.029470000000000007
2020-10-02,Energy,0.20776833333333333,0.058744444444444446
2020-10-05,Energy,0.17655116666666665,0.20776833333333333
2020-10-06,Energy,-0.17378,0.17655116666666665
2020-10-07,Energy,0.008696,-0.17378
2020-10-08,Energy,0.22766761904761906,0.008696
2020-10-09,Energy,0.0,0.22766761904761906
2020-10-12,Energy,0.19171500000000002,0.0
2020-10-13,Energy,-0.025640000000000013,0.19171500000000002
2020-10-14,Energy,0.117038,-0.025640000000000013
2020-10-15,Energy,0.34167000000000003,0.117038
2020-10-16,Energy,-0.0011174999999999935,0.34167000000000003
2020-10-19,Energy,0.16121836363636363,-0.0011174999999999935
2020-10-20,Energy,0.15706,0.16121836363636363
2020-10-21,Energy,-0.023475000000000013,0.15706
2020-10-22,Energy,0.1861,-0.023475000000000013
2020-10-23,Energy,0.19824,0.1861
2020-10-26,Energy,0.08421366666666667,0.19824
2020-10-27,Energy,0.061126666666666676,0.08421366666666667
2020-10-28,Energy,0.06869206349206348,0.061126666666666676
2020-10-29,Energy,-0.21490642857142853,0.06869206349206348
2020-10-30,Energy,0.09150549999999999,-0.21490642857142853
2020-11-02,Energy,-0.07305999999999999,0.09150549999999999
2020-11-03,Energy,0.210805,-0.07305999999999999
2020-11-04,Energy,0.0820765,0.210805
2020-11-05,Energy,0.18433333333333335,0.0820765
2020-11-06,Energy,0.04761,0.18433333333333335
2020-11-09,Energy,0.24273000000000003,0.04761
2020-11-10,Energy,0.12519300000000003,0.24273000000000003
2020-11-11,Energy,0.229208,0.12519300000000003
2020-11-12,Energy,0.3934666666666667,0.229208
2020-11-13,Energy,0.16601333333333335,0.3934666666666667
2020-11-16,Energy,0.311225,0.16601333333333335
2020-11-17,Energy,0.0,0.311225
2020-11-18,Energy,0.16319666666666666,0.0
2020-11-19,Energy,0.10827,0.16319666666666666
2020-11-20,Energy,0.0,0.10827
2020-11-23,Energy,-0.05784885714285713,0.0
2020-11-24,Energy,-0.07416,-0.05784885714285713
2020-11-25,Energy,0.1281275,-0.07416
2020-11-27,Energy,0.0730575,0.1281275
2020-11-30,Energy,0.2747542857142858,0.0730575
2020-12-01,Energy,0.06943333333333335,0.2747542857142858
2020-12-02,Energy,0.14893133333333333,0.06943333333333335
2020-12-03,Energy,0.022260000000000005,0.14893133333333333
2020-12-04,Energy,0.06246177489177489,0.022260000000000005
2020-12-07,Energy,0.11061588888888887,0.06246177489177489
2020-12-08,Energy,0.08304,0.11061588888888887
2020-12-09,Energy,0.07632000000000001,0.08304
2020-12-10,Energy,0.31583066666666665,0.07632000000000001
2020-12-11,Energy,-0.233304,0.31583066666666665
2020-12-14,Energy,0.16819,-0.233304
2020-12-15,Energy,0.20113333333333333,0.16819
2020-12-16,Energy,0.030856666666666664,0.20113333333333333
2020-12-17,Energy,0.13308999999999999,0.030856666666666664
2020-12-18,Energy,0.020966666666666668,0.13308999999999999
2020-12-21,Energy,0.20558,0.020966666666666668
2020-12-22,Energy,0.0003080000000000027,0.20558
2020-12-23,Energy,0.09534000000000001,0.0003080000000000027
2020-12-24,Energy,0.04731333333333333,0.09534000000000001
2020-12-28,Energy,0.17538533333333334,0.04731333333333333
2020-12-29,Energy,0.09126999999999999,0.17538533333333334
2020-12-30,Energy,0.046085,0.09126999999999999
2020-12-31,Energy,0.03933000000000001,0.046085
2021-01-04,Energy,0.06635833333333332,0.03933000000000001
2021-01-05,Energy,0.13847,0.06635833333333332
2021-01-06,Energy,-0.019253333333333334,0.13847
2021-01-07,Energy,0.07436000000000001,-0.019253333333333334
2021-01-08,Energy,0.10083214285714286,0.07436000000000001
2021-01-11,Energy,0.18073,0.10083214285714286
2021-01-12,Energy,0.016392666666666666,0.18073
2021-01-13,Energy,0.091605,0.016392666666666666
2021-01-14,Energy,0.038355,0.091605
2021-01-15,Energy,0.15137846153846155,0.038355
2021-01-19,Energy,0.3342366666666666,0.15137846153846155
2021-01-20,Energy,-0.01909,0.3342366666666666
2021-01-21,Energy,-0.2203,-0.01909
2021-01-22,Energy,-0.08952750000000001,-0.2203
2021-01-25,Energy,0.17880000000000001,-0.08952750000000001
2021-01-26,Energy,0.39998,0.17880000000000001
2021-01-27,Energy,0.13671333333333333,0.39998
2021-01-28,Energy,0.12307000000000001,0.13671333333333333
2021-01-29,Energy,-0.22381666666666664,0.12307000000000001
2021-02-01,Energy,0.12155742424242424,-0.22381666666666664
2021-02-02,Energy,-0.0027628070175438613,0.12155742424242424
2021-02-03,Energy,0.07547100000000001,-0.0027628070175438613
2021-02-04,Energy,0.137465,0.07547100000000001
2021-02-05,Energy,0.07702533333333332,0.137465
2021-02-08,Energy,0.22268083333333336,0.07702533333333332
2021-02-09,Energy,0.034999999999999996,0.22268083333333336
2021-02-10,Energy,0.022740000000000003,0.034999999999999996
2021-02-11,Energy,0.151925,0.022740000000000003
2021-02-12,Energy,0.026762666666666674,0.151925
2021-02-16,Energy,0.1418475,0.026762666666666674
2021-02-17,Energy,-0.02429090909090909,0.1418475
2021-02-18,Energy,0.17636666666666664,-0.02429090909090909
2021-02-19,Energy,0.26348,0.17636666666666664
2021-02-22,Energy,0.138185,0.26348
2021-02-23,Energy,0.28472333333333333,0.138185
2021-02-24,Energy,0.020659333333333335,0.28472333333333333
2021-02-25,Energy,0.11084000000000001,0.020659333333333335
2021-02-26,Energy,0.050055,0.11084000000000001
2021-03-01,Energy,0.2900123333333333,0.050055
2021-03-02,Energy,-0.053190666666666664,0.2900123333333333
2021-03-03,Energy,0.057787727272727275,-0.053190666666666664
2021-03-04,Energy,0.086445,0.057787727272727275
2021-03-05,Energy,0.29355333333333333,0.086445
2021-03-08,Energy,0.21796333333333334,0.29355333333333333
2021-03-09,Energy,-0.11080285714285716,0.21796333333333334
2021-03-10,Energy,0.13059000000000004,-0.11080285714285716
2021-03-11,Energy,0.18552333333333335,0.13059000000000004
2021-03-12,Energy,0.09534000000000001,0.18552333333333335
2021-03-15,Energy,0.10865666666666667,0.09534000000000001
2021-03-16,Energy,-0.05992333333333333,0.10865666666666667
2021-03-17,Energy,0.006846666666666666,-0.05992333333333333
2021-03-18,Energy,-0.03395333333333333,0.006846666666666666
2021-03-19,Energy,0.1997533333333333,-0.03395333333333333
2021-03-22,Energy,0.019603333333333334,0.1997533333333333
2021-03-23,Energy,-0.15892333333333333,0.019603333333333334
2021-03-24,Energy,0.11562000000000001,-0.15892333333333333
2021-03-25,Energy,0.16902333333333333,0.11562000000000001
2021-03-26,Energy,0.24359899999999998,0.16902333333333333
2021-03-29,Energy,0.255324,0.24359899999999998
2021-03-30,Energy,0.2677733333333333,0.255324
2021-03-31,Energy,0.22760666666666668,0.2677733333333333
2021-04-01,Energy,-0.31974,0.22760666666666668
2021-04-05,Energy,0.11624400000000001,-0.31974
2021-04-06,Energy,0.197482,0.11624400000000001
2021-04-07,Energy,-0.041080000000000005,0.197482
2021-04-08,Energy,0.07392,-0.041080000000000005
2021-04-09,Energy,-0.014270000000000005,0.07392
2021-04-12,Energy,0.18635,-0.014270000000000005
2021-04-13,Energy,0.14788666666666667,0.18635
2021-04-14,Energy,0.08251166666666666,0.14788666666666667
2021-04-15,Energy,0.0634,0.08251166666666666
2021-04-16,Energy,0.09500666666666666,0.0634
2021-04-19,Energy,0.06426333333333333,0.09500666666666666
2021-04-20,Energy,0.2202,0.06426333333333333
2021-04-21,Energy,0.11898,0.2202
2021-04-22,Energy,-0.003994666666666669,0.11898
2021-04-23,Energy,-0.027047500000000002,-0.003994666666666669
2021-04-26,Energy,-0.04328533333333333,-0.027047500000000002
2021-04-27,Energy,0.01319333333333333,-0.04328533333333333
2021-04-28,Energy,0.26592600000000005,0.01319333333333333
2021-04-29,Energy,0.19455,0.26592600000000005
2021-04-30,Energy,0.24346428571428574,0.19455
2021-05-03,Energy,0.218885,0.24346428571428574
2021-05-04,Energy,0.09126399999999998,0.218885
2021-05-05,Energy,0.12318,0.09126399999999998
2021-05-06,Energy,0.20699666666666666,0.12318
2021-05-07,Energy,0.04724499999999998,0.20699666666666666
2021-05-10,Energy,0.1401967619047619,0.04724499999999998
2021-05-11,Energy,-0.023252,0.1401967619047619
2021-05-12,Energy,0.12460666666666669,-0.023252
2021-05-13,Energy,-0.0012866666666666692,0.12460666666666669
2021-05-14,Energy,-0.017033333333333334,-0.0012866666666666692
2021-05-17,Energy,0.19514733333333337,-0.017033333333333334
2021-05-18,Energy,-0.011774999999999999,0.19514733333333337
2021-05-19,Energy,0.009585,-0.011774999999999999
2021-05-20,Energy,0.11682,0.009585
2021-05-21,Energy,0.039613999999999996,0.11682
2021-05-24,Energy,0.13041166666666673,0.039613999999999996
2021-05-25,Energy,0.11485833333333333,0.13041166666666673
2021-05-26,Energy,0.3186675,0.11485833333333333
2021-05-27,Energy,0.06648133333333332,0.3186675
2021-05-28,Energy,-0.025832000000000004,0.06648133333333332
2021-06-01,Energy,0.19601695238095235,-0.025832000000000004
2021-06-02,Energy,0.156746,0.19601695238095235
2021-06-03,Energy,0.22660999999999998,0.156746
2021-06-04,Energy,0.08908666666666668,0.22660999999999998
2021-06-07,Energy,-0.10659999999999999,0.08908666666666668
2021-06-08,Energy,0.17163,-0.10659999999999999
2021-06-09,Energy,0.09973000000000001,0.17163
2021-06-10,Energy,0.03245,0.09973000000000001
2021-06-11,Energy,0.054120000000000015,0.03245
2021-06-14,Energy,0.23301599999999997,0.054120000000000015
2021-06-15,Energy,0.23552933333333334,0.23301599999999997
2021-06-16,Energy,0.29242,0.23552933333333334
2021-06-17,Energy,0.03200666666666667,0.29242
2021-06-18,Energy,0.09314,0.03200666666666667
2021-06-21,Energy,0.160605,0.09314
2021-06-22,Energy,0.031955,0.160605
2021-06-23,Energy,0.17622,0.031955
2021-06-24,Energy,0.14267166666666667,0.17622
2021-06-25,Energy,0.14374833333333334,0.14267166666666667
2021-06-28,Energy,0.11212500000000003,0.14374833333333334
2021-06-29,Energy,0.51342,0.11212500000000003
2021-06-30,Energy,0.10576333333333335,0.51342
2021-07-01,Energy,0.083016,0.10576333333333335
2021-07-02,Energy,0.30137,0.083016
2021-07-06,Energy,-0.06327999999999999,0.30137
2021-07-07,Energy,0.08969666666666667,-0.06327999999999999
2021-07-08,Energy,0.18079199999999998,0.08969666666666667
2021-07-09,Energy,0.23788933333333334,0.18079199999999998
2021-07-12,Energy,0.3107283333333334,0.23788933333333334
2021-07-13,Energy,0.04502,0.3107283333333334
2021-07-14,Energy,0.08196,0.04502
2021-07-15,Energy,0.023028,0.08196
2021-07-16,Energy,0.1517986666666667,0.023028
2021-07-19,Energy,0.24386233333333335,0.1517986666666667
2021-07-20,Energy,0.08878666666666668,0.24386233333333335
2021-07-21,Energy,0.3945466666666667,0.08878666666666668
2021-07-22,Energy,0.18162,0.3945466666666667
2021-07-23,Energy,0.32322355555555554,0.18162
2021-07-26,Energy,0.035824,0.32322355555555554
2021-07-27,Energy,0.059199999999999996,0.035824
2021-07-28,Energy,0.091805,0.059199999999999996
2021-07-29,Energy,0.10544266666666666,0.091805
2021-07-30,Energy,0.12210499999999999,0.10544266666666666
2021-08-02,Energy,0.12471066666666668,0.12210499999999999
2021-08-03,Energy,0.30588333333333334,0.12471066666666668
2021-08-04,Energy,0.008360000000000003,0.30588333333333334
2021-08-05,Energy,0.029253999999999995,0.008360000000000003
2021-08-06,Energy,0.0014666666666666717,0.029253999999999995
2021-08-09,Energy,0.01073666666666668,0.0014666666666666717
2021-08-10,Energy,0.017667142857142853,0.01073666666666668
2021-08-11,Energy,0.11612666666666667,0.017667142857142853
2021-08-12,Energy,0.022860000000000002,0.11612666666666667
2021-08-13,Energy,0.12165999999999999,0.022860000000000002
2021-08-16,Energy,0.009627619047619052,0.12165999999999999
2021-08-17,Energy,-0.22600499999999996,0.009627619047619052
2021-08-18,Energy,0.14318499999999998,-0.22600499999999996
2021-08-19,Energy,0.0645552380952381,0.14318499999999998
2021-08-20,Energy,-0.14048600000000003,0.0645552380952381
2021-08-23,Energy,0.18119242424242424,-0.14048600000000003
2021-08-24,Energy,0.11800999999999999,0.18119242424242424
2021-08-25,Energy,0.02732,0.11800999999999999
2021-08-26,Energy,0.06973199999999999,0.02732
2021-08-27,Energy,0.022469999999999997,0.06973199999999999
2021-08-30,Energy,-0.1371757142857143,0.022469999999999997
2021-08-31,Energy,0.07398733333333332,-0.1371757142857143
2021-09-01,Energy,-0.013546666666666665,0.07398733333333332
2021-09-02,Energy,0.22409817948717947,-0.013546666666666665
2021-09-03,Energy,0.07135928571428571,0.22409817948717947
2021-09-07,Energy,0.2967696666666667,0.07135928571428571
2021-09-08,Energy,0.09723142857142858,0.2967696666666667
2021-09-09,Energy,0.3350088571428571,0.09723142857142858
2021-09-10,Energy,0.061881666666666654,0.3350088571428571
2021-09-13,Energy,0.20541142857142858,0.061881666666666654
2021-09-14,Energy,-0.008422000000000008,0.20541142857142858
2021-09-15,Energy,-0.024438666666666668,-0.008422000000000008
2021-09-16,Energy,-0.091536,-0.024438666666666668
2021-09-17,Energy,0.030506666666666665,-0.091536
2021-09-20,Energy,0.025630000000000007,0.030506666666666665
2021-09-21,Energy,0.12421,0.025630000000000007
2021-09-22,Energy,0.11266333333333334,0.12421
2021-09-23,Energy,0.08473166666666668,0.11266333333333334
2021-09-24,Energy,0.07800666666666667,0.08473166666666668
2021-09-27,Energy,0.11041444444444441,0.07800666666666667
2021-09-28,Energy,0.0075466666666666685,0.11041444444444441
2021-09-29,Energy,0.17726214285714284,0.0075466666666666685
2021-09-30,Energy,0.2119083333333333,0.17726214285714284
2021-10-01,Energy,0.09465,0.2119083333333333
2021-10-04,Energy,0.18684499999999998,0.09465
2021-10-05,Energy,0.18406,0.18684499999999998
2021-10-06,Energy,0.14254,0.18406
2021-10-07,Energy,0.10140142857142857,0.14254
2021-10-08,Energy,0.04838380952380952,0.10140142857142857
2021-10-11,Energy,0.055792857142857144,0.04838380952380952
2021-10-12,Energy,0.17873333333333336,0.055792857142857144
2021-10-13,Energy,0.16613666666666665,0.17873333333333336
2021-10-14,Energy,0.112185,0.16613666666666665
2021-10-15,Energy,0.301275,0.112185
2021-10-18,Energy,0.029209000000000002,0.301275
2021-10-19,Energy,0.264036,0.029209000000000002
2021-10-20,Energy,0.12884833333333331,0.264036
2021-10-21,Energy,0.06809166666666666,0.12884833333333331
2021-10-22,Energy,0.2670222857142857,0.06809166666666666
2021-10-25,Energy,0.09019555555555556,0.2670222857142857
2021-10-26,Energy,0.14152285714285714,0.09019555555555556
2021-10-27,Energy,0.04680928571428571,0.14152285714285714
2021-10-28,Energy,0.12909583333333335,0.04680928571428571
2021-10-29,Energy,0.43848111111111104,0.12909583333333335
2021-11-01,Energy,0.18077083333333333,0.43848111111111104
2021-11-02,Energy,0.04951,0.18077083333333333
2021-11-03,Energy,0.05360133333333332,0.04951
2021-11-04,Energy,0.20989266666666667,0.05360133333333332
2021-11-05,Energy,0.1911216666666667,0.20989266666666667
2021-11-08,Energy,0.17864533333333335,0.1911216666666667
2021-11-09,Energy,0.051784,0.17864533333333335
2021-11-10,Energy,-0.02158,0.051784
2021-11-11,Energy,0.045579999999999996,-0.02158
2021-11-12,Energy,0.0,0.045579999999999996
2021-11-15,Energy,-0.03146666666666667,0.0
2021-11-16,Energy,-0.005991000000000005,-0.03146666666666667
2021-11-17,Energy,0.011695714285714285,-0.005991000000000005
2021-11-18,Energy,0.013753333333333334,0.011695714285714285
2021-11-19,Energy,-0.00020904761904761983,0.013753333333333334
2021-11-22,Energy,0.021221666666666666,-0.00020904761904761983
2021-11-23,Energy,0.23304399999999997,0.021221666666666666
2021-11-24,Energy,0.09045333333333334,0.23304399999999997
2021-11-26,Energy,-0.07037600000000001,0.09045333333333334
2021-11-29,Energy,-0.07463666666666666,-0.07037600000000001
2021-11-30,Energy,-0.030279999999999984,-0.07463666666666666
2021-12-01,Energy,0.2095333333333333,-0.030279999999999984
2021-12-02,Energy,0.07195761904761906,0.2095333333333333
2021-12-03,Energy,0.00024166666666666642,0.07195761904761906
2021-12-06,Energy,0.04307988095238095,0.00024166666666666642
2021-12-07,Energy,0.09231233333333333,0.04307988095238095
2021-12-08,Energy,0.12078,0.09231233333333333
2021-12-09,Energy,0.029803333333333328,0.12078
2021-12-10,Energy,0.21368,0.029803333333333328
2021-12-13,Energy,0.06305809523809525,0.21368
2021-12-14,Energy,0.19192,0.06305809523809525
2021-12-15,Energy,0.10868000000000003,0.19192
2021-12-16,Energy,0.09286999999999998,0.10868000000000003
2021-12-17,Energy,0.108832,0.09286999999999998
2021-12-20,Energy,0.035586666666666655,0.108832
2021-12-21,Energy,0.0,0.035586666666666655
2021-12-22,Energy,0.06124,0.0
2021-12-23,Energy,-0.017369999999999997,0.06124
2021-12-27,Energy,0.20562166666666667,-0.017369999999999997
2021-12-28,Energy,-0.03384666666666667,0.20562166666666667
2021-12-29,Energy,0.18331999999999998,-0.03384666666666667
2021-12-30,Energy,0.021005000000000003,0.18331999999999998
2021-12-31,Energy,0.27173600000000003,0.021005000000000003
2022-01-03,Energy,0.09111142857142858,0.27173600000000003
2022-01-04,Energy,0.04237333333333334,0.09111142857142858
2022-01-05,Energy,0.10750055555555556,0.04237333333333334
2022-01-06,Energy,0.11090933333333333,0.10750055555555556
2022-01-07,Energy,0.31421333333333334,0.11090933333333333
2022-01-10,Energy,0.1752715238095238,0.31421333333333334
2022-01-11,Energy,0.12181714285714285,0.1752715238095238
2022-01-12,Energy,0.18842166666666665,0.12181714285714285
2022-01-13,Energy,0.17728633333333335,0.18842166666666665
2022-01-14,Energy,0.22571800000000003,0.17728633333333335
2022-01-18,Energy,0.21652178571428574,0.22571800000000003
2022-01-19,Energy,0.24445333333333333,0.21652178571428574
2022-01-20,Energy,0.15372166666666667,0.24445333333333333
2022-01-21,Energy,0.06203099999999999,0.15372166666666667
2022-01-24,Energy,0.10728083333333334,0.06203099999999999
2022-01-25,Energy,0.15157400000000001,0.10728083333333334
2022-01-26,Energy,0.1876236111111111,0.15157400000000001
2022-01-27,Energy,0.18083294871794872,0.1876236111111111
2022-01-28,Energy,0.1829351388888889,0.18083294871794872
2022-01-31,Energy,0.1759541666666667,0.1829351388888889
2022-02-01,Energy,0.1402975652173913,0.1759541666666667
2022-02-02,Energy,0.22841333333333336,0.1402975652173913
2022-02-03,Energy,0.11458888888888888,0.22841333333333336
2022-02-04,Energy,0.24517000000000003,0.11458888888888888
2022-02-07,Energy,0.11900261904761904,0.24517000000000003
2022-02-08,Energy,0.26157400000000003,0.11900261904761904
2022-02-09,Energy,0.30927333333333334,0.26157400000000003
2022-02-10,Energy,0.049985714285714286,0.30927333333333334
2022-02-11,Energy,0.148052,0.049985714285714286
2022-02-14,Energy,0.22424809523809525,0.148052
2022-02-15,Energy,0.10334514285714284,0.22424809523809525
2022-02-16,Energy,0.18849533333333332,0.10334514285714284
2022-02-17,Energy,0.22867699999999996,0.18849533333333332
2022-02-18,Energy,0.042618666666666694,0.22867699999999996
2022-02-22,Energy,0.08621575000000001,0.042618666666666694
2022-02-23,Energy,0.17482216666666667,0.08621575000000001
2022-02-24,Energy,-0.04295022222222222,0.17482216666666667
2022-02-25,Energy,0.20319205128205126,-0.04295022222222222
2022-02-28,Energy,0.18357533333333334,0.20319205128205126
2022-03-01,Energy,0.0911808709273183,0.18357533333333334
2022-03-02,Energy,0.18379285714285715,0.0911808709273183
2022-03-03,Energy,0.1788065934065934,0.18379285714285715
2022-03-04,Energy,0.08642,0.1788065934065934
2022-03-07,Energy,0.028779391941391945,0.08642
2022-03-08,Energy,0.16912555555555558,0.028779391941391945
2022-03-09,Energy,0.17748366666666668,0.16912555555555558
2022-03-10,Energy,0.10168635714285716,0.17748366666666668
2022-03-11,Energy,0.15898833333333334,0.10168635714285716
2022-03-14,Energy,0.22907883333333334,0.15898833333333334
2022-03-15,Energy,0.18908242857142854,0.22907883333333334
2022-03-16,Energy,0.18312438311688312,0.18908242857142854
2022-03-17,Energy,0.1377478787878788,0.18312438311688312
2022-03-18,Energy,0.07846333333333333,0.1377478787878788
2022-03-21,Energy,0.11033396103896102,0.07846333333333333
2022-03-22,Energy,0.24334689177489177,0.11033396103896102
2022-03-23,Energy,0.06835583333333332,0.24334689177489177
2022-03-24,Energy,0.12073484615384614,0.06835583333333332
2022-03-25,Energy,0.3305406666666667,0.12073484615384614
2022-03-28,Energy,0.3332727777777778,0.3305406666666667
2022-03-29,Energy,0.08525909090909091,0.3332727777777778
2022-03-30,Energy,0.3061466666666667,0.08525909090909091
2022-03-31,Energy,0.020619999999999996,0.3061466666666667
2022-04-01,Energy,0.2946083333333333,0.020619999999999996
2022-04-04,Energy,0.1351572222222222,0.2946083333333333
2022-04-05,Energy,0.101716,0.1351572222222222
2022-04-06,Energy,0.21330833333333335,0.101716
2022-04-07,Energy,0.18795399999999998,0.21330833333333335
2022-04-08,Energy,0.2782917142857143,0.18795399999999998
2022-04-11,Energy,0.33624166666666666,0.2782917142857143
2022-04-12,Energy,0.263782,0.33624166666666666
2022-04-13,Energy,0.21144683333333333,0.263782
2022-04-14,Energy,0.24087,0.21144683333333333
2022-04-18,Energy,0.2762,0.24087
2022-04-19,Energy,0.243344,0.2762
2022-04-20,Energy,0.37404999999999994,0.243344
2022-04-21,Energy,0.227774,0.37404999999999994
2022-04-22,Energy,0.20173199999999997,0.227774
2022-04-25,Energy,0.20493294083694083,0.20173199999999997
2022-04-26,Energy,0.17587095238095238,0.20493294083694083
2022-04-27,Energy,0.31267466666666666,0.17587095238095238
2022-04-28,Energy,0.3033242857142857,0.31267466666666666
2022-04-29,Energy,0.027762814814814813,0.3033242857142857
2022-05-02,Energy,0.18208343589743592,0.027762814814814813
2022-05-03,Energy,0.2424936666666667,0.18208343589743592
2022-05-04,Energy,0.10631244444444446,0.2424936666666667
2022-05-05,Energy,0.4681686666666668,0.10631244444444446
2022-05-06,Energy,0.18203107142857144,0.4681686666666668
2022-05-09,Energy,0.19649027705627706,0.18203107142857144
2022-05-10,Energy,0.1836352380952381,0.19649027705627706
2022-05-11,Energy,0.2533183333333333,0.1836352380952381
2022-05-12,Energy,0.12409178571428572,0.2533183333333333
2022-05-13,Energy,0.095196,0.12409178571428572
2022-05-16,Energy,0.11607386813186812,0.095196
2022-05-17,Energy,0.09837933333333335,0.11607386813186812
2022-05-18,Energy,0.19689582051282054,0.09837933333333335
2022-05-19,Energy,0.15748580952380953,0.19689582051282054
2022-05-20,Energy,0.297658,0.15748580952380953
2022-05-23,Energy,0.17284366666666667,0.297658
2022-05-24,Energy,0.25200177777777777,0.17284366666666667
2022-05-25,Energy,0.18194285714285713,0.25200177777777777
2022-05-26,Energy,0.20472700000000002,0.18194285714285713
2022-05-27,Energy,0.2665052380952381,0.20472700000000002
2022-05-31,Energy,0.27822646520146516,0.2665052380952381
2022-06-01,Energy,0.2231954761904762,0.27822646520146516
2022-06-02,Energy,0.32693733333333336,0.2231954761904762
2022-06-03,Energy,0.21139466666666668,0.32693733333333336
2022-06-06,Energy,0.26226131868131863,0.21139466666666668
2022-06-07,Energy,0.165286,0.26226131868131863
2022-06-08,Energy,0.2345769841269841,0.165286
2022-06-09,Energy,0.222964,0.2345769841269841
2022-06-10,Energy,0.17570733333333333,0.222964
2022-06-13,Energy,0.1838677777777778,0.17570733333333333
2022-06-14,Energy,0.19423500000000002,0.1838677777777778
2022-06-15,Energy,0.28010250000000003,0.19423500000000002
2022-06-16,Energy,0.09509666666666666,0.28010250000000003
2022-06-17,Energy,0.19907933333333333,0.09509666666666666
2022-06-21,Energy,0.08520869909502263,0.19907933333333333
2022-06-22,Energy,0.0929211111111111,0.08520869909502263
2022-06-23,Energy,0.21405749999999996,0.0929211111111111
2022-06-24,Energy,-0.16984249999999998,0.21405749999999996
2022-06-27,Energy,0.13466266666666665,-0.16984249999999998
2022-06-28,Energy,0.2785191596638656,0.13466266666666665
2022-06-29,Energy,0.25090610989010986,0.2785191596638656
2022-06-30,Energy,-0.010184000000000026,0.25090610989010986
2022-07-01,Energy,0.24262076923076922,-0.010184000000000026
2022-07-05,Energy,0.11372560023310023,0.24262076923076922
2022-07-06,Energy,0.34140921428571425,0.11372560023310023
2022-07-07,Energy,0.3028088888888889,0.34140921428571425
2022-07-08,Energy,0.130956,0.3028088888888889
2022-07-11,Energy,-0.02766358974358974,0.130956
2022-07-12,Energy,0.23414047619047618,-0.02766358974358974
2022-07-13,Energy,0.21648499999999998,0.23414047619047618
2022-07-14,Energy,0.21822954545454548,0.21648499999999998
2022-07-15,Energy,0.391596,0.21822954545454548
2022-07-18,Energy,0.34697999999999996,0.391596
2022-07-19,Energy,0.388492,0.34697999999999996
2022-07-20,Energy,0.2773030952380952,0.388492
2022-07-21,Energy,0.17501799999999998,0.2773030952380952
2022-07-22,Energy,0.3550031818181818,0.17501799999999998
2022-07-25,Energy,0.48217066089466093,0.3550031818181818
2022-07-26,Energy,0.11024500000000001,0.48217066089466093
2022-07-27,Energy,0.18266933333333332,0.11024500000000001
2022-07-28,Energy,0.3279325757575758,0.18266933333333332
2022-07-29,Energy,0.40422064102564104,0.3279325757575758
2022-08-01,Energy,0.27063321212121216,0.40422064102564104
2022-08-02,Energy,0.21717500000000003,0.27063321212121216
2022-08-03,Energy,0.32746243850267376,0.21717500000000003
2022-08-04,Energy,0.22034285714285717,0.32746243850267376
2022-08-05,Energy,0.26987400000000006,0.22034285714285717
2022-08-08,Energy,0.19269414285714284,0.26987400000000006
2022-08-09,Energy,0.06735949206349207,0.19269414285714284
2022-08-10,Energy,0.16705180952380955,0.06735949206349207
2022-08-11,Energy,0.149484,0.16705180952380955
2022-08-12,Energy,0.209802,0.149484
2022-08-15,Energy,0.16879245454545455,0.209802
2022-08-16,Energy,0.21713333333333332,0.16879245454545455
2022-08-17,Energy,0.35705666666666663,0.21713333333333332
2022-08-18,Energy,0.02516033333333334,0.35705666666666663
2022-08-19,Energy,0.196774,0.02516033333333334
2022-08-22,Energy,0.239588,0.196774
2022-08-23,Energy,0.22881888888888885,0.239588
2022-08-24,Energy,0.07448333333333333,0.22881888888888885
2022-08-25,Energy,0.19002321428571428,0.07448333333333333
2022-08-26,Energy,0.10921533333333333,0.19002321428571428
2022-08-29,Energy,0.23047841269841268,0.10921533333333333
2022-08-30,Energy,0.15585785714285713,0.23047841269841268
2022-08-31,Energy,0.27832672727272734,0.15585785714285713
2022-09-01,Energy,0.094638,0.27832672727272734
2022-09-02,Energy,0.23749833333333337,0.094638
2022-09-06,Energy,0.107012,0.23749833333333337
2022-09-07,Energy,0.22283666666666666,0.107012
2022-09-08,Energy,0.3017066666666666,0.22283666666666666
2022-09-09,Energy,0.11201466666666667,0.3017066666666666
2022-09-12,Energy,0.19512166666666664,0.11201466666666667
2022-09-13,Energy,0.34658485714285714,0.19512166666666664
2022-09-14,Energy,0.06851416666666668,0.34658485714285714
2022-09-15,Energy,0.27847619047619043,0.06851416666666668
2022-09-16,Energy,0.52995,0.27847619047619043
2022-09-19,Energy,0.17228014285714283,0.52995
2022-09-20,Energy,0.22933666666666666,0.17228014285714283
2022-09-21,Energy,0.27808700000000003,0.22933666666666666
2022-09-22,Energy,0.14521166666666666,0.27808700000000003
2022-09-23,Energy,-0.04004300000000001,0.14521166666666666
2022-09-26,Energy,0.11946666666666668,-0.04004300000000001
2022-09-27,Energy,-0.04306571428571428,0.11946666666666668
2022-09-28,Energy,0.21452166666666667,-0.04306571428571428
2022-09-29,Energy,0.1818506666666667,0.21452166666666667
2022-09-30,Energy,0.16995238095238094,0.1818506666666667
2022-10-03,Energy,0.10435294871794873,0.16995238095238094
2022-10-04,Energy,0.19737500000000002,0.10435294871794873
2022-10-05,Energy,0.24817444444444448,0.19737500000000002
2022-10-06,Energy,0.18656299999999998,0.24817444444444448
2022-10-07,Energy,0.2852017142857143,0.18656299999999998
2022-10-10,Energy,0.2155292857142857,0.2852017142857143
2022-10-11,Energy,0.13924799999999998,0.2155292857142857
2022-10-12,Energy,0.18988615384615382,0.13924799999999998
2022-10-13,Energy,0.1089057777777778,0.18988615384615382
2022-10-14,Energy,0.13441438095238095,0.1089057777777778
2022-10-17,Energy,0.11580083333333335,0.13441438095238095
2022-10-18,Energy,0.03246500000000001,0.11580083333333335
2022-10-19,Energy,0.2565533333333333,0.03246500000000001
2022-10-20,Energy,0.11507466666666666,0.2565533333333333
2022-10-21,Energy,0.17670936507936508,0.11507466666666666
2022-10-24,Energy,0.13592283333333335,0.17670936507936508
2022-10-25,Energy,0.153362,0.13592283333333335
2022-10-26,Energy,0.14601999999999998,0.153362
2022-10-27,Energy,0.1347147272727273,0.14601999999999998
2022-10-28,Energy,0.2545872222222222,0.1347147272727273
2022-10-31,Energy,0.21949283333333333,0.2545872222222222
2022-11-01,Energy,0.17458220779220782,0.21949283333333333
2022-11-02,Energy,0.34217295238095236,0.17458220779220782
2022-11-03,Energy,0.3623983333333333,0.34217295238095236
2022-11-04,Energy,0.07374333333333333,0.3623983333333333
2022-11-07,Energy,0.14040833766233765,0.07374333333333333
2022-11-08,Energy,0.13899666666666666,0.14040833766233765
2022-11-09,Energy,0.010549999999999999,0.13899666666666666
2022-11-10,Energy,0.14272666666666667,0.010549999999999999
2022-11-11,Energy,0.2286825714285714,0.14272666666666667
2022-11-14,Energy,0.30114836829836833,0.2286825714285714
2022-11-15,Energy,0.38148428571428566,0.30114836829836833
2022-11-16,Energy,0.337583,0.38148428571428566
2022-11-17,Energy,0.149229,0.337583
2022-11-18,Energy,0.127143,0.149229
2022-11-21,Energy,0.1497395,0.127143
2022-11-22,Energy,-0.02043333333333333,0.1497395
2022-11-23,Energy,0.3060311904761905,-0.02043333333333333
2022-11-25,Energy,0.21078200000000002,0.3060311904761905
2022-11-28,Energy,0.11572875,0.21078200000000002
2022-11-29,Energy,0.04382863636363637,0.11572875
2022-11-30,Energy,0.1951229523809524,0.04382863636363637
2022-12-01,Energy,0.06130333333333334,0.1951229523809524
2022-12-02,Energy,0.38656999999999997,0.06130333333333334
2022-12-05,Energy,0.1965843650793651,0.38656999999999997
2022-12-06,Energy,0.34327266666666667,0.1965843650793651
2022-12-07,Energy,0.13034214285714288,0.34327266666666667
2022-12-08,Energy,0.25777010256410254,0.13034214285714288
2022-12-09,Energy,0.11122095238095238,0.25777010256410254
2022-12-12,Energy,0.32285309523809524,0.11122095238095238
2022-12-13,Energy,0.15567999999999999,0.32285309523809524
2022-12-14,Energy,-0.06307866666666667,0.15567999999999999
2022-12-15,Energy,0.03632,-0.06307866666666667
2022-12-16,Energy,0.11407199999999999,0.03632
2022-12-19,Energy,0.159614,0.11407199999999999
2022-12-20,Energy,0.277445,0.159614
2022-12-21,Energy,0.13385,0.277445
2022-12-22,Energy,0.411585,0.13385
2022-12-23,Energy,0.109564,0.411585
2022-12-27,Energy,0.306879663003663,0.109564
2022-12-28,Energy,0.13835333333333336,0.306879663003663
2022-12-29,Energy,0.054067142857142855,0.13835333333333336
2022-12-30,Energy,0.159305,0.054067142857142855
2023-01-03,Energy,0.43672725396825396,0.159305
2023-01-04,Energy,0.2880915,0.43672725396825396
2023-01-05,Energy,0.22571357142857146,0.2880915
2023-01-06,Energy,0.25219209523809527,0.22571357142857146
2023-01-09,Energy,0.33276761904761903,0.25219209523809527
2023-01-10,Energy,-0.01582800000000001,0.33276761904761903
2023-01-11,Energy,0.14842499999999997,-0.01582800000000001
2023-01-12,Energy,0.042730714285714275,0.14842499999999997
2023-01-13,Energy,0.216005,0.042730714285714275
2023-01-17,Energy,0.12354745098039215,0.216005
2023-01-18,Energy,0.3024316666666667,0.12354745098039215
2023-01-19,Energy,0.11916333333333333,0.3024316666666667
2023-01-20,Energy,0.22068415384615384,0.11916333333333333
2023-01-23,Energy,0.4056675,0.22068415384615384
2023-01-24,Energy,0.27800547619047616,0.4056675
2023-01-25,Energy,0.29234444444444446,0.27800547619047616
2023-01-26,Energy,0.18170358974358974,0.29234444444444446
2023-01-27,Energy,0.18568495238095237,0.18170358974358974
2023-01-30,Energy,0.22567857142857145,0.18568495238095237
2023-01-31,Energy,0.16769815384615386,0.22567857142857145
2023-02-01,Energy,-0.05974533333333333,0.16769815384615386
2023-02-02,Energy,0.25410190476190475,-0.05974533333333333
2023-02-03,Energy,0.075605,0.25410190476190475
2023-02-06,Energy,0.08657111111111111,0.075605
2023-02-07,Energy,0.06947885714285715,0.08657111111111111
2023-02-08,Energy,0.12240222222222223,0.06947885714285715
2023-02-09,Energy,0.08988790476190475,0.12240222222222223
2023-02-10,Energy,0.19862066666666667,0.08988790476190475
2023-02-13,Energy,0.2991644444444444,0.19862066666666667
2023-02-14,Energy,-0.03375333333333333,0.2991644444444444
2023-02-15,Energy,0.07857666666666666,-0.03375333333333333
2023-02-16,Energy,0.2083724444444445,0.07857666666666666
2023-02-17,Energy,0.16117428571428571,0.2083724444444445
2023-02-21,Energy,0.17048949494949492,0.16117428571428571
2023-02-22,Energy,0.16315533333333332,0.17048949494949492
2023-02-23,Energy,0.17834857142857144,0.16315533333333332
2023-02-24,Energy,0.10566833333333334,0.17834857142857144
2023-02-27,Energy,0.010208666666666666,0.10566833333333334
2023-02-28,Energy,0.14242333333333335,0.010208666666666666
2023-03-01,Energy,0.08301166666666666,0.14242333333333335
2023-03-02,Energy,0.2963783333333333,0.08301166666666666
2023-03-03,Energy,0.1521016666666667,0.2963783333333333
2023-03-06,Energy,0.0858068888888889,0.1521016666666667
2023-03-07,Energy,0.15811533333333333,0.0858068888888889
2023-03-08,Energy,0.14033904761904764,0.15811533333333333
2023-03-09,Energy,0.37522049999999996,0.14033904761904764
2023-03-10,Energy,0.15972266666666668,0.37522049999999996
2023-03-13,Energy,0.17688555555555557,0.15972266666666668
2023-03-14,Energy,0.22112166666666666,0.17688555555555557
2023-03-15,Energy,0.14905785714285713,0.22112166666666666
2023-03-16,Energy,0.004443,0.14905785714285713
2023-03-17,Energy,0.09643000000000002,0.004443
2023-03-20,Energy,0.30980866666666673,0.09643000000000002
2023-03-21,Energy,0.037173333333333336,0.30980866666666673
2023-03-22,Energy,0.16659766666666667,0.037173333333333336
2023-03-23,Energy,0.19667199999999999,0.16659766666666667
2023-03-24,Energy,0.14033800000000002,0.19667199999999999
2023-03-27,Energy,0.10755333333333332,0.14033800000000002
2023-03-28,Energy,0.20112666666666668,0.10755333333333332
2023-03-29,Energy,0.06486522222222223,0.20112666666666668
2023-03-30,Energy,0.08118066666666668,0.06486522222222223
2023-03-31,Energy,0.177556,0.08118066666666668
2023-04-03,Energy,0.07529361842105264,0.177556
2023-04-04,Energy,0.3196160634920635,0.07529361842105264
2023-04-05,Energy,0.10796861471861471,0.3196160634920635
2023-04-06,Energy,0.16365323076923075,0.10796861471861471
2023-04-10,Energy,0.1582745990965556,0.16365323076923075
2023-04-11,Energy,0.1545711111111111,0.1582745990965556
2023-04-12,Energy,0.107975,0.1545711111111111
2023-04-13,Energy,0.23236999999999997,0.107975
2023-04-14,Energy,0.30065,0.23236999999999997
2023-04-17,Energy,0.197335,0.30065
2023-04-18,Energy,0.13969136363636364,0.197335
2023-04-19,Energy,0.2576316666666667,0.13969136363636364
2023-04-20,Energy,0.20282416666666667,0.2576316666666667
2023-04-21,Energy,0.2913121684981685,0.20282416666666667
2023-04-24,Energy,0.16124939393939394,0.2913121684981685
2023-04-25,Energy,0.23275928571428572,0.16124939393939394
2023-04-26,Energy,0.14444300000000002,0.23275928571428572
2023-04-27,Energy,0.143976,0.14444300000000002
2023-04-28,Energy,0.22554223851417401,0.143976
2023-05-01,Energy,0.2412684210526316,0.22554223851417401
2023-05-02,Energy,0.13030811111111112,0.2412684210526316
2023-05-03,Energy,0.07569390476190477,0.13030811111111112
2023-05-04,Energy,0.17628533333333332,0.07569390476190477
2023-05-05,Energy,0.172032,0.17628533333333332
2023-05-08,Energy,0.17205232492997197,0.172032
2023-05-09,Energy,0.31570428571428566,0.17205232492997197
2023-05-10,Energy,0.10137833333333335,0.31570428571428566
2023-05-11,Energy,0.40185119047619045,0.10137833333333335
2023-05-12,Energy,0.03365266666666667,0.40185119047619045
2023-05-15,Energy,0.16040102525252525,0.03365266666666667
2023-05-16,Energy,0.05464,0.16040102525252525
2023-05-17,Energy,-0.016203777777777782,0.05464
2023-05-18,Energy,0.13912633333333332,-0.016203777777777782
2023-05-19,Energy,0.12683333333333333,0.13912633333333332
2023-05-22,Energy,0.18371122222222222,0.12683333333333333
2023-05-23,Energy,0.00034299999999999885,0.18371122222222222
2023-05-24,Energy,0.011324285714285717,0.00034299999999999885
2023-05-25,Energy,0.10744477777777779,0.011324285714285717
2023-05-26,Energy,0.2772866666666667,0.10744477777777779
2023-05-30,Energy,0.20954531746031746,0.2772866666666667
2023-05-31,Energy,0.177668,0.20954531746031746
2023-06-01,Energy,0.20107333333333335,0.177668
2023-06-02,Energy,0.016124848484848485,0.20107333333333335
2023-06-05,Energy,0.1300618888888889,0.016124848484848485
2023-06-06,Energy,0.03448044444444444,0.1300618888888889
2023-06-07,Energy,0.11178333333333332,0.03448044444444444
2023-06-08,Energy,0.11423000000000001,0.11178333333333332
2023-06-09,Energy,0.07588685714285714,0.11423000000000001
2023-06-12,Energy,0.0933875,0.07588685714285714
2023-06-13,Energy,0.19018666666666667,0.0933875
2023-06-14,Energy,0.06408,0.19018666666666667
2023-06-15,Energy,0.075116,0.06408
2023-06-16,Energy,0.19193666666666664,0.075116
2023-06-20,Energy,0.14934685714285714,0.19193666666666664
2023-06-21,Energy,0.15119999999999997,0.14934685714285714
2023-06-22,Energy,0.04454636363636364,0.15119999999999997
2023-06-23,Energy,0.10208333333333335,0.04454636363636364
2023-06-26,Energy,0.104456,0.10208333333333335
2023-06-27,Energy,0.09458444444444444,0.104456
2023-06-28,Energy,0.14599866666666667,0.09458444444444444
2023-06-29,Energy,0.1164160606060606,0.14599866666666667
2023-06-30,Energy,0.04014433333333335,0.1164160606060606
2023-07-03,Energy,0.27121300000000004,0.04014433333333335
2023-07-05,Energy,0.0750331868131868,0.27121300000000004
2023-07-06,Energy,0.21076428571428568,0.0750331868131868
2023-07-07,Energy,0.029429523809523815,0.21076428571428568
2023-07-10,Energy,0.19594338095238095,0.029429523809523815
2023-07-11,Energy,0.040399523809523816,0.19594338095238095
2023-07-12,Energy,0.12350819047619048,0.040399523809523816
2023-07-13,Energy,0.24825952380952376,0.12350819047619048
2023-07-14,Energy,0.06048046153846154,0.24825952380952376
2023-07-17,Energy,0.23401883333333334,0.06048046153846154
2023-07-18,Energy,0.07511333333333334,0.23401883333333334
2023-07-19,Energy,0.068688,0.07511333333333334
2023-07-20,Energy,0.19022133333333335,0.068688
2023-07-21,Energy,0.02850728985507246,0.19022133333333335
2023-07-24,Energy,0.24716,0.02850728985507246
2023-07-25,Energy,0.25955466666666666,0.24716
2023-07-26,Energy,0.06667,0.25955466666666666
2023-07-27,Energy,0.21641911111111112,0.06667
2023-07-28,Energy,0.284322,0.21641911111111112
2023-07-31,Energy,0.3270527142857142,0.284322
2023-08-01,Energy,0.23352399999999998,0.3270527142857142
2023-08-02,Energy,0.14631999999999998,0.23352399999999998
2023-08-03,Energy,0.08652800000000001,0.14631999999999998
2023-08-04,Energy,0.004203333333333328,0.08652800000000001
2023-08-07,Energy,0.18636383333333334,0.004203333333333328
2023-08-08,Energy,0.3169983333333333,0.18636383333333334
2023-08-09,Energy,-0.0044041666666666725,0.3169983333333333
2023-08-10,Energy,0.13457133333333332,-0.0044041666666666725
2023-08-11,Energy,0.17399474725274727,0.13457133333333332
2023-08-14,Energy,0.26994388888888887,0.17399474725274727
2023-08-15,Energy,0.06797666666666666,0.26994388888888887
2023-08-16,Energy,0.17572333333333331,0.06797666666666666
2023-08-17,Energy,0.1738386813186813,0.17572333333333331
2023-08-18,Energy,0.1848377142857143,0.1738386813186813
2023-08-21,Energy,0.25470725,0.1848377142857143
2023-08-22,Energy,0.032094000000000004,0.25470725
2023-08-23,Energy,0.1562828571428571,0.032094000000000004
2023-08-24,Energy,0.07649466666666667,0.1562828571428571
2023-08-25,Energy,0.1010925,0.07649466666666667
2023-08-28,Energy,0.2905353787878788,0.1010925
2023-08-29,Energy,-0.002793181818181814,0.2905353787878788
2023-08-30,Energy,0.16218825396825395,-0.002793181818181814
2023-08-31,Energy,0.07045,0.16218825396825395
2023-09-01,Energy,0.22028666666666666,0.07045
2023-09-05,Energy,0.024049523809523805,0.22028666666666666
2023-09-06,Energy,0.2569457142857143,0.024049523809523805
2023-09-07,Energy,0.182927,0.2569457142857143
2023-09-08,Energy,0.1496952380952381,0.182927
2023-09-11,Energy,0.19863166666666668,0.1496952380952381
2023-09-12,Energy,-0.026992666666666693,0.19863166666666668
2023-09-13,Energy,0.13409166666666666,-0.026992666666666693
2023-09-14,Energy,0.17149133333333336,0.13409166666666666
2023-09-15,Energy,-0.0042980000000000015,0.17149133333333336
2023-09-18,Energy,0.13978933333333332,-0.0042980000000000015
2023-09-19,Energy,0.053874423076923084,0.13978933333333332
2023-09-20,Energy,0.04642025974025974,0.053874423076923084
2023-09-21,Energy,0.20486500000000002,0.04642025974025974
2023-09-22,Energy,0.237399,0.20486500000000002
2023-09-25,Energy,0.20940142857142857,0.237399
2023-09-26,Energy,0.20014142857142855,0.20940142857142857
2023-09-27,Energy,0.12195466666666668,0.20014142857142855
2023-09-28,Energy,0.19271,0.12195466666666668
2023-09-29,Energy,0.130844,0.19271
2023-10-02,Energy,0.3204115476190476,0.130844
2023-10-03,Energy,0.37409400000000004,0.3204115476190476
2023-10-04,Energy,0.2446049696969697,0.37409400000000004
2023-10-05,Energy,0.26761617948717953,0.2446049696969697
2023-10-06,Energy,0.08541569230769232,0.26761617948717953
2023-10-09,Energy,-0.11039843722943724,0.08541569230769232
2023-10-10,Energy,0.15425777777777777,-0.11039843722943724
2023-10-11,Energy,0.10362898550724638,0.15425777777777777
2023-10-12,Energy,0.325986,0.10362898550724638
2023-10-13,Energy,0.03486955555555556,0.325986
2023-10-16,Energy,0.18849222222222223,0.03486955555555556
2023-10-17,Energy,0.13758142857142858,0.18849222222222223
2023-10-18,Energy,0.010612247863247859,0.13758142857142858
2023-10-19,Energy,0.22498136363636362,0.010612247863247859
2023-10-20,Energy,0.10736401002506266,0.22498136363636362
2023-10-23,Energy,0.04965666666666667,0.10736401002506266
2023-10-24,Energy,0.29482542857142857,0.04965666666666667
2023-10-25,Energy,0.18269909090909092,0.29482542857142857
2023-10-26,Energy,0.18112005128205128,0.18269909090909092
2023-10-27,Energy,0.13620620689655172,0.18112005128205128
2023-10-30,Energy,0.11737994227994228,0.13620620689655172
2023-10-31,Energy,0.3088177857142857,0.11737994227994228
2023-11-01,Energy,0.18081277777777777,0.3088177857142857
2023-11-02,Energy,0.11726364705882353,0.18081277777777777
2023-11-03,Energy,0.15647166666666665,0.11726364705882353
2023-11-06,Energy,0.17928238095238094,0.15647166666666665
2023-11-07,Energy,0.30476111111111115,0.17928238095238094
2023-11-08,Energy,0.10259233333333333,0.30476111111111115
2023-11-09,Energy,0.10886327272727274,0.10259233333333333
2023-11-10,Energy,0.2406104761904762,0.10886327272727274
2023-11-13,Energy,0.2290143636363636,0.2406104761904762
2023-11-14,Energy,0.2721713333333333,0.2290143636363636
2023-11-15,Energy,0.08161,0.2721713333333333
2023-11-16,Energy,-0.09341,0.08161
2023-11-17,Energy,0.18398333333333333,-0.09341
2023-11-20,Energy,0.042594999999999994,0.18398333333333333
2023-11-21,Energy,0.18693714285714286,0.042594999999999994
2023-11-22,Energy,0.15643714285714286,0.18693714285714286
2023-11-24,Energy,0.14899999999999997,0.15643714285714286
2023-11-27,Energy,0.14365733333333333,0.14899999999999997
2023-11-28,Energy,0.023929,0.14365733333333333
2023-11-29,Energy,0.10858916666666667,0.023929
2023-11-30,Energy,0.146238,0.10858916666666667
2023-12-01,Energy,0.032,0.146238
2023-12-04,Energy,0.04660000000000001,0.032
2023-12-05,Energy,0.013715333333333333,0.04660000000000001
2023-12-06,Energy,0.26899813186813193,0.013715333333333333
2023-12-07,Energy,-0.026962000000000003,0.26899813186813193
2023-12-08,Energy,0.13062595238095237,-0.026962000000000003
2023-12-11,Energy,0.16307429170437407,0.13062595238095237
2023-12-12,Energy,0.08255538461538461,0.16307429170437407
2023-12-13,Energy,0.21997444444444447,0.08255538461538461
2023-12-14,Energy,0.10842,0.21997444444444447
2023-12-15,Energy,0.18551076923076923,0.10842
2023-12-18,Energy,0.12290785714285715,0.18551076923076923
2023-12-19,Energy,0.0,0.12290785714285715
2023-12-20,Energy,0.0,0.0
2023-12-21,Energy,0.0,0.0
2023-12-22,Energy,0.0,0.0
2023-12-26,Energy,0.0,0.0
2023-12-27,Energy,0.0,0.0
2023-12-28,Energy,0.0,0.0
2023-12-29,Energy,0.0,0.0
2020-01-02,Financials,0.13507866666666668,
2020-01-03,Financials,0.07346,0.13507866666666668
2020-01-06,Financials,0.05112000000000001,0.07346
2020-01-07,Financials,0.157,0.05112000000000001
2020-01-08,Financials,0.31878999999999996,0.157
2020-01-09,Financials,0.3015333333333333,0.31878999999999996
2020-01-10,Financials,0.150705,0.3015333333333333
2020-01-13,Financials,0.25471000000000005,0.150705
2020-01-14,Financials,0.08683119047619048,0.25471000000000005
2020-01-15,Financials,0.08270015873015873,0.08683119047619048
2020-01-16,Financials,0.13532153846153847,0.08270015873015873
2020-01-17,Financials,0.147496,0.13532153846153847
2020-01-21,Financials,0.24571888888888888,0.147496
2020-01-22,Financials,0.02263,0.24571888888888888
2020-01-23,Financials,0.06957333333333335,0.02263
2020-01-24,Financials,-0.08503999999999999,0.06957333333333335
2020-01-27,Financials,0.12666,-0.08503999999999999
2020-01-28,Financials,0.2117114285714286,0.12666
2020-01-29,Financials,0.16170500000000002,0.2117114285714286
2020-01-30,Financials,0.028456666666666665,0.16170500000000002
2020-01-31,Financials,0.07040571428571428,0.028456666666666665
2020-02-03,Financials,0.12984999999999997,0.07040571428571428
2020-02-04,Financials,0.27631,0.12984999999999997
2020-02-05,Financials,-0.1472,0.27631
2020-02-06,Financials,0.2713986666666667,-0.1472
2020-02-07,Financials,0.05231,0.2713986666666667
2020-02-10,Financials,0.21995666666666666,0.05231
2020-02-11,Financials,0.2678471428571429,0.21995666666666666
2020-02-12,Financials,0.18787333333333334,0.2678471428571429
2020-02-13,Financials,0.18472999999999998,0.18787333333333334
2020-02-14,Financials,0.09796,0.18472999999999998
2020-02-18,Financials,0.056203809523809524,0.09796
2020-02-19,Financials,0.06103333333333333,0.056203809523809524
2020-02-20,Financials,0.15508944444444445,0.06103333333333333
2020-02-21,Financials,0.270552,0.15508944444444445
2020-02-24,Financials,0.017486666666666668,0.270552
2020-02-25,Financials,0.2681253333333334,0.017486666666666668
2020-02-26,Financials,0.21339066666666665,0.2681253333333334
2020-02-27,Financials,0.14472333333333331,0.21339066666666665
2020-02-28,Financials,-0.04409916666666667,0.14472333333333331
2020-03-02,Financials,0.21086666666666667,-0.04409916666666667
2020-03-03,Financials,-0.10880833333333333,0.21086666666666667
2020-03-04,Financials,0.173684,-0.10880833333333333
2020-03-05,Financials,0.04971333333333333,0.173684
2020-03-06,Financials,0.016083500000000004,0.04971333333333333
2020-03-09,Financials,0.17563333333333334,0.016083500000000004
2020-03-10,Financials,0.09932444444444442,0.17563333333333334
2020-03-11,Financials,0.1881,0.09932444444444442
2020-03-12,Financials,-0.03390580952380954,0.1881
2020-03-13,Financials,-0.1588483333333333,-0.03390580952380954
2020-03-16,Financials,0.026797738095238104,-0.1588483333333333
2020-03-17,Financials,0.011984999999999973,0.026797738095238104
2020-03-18,Financials,0.07776333333333334,0.011984999999999973
2020-03-19,Financials,-0.23269166666666669,0.07776333333333334
2020-03-20,Financials,0.06778666666666666,-0.23269166666666669
2020-03-23,Financials,0.13376000000000002,0.06778666666666666
2020-03-24,Financials,0.44406,0.13376000000000002
2020-03-25,Financials,0.10793666666666665,0.44406
2020-03-26,Financials,0.23724000000000003,0.10793666666666665
2020-03-27,Financials,0.23317833333333332,0.23724000000000003
2020-03-30,Financials,-0.225684,0.23317833333333332
2020-03-31,Financials,0.018036666666666666,-0.225684
2020-04-01,Financials,0.13612476190476192,0.018036666666666666
2020-04-02,Financials,0.07449933333333333,0.13612476190476192
2020-04-03,Financials,0.10030642857142857,0.07449933333333333
2020-04-06,Financials,0.24012602693602697,0.10030642857142857
2020-04-07,Financials,0.18300466666666665,0.24012602693602697
2020-04-08,Financials,0.12328012987012986,0.18300466666666665
2020-04-09,Financials,0.22905933333333334,0.12328012987012986
2020-04-13,Financials,0.10250942424242424,0.22905933333333334
2020-04-14,Financials,0.10813184731934733,0.10250942424242424
2020-04-15,Financials,0.12577051282051283,0.10813184731934733
2020-04-16,Financials,0.10419122222222221,0.12577051282051283
2020-04-17,Financials,0.18308113636363638,0.10419122222222221
2020-04-20,Financials,0.22467380952380953,0.18308113636363638
2020-04-21,Financials,-0.05153999999999999,0.22467380952380953
2020-04-22,Financials,0.12121,-0.05153999999999999
2020-04-23,Financials,0.213225,0.12121
2020-04-24,Financials,-0.15690166666666666,0.213225
2020-04-27,Financials,0.12348599999999998,-0.15690166666666666
2020-04-28,Financials,0.28632500000000005,0.12348599999999998
2020-04-29,Financials,0.12580666666666668,0.28632500000000005
2020-04-30,Financials,0.10284842857142858,0.12580666666666668
2020-05-01,Financials,-0.03155499999999999,0.10284842857142858
2020-05-04,Financials,0.10612000000000002,-0.03155499999999999
2020-05-05,Financials,0.097538,0.10612000000000002
2020-05-06,Financials,0.113615,0.097538
2020-05-07,Financials,-0.08336733333333335,0.113615
2020-05-08,Financials,0.03814766666666668,-0.08336733333333335
2020-05-11,Financials,0.213521,0.03814766666666668
2020-05-12,Financials,-0.19026514285714285,0.213521
2020-05-13,Financials,0.12306764935064933,-0.19026514285714285
2020-05-14,Financials,0.11005666666666666,0.12306764935064933
2020-05-15,Financials,0.21030595238095237,0.11005666666666666
2020-05-18,Financials,0.08809668253968253,0.21030595238095237
2020-05-19,Financials,0.026823857142857142,0.08809668253968253
2020-05-20,Financials,0.3809458333333334,0.026823857142857142
2020-05-21,Financials,0.12729233333333334,0.3809458333333334
2020-05-22,Financials,-0.016095000000000016,0.12729233333333334
2020-05-26,Financials,0.21106761904761906,-0.016095000000000016
2020-05-27,Financials,0.3026002142857143,0.21106761904761906
2020-05-28,Financials,0.11908149999999999,0.3026002142857143
2020-05-29,Financials,-0.021396,0.11908149999999999
2020-06-01,Financials,0.11301999999999998,-0.021396
2020-06-02,Financials,0.18390456565656563,0.11301999999999998
2020-06-03,Financials,0.26669071428571434,0.18390456565656563
2020-06-04,Financials,0.26556833333333335,0.26669071428571434
2020-06-05,Financials,0.36580366666666664,0.26556833333333335
2020-06-08,Financials,0.47948666666666667,0.36580366666666664
2020-06-09,Financials,0.13851533333333335,0.47948666666666667
2020-06-10,Financials,0.18907933333333332,0.13851533333333335
2020-06-11,Financials,0.06447666666666667,0.18907933333333332
2020-06-12,Financials,0.10894742857142856,0.06447666666666667
2020-06-15,Financials,0.135985,0.10894742857142856
2020-06-16,Financials,0.12962,0.135985
2020-06-17,Financials,0.047822,0.12962
2020-06-18,Financials,0.12542499999999998,0.047822
2020-06-19,Financials,0.001113333333333333,0.12542499999999998
2020-06-22,Financials,0.04575333333333333,0.001113333333333333
2020-06-23,Financials,0.2402966666666667,0.04575333333333333
2020-06-24,Financials,0.05511000000000001,0.2402966666666667
2020-06-25,Financials,0.146428,0.05511000000000001
2020-06-26,Financials,-0.0061576190476190455,0.146428
2020-06-29,Financials,0.22688666666666668,-0.0061576190476190455
2020-06-30,Financials,0.12497535714285717,0.22688666666666668
2020-07-01,Financials,-0.132065,0.12497535714285717
2020-07-02,Financials,0.17545333333333335,-0.132065
2020-07-06,Financials,0.14765999999999999,0.17545333333333335
2020-07-07,Financials,0.031869999999999996,0.14765999999999999
2020-07-08,Financials,0.20556000000000002,0.031869999999999996
2020-07-09,Financials,0.16918444444444442,0.20556000000000002
2020-07-10,Financials,0.17736444444444446,0.16918444444444442
2020-07-13,Financials,0.24499466666666664,0.17736444444444446
2020-07-14,Financials,0.04696477777777777,0.24499466666666664
2020-07-15,Financials,0.37107817391304343,0.04696477777777777
2020-07-16,Financials,-0.017690606060606053,0.37107817391304343
2020-07-17,Financials,0.0728864761904762,-0.017690606060606053
2020-07-20,Financials,0.09769809523809525,0.0728864761904762
2020-07-21,Financials,0.16978285714285715,0.09769809523809525
2020-07-22,Financials,0.054488333333333326,0.16978285714285715
2020-07-23,Financials,0.11880833333333334,0.054488333333333326
2020-07-24,Financials,-0.011493999999999999,0.11880833333333334
2020-07-27,Financials,0.15039750000000002,-0.011493999999999999
2020-07-28,Financials,0.08231228571428571,0.15039750000000002
2020-07-29,Financials,0.10243047619047618,0.08231228571428571
2020-07-30,Financials,0.19714933333333332,0.10243047619047618
2020-07-31,Financials,0.0,0.19714933333333332
2020-08-03,Financials,0.13219666666666668,0.0
2020-08-04,Financials,0.028711666666666656,0.13219666666666668
2020-08-05,Financials,0.11292900000000002,0.028711666666666656
2020-08-06,Financials,0.16475333333333333,0.11292900000000002
2020-08-07,Financials,0.146285,0.16475333333333333
2020-08-10,Financials,0.26968333333333333,0.146285
2020-08-11,Financials,0.15649857142857143,0.26968333333333333
2020-08-12,Financials,0.02528444444444445,0.15649857142857143
2020-08-13,Financials,-0.033008333333333334,0.02528444444444445
2020-08-14,Financials,0.04725999999999999,-0.033008333333333334
2020-08-17,Financials,0.12386133333333334,0.04725999999999999
2020-08-18,Financials,0.168035,0.12386133333333334
2020-08-19,Financials,0.11656200000000001,0.168035
2020-08-20,Financials,0.24220357142857143,0.11656200000000001
2020-08-21,Financials,0.17274833333333334,0.24220357142857143
2020-08-24,Financials,0.45043999999999995,0.17274833333333334
2020-08-25,Financials,0.20452666666666666,0.45043999999999995
2020-08-26,Financials,0.165125,0.20452666666666666
2020-08-27,Financials,-0.03879999999999999,0.165125
2020-08-28,Financials,-0.19651500000000002,-0.03879999999999999
2020-08-31,Financials,0.23537,-0.19651500000000002
2020-09-01,Financials,0.14748666666666668,0.23537
2020-09-02,Financials,0.0039046666666666618,0.14748666666666668
2020-09-03,Financials,0.14518666666666666,0.0039046666666666618
2020-09-04,Financials,-0.02102333333333334,0.14518666666666666
2020-09-08,Financials,0.17861,-0.02102333333333334
2020-09-09,Financials,-0.15278666666666668,0.17861
2020-09-10,Financials,0.07323333333333333,-0.15278666666666668
2020-09-11,Financials,-0.021789999999999997,0.07323333333333333
2020-09-14,Financials,0.06234333333333333,-0.021789999999999997
2020-09-15,Financials,0.18019000000000002,0.06234333333333333
2020-09-16,Financials,0.19047333333333333,0.18019000000000002
2020-09-17,Financials,0.29895,0.19047333333333333
2020-09-18,Financials,0.28032,0.29895
2020-09-21,Financials,-0.03813066666666667,0.28032
2020-09-22,Financials,0.24165,-0.03813066666666667
2020-09-23,Financials,0.14692599999999997,0.24165
2020-09-24,Financials,0.2878925,0.14692599999999997
2020-09-25,Financials,0.12576666666666667,0.2878925
2020-09-28,Financials,0.30070166666666664,0.12576666666666667
2020-09-29,Financials,-0.035563333333333336,0.30070166666666664
2020-09-30,Financials,0.052526142857142855,-0.035563333333333336
2020-10-01,Financials,0.12469133333333333,0.052526142857142855
2020-10-02,Financials,0.17714222222222223,0.12469133333333333
2020-10-05,Financials,0.330954,0.17714222222222223
2020-10-06,Financials,0.20270666666666667,0.330954
2020-10-07,Financials,0.11283499999999999,0.20270666666666667
2020-10-08,Financials,0.16381416666666668,0.11283499999999999
2020-10-09,Financials,0.263925,0.16381416666666668
2020-10-12,Financials,0.27762571428571425,0.263925
2020-10-13,Financials,0.12191083333333334,0.27762571428571425
2020-10-14,Financials,0.21685630434782607,0.12191083333333334
2020-10-15,Financials,0.22377766666666665,0.21685630434782607
2020-10-16,Financials,0.5938,0.22377766666666665
2020-10-19,Financials,0.34615333333333337,0.5938
2020-10-20,Financials,0.16941166666666668,0.34615333333333337
2020-10-21,Financials,0.03051133333333334,0.16941166666666668
2020-10-22,Financials,0.10583142857142858,0.03051133333333334
2020-10-23,Financials,0.21536,0.10583142857142858
2020-10-26,Financials,0.032356,0.21536
2020-10-27,Financials,0.15223,0.032356
2020-10-28,Financials,0.035300476190476195,0.15223
2020-10-29,Financials,0.09085000000000001,0.035300476190476195
2020-10-30,Financials,0.19557999999999998,0.09085000000000001
2020-11-02,Financials,0.14719333333333334,0.19557999999999998
2020-11-03,Financials,0.0935297619047619,0.14719333333333334
2020-11-04,Financials,0.20497750000000003,0.0935297619047619
2020-11-05,Financials,0.14623599999999998,0.20497750000000003
2020-11-06,Financials,0.131645,0.14623599999999998
2020-11-09,Financials,0.16437314285714286,0.131645
2020-11-10,Financials,0.1362,0.16437314285714286
2020-11-11,Financials,0.2099895238095238,0.1362
2020-11-12,Financials,0.18994810256410255,0.2099895238095238
2020-11-13,Financials,0.11138333333333332,0.18994810256410255
2020-11-16,Financials,0.191454,0.11138333333333332
2020-11-17,Financials,0.04495999999999999,0.191454
2020-11-18,Financials,0.18089833333333333,0.04495999999999999
2020-11-19,Financials,0.287412,0.18089833333333333
2020-11-20,Financials,0.13524666666666668,0.287412
2020-11-23,Financials,0.05712799999999999,0.13524666666666668
2020-11-24,Financials,0.20983333333333337,0.05712799999999999
2020-11-25,Financials,0.06023933333333333,0.20983333333333337
2020-11-27,Financials,0.21295999999999998,0.06023933333333333
2020-11-30,Financials,0.037314,0.21295999999999998
2020-12-01,Financials,0.31537,0.037314
2020-12-02,Financials,0.16763666666666668,0.31537
2020-12-03,Financials,0.13587333333333335,0.16763666666666668
2020-12-04,Financials,-0.02116,0.13587333333333335
2020-12-07,Financials,0.10981366666666666,-0.02116
2020-12-08,Financials,0.10959066666666668,0.10981366666666666
2020-12-09,Financials,0.21509,0.10959066666666668
2020-12-10,Financials,0.187315,0.21509
2020-12-11,Financials,0.17308333333333334,0.187315
2020-12-14,Financials,0.16677666666666666,0.17308333333333334
2020-12-15,Financials,0.249315,0.16677666666666666
2020-12-16,Financials,0.32574666666666663,0.249315
2020-12-17,Financials,0.335344,0.32574666666666663
2020-12-18,Financials,0.20524,0.335344
2020-12-21,Financials,0.03626686842105262,0.20524
2020-12-22,Financials,0.2133,0.03626686842105262
2020-12-23,Financials,0.19794,0.2133
2020-12-24,Financials,0.3129,0.19794
2020-12-28,Financials,0.20797044444444443,0.3129
2020-12-29,Financials,-0.33083999999999997,0.20797044444444443
2020-12-30,Financials,0.06382,-0.33083999999999997
2020-12-31,Financials,0.3920186666666666,0.06382
2021-01-04,Financials,0.25202500000000005,0.3920186666666666
2021-01-05,Financials,0.17314500000000002,0.25202500000000005
2021-01-06,Financials,0.17849583333333333,0.17314500000000002
2021-01-07,Financials,0.058997857142857144,0.17849583333333333
2021-01-08,Financials,0.092805,0.058997857142857144
2021-01-11,Financials,0.002904347826086953,0.092805
2021-01-12,Financials,0.08980927777777778,0.002904347826086953
2021-01-13,Financials,0.1895425,0.08980927777777778
2021-01-14,Financials,0.052008571428571425,0.1895425
2021-01-15,Financials,0.23471305194805195,0.052008571428571425
2021-01-19,Financials,0.19398022222222225,0.23471305194805195
2021-01-20,Financials,0.15704375350140057,0.19398022222222225
2021-01-21,Financials,0.12417666666666664,0.15704375350140057
2021-01-22,Financials,0.05645599999999999,0.12417666666666664
2021-01-25,Financials,0.28933166666666665,0.05645599999999999
2021-01-26,Financials,0.20714166666666664,0.28933166666666665
2021-01-27,Financials,0.14997666666666665,0.20714166666666664
2021-01-28,Financials,0.0876638888888889,0.14997666666666665
2021-01-29,Financials,0.120484,0.0876638888888889
2021-02-01,Financials,0.07689699999999998,0.120484
2021-02-02,Financials,0.34814733333333325,0.07689699999999998
2021-02-03,Financials,0.2634666666666667,0.34814733333333325
2021-02-04,Financials,-0.006799999999999996,0.2634666666666667
2021-02-05,Financials,0.022256666666666657,-0.006799999999999996
2021-02-08,Financials,0.01059219047619048,0.022256666666666657
2021-02-09,Financials,-0.00024000000000000686,0.01059219047619048
2021-02-10,Financials,0.17974666666666667,-0.00024000000000000686
2021-02-11,Financials,0.189205,0.17974666666666667
2021-02-12,Financials,0.0,0.189205
2021-02-16,Financials,0.2205505,0.0
2021-02-17,Financials,0.22740657142857143,0.2205505
2021-02-18,Financials,0.122825,0.22740657142857143
2021-02-19,Financials,0.23656000000000002,0.122825
2021-02-22,Financials,-0.04054571428571429,0.23656000000000002
2021-02-23,Financials,0.030567777777777784,-0.04054571428571429
2021-02-24,Financials,0.033736,0.030567777777777784
2021-02-25,Financials,0.10039633333333334,0.033736
2021-02-26,Financials,0.11828000000000001,0.10039633333333334
2021-03-01,Financials,0.07469599999999998,0.11828000000000001
2021-03-02,Financials,0.26843000000000006,0.07469599999999998
2021-03-03,Financials,0.026579761904761905,0.26843000000000006
2021-03-04,Financials,0.187664,0.026579761904761905
2021-03-05,Financials,0.22372266666666665,0.187664
2021-03-08,Financials,0.20526333333333335,0.22372266666666665
2021-03-09,Financials,0.05742133333333334,0.20526333333333335
2021-03-10,Financials,0.2516566666666667,0.05742133333333334
2021-03-11,Financials,0.10317333333333334,0.2516566666666667
2021-03-12,Financials,0.08129333333333333,0.10317333333333334
2021-03-15,Financials,0.19896833333333333,0.08129333333333333
2021-03-16,Financials,0.08972999999999999,0.19896833333333333
2021-03-17,Financials,0.25806499999999993,0.08972999999999999
2021-03-18,Financials,0.0703925,0.25806499999999993
2021-03-19,Financials,-0.0008440000000000059,0.0703925
2021-03-22,Financials,0.26280499999999996,-0.0008440000000000059
2021-03-23,Financials,0.3884883333333334,0.26280499999999996
2021-03-24,Financials,0.09925333333333333,0.3884883333333334
2021-03-25,Financials,0.047109142857142856,0.09925333333333333
2021-03-26,Financials,0.29715600000000003,0.047109142857142856
2021-03-29,Financials,-0.2338915873015873,0.29715600000000003
2021-03-30,Financials,0.026838076923076926,-0.2338915873015873
2021-03-31,Financials,0.20599857142857142,0.026838076923076926
2021-04-01,Financials,0.312938,0.20599857142857142
2021-04-05,Financials,0.28373930735930736,0.312938
2021-04-06,Financials,0.0004979999999999929,0.28373930735930736
2021-04-07,Financials,0.118085,0.0004979999999999929
2021-04-08,Financials,0.09435,0.118085
2021-04-09,Financials,0.1243957142857143,0.09435
2021-04-12,Financials,0.2784324126984127,0.1243957142857143
2021-04-13,Financials,0.20998692307692307,0.2784324126984127
2021-04-14,Financials,0.3730323519061584,0.20998692307692307
2021-04-15,Financials,0.17933911111111112,0.3730323519061584
2021-04-16,Financials,0.2691116666666667,0.17933911111111112
2021-04-19,Financials,0.24258642857142854,0.2691116666666667
2021-04-20,Financials,0.28394400000000003,0.24258642857142854
2021-04-21,Financials,0.07618,0.28394400000000003
2021-04-22,Financials,0.11902333333333334,0.07618
2021-04-23,Financials,0.19202666666666668,0.11902333333333334
2021-04-26,Financials,0.24298166666666665,0.19202666666666668
2021-04-27,Financials,0.18700514285714287,0.24298166666666665
2021-04-28,Financials,0.1286306666666667,0.18700514285714287
2021-04-29,Financials,0.219192,0.1286306666666667
2021-04-30,Financials,0.06333,0.219192
2021-05-03,Financials,0.27319666666666664,0.06333
2021-05-04,Financials,0.03451976190476191,0.27319666666666664
2021-05-05,Financials,0.096054,0.03451976190476191
2021-05-06,Financials,0.094768,0.096054
2021-05-07,Financials,0.161275,0.094768
2021-05-10,Financials,0.03868200000000001,0.161275
2021-05-11,Financials,0.14634,0.03868200000000001
2021-05-12,Financials,-0.020436666666666665,0.14634
2021-05-13,Financials,0.10084666666666667,-0.020436666666666665
2021-05-14,Financials,0.11247166666666666,0.10084666666666667
2021-05-17,Financials,0.32307761904761906,0.11247166666666666
2021-05-18,Financials,0.19915166666666667,0.32307761904761906
2021-05-19,Financials,0.17856333333333335,0.19915166666666667
2021-05-20,Financials,0.08817,0.17856333333333335
2021-05-21,Financials,0.03231333333333333,0.08817
2021-05-24,Financials,0.02873,0.03231333333333333
2021-05-25,Financials,0.14148,0.02873
2021-05-26,Financials,0.006066666666666648,0.14148
2021-05-27,Financials,0.012019999999999998,0.006066666666666648
2021-05-28,Financials,0.22413333333333335,0.012019999999999998
2021-06-01,Financials,0.13450755555555555,0.22413333333333335
2021-06-02,Financials,0.21399266666666666,0.13450755555555555
2021-06-03,Financials,0.025215000000000008,0.21399266666666666
2021-06-04,Financials,0.25967,0.025215000000000008
2021-06-07,Financials,0.26340285714285716,0.25967
2021-06-08,Financials,0.2002,0.26340285714285716
2021-06-09,Financials,0.314745,0.2002
2021-06-10,Financials,0.12550999999999998,0.314745
2021-06-11,Financials,0.19062666666666667,0.12550999999999998
2021-06-14,Financials,0.07253499999999999,0.19062666666666667
2021-06-15,Financials,0.20411,0.07253499999999999
2021-06-16,Financials,0.08071333333333335,0.20411
2021-06-17,Financials,0.052524333333333326,0.08071333333333335
2021-06-18,Financials,0.21489333333333333,0.052524333333333326
2021-06-21,Financials,0.12692,0.21489333333333333
2021-06-22,Financials,0.083905,0.12692
2021-06-23,Financials,0.16802,0.083905
2021-06-24,Financials,0.21774166666666667,0.16802
2021-06-25,Financials,-0.08265142857142857,0.21774166666666667
2021-06-28,Financials,0.14233266666666666,-0.08265142857142857
2021-06-29,Financials,0.192718,0.14233266666666666
2021-06-30,Financials,0.18321377777777778,0.192718
2021-07-01,Financials,0.1792729090909091,0.18321377777777778
2021-07-02,Financials,0.11022333333333331,0.1792729090909091
2021-07-06,Financials,0.03690050000000001,0.11022333333333331
2021-07-07,Financials,0.09419142857142856,0.03690050000000001
2021-07-08,Financials,0.08732277777777778,0.09419142857142856
2021-07-09,Financials,0.2138976190476191,0.08732277777777778
2021-07-12,Financials,0.41219333333333336,0.2138976190476191
2021-07-13,Financials,0.17779581196581198,0.41219333333333336
2021-07-14,Financials,0.16648769230769234,0.17779581196581198
2021-07-15,Financials,0.0070407777777777795,0.16648769230769234
2021-07-16,Financials,0.21570799999999996,0.0070407777777777795
2021-07-19,Financials,0.1596884502164502,0.21570799999999996
2021-07-20,Financials,0.11399121212121213,0.1596884502164502
2021-07-21,Financials,0.29738,0.11399121212121213
2021-07-22,Financials,0.28948399999999996,0.29738
2021-07-23,Financials,0.15194999999999997,0.28948399999999996
2021-07-26,Financials,0.015425238095238093,0.15194999999999997
2021-07-27,Financials,0.20460619047619044,0.015425238095238093
2021-07-28,Financials,0.09262016666666666,0.20460619047619044
2021-07-29,Financials,0.24722,0.09262016666666666
2021-07-30,Financials,0.09886999999999999,0.24722
2021-08-02,Financials,0.474568,0.09886999999999999
2021-08-03,Financials,0.06393499999999999,0.474568
2021-08-04,Financials,0.18355499999999997,0.06393499999999999
2021-08-05,Financials,-0.011215999999999999,0.18355499999999997
2021-08-06,Financials,0.0066466666666666644,-0.011215999999999999
2021-08-09,Financials,0.23236500000000002,0.0066466666666666644
2021-08-10,Financials,0.10436999999999999,0.23236500000000002
2021-08-11,Financials,0.12616666666666668,0.10436999999999999
2021-08-12,Financials,0.20722857142857146,0.12616666666666668
2021-08-13,Financials,0.10332833333333333,0.20722857142857146
2021-08-16,Financials,0.03361666666666666,0.10332833333333333
2021-08-17,Financials,0.03663285714285715,0.03361666666666666
2021-08-18,Financials,0.170945,0.03663285714285715
2021-08-19,Financials,0.1992733333333333,0.170945
2021-08-20,Financials,-0.047893333333333336,0.1992733333333333
2021-08-23,Financials,0.15881333333333333,-0.047893333333333336
2021-08-24,Financials,0.13446333333333332,0.15881333333333333
2021-08-25,Financials,0.16136,0.13446333333333332
2021-08-26,Financials,-0.025060000000000006,0.16136
2021-08-27,Financials,0.16108266666666665,-0.025060000000000006
2021-08-30,Financials,0.17238,0.16108266666666665
2021-08-31,Financials,0.13214714285714285,0.17238
2021-09-01,Financials,0.099275,0.13214714285714285
2021-09-02,Financials,0.2765326666666667,0.099275
2021-09-03,Financials,0.0864,0.2765326666666667
2021-09-07,Financials,0.05175416666666667,0.0864
2021-09-08,Financials,0.27195,0.05175416666666667
2021-09-09,Financials,-0.04471500000000002,0.27195
2021-09-10,Financials,-0.08893666666666666,-0.04471500000000002
2021-09-13,Financials,0.07089000000000001,-0.08893666666666666
2021-09-14,Financials,0.13352499999999998,0.07089000000000001
2021-09-15,Financials,0.279665,0.13352499999999998
2021-09-16,Financials,0.20470000000000002,0.279665
2021-09-17,Financials,0.15102333333333334,0.20470000000000002
2021-09-20,Financials,-0.07267761904761905,0.15102333333333334
2021-09-21,Financials,0.071493,-0.07267761904761905
2021-09-22,Financials,0.28221047619047623,0.071493
2021-09-23,Financials,-0.0046219999999999924,0.28221047619047623
2021-09-24,Financials,0.2761,-0.0046219999999999924
2021-09-27,Financials,0.17703700000000003,0.2761
2021-09-28,Financials,0.2821352380952381,0.17703700000000003
2021-09-29,Financials,0.036680000000000004,0.2821352380952381
2021-09-30,Financials,0.09356333333333333,0.036680000000000004
2021-10-01,Financials,0.09185,0.09356333333333333
2021-10-04,Financials,0.05112099999999999,0.09185
2021-10-05,Financials,0.05209866666666666,0.05112099999999999
2021-10-06,Financials,0.11984000000000002,0.05209866666666666
2021-10-07,Financials,0.130599,0.11984000000000002
2021-10-08,Financials,0.2636,0.130599
2021-10-11,Financials,0.207993315018315,0.2636
2021-10-12,Financials,0.058991666666666664,0.207993315018315
2021-10-13,Financials,0.17031222222222223,0.058991666666666664
2021-10-14,Financials,0.3659003333333334,0.17031222222222223
2021-10-15,Financials,0.3654048412698413,0.3659003333333334
2021-10-18,Financials,0.056432666666666666,0.3654048412698413
2021-10-19,Financials,-0.07214000000000001,0.056432666666666666
2021-10-20,Financials,-0.007030000000000003,-0.07214000000000001
2021-10-21,Financials,0.08878285714285714,-0.007030000000000003
2021-10-22,Financials,-0.09248266666666667,0.08878285714285714
2021-10-25,Financials,0.14652416666666665,-0.09248266666666667
2021-10-26,Financials,0.1345,0.14652416666666665
2021-10-27,Financials,0.1369531746031746,0.1345
2021-10-28,Financials,0.134745,0.1369531746031746
2021-10-29,Financials,0.25726933333333335,0.134745
2021-11-01,Financials,0.19654500000000003,0.25726933333333335
2021-11-02,Financials,0.039905,0.19654500000000003
2021-11-03,Financials,0.134525,0.039905
2021-11-04,Financials,0.268695,0.134525
2021-11-05,Financials,0.1496866666666667,0.268695
2021-11-08,Financials,0.070431,0.1496866666666667
2021-11-09,Financials,0.13303666666666664,0.070431
2021-11-10,Financials,0.0829175,0.13303666666666664
2021-11-11,Financials,0.06510400000000001,0.0829175
2021-11-12,Financials,0.06056,0.06510400000000001
2021-11-15,Financials,0.22426285714285715,0.06056
2021-11-16,Financials,0.16383899999999998,0.22426285714285715
2021-11-17,Financials,0.0689778947368421,0.16383899999999998
2021-11-18,Financials,0.26803857142857146,0.0689778947368421
2021-11-19,Financials,0.21097133333333334,0.26803857142857146
2021-11-22,Financials,0.30642142857142857,0.21097133333333334
2021-11-23,Financials,0.07709550000000001,0.30642142857142857
2021-11-24,Financials,0.09777666666666666,0.07709550000000001
2021-11-26,Financials,-0.21003266666666667,0.09777666666666666
2021-11-29,Financials,0.015111666666666667,-0.21003266666666667
2021-11-30,Financials,0.16489666666666666,0.015111666666666667
2021-12-01,Financials,-0.008439999999999998,0.16489666666666666
2021-12-02,Financials,0.037945833333333345,-0.008439999999999998
2021-12-03,Financials,0.12974933333333333,0.037945833333333345
2021-12-06,Financials,0.07010733333333333,0.12974933333333333
2021-12-07,Financials,0.2656588888888889,0.07010733333333333
2021-12-08,Financials,-0.04772,0.2656588888888889
2021-12-09,Financials,0.27945,-0.04772
2021-12-10,Financials,0.055742,0.27945
2021-12-13,Financials,0.326506,0.055742
2021-12-14,Financials,0.08003,0.326506
2021-12-15,Financials,0.091774,0.08003
2021-12-16,Financials,-0.035607000000000014,0.091774
2021-12-17,Financials,0.139718,-0.035607000000000014
2021-12-20,Financials,-0.03724363636363636,0.139718
2021-12-21,Financials,0.39944799999999997,-0.03724363636363636
2021-12-22,Financials,0.18173999999999998,0.39944799999999997
2021-12-23,Financials,0.12816866666666665,0.18173999999999998
2021-12-27,Financials,0.2923166666666666,0.12816866666666665
2021-12-28,Financials,0.07224,0.2923166666666666
2021-12-29,Financials,-0.005796666666666677,0.07224
2021-12-30,Financials,0.26670333333333335,-0.005796666666666677
2021-12-31,Financials,0.251635,0.26670333333333335
2022-01-03,Financials,0.03639371428571429,0.251635
2022-01-04,Financials,0.19903400000000002,0.03639371428571429
2022-01-05,Financials,0.131608,0.19903400000000002
2022-01-06,Financials,0.20180000000000003,0.131608
2022-01-07,Financials,0.10420166666666668,0.20180000000000003
2022-01-10,Financials,0.19172225000000004,0.10420166666666668
2022-01-11,Financials,0.2235983333333333,0.19172225000000004
2022-01-12,Financials,0.23445378787878787,0.2235983333333333
2022-01-13,Financials,0.15024409523809526,0.23445378787878787
2022-01-14,Financials,0.2246658241758242,0.15024409523809526
2022-01-18,Financials,0.13491769825918762,0.2246658241758242
2022-01-19,Financials,0.25261564102564105,0.13491769825918762
2022-01-20,Financials,0.09996833333333334,0.25261564102564105
2022-01-21,Financials,0.38711238095238093,0.09996833333333334
2022-01-24,Financials,0.21257733333333334,0.38711238095238093
2022-01-25,Financials,0.3441135714285714,0.21257733333333334
2022-01-26,Financials,0.14912999999999998,0.3441135714285714
2022-01-27,Financials,0.32292742857142853,0.14912999999999998
2022-01-28,Financials,0.1451197802197802,0.32292742857142853
2022-01-31,Financials,0.23662,0.1451197802197802
2022-02-01,Financials,0.06720085714285715,0.23662
2022-02-02,Financials,0.30027400000000004,0.06720085714285715
2022-02-03,Financials,0.26359,0.30027400000000004
2022-02-04,Financials,0.09452761904761905,0.26359
2022-02-07,Financials,0.04861133333333333,0.09452761904761905
2022-02-08,Financials,0.275876,0.04861133333333333
2022-02-09,Financials,0.20341833333333334,0.275876
2022-02-10,Financials,0.018209999999999997,0.20341833333333334
2022-02-11,Financials,0.05625066666666665,0.018209999999999997
2022-02-14,Financials,0.043711507936507944,0.05625066666666665
2022-02-15,Financials,0.2165186666666667,0.043711507936507944
2022-02-16,Financials,0.05472555555555556,0.2165186666666667
2022-02-17,Financials,-0.0409150303030303,0.05472555555555556
2022-02-18,Financials,0.033786666666666666,-0.0409150303030303
2022-02-22,Financials,0.09130571428571428,0.033786666666666666
2022-02-23,Financials,-0.17717833333333335,0.09130571428571428
2022-02-24,Financials,-0.047907619047619046,-0.17717833333333335
2022-02-25,Financials,0.09023466666666664,-0.047907619047619046
2022-02-28,Financials,-0.037328035714285716,0.09023466666666664
2022-03-01,Financials,-0.14242980952380951,-0.037328035714285716
2022-03-02,Financials,0.12392285714285714,-0.14242980952380951
2022-03-03,Financials,0.2238433333333333,0.12392285714285714
2022-03-04,Financials,0.12587416666666668,0.2238433333333333
2022-03-07,Financials,0.009616923076923073,0.12587416666666668
2022-03-08,Financials,0.10062333333333333,0.009616923076923073
2022-03-09,Financials,0.179067,0.10062333333333333
2022-03-10,Financials,-0.009609999999999997,0.179067
2022-03-11,Financials,0.1231542857142857,-0.009609999999999997
2022-03-14,Financials,0.3285571428571429,0.1231542857142857
2022-03-15,Financials,0.0035838888888888865,0.3285571428571429
2022-03-16,Financials,0.13203800000000002,0.0035838888888888865
2022-03-17,Financials,0.1495057142857143,0.13203800000000002
2022-03-18,Financials,0.13341333333333333,0.1495057142857143
2022-03-21,Financials,0.07378266666666664,0.13341333333333333
2022-03-22,Financials,0.077195,0.07378266666666664
2022-03-23,Financials,0.29982333333333333,0.077195
2022-03-24,Financials,0.05192,0.29982333333333333
2022-03-25,Financials,0.206494,0.05192
2022-03-28,Financials,0.05070976190476191,0.206494
2022-03-29,Financials,-0.07300166666666666,0.05070976190476191
2022-03-30,Financials,-0.012468333333333331,-0.07300166666666666
2022-03-31,Financials,0.0016233333333333308,-0.012468333333333331
2022-04-01,Financials,0.1547288888888889,0.0016233333333333308
2022-04-04,Financials,0.022539999999999998,0.1547288888888889
2022-04-05,Financials,0.19832,0.022539999999999998
2022-04-06,Financials,0.13117499999999999,0.19832
2022-04-07,Financials,0.13721100000000003,0.13117499999999999
2022-04-08,Financials,0.21685811764705884,0.13721100000000003
2022-04-11,Financials,0.04636614285714286,0.21685811764705884
2022-04-12,Financials,0.08652109090909091,0.04636614285714286
2022-04-13,Financials,0.23401055555555555,0.08652109090909091
2022-04-14,Financials,0.2400544285714286,0.23401055555555555
2022-04-18,Financials,0.34284155844155845,0.2400544285714286
2022-04-19,Financials,0.30338000000000004,0.34284155844155845
2022-04-20,Financials,0.09390000000000001,0.30338000000000004
2022-04-21,Financials,-0.062995,0.09390000000000001
2022-04-22,Financials,0.24163199999999999,-0.062995
2022-04-25,Financials,0.18859016666666667,0.24163199999999999
2022-04-26,Financials,0.16132444444444444,0.18859016666666667
2022-04-27,Financials,0.0808288888888889,0.16132444444444444
2022-04-28,Financials,0.16945428571428572,0.0808288888888889
2022-04-29,Financials,0.14228666666666667,0.16945428571428572
2022-05-02,Financials,0.15731,0.14228666666666667
2022-05-03,Financials,-0.022370000000000022,0.15731
2022-05-04,Financials,0.07224,-0.022370000000000022
2022-05-05,Financials,0.177322,0.07224
2022-05-06,Financials,-0.13112500000000002,0.177322
2022-05-09,Financials,0.08615333333333333,-0.13112500000000002
2022-05-10,Financials,0.2666658333333333,0.08615333333333333
2022-05-11,Financials,0.14808,0.2666658333333333
2022-05-12,Financials,0.09586833333333333,0.14808
2022-05-13,Financials,0.2339735,0.09586833333333333
2022-05-16,Financials,0.05271499999999999,0.2339735
2022-05-17,Financials,0.008346666666666646,0.05271499999999999
2022-05-18,Financials,0.1361466666666667,0.008346666666666646
2022-05-19,Financials,0.12554400000000002,0.1361466666666667
2022-05-20,Financials,0.2188366666666667,0.12554400000000002
2022-05-23,Financials,-0.133931,0.2188366666666667
2022-05-24,Financials,0.41923000000000005,-0.133931
2022-05-25,Financials,0.05382666666666667,0.41923000000000005
2022-05-26,Financials,0.18872,0.05382666666666667
2022-05-27,Financials,0.13625,0.18872
2022-05-31,Financials,0.12841,0.13625
2022-06-01,Financials,0.17139,0.12841
2022-06-02,Financials,0.06271999999999998,0.17139
2022-06-03,Financials,-0.0393,0.06271999999999998
2022-06-06,Financials,0.29086,-0.0393
2022-06-07,Financials,0.19788666666666668,0.29086
2022-06-08,Financials,0.04460571428571428,0.19788666666666668
2022-06-09,Financials,0.008123333333333326,0.04460571428571428
2022-06-10,Financials,0.06077866666666667,0.008123333333333326
2022-06-13,Financials,0.18539033333333332,0.06077866666666667
2022-06-14,Financials,-0.050398476190476195,0.18539033333333332
2022-06-15,Financials,0.09270666666666667,-0.050398476190476195
2022-06-16,Financials,0.07716333333333333,0.09270666666666667
2022-06-17,Financials,0.10683200000000001,0.07716333333333333
2022-06-21,Financials,0.014082222222222229,0.10683200000000001
2022-06-22,Financials,0.0978,0.014082222222222229
2022-06-23,Financials,0.05227283333333334,0.0978
2022-06-24,Financials,0.31707533333333326,0.05227283333333334
2022-06-27,Financials,0.06346483333333333,0.31707533333333326
2022-06-28,Financials,0.1535675,0.06346483333333333
2022-06-29,Financials,0.119035,0.1535675
2022-06-30,Financials,0.2649457142857143,0.119035
2022-07-01,Financials,0.08832999999999999,0.2649457142857143
2022-07-05,Financials,0.2595761904761905,0.08832999999999999
2022-07-06,Financials,0.03442199999999999,0.2595761904761905
2022-07-07,Financials,0.22194866666666666,0.03442199999999999
2022-07-08,Financials,0.02465199999999999,0.22194866666666666
2022-07-11,Financials,0.09253437728937727,0.02465199999999999
2022-07-12,Financials,0.0360937142857143,0.09253437728937727
2022-07-13,Financials,-0.06956064102564102,0.0360937142857143
2022-07-14,Financials,-0.0326625,-0.06956064102564102
2022-07-15,Financials,0.12299566666666666,-0.0326625
2022-07-18,Financials,0.20662097058823528,0.12299566666666666
2022-07-19,Financials,0.19319066666666668,0.20662097058823528
2022-07-20,Financials,-0.007743333333333324,0.19319066666666668
2022-07-21,Financials,0.174635,-0.007743333333333324
2022-07-22,Financials,0.09750333333333334,0.174635
2022-07-25,Financials,0.160412,0.09750333333333334
2022-07-26,Financials,0.03633666666666666,0.160412
2022-07-27,Financials,0.299055,0.03633666666666666
2022-07-28,Financials,0.006728000000000002,0.299055
2022-07-29,Financials,0.1012,0.006728000000000002
2022-08-01,Financials,0.249092,0.1012
2022-08-02,Financials,0.10240900000000001,0.249092
2022-08-03,Financials,0.12525,0.10240900000000001
2022-08-04,Financials,0.052037,0.12525
2022-08-05,Financials,0.18162333333333333,0.052037
2022-08-08,Financials,0.21312380952380955,0.18162333333333333
2022-08-09,Financials,0.21531000000000003,0.21312380952380955
2022-08-10,Financials,0.23862100000000003,0.21531000000000003
2022-08-11,Financials,-0.04278,0.23862100000000003
2022-08-12,Financials,0.15192799999999998,-0.04278
2022-08-15,Financials,0.13332333333333332,0.15192799999999998
2022-08-16,Financials,0.08947,0.13332333333333332
2022-08-17,Financials,0.14594333333333337,0.08947
2022-08-18,Financials,0.21746266666666667,0.14594333333333337
2022-08-19,Financials,0.07024666666666665,0.21746266666666667
2022-08-22,Financials,0.04925,0.07024666666666665
2022-08-23,Financials,0.190212,0.04925
2022-08-24,Financials,0.10136,0.190212
2022-08-25,Financials,0.07042599999999999,0.10136
2022-08-26,Financials,0.18310333333333334,0.07042599999999999
2022-08-29,Financials,0.14867666666666665,0.18310333333333334
2022-08-30,Financials,0.004313333333333336,0.14867666666666665
2022-08-31,Financials,0.07295333333333334,0.004313333333333336
2022-09-01,Financials,0.300291,0.07295333333333334
2022-09-02,Financials,0.15093666666666666,0.300291
2022-09-06,Financials,0.09581222222222223,0.15093666666666666
2022-09-07,Financials,0.05367999999999999,0.09581222222222223
2022-09-08,Financials,0.35812000000000005,0.05367999999999999
2022-09-09,Financials,0.194245,0.35812000000000005
2022-09-12,Financials,0.018275999999999997,0.194245
2022-09-13,Financials,0.05023857142857143,0.018275999999999997
2022-09-14,Financials,0.10745200000000002,0.05023857142857143
2022-09-15,Financials,0.2542614285714285,0.10745200000000002
2022-09-16,Financials,0.15613200000000002,0.2542614285714285
2022-09-19,Financials,0.15429333333333334,0.15613200000000002
2022-09-20,Financials,0.03136299999999999,0.15429333333333334
2022-09-21,Financials,0.029339999999999998,0.03136299999999999
2022-09-22,Financials,-0.03226666666666666,0.029339999999999998
2022-09-23,Financials,0.09322666666666665,-0.03226666666666666
2022-09-26,Financials,0.28484066666666663,0.09322666666666665
2022-09-27,Financials,0.053491888888888894,0.28484066666666663
2022-09-28,Financials,0.19603333333333334,0.053491888888888894
2022-09-29,Financials,0.11561666666666666,0.19603333333333334
2022-09-30,Financials,0.13947333333333334,0.11561666666666666
2022-10-03,Financials,0.22973100000000005,0.13947333333333334
2022-10-04,Financials,0.2974102380952381,0.22973100000000005
2022-10-05,Financials,0.14503,0.2974102380952381
2022-10-06,Financials,0.15060400000000002,0.14503
2022-10-07,Financials,0.007500000000000004,0.15060400000000002
2022-10-10,Financials,0.11786533333333334,0.007500000000000004
2022-10-11,Financials,-0.18617666666666666,0.11786533333333334
2022-10-12,Financials,0.09575933333333334,-0.18617666666666666
2022-10-13,Financials,0.12244133333333336,0.09575933333333334
2022-10-14,Financials,0.12498825987006497,0.12244133333333336
2022-10-17,Financials,0.23690916666666667,0.12498825987006497
2022-10-18,Financials,0.11528626436781608,0.23690916666666667
2022-10-19,Financials,0.16696083333333334,0.11528626436781608
2022-10-20,Financials,0.15815166666666663,0.16696083333333334
2022-10-21,Financials,0.013146666666666678,0.15815166666666663
2022-10-24,Financials,-0.058855555555555564,0.013146666666666678
2022-10-25,Financials,0.18097866666666662,-0.058855555555555564
2022-10-26,Financials,0.1513781818181818,0.18097866666666662
2022-10-27,Financials,0.20868733333333336,0.1513781818181818
2022-10-28,Financials,-0.00011000000000000315,0.20868733333333336
2022-10-31,Financials,0.278435,-0.00011000000000000315
2022-11-01,Financials,0.055863333333333355,0.278435
2022-11-02,Financials,0.15903333333333336,0.055863333333333355
2022-11-03,Financials,-0.14021166666666665,0.15903333333333336
2022-11-04,Financials,0.0846,-0.14021166666666665
2022-11-07,Financials,0.25771333333333335,0.0846
2022-11-08,Financials,0.02790666666666667,0.25771333333333335
2022-11-09,Financials,0.13818666666666668,0.02790666666666667
2022-11-10,Financials,0.06377999999999999,0.13818666666666668
2022-11-11,Financials,0.11170666666666666,0.06377999999999999
2022-11-14,Financials,0.16039166666666665,0.11170666666666666
2022-11-15,Financials,0.057800000000000004,0.16039166666666665
2022-11-16,Financials,0.15906666666666666,0.057800000000000004
2022-11-17,Financials,0.23955166666666666,0.15906666666666666
2022-11-18,Financials,0.164885,0.23955166666666666
2022-11-21,Financials,0.13259057142857142,0.164885
2022-11-22,Financials,0.20273599999999997,0.13259057142857142
2022-11-23,Financials,0.05680666666666667,0.20273599999999997
2022-11-25,Financials,0.214256,0.05680666666666667
2022-11-28,Financials,0.08694666666666666,0.214256
2022-11-29,Financials,0.2683833333333333,0.08694666666666666
2022-11-30,Financials,0.034923333333333334,0.2683833333333333
2022-12-01,Financials,0.011700999999999993,0.034923333333333334
2022-12-02,Financials,0.16107,0.011700999999999993
2022-12-05,Financials,0.293713,0.16107
2022-12-06,Financials,-0.06445490909090909,0.293713
2022-12-07,Financials,-0.031207777777777744,-0.06445490909090909
2022-12-08,Financials,0.125276,-0.031207777777777744
2022-12-09,Financials,0.068,0.125276
2022-12-12,Financials,0.1759716666666667,0.068
2022-12-13,Financials,0.17753666666666665,0.1759716666666667
2022-12-14,Financials,-0.022057333333333352,0.17753666666666665
2022-12-15,Financials,0.2775,-0.022057333333333352
2022-12-16,Financials,-0.141215,0.2775
2022-12-19,Financials,0.024847666666666667,-0.141215
2022-12-20,Financials,0.3151575757575758,0.024847666666666667
2022-12-21,Financials,0.11346714285714285,0.3151575757575758
2022-12-22,Financials,0.36509733333333333,0.11346714285714285
2022-12-23,Financials,0.286026,0.36509733333333333
2022-12-27,Financials,0.17133333333333334,0.286026
2022-12-28,Financials,0.06883,0.17133333333333334
2022-12-29,Financials,0.07773999999999999,0.06883
2022-12-30,Financials,0.04079000000000001,0.07773999999999999
2023-01-03,Financials,0.1506,0.04079000000000001
2023-01-04,Financials,0.19985933333333333,0.1506
2023-01-05,Financials,0.07679666666666665,0.19985933333333333
2023-01-06,Financials,0.07608833333333334,0.07679666666666665
2023-01-09,Financials,0.12251797619047619,0.07608833333333334
2023-01-10,Financials,0.0718827380952381,0.12251797619047619
2023-01-11,Financials,0.08335555555555554,0.0718827380952381
2023-01-12,Financials,0.1236494285714286,0.08335555555555554
2023-01-13,Financials,0.10837554445554445,0.1236494285714286
2023-01-17,Financials,0.18746581755420083,0.10837554445554445
2023-01-18,Financials,0.2540465079365079,0.18746581755420083
2023-01-19,Financials,0.09930283333333334,0.2540465079365079
2023-01-20,Financials,0.19532366666666662,0.09930283333333334
2023-01-23,Financials,0.049949,0.19532366666666662
2023-01-24,Financials,0.2217366666666667,0.049949
2023-01-25,Financials,0.04992666666666666,0.2217366666666667
2023-01-26,Financials,0.2023215555555556,0.04992666666666666
2023-01-27,Financials,0.15965574999999999,0.2023215555555556
2023-01-30,Financials,0.3171385714285714,0.15965574999999999
2023-01-31,Financials,0.10547666666666666,0.3171385714285714
2023-02-01,Financials,-0.02408,0.10547666666666666
2023-02-02,Financials,0.228097,-0.02408
2023-02-03,Financials,0.07534,0.228097
2023-02-06,Financials,0.04678333333333333,0.07534
2023-02-07,Financials,0.26633083333333335,0.04678333333333333
2023-02-08,Financials,-0.07041333333333333,0.26633083333333335
2023-02-09,Financials,-0.06356999999999999,-0.07041333333333333
2023-02-10,Financials,0.016205000000000004,-0.06356999999999999
2023-02-13,Financials,0.15672666666666668,0.016205000000000004
2023-02-14,Financials,0.021659666666666653,0.15672666666666668
2023-02-15,Financials,-0.003439999999999993,0.021659666666666653
2023-02-16,Financials,0.05179,-0.003439999999999993
2023-02-17,Financials,0.262716,0.05179
2023-02-21,Financials,0.03822166666666667,0.262716
2023-02-22,Financials,0.06761900000000001,0.03822166666666667
2023-02-23,Financials,0.141895,0.06761900000000001
2023-02-24,Financials,0.10408466666666667,0.141895
2023-02-27,Financials,-0.07705702380952381,0.10408466666666667
2023-02-28,Financials,0.16547606060606063,-0.07705702380952381
2023-03-01,Financials,0.10383333333333333,0.16547606060606063
2023-03-02,Financials,0.106524,0.10383333333333333
2023-03-03,Financials,0.03209,0.106524
2023-03-06,Financials,0.087955,0.03209
2023-03-07,Financials,0.23616666666666664,0.087955
2023-03-08,Financials,0.07864603174603176,0.23616666666666664
2023-03-09,Financials,0.12157366666666665,0.07864603174603176
2023-03-10,Financials,0.057723333333333335,0.12157366666666665
2023-03-13,Financials,-0.09983045454545456,0.057723333333333335
2023-03-14,Financials,0.22156619047619047,-0.09983045454545456
2023-03-15,Financials,-0.03765955555555555,0.22156619047619047
2023-03-16,Financials,-0.023440555555555555,-0.03765955555555555
2023-03-17,Financials,-0.006530190476190472,-0.023440555555555555
2023-03-20,Financials,0.06632642857142856,-0.006530190476190472
2023-03-21,Financials,0.21572523809523805,0.06632642857142856
2023-03-22,Financials,0.06965428571428571,0.21572523809523805
2023-03-23,Financials,0.005374166666666663,0.06965428571428571
2023-03-24,Financials,-0.09184030303030304,0.005374166666666663
2023-03-27,Financials,0.1246377777777778,-0.09184030303030304
2023-03-28,Financials,0.23639666666666667,0.1246377777777778
2023-03-29,Financials,0.0678475,0.23639666666666667
2023-03-30,Financials,0.25449,0.0678475
2023-03-31,Financials,0.17680133333333334,0.25449
2023-04-03,Financials,0.1648554761904762,0.17680133333333334
2023-04-04,Financials,-0.03205233333333333,0.1648554761904762
2023-04-05,Financials,0.05374214285714285,-0.03205233333333333
2023-04-06,Financials,0.18461666666666665,0.05374214285714285
2023-04-10,Financials,0.12945596103896104,0.18461666666666665
2023-04-11,Financials,0.07092609890109891,0.12945596103896104
2023-04-12,Financials,0.12294138095238097,0.07092609890109891
2023-04-13,Financials,0.0936357343358396,0.12294138095238097
2023-04-14,Financials,0.21032676767676767,0.0936357343358396
2023-04-17,Financials,0.1948113216374269,0.21032676767676767
2023-04-18,Financials,0.20654761904761906,0.1948113216374269
2023-04-19,Financials,0.35505779271708676,0.20654761904761906
2023-04-20,Financials,0.1577714285714286,0.35505779271708676
2023-04-21,Financials,0.048263333333333325,0.1577714285714286
2023-04-24,Financials,0.13999759740259737,0.048263333333333325
2023-04-25,Financials,-0.10358212121212121,0.13999759740259737
2023-04-26,Financials,0.3678705555555556,-0.10358212121212121
2023-04-27,Financials,0.2843726666666667,0.3678705555555556
2023-04-28,Financials,0.09391690476190477,0.2843726666666667
2023-05-01,Financials,-0.058248777777777774,0.09391690476190477
2023-05-02,Financials,0.09410590476190475,-0.058248777777777774
2023-05-03,Financials,0.09591428571428572,0.09410590476190475
2023-05-04,Financials,0.1437633333333333,0.09591428571428572
2023-05-05,Financials,0.3394333333333333,0.1437633333333333
2023-05-08,Financials,0.08709666666666667,0.3394333333333333
2023-05-09,Financials,-0.16588222222222218,0.08709666666666667
2023-05-10,Financials,0.06667333333333333,-0.16588222222222218
2023-05-11,Financials,-0.028573333333333322,0.06667333333333333
2023-05-12,Financials,0.07387333333333335,-0.028573333333333322
2023-05-15,Financials,-0.05514390476190476,0.07387333333333335
2023-05-16,Financials,0.0364855238095238,-0.05514390476190476
2023-05-17,Financials,0.08861,0.0364855238095238
2023-05-18,Financials,0.10649100000000003,0.08861
2023-05-19,Financials,0.09299974358974358,0.10649100000000003
2023-05-22,Financials,0.1411447619047619,0.09299974358974358
2023-05-23,Financials,0.15348,0.1411447619047619
2023-05-24,Financials,0.06806666666666666,0.15348
2023-05-25,Financials,0.15913833333333333,0.06806666666666666
2023-05-26,Financials,0.06798166666666668,0.15913833333333333
2023-05-30,Financials,0.10187466666666667,0.06798166666666668
2023-05-31,Financials,0.11889399999999999,0.10187466666666667
2023-06-01,Financials,0.027970129870129878,0.11889399999999999
2023-06-02,Financials,-0.11590250000000002,0.027970129870129878
2023-06-05,Financials,0.04172,-0.11590250000000002
2023-06-06,Financials,0.21575533333333335,0.04172
2023-06-07,Financials,0.200685,0.21575533333333335
2023-06-08,Financials,0.06031500000000001,0.200685
2023-06-09,Financials,-0.005429545454545451,0.06031500000000001
2023-06-12,Financials,0.14871444444444443,-0.005429545454545451
2023-06-13,Financials,0.20929757575757577,0.14871444444444443
2023-06-14,Financials,0.07817333333333334,0.20929757575757577
2023-06-15,Financials,0.2528233333333333,0.07817333333333334
2023-06-16,Financials,0.12033619047619049,0.2528233333333333
2023-06-20,Financials,0.14939622727272728,0.12033619047619049
2023-06-21,Financials,0.16185233333333335,0.14939622727272728
2023-06-22,Financials,0.16334690476190475,0.16185233333333335
2023-06-23,Financials,-0.03275666666666667,0.16334690476190475
2023-06-26,Financials,0.15102969696969698,-0.03275666666666667
2023-06-27,Financials,0.22995733333333335,0.15102969696969698
2023-06-28,Financials,-0.08675057575757575,0.22995733333333335
2023-06-29,Financials,0.17205560217560217,-0.08675057575757575
2023-06-30,Financials,0.023341666666666667,0.17205560217560217
2023-07-03,Financials,0.12543648484848485,0.023341666666666667
2023-07-05,Financials,0.1827525,0.12543648484848485
2023-07-06,Financials,0.045882380952380945,0.1827525
2023-07-07,Financials,0.06778999999999999,0.045882380952380945
2023-07-10,Financials,0.06197766666666667,0.06778999999999999
2023-07-11,Financials,0.1507093333333333,0.06197766666666667
2023-07-12,Financials,0.07124133333333332,0.1507093333333333
2023-07-13,Financials,0.04074222222222223,0.07124133333333332
2023-07-14,Financials,0.06007188888888888,0.04074222222222223
2023-07-17,Financials,0.18481607852965748,0.06007188888888888
2023-07-18,Financials,0.24578811688311686,0.18481607852965748
2023-07-19,Financials,0.16887085317460318,0.24578811688311686
2023-07-20,Financials,0.3165081212121212,0.16887085317460318
2023-07-21,Financials,0.16885683333333332,0.3165081212121212
2023-07-24,Financials,0.18288545454545452,0.16885683333333332
2023-07-25,Financials,0.13760844444444448,0.18288545454545452
2023-07-26,Financials,0.15671966666666667,0.13760844444444448
2023-07-27,Financials,0.28232999999999997,0.15671966666666667
2023-07-28,Financials,0.037700238095238106,0.28232999999999997
2023-07-31,Financials,0.04156627705627706,0.037700238095238106
2023-08-01,Financials,0.10053166666666669,0.04156627705627706
2023-08-02,Financials,0.18451857142857142,0.10053166666666669
2023-08-03,Financials,0.12803,0.18451857142857142
2023-08-04,Financials,0.12334166666666668,0.12803
2023-08-07,Financials,-0.06522183333333333,0.12334166666666668
2023-08-08,Financials,-0.04428366666666666,-0.06522183333333333
2023-08-09,Financials,0.09018057142857146,-0.04428366666666666
2023-08-10,Financials,0.21222166666666667,0.09018057142857146
2023-08-11,Financials,0.18220666666666668,0.21222166666666667
2023-08-14,Financials,0.08770176923076925,0.18220666666666668
2023-08-15,Financials,-0.0955126923076923,0.08770176923076925
2023-08-16,Financials,-0.04170666666666667,-0.0955126923076923
2023-08-17,Financials,0.06385500000000001,-0.04170666666666667
2023-08-18,Financials,0.2401083333333333,0.06385500000000001
2023-08-21,Financials,0.18,0.2401083333333333
2023-08-22,Financials,0.19566,0.18
2023-08-23,Financials,0.2125144047619048,0.19566
2023-08-24,Financials,0.06587166666666666,0.2125144047619048
2023-08-25,Financials,0.070757,0.06587166666666666
2023-08-28,Financials,0.1690720303030303,0.070757
2023-08-29,Financials,-0.04299,0.1690720303030303
2023-08-30,Financials,0.08301533333333334,-0.04299
2023-08-31,Financials,0.11626095238095238,0.08301533333333334
2023-09-01,Financials,0.154155,0.11626095238095238
2023-09-05,Financials,0.09623666025641026,0.154155
2023-09-06,Financials,0.3085580952380952,0.09623666025641026
2023-09-07,Financials,0.29054244444444444,0.3085580952380952
2023-09-08,Financials,0.16149238095238094,0.29054244444444444
2023-09-11,Financials,0.19683365079365078,0.16149238095238094
2023-09-12,Financials,0.18020633333333333,0.19683365079365078
2023-09-13,Financials,0.16766833333333334,0.18020633333333333
2023-09-14,Financials,0.22278854545454543,0.16766833333333334
2023-09-15,Financials,0.06651571428571429,0.22278854545454543
2023-09-18,Financials,0.3269213333333333,0.06651571428571429
2023-09-19,Financials,-0.007264285714285718,0.3269213333333333
2023-09-20,Financials,0.16759133333333331,-0.007264285714285718
2023-09-21,Financials,0.11969133333333333,0.16759133333333331
2023-09-22,Financials,0.133682,0.11969133333333333
2023-09-25,Financials,-0.018913333333333338,0.133682
2023-09-26,Financials,0.13567095238095236,-0.018913333333333338
2023-09-27,Financials,-0.07025523809523809,0.13567095238095236
2023-09-28,Financials,0.05204119047619049,-0.07025523809523809
2023-09-29,Financials,0.20176166666666667,0.05204119047619049
2023-10-02,Financials,0.2651286666666667,0.20176166666666667
2023-10-03,Financials,0.2024936666666667,0.2651286666666667
2023-10-04,Financials,0.08303666666666668,0.2024936666666667
2023-10-05,Financials,0.15648800000000002,0.08303666666666668
2023-10-06,Financials,0.20194833333333334,0.15648800000000002
2023-10-09,Financials,0.21950010989010985,0.20194833333333334
2023-10-10,Financials,0.12218809523809522,0.21950010989010985
2023-10-11,Financials,0.02579271428571428,0.12218809523809522
2023-10-12,Financials,0.12962371717171717,0.02579271428571428
2023-10-13,Financials,0.026359529411764705,0.12962371717171717
2023-10-16,Financials,0.24585315000000002,0.026359529411764705
2023-10-17,Financials,0.2619051851851852,0.24585315000000002
2023-10-18,Financials,0.089034219731881,0.2619051851851852
2023-10-19,Financials,0.26420733333333335,0.089034219731881
2023-10-20,Financials,0.1422533333333334,0.26420733333333335
2023-10-23,Financials,0.054865,0.1422533333333334
2023-10-24,Financials,0.127554,0.054865
2023-10-25,Financials,0.22011212121212118,0.127554
2023-10-26,Financials,0.21174900000000002,0.22011212121212118
2023-10-27,Financials,0.06623000000000001,0.21174900000000002
2023-10-30,Financials,0.2561,0.06623000000000001
2023-10-31,Financials,0.11656333333333331,0.2561
2023-11-01,Financials,0.068527,0.11656333333333331
2023-11-02,Financials,0.18769200000000003,0.068527
2023-11-03,Financials,0.27786,0.18769200000000003
2023-11-06,Financials,0.07698222222222222,0.27786
2023-11-07,Financials,0.10614333333333333,0.07698222222222222
2023-11-08,Financials,0.03517,0.10614333333333333
2023-11-09,Financials,0.09526349206349208,0.03517
2023-11-10,Financials,0.131235,0.09526349206349208
2023-11-13,Financials,-0.1290366233766234,0.131235
2023-11-14,Financials,0.100069,-0.1290366233766234
2023-11-15,Financials,0.12641166666666667,0.100069
2023-11-16,Financials,0.082075,0.12641166666666667
2023-11-17,Financials,0.14834466666666665,0.082075
2023-11-20,Financials,0.034952,0.14834466666666665
2023-11-21,Financials,0.089228,0.034952
2023-11-22,Financials,-0.06491822222222224,0.089228
2023-11-24,Financials,0.08218038888888891,-0.06491822222222224
2023-11-27,Financials,0.113453,0.08218038888888891
2023-11-28,Financials,0.119376,0.113453
2023-11-29,Financials,0.12756983333333333,0.119376
2023-11-30,Financials,0.18348466666666666,0.12756983333333333
2023-12-01,Financials,0.009588000000000008,0.18348466666666666
2023-12-04,Financials,0.13747011111111113,0.009588000000000008
2023-12-05,Financials,0.1523225,0.13747011111111113
2023-12-06,Financials,-0.0018216666666666698,0.1523225
2023-12-07,Financials,0.07356666666666667,-0.0018216666666666698
2023-12-08,Financials,0.25089,0.07356666666666667
2023-12-11,Financials,0.12500892857142856,0.25089
2023-12-12,Financials,0.2898558787878788,0.12500892857142856
2023-12-13,Financials,0.15396722222222223,0.2898558787878788
2023-12-14,Financials,0.043054666666666665,0.15396722222222223
2023-12-15,Financials,0.15347428571428573,0.043054666666666665
2023-12-18,Financials,0.15872690476190474,0.15347428571428573
2023-12-19,Financials,0.0,0.15872690476190474
2023-12-20,Financials,0.0,0.0
2023-12-21,Financials,0.0,0.0
2023-12-22,Financials,0.0,0.0
2023-12-26,Financials,0.0,0.0
2023-12-27,Financials,0.0,0.0
2023-12-28,Financials,0.0,0.0
2023-12-29,Financials,0.0,0.0
2020-01-02,Healthcare,0.2999647619047619,
2020-01-03,Healthcare,0.110025,0.2999647619047619
2020-01-06,Healthcare,0.441484,0.110025
2020-01-07,Healthcare,0.139468,0.441484
2020-01-08,Healthcare,0.2254288888888889,0.139468
2020-01-09,Healthcare,0.20590166666666665,0.2254288888888889
2020-01-10,Healthcare,0.24474,0.20590166666666665
2020-01-13,Healthcare,0.1905475,0.24474
2020-01-14,Healthcare,0.25922,0.1905475
2020-01-15,Healthcare,0.14946500000000001,0.25922
2020-01-16,Healthcare,0.17829,0.14946500000000001
2020-01-17,Healthcare,0.16177,0.17829
2020-01-21,Healthcare,0.1719940476190476,0.16177
2020-01-22,Healthcare,0.16428166666666666,0.1719940476190476
2020-01-23,Healthcare,0.08019333333333331,0.16428166666666666
2020-01-24,Healthcare,0.2465113333333333,0.08019333333333331
2020-01-27,Healthcare,0.3733228888888889,0.2465113333333333
2020-01-28,Healthcare,0.28691833333333333,0.3733228888888889
2020-01-29,Healthcare,0.22233266666666665,0.28691833333333333
2020-01-30,Healthcare,0.1448990909090909,0.22233266666666665
2020-01-31,Healthcare,0.22611799999999999,0.1448990909090909
2020-02-03,Healthcare,0.1998265975422427,0.22611799999999999
2020-02-04,Healthcare,0.2150909523809524,0.1998265975422427
2020-02-05,Healthcare,0.19479785714285713,0.2150909523809524
2020-02-06,Healthcare,0.34227607692307693,0.19479785714285713
2020-02-07,Healthcare,0.31087292929292926,0.34227607692307693
2020-02-10,Healthcare,0.10339833333333333,0.31087292929292926
2020-02-11,Healthcare,0.04357000000000001,0.10339833333333333
2020-02-12,Healthcare,0.2599591666666667,0.04357000000000001
2020-02-13,Healthcare,0.2845966666666667,0.2599591666666667
2020-02-14,Healthcare,0.25894999999999996,0.2845966666666667
2020-02-18,Healthcare,0.17754357843137253,0.25894999999999996
2020-02-19,Healthcare,0.29369500000000004,0.17754357843137253
2020-02-20,Healthcare,0.066954,0.29369500000000004
2020-02-21,Healthcare,0.17038250000000002,0.066954
2020-02-24,Healthcare,0.17515529411764705,0.17038250000000002
2020-02-25,Healthcare,0.26930444444444446,0.17515529411764705
2020-02-26,Healthcare,0.09440284313725489,0.26930444444444446
2020-02-27,Healthcare,0.04567579999999999,0.09440284313725489
2020-02-28,Healthcare,0.15582599999999996,0.04567579999999999
2020-03-02,Healthcare,0.11494214285714284,0.15582599999999996
2020-03-03,Healthcare,0.386788717948718,0.11494214285714284
2020-03-04,Healthcare,0.457127,0.386788717948718
2020-03-05,Healthcare,0.20670769230769231,0.457127
2020-03-06,Healthcare,0.07438363636363636,0.20670769230769231
2020-03-09,Healthcare,0.24202547368421054,0.07438363636363636
2020-03-10,Healthcare,0.15201125,0.24202547368421054
2020-03-11,Healthcare,0.1272847222222222,0.15201125
2020-03-12,Healthcare,-0.18379399999999996,0.1272847222222222
2020-03-13,Healthcare,-0.11290499999999999,-0.18379399999999996
2020-03-16,Healthcare,0.13800866666666667,-0.11290499999999999
2020-03-17,Healthcare,0.32581333333333334,0.13800866666666667
2020-03-18,Healthcare,0.0675775,0.32581333333333334
2020-03-19,Healthcare,0.07309600000000001,0.0675775
2020-03-20,Healthcare,0.1285192307692308,0.07309600000000001
2020-03-23,Healthcare,0.16912562770562772,0.1285192307692308
2020-03-24,Healthcare,0.3838647619047619,0.16912562770562772
2020-03-25,Healthcare,0.32061571428571434,0.3838647619047619
2020-03-26,Healthcare,0.3470560606060606,0.32061571428571434
2020-03-27,Healthcare,0.22827099999999997,0.3470560606060606
2020-03-30,Healthcare,0.21998485714285715,0.22827099999999997
2020-03-31,Healthcare,0.0708747619047619,0.21998485714285715
2020-04-01,Healthcare,0.06537333333333335,0.0708747619047619
2020-04-02,Healthcare,0.17046333333333333,0.06537333333333335
2020-04-03,Healthcare,0.2102733333333333,0.17046333333333333
2020-04-06,Healthcare,0.38168764367816094,0.2102733333333333
2020-04-07,Healthcare,0.07559087719298245,0.38168764367816094
2020-04-08,Healthcare,0.12525555555555556,0.07559087719298245
2020-04-09,Healthcare,-0.0016383333333333306,0.12525555555555556
2020-04-13,Healthcare,0.09472187878787877,-0.0016383333333333306
2020-04-14,Healthcare,0.17862285714285714,0.09472187878787877
2020-04-15,Healthcare,0.12718690476190478,0.17862285714285714
2020-04-16,Healthcare,0.3374387468671679,0.12718690476190478
2020-04-17,Healthcare,0.341616116636528,0.3374387468671679
2020-04-20,Healthcare,-0.035580893617021284,0.341616116636528
2020-04-21,Healthcare,0.07885619047619052,-0.035580893617021284
2020-04-22,Healthcare,0.26706371794871797,0.07885619047619052
2020-04-23,Healthcare,0.2645083333333333,0.26706371794871797
2020-04-24,Healthcare,0.0643562857142857,0.2645083333333333
2020-04-27,Healthcare,0.10571028571428571,0.0643562857142857
2020-04-28,Healthcare,0.2652056923076923,0.10571028571428571
2020-04-29,Healthcare,0.07883641379310344,0.2652056923076923
2020-04-30,Healthcare,0.27030453846153846,0.07883641379310344
2020-05-01,Healthcare,0.11277174379344587,0.27030453846153846
2020-05-04,Healthcare,0.19514641025641027,0.11277174379344587
2020-05-05,Healthcare,0.21770444444444442,0.19514641025641027
2020-05-06,Healthcare,0.22932666666666668,0.21770444444444442
2020-05-07,Healthcare,0.08425166666666667,0.22932666666666668
2020-05-08,Healthcare,-0.003022638888888887,0.08425166666666667
2020-05-11,Healthcare,0.15326932367149756,-0.003022638888888887
2020-05-12,Healthcare,-0.012608571428571424,0.15326932367149756
2020-05-13,Healthcare,0.13410007614607616,-0.012608571428571424
2020-05-14,Healthcare,0.14906166666666668,0.13410007614607616
2020-05-15,Healthcare,0.013781363636363633,0.14906166666666668
2020-05-18,Healthcare,0.13452266666666665,0.013781363636363633
2020-05-19,Healthcare,0.21358666666666667,0.13452266666666665
2020-05-20,Healthcare,0.10031761904761904,0.21358666666666667
2020-05-21,Healthcare,0.14055866666666667,0.10031761904761904
2020-05-22,Healthcare,0.17968,0.14055866666666667
2020-05-26,Healthcare,0.18790590476190472,0.17968
2020-05-27,Healthcare,0.038748698412698415,0.18790590476190472
2020-05-28,Healthcare,-0.0538,0.038748698412698415
2020-05-29,Healthcare,0.1996088888888889,-0.0538
2020-06-01,Healthcare,0.2403025396825397,0.1996088888888889
2020-06-02,Healthcare,0.009114285714285717,0.2403025396825397
2020-06-03,Healthcare,0.2929708333333333,0.009114285714285717
2020-06-04,Healthcare,0.20488555555555554,0.2929708333333333
2020-06-05,Healthcare,0.10807,0.20488555555555554
2020-06-08,Healthcare,0.16428233333333336,0.10807
2020-06-09,Healthcare,-0.005514000000000002,0.16428233333333336
2020-06-10,Healthcare,0.0924975,-0.005514000000000002
2020-06-11,Healthcare,0.15764666666666666,0.0924975
2020-06-12,Healthcare,0.20366333333333336,0.15764666666666666
2020-06-15,Healthcare,0.2677331428571429,0.20366333333333336
2020-06-16,Healthcare,0.08297666666666667,0.2677331428571429
2020-06-17,Healthcare,-0.02973,0.08297666666666667
2020-06-18,Healthcare,0.33315,-0.02973
2020-06-19,Healthcare,0.2171,0.33315
2020-06-22,Healthcare,0.3057111111111111,0.2171
2020-06-23,Healthcare,0.16811833333333331,0.3057111111111111
2020-06-24,Healthcare,0.01723666666666666,0.16811833333333331
2020-06-25,Healthcare,0.08012,0.01723666666666666
2020-06-26,Healthcare,-0.015775999999999995,0.08012
2020-06-29,Healthcare,0.3186491666666667,-0.015775999999999995
2020-06-30,Healthcare,0.16499999999999998,0.3186491666666667
2020-07-01,Healthcare,0.2648188888888889,0.16499999999999998
2020-07-02,Healthcare,0.14847833333333332,0.2648188888888889
2020-07-06,Healthcare,0.2576198095238095,0.14847833333333332
2020-07-07,Healthcare,0.1924533333333333,0.2576198095238095
2020-07-08,Healthcare,0.18119047619047618,0.1924533333333333
2020-07-09,Healthcare,-0.009336666666666668,0.18119047619047618
2020-07-10,Healthcare,0.23543363636363637,-0.009336666666666668
2020-07-13,Healthcare,0.09505250000000001,0.23543363636363637
2020-07-14,Healthcare,0.22699000000000003,0.09505250000000001
2020-07-15,Healthcare,0.17529,0.22699000000000003
2020-07-16,Healthcare,0.20820599999999997,0.17529
2020-07-17,Healthcare,0.05044666666666666,0.20820599999999997
2020-07-20,Healthcare,0.25165499999999996,0.05044666666666666
2020-07-21,Healthcare,0.24048166666666665,0.25165499999999996
2020-07-22,Healthcare,0.42593,0.24048166666666665
2020-07-23,Healthcare,-0.04065999999999999,0.42593
2020-07-24,Healthcare,0.20013499999999995,-0.04065999999999999
2020-07-27,Healthcare,0.12135500000000002,0.20013499999999995
2020-07-28,Healthcare,0.10674999999999998,0.12135500000000002
2020-07-29,Healthcare,0.21205599999999997,0.10674999999999998
2020-07-30,Healthcare,0.09670499999999999,0.21205599999999997
2020-07-31,Healthcare,0.1059936752136752,0.09670499999999999
2020-08-03,Healthcare,0.034089523809523806,0.1059936752136752
2020-08-04,Healthcare,0.02723333333333333,0.034089523809523806
2020-08-05,Healthcare,-0.020999999999999998,0.02723333333333333
2020-08-06,Healthcare,0.179663,-0.020999999999999998
2020-08-07,Healthcare,0.3152814285714286,0.179663
2020-08-10,Healthcare,0.19327999999999998,0.3152814285714286
2020-08-11,Healthcare,0.17493333333333333,0.19327999999999998
2020-08-12,Healthcare,0.04046,0.17493333333333333
2020-08-13,Healthcare,-0.13394,0.04046
2020-08-14,Healthcare,0.03818,-0.13394
2020-08-17,Healthcare,0.42248,0.03818
2020-08-18,Healthcare,-0.09463,0.42248
2020-08-19,Healthcare,0.15709333333333336,-0.09463
2020-08-20,Healthcare,0.044259999999999994,0.15709333333333336
2020-08-21,Healthcare,0.08082,0.044259999999999994
2020-08-24,Healthcare,0.18595,0.08082
2020-08-25,Healthcare,0.24937,0.18595
2020-08-26,Healthcare,0.28758799999999995,0.24937
2020-08-27,Healthcare,0.26147466666666663,0.28758799999999995
2020-08-28,Healthcare,0.07423733333333335,0.26147466666666663
2020-08-31,Healthcare,0.2283777777777778,0.07423733333333335
2020-09-01,Healthcare,0.1400297619047619,0.2283777777777778
2020-09-02,Healthcare,-0.105315,0.1400297619047619
2020-09-03,Healthcare,0.04453,-0.105315
2020-09-04,Healthcare,-0.01297428571428571,0.04453
2020-09-08,Healthcare,0.07284166666666667,-0.01297428571428571
2020-09-09,Healthcare,0.133745,0.07284166666666667
2020-09-10,Healthcare,0.15566,0.133745
2020-09-11,Healthcare,0.09237999999999999,0.15566
2020-09-14,Healthcare,0.28695611594202897,0.09237999999999999
2020-09-15,Healthcare,0.16040833333333332,0.28695611594202897
2020-09-16,Healthcare,0.0,0.16040833333333332
2020-09-17,Healthcare,0.12932833333333332,0.0
2020-09-18,Healthcare,0.007252000000000014,0.12932833333333332
2020-09-21,Healthcare,-0.128166,0.007252000000000014
2020-09-22,Healthcare,0.47024999999999995,-0.128166
2020-09-23,Healthcare,0.048639999999999996,0.47024999999999995
2020-09-24,Healthcare,-0.09899,0.048639999999999996
2020-09-25,Healthcare,0.16961333333333334,-0.09899
2020-09-28,Healthcare,0.07203700000000002,0.16961333333333334
2020-09-29,Healthcare,0.24838714285714283,0.07203700000000002
2020-09-30,Healthcare,0.27073,0.24838714285714283
2020-10-01,Healthcare,-0.023091000000000007,0.27073
2020-10-02,Healthcare,-0.0678,-0.023091000000000007
2020-10-05,Healthcare,0.06648999999999998,-0.0678
2020-10-06,Healthcare,0.05284,0.06648999999999998
2020-10-07,Healthcare,0.24940047619047617,0.05284
2020-10-08,Healthcare,0.050246111111111116,0.24940047619047617
2020-10-09,Healthcare,-0.09109199999999999,0.050246111111111116
2020-10-12,Healthcare,0.1554158333333333,-0.09109199999999999
2020-10-13,Healthcare,-0.03333,0.1554158333333333
2020-10-14,Healthcare,0.30866099999999996,-0.03333
2020-10-15,Healthcare,0.25447333333333333,0.30866099999999996
2020-10-16,Healthcare,0.1380623076923077,0.25447333333333333
2020-10-19,Healthcare,0.2223266666666667,0.1380623076923077
2020-10-20,Healthcare,0.29196,0.2223266666666667
2020-10-21,Healthcare,0.21164,0.29196
2020-10-22,Healthcare,0.03387799999999999,0.21164
2020-10-23,Healthcare,0.062894,0.03387799999999999
2020-10-26,Healthcare,0.07472222222222223,0.062894
2020-10-27,Healthcare,0.20131000000000002,0.07472222222222223
2020-10-28,Healthcare,0.028794666666666652,0.20131000000000002
2020-10-29,Healthcare,0.25798333333333334,0.028794666666666652
2020-10-30,Healthcare,0.22556727272727276,0.25798333333333334
2020-11-02,Healthcare,0.14853634920634923,0.22556727272727276
2020-11-03,Healthcare,0.204956,0.14853634920634923
2020-11-04,Healthcare,0.25890444444444444,0.204956
2020-11-05,Healthcare,0.08271666666666666,0.25890444444444444
2020-11-06,Healthcare,0.09524000000000002,0.08271666666666666
2020-11-09,Healthcare,0.23480666666666666,0.09524000000000002
2020-11-10,Healthcare,0.26516,0.23480666666666666
2020-11-11,Healthcare,0.07636,0.26516
2020-11-12,Healthcare,0.020810000000000002,0.07636
2020-11-13,Healthcare,0.22022000000000003,0.020810000000000002
2020-11-16,Healthcare,0.169375,0.22022000000000003
2020-11-17,Healthcare,0.06318499999999999,0.169375
2020-11-18,Healthcare,0.15037333333333333,0.06318499999999999
2020-11-19,Healthcare,0.05620333333333334,0.15037333333333333
2020-11-20,Healthcare,0.06804,0.05620333333333334
2020-11-23,Healthcare,0.3000070952380952,0.06804
2020-11-24,Healthcare,0.18177,0.3000070952380952
2020-11-25,Healthcare,0.04019,0.18177
2020-11-27,Healthcare,0.004606666666666659,0.04019
2020-11-30,Healthcare,0.18703333333333333,0.004606666666666659
2020-12-01,Healthcare,0.19291,0.18703333333333333
2020-12-02,Healthcare,0.13839,0.19291
2020-12-03,Healthcare,0.19134,0.13839
2020-12-04,Healthcare,0.058868333333333335,0.19134
2020-12-07,Healthcare,0.007906666666666663,0.058868333333333335
2020-12-08,Healthcare,0.059899999999999995,0.007906666666666663
2020-12-09,Healthcare,0.027110000000000002,0.059899999999999995
2020-12-10,Healthcare,0.25124,0.027110000000000002
2020-12-11,Healthcare,0.362288,0.25124
2020-12-14,Healthcare,0.27961,0.362288
2020-12-15,Healthcare,0.2317733333333333,0.27961
2020-12-16,Healthcare,0.122675,0.2317733333333333
2020-12-17,Healthcare,0.32149266666666665,0.122675
2020-12-18,Healthcare,0.27969,0.32149266666666665
2020-12-21,Healthcare,0.30552,0.27969
2020-12-22,Healthcare,0.10177,0.30552
2020-12-23,Healthcare,0.14745833333333333,0.10177
2020-12-24,Healthcare,0.26148,0.14745833333333333
2020-12-28,Healthcare,0.15607,0.26148
2020-12-29,Healthcare,0.04407333333333334,0.15607
2020-12-30,Healthcare,0.20194,0.04407333333333334
2020-12-31,Healthcare,0.24135,0.20194
2021-01-04,Healthcare,0.23887,0.24135
2021-01-05,Healthcare,0.18424999999999997,0.23887
2021-01-06,Healthcare,0.06664999999999999,0.18424999999999997
2021-01-07,Healthcare,0.05621666666666667,0.06664999999999999
2021-01-08,Healthcare,0.0,0.05621666666666667
2021-01-11,Healthcare,-0.09009214285714286,0.0
2021-01-12,Healthcare,0.17599166666666669,-0.09009214285714286
2021-01-13,Healthcare,0.250035,0.17599166666666669
2021-01-14,Healthcare,0.20641500000000002,0.250035
2021-01-15,Healthcare,0.1204,0.20641500000000002
2021-01-19,Healthcare,0.10955,0.1204
2021-01-20,Healthcare,0.38819,0.10955
2021-01-21,Healthcare,0.09659,0.38819
2021-01-22,Healthcare,0.07224,0.09659
2021-01-25,Healthcare,0.2192705,0.07224
2021-01-26,Healthcare,0.06555733333333334,0.2192705
2021-01-27,Healthcare,0.21215142857142855,0.06555733333333334
2021-01-28,Healthcare,0.23903599999999997,0.21215142857142855
2021-01-29,Healthcare,0.06553333333333333,0.23903599999999997
2021-02-01,Healthcare,0.29419,0.06553333333333333
2021-02-02,Healthcare,0.087865,0.29419
2021-02-03,Healthcare,0.14451133333333332,0.087865
2021-02-04,Healthcare,0.17233045454545454,0.14451133333333332
2021-02-05,Healthcare,0.3725773333333333,0.17233045454545454
2021-02-08,Healthcare,0.2286,0.3725773333333333
2021-02-09,Healthcare,0.2510366666666667,0.2286
2021-02-10,Healthcare,0.228242,0.2510366666666667
2021-02-11,Healthcare,0.18130333333333332,0.228242
2021-02-12,Healthcare,0.22621666666666665,0.18130333333333332
2021-02-16,Healthcare,0.07172,0.22621666666666665
2021-02-17,Healthcare,0.16776555555555556,0.07172
2021-02-18,Healthcare,0.26508000000000004,0.16776555555555556
2021-02-19,Healthcare,0.09549333333333333,0.26508000000000004
2021-02-22,Healthcare,0.264662,0.09549333333333333
2021-02-23,Healthcare,0.09224000000000002,0.264662
2021-02-24,Healthcare,0.11243,0.09224000000000002
2021-02-25,Healthcare,0.191915,0.11243
2021-02-26,Healthcare,0.005599999999999999,0.191915
2021-03-01,Healthcare,0.12965,0.005599999999999999
2021-03-02,Healthcare,0.07698666666666668,0.12965
2021-03-03,Healthcare,0.226635,0.07698666666666668
2021-03-04,Healthcare,0.0864725,0.226635
2021-03-05,Healthcare,0.04819000000000001,0.0864725
2021-03-08,Healthcare,0.22934000000000002,0.04819000000000001
2021-03-09,Healthcare,0.02408,0.22934000000000002
2021-03-10,Healthcare,0.08512,0.02408
2021-03-11,Healthcare,0.045008000000000006,0.08512
2021-03-12,Healthcare,-0.02408,0.045008000000000006
2021-03-15,Healthcare,0.19577257142857143,-0.02408
2021-03-16,Healthcare,0.16741999999999999,0.19577257142857143
2021-03-17,Healthcare,0.11861,0.16741999999999999
2021-03-18,Healthcare,0.11881333333333333,0.11861
2021-03-19,Healthcare,0.20392000000000002,0.11881333333333333
2021-03-22,Healthcare,0.078104,0.20392000000000002
2021-03-23,Healthcare,0.06770999999999999,0.078104
2021-03-24,Healthcare,0.23442000000000002,0.06770999999999999
2021-03-25,Healthcare,0.28579999999999994,0.23442000000000002
2021-03-26,Healthcare,0.02945833333333333,0.28579999999999994
2021-03-29,Healthcare,0.33635,0.02945833333333333
2021-03-30,Healthcare,-0.040295,0.33635
2021-03-31,Healthcare,0.13508,-0.040295
2021-04-01,Healthcare,0.09941,0.13508
2021-04-05,Healthcare,0.20184933333333338,0.09941
2021-04-06,Healthcare,0.12664,0.20184933333333338
2021-04-07,Healthcare,0.22782,0.12664
2021-04-08,Healthcare,0.23912999999999998,0.22782
2021-04-09,Healthcare,0.17509000000000002,0.23912999999999998
2021-04-12,Healthcare,0.132355,0.17509000000000002
2021-04-13,Healthcare,0.012703333333333322,0.132355
2021-04-14,Healthcare,0.03216666666666668,0.012703333333333322
2021-04-15,Healthcare,0.26433999999999996,0.03216666666666668
2021-04-16,Healthcare,-0.05,0.26433999999999996
2021-04-19,Healthcare,0.054675714285714286,-0.05
2021-04-20,Healthcare,0.16751333333333332,0.054675714285714286
2021-04-21,Healthcare,0.42711000000000005,0.16751333333333332
2021-04-22,Healthcare,0.05271,0.42711000000000005
2021-04-23,Healthcare,0.18784,0.05271
2021-04-26,Healthcare,0.346624,0.18784
2021-04-27,Healthcare,0.3322083333333333,0.346624
2021-04-28,Healthcare,0.2663258095238095,0.3322083333333333
2021-04-29,Healthcare,0.26054847619047616,0.2663258095238095
2021-04-30,Healthcare,0.21197610256410257,0.26054847619047616
2021-05-03,Healthcare,0.2922883333333333,0.21197610256410257
2021-05-04,Healthcare,0.308425,0.2922883333333333
2021-05-05,Healthcare,0.24600999999999998,0.308425
2021-05-06,Healthcare,0.0,0.24600999999999998
2021-05-07,Healthcare,0.19884,0.0
2021-05-10,Healthcare,0.19321866666666668,0.19884
2021-05-11,Healthcare,0.10212000000000002,0.19321866666666668
2021-05-12,Healthcare,0.45282,0.10212000000000002
2021-05-13,Healthcare,-0.017186666666666663,0.45282
2021-05-14,Healthcare,0.20032666666666668,-0.017186666666666663
2021-05-17,Healthcare,0.27317,0.20032666666666668
2021-05-18,Healthcare,0.09609000000000001,0.27317
2021-05-19,Healthcare,-0.06284000000000001,0.09609000000000001
2021-05-20,Healthcare,0.16141333333333335,-0.06284000000000001
2021-05-21,Healthcare,0.31498,0.16141333333333335
2021-05-24,Healthcare,0.27806966666666666,0.31498
2021-05-25,Healthcare,0.22759000000000001,0.27806966666666666
2021-05-26,Healthcare,0.012659999999999994,0.22759000000000001
2021-05-27,Healthcare,0.17517,0.012659999999999994
2021-05-28,Healthcare,0.10922666666666667,0.17517
2021-06-01,Healthcare,0.24121266666666666,0.10922666666666667
2021-06-02,Healthcare,0.04712999999999999,0.24121266666666666
2021-06-03,Healthcare,0.20373999999999998,0.04712999999999999
2021-06-04,Healthcare,-0.01202,0.20373999999999998
2021-06-07,Healthcare,0.06886666666666666,-0.01202
2021-06-08,Healthcare,0.09878,0.06886666666666666
2021-06-09,Healthcare,0.1570890909090909,0.09878
2021-06-10,Healthcare,0.16836666666666666,0.1570890909090909
2021-06-11,Healthcare,0.13781,0.16836666666666666
2021-06-14,Healthcare,0.2842916666666667,0.13781
2021-06-15,Healthcare,0.21561000000000002,0.2842916666666667
2021-06-16,Healthcare,0.0,0.21561000000000002
2021-06-17,Healthcare,0.29606,0.0
2021-06-18,Healthcare,0.21157666666666666,0.29606
2021-06-21,Healthcare,0.29936799999999997,0.21157666666666666
2021-06-22,Healthcare,0.13144,0.29936799999999997
2021-06-23,Healthcare,0.11118000000000001,0.13144
2021-06-24,Healthcare,0.06551,0.11118000000000001
2021-06-25,Healthcare,0.15652600000000003,0.06551
2021-06-28,Healthcare,0.19296,0.15652600000000003
2021-06-29,Healthcare,0.14022,0.19296
2021-06-30,Healthcare,0.113605,0.14022
2021-07-01,Healthcare,0.029599999999999998,0.113605
2021-07-02,Healthcare,0.5562799999999999,0.029599999999999998
2021-07-06,Healthcare,0.048468,0.5562799999999999
2021-07-07,Healthcare,0.3061333333333333,0.048468
2021-07-08,Healthcare,0.1112,0.3061333333333333
2021-07-09,Healthcare,0.05814333333333334,0.1112
2021-07-12,Healthcare,0.17993333333333333,0.05814333333333334
2021-07-13,Healthcare,0.06572,0.17993333333333333
2021-07-14,Healthcare,0.35872000000000004,0.06572
2021-07-15,Healthcare,-0.01531,0.35872000000000004
2021-07-16,Healthcare,0.13194,-0.01531
2021-07-19,Healthcare,0.11750499999999997,0.13194
2021-07-20,Healthcare,0.027909999999999997,0.11750499999999997
2021-07-21,Healthcare,0.01544,0.027909999999999997
2021-07-22,Healthcare,0.027385714285714284,0.01544
2021-07-23,Healthcare,0.08816,0.027385714285714284
2021-07-26,Healthcare,0.2507933333333333,0.08816
2021-07-27,Healthcare,-0.0046399999999999775,0.2507933333333333
2021-07-28,Healthcare,0.1578566666666667,-0.0046399999999999775
2021-07-29,Healthcare,0.14609866666666665,0.1578566666666667
2021-07-30,Healthcare,0.1401413333333333,0.14609866666666665
2021-08-02,Healthcare,0.37457766666666664,0.1401413333333333
2021-08-03,Healthcare,0.16839666666666667,0.37457766666666664
2021-08-04,Healthcare,0.22018999999999997,0.16839666666666667
2021-08-05,Healthcare,0.07278,0.22018999999999997
2021-08-06,Healthcare,0.22267333333333333,0.07278
2021-08-09,Healthcare,0.16020500000000001,0.22267333333333333
2021-08-10,Healthcare,0.062346666666666675,0.16020500000000001
2021-08-11,Healthcare,0.193,0.062346666666666675
2021-08-12,Healthcare,0.20521000000000003,0.193
2021-08-13,Healthcare,0.11148,0.20521000000000003
2021-08-16,Healthcare,0.115048,0.11148
2021-08-17,Healthcare,0.29169999999999996,0.115048
2021-08-18,Healthcare,0.25174,0.29169999999999996
2021-08-19,Healthcare,0.019379999999999998,0.25174
2021-08-20,Healthcare,0.11148,0.019379999999999998
2021-08-23,Healthcare,-0.02345,0.11148
2021-08-24,Healthcare,0.08495333333333334,-0.02345
2021-08-25,Healthcare,0.22772666666666663,0.08495333333333334
2021-08-26,Healthcare,0.11086,0.22772666666666663
2021-08-27,Healthcare,0.3564333333333334,0.11086
2021-08-30,Healthcare,0.21013,0.3564333333333334
2021-08-31,Healthcare,-0.01909,0.21013
2021-09-01,Healthcare,0.09135266666666665,-0.01909
2021-09-02,Healthcare,0.20940666666666666,0.09135266666666665
2021-09-03,Healthcare,0.0,0.20940666666666666
2021-09-07,Healthcare,0.29263666666666666,0.0
2021-09-08,Healthcare,0.04385,0.29263666666666666
2021-09-09,Healthcare,0.17937785714285714,0.04385
2021-09-10,Healthcare,0.029226666666666668,0.17937785714285714
2021-09-13,Healthcare,0.3427933333333334,0.029226666666666668
2021-09-14,Healthcare,0.16431999999999997,0.3427933333333334
2021-09-15,Healthcare,0.2540016666666666,0.16431999999999997
2021-09-16,Healthcare,0.29375333333333337,0.2540016666666666
2021-09-17,Healthcare,-0.037955,0.29375333333333337
2021-09-20,Healthcare,0.12238666666666669,-0.037955
2021-09-21,Healthcare,0.16787999999999997,0.12238666666666669
2021-09-22,Healthcare,0.07104999999999997,0.16787999999999997
2021-09-23,Healthcare,0.3872,0.07104999999999997
2021-09-24,Healthcare,0.09145333333333333,0.3872
2021-09-27,Healthcare,0.33744999999999997,0.09145333333333333
2021-09-28,Healthcare,0.17913533333333334,0.33744999999999997
2021-09-29,Healthcare,0.2697116666666667,0.17913533333333334
2021-09-30,Healthcare,0.14092,0.2697116666666667
2021-10-01,Healthcare,0.0292962962962963,0.14092
2021-10-04,Healthcare,0.188198,0.0292962962962963
2021-10-05,Healthcare,0.047092666666666665,0.188198
2021-10-06,Healthcare,0.10900222222222222,0.047092666666666665
2021-10-07,Healthcare,0.11093466666666667,0.10900222222222222
2021-10-08,Healthcare,0.08698333333333333,0.11093466666666667
2021-10-11,Healthcare,0.15612692307692305,0.08698333333333333
2021-10-12,Healthcare,0.22853428571428572,0.15612692307692305
2021-10-13,Healthcare,-0.030012000000000004,0.22853428571428572
2021-10-14,Healthcare,0.0,-0.030012000000000004
2021-10-15,Healthcare,0.10533999999999999,0.0
2021-10-18,Healthcare,0.29978828571428573,0.10533999999999999
2021-10-19,Healthcare,0.04236642857142857,0.29978828571428573
2021-10-20,Healthcare,0.08950933333333333,0.04236642857142857
2021-10-21,Healthcare,0.26389,0.08950933333333333
2021-10-22,Healthcare,0.10751599999999999,0.26389
2021-10-25,Healthcare,0.04786555555555556,0.10751599999999999
2021-10-26,Healthcare,-0.044615,0.04786555555555556
2021-10-27,Healthcare,0.16690714285714284,-0.044615
2021-10-28,Healthcare,0.16986446153846152,0.16690714285714284
2021-10-29,Healthcare,0.041834915966386554,0.16986446153846152
2021-11-01,Healthcare,0.3442,0.041834915966386554
2021-11-02,Healthcare,0.2264908333333333,0.3442
2021-11-03,Healthcare,0.19732,0.2264908333333333
2021-11-04,Healthcare,0.1051969696969697,0.19732
2021-11-05,Healthcare,0.2550411111111111,0.1051969696969697
2021-11-08,Healthcare,0.22026953846153846,0.2550411111111111
2021-11-09,Healthcare,0.09409500000000001,0.22026953846153846
2021-11-10,Healthcare,0.023030000000000002,0.09409500000000001
2021-11-11,Healthcare,0.23002666666666666,0.023030000000000002
2021-11-12,Healthcare,0.127985,0.23002666666666666
2021-11-15,Healthcare,0.161198,0.127985
2021-11-16,Healthcare,0.10966400000000001,0.161198
2021-11-17,Healthcare,0.18963666666666668,0.10966400000000001
2021-11-18,Healthcare,-0.05226000000000001,0.18963666666666668
2021-11-19,Healthcare,0.37277,-0.05226000000000001
2021-11-22,Healthcare,0.06395857142857143,0.37277
2021-11-23,Healthcare,0.22214,0.06395857142857143
2021-11-24,Healthcare,-0.11587999999999998,0.22214
2021-11-26,Healthcare,0.07755999999999999,-0.11587999999999998
2021-11-29,Healthcare,0.1364925641025641,0.07755999999999999
2021-11-30,Healthcare,0.13403428571428572,0.1364925641025641
2021-12-01,Healthcare,0.04078499999999998,0.13403428571428572
2021-12-02,Healthcare,-0.07950133333333334,0.04078499999999998
2021-12-03,Healthcare,0.21081000000000003,-0.07950133333333334
2021-12-06,Healthcare,0.26951166666666665,0.21081000000000003
2021-12-07,Healthcare,0.06858,0.26951166666666665
2021-12-08,Healthcare,0.06692000000000001,0.06858
2021-12-09,Healthcare,0.04181,0.06692000000000001
2021-12-10,Healthcare,0.13416666666666668,0.04181
2021-12-13,Healthcare,0.2882516666666667,0.13416666666666668
2021-12-14,Healthcare,0.20285000000000003,0.2882516666666667
2021-12-15,Healthcare,0.125065,0.20285000000000003
2021-12-16,Healthcare,0.07637799999999999,0.125065
2021-12-17,Healthcare,0.21177,0.07637799999999999
2021-12-20,Healthcare,0.17111066666666666,0.21177
2021-12-21,Healthcare,0.2025128571428571,0.17111066666666666
2021-12-22,Healthcare,0.05923166666666666,0.2025128571428571
2021-12-23,Healthcare,0.21421137254901962,0.05923166666666666
2021-12-27,Healthcare,0.3379796666666667,0.21421137254901962
2021-12-28,Healthcare,0.13170666666666667,0.3379796666666667
2021-12-29,Healthcare,0.07364,0.13170666666666667
2021-12-30,Healthcare,0.20701857142857144,0.07364
2021-12-31,Healthcare,0.12043999999999999,0.20701857142857144
2022-01-03,Healthcare,0.35046542857142854,0.12043999999999999
2022-01-04,Healthcare,0.144088,0.35046542857142854
2022-01-05,Healthcare,0.04131000000000001,0.144088
2022-01-06,Healthcare,0.3757,0.04131000000000001
2022-01-07,Healthcare,0.10335999999999998,0.3757
2022-01-10,Healthcare,0.27764,0.10335999999999998
2022-01-11,Healthcare,0.07948333333333334,0.27764
2022-01-12,Healthcare,0.12153666666666667,0.07948333333333334
2022-01-13,Healthcare,0.271836,0.12153666666666667
2022-01-14,Healthcare,0.24486666666666665,0.271836
2022-01-18,Healthcare,0.2664836666666667,0.24486666666666665
2022-01-19,Healthcare,0.17294400000000004,0.2664836666666667
2022-01-20,Healthcare,0.10680200000000002,0.17294400000000004
2022-01-21,Healthcare,-0.08776733333333334,0.10680200000000002
2022-01-24,Healthcare,0.078245,-0.08776733333333334
2022-01-25,Healthcare,-0.014660000000000001,0.078245
2022-01-26,Healthcare,0.13574285714285717,-0.014660000000000001
2022-01-27,Healthcare,0.26802500000000007,0.13574285714285717
2022-01-28,Healthcare,0.3529561904761905,0.26802500000000007
2022-01-31,Healthcare,0.2144146666666667,0.3529561904761905
2022-02-01,Healthcare,0.16006358974358972,0.2144146666666667
2022-02-02,Healthcare,0.07343999999999999,0.16006358974358972
2022-02-03,Healthcare,0.160465,0.07343999999999999
2022-02-04,Healthcare,-0.00421666666666666,0.160465
2022-02-07,Healthcare,0.27449873015873016,-0.00421666666666666
2022-02-08,Healthcare,0.24720285714285714,0.27449873015873016
2022-02-09,Healthcare,0.32719,0.24720285714285714
2022-02-10,Healthcare,0.10739266666666666,0.32719
2022-02-11,Healthcare,0.4076233333333333,0.10739266666666666
2022-02-14,Healthcare,0.07061571428571428,0.4076233333333333
2022-02-15,Healthcare,0.009803333333333336,0.07061571428571428
2022-02-16,Healthcare,0.19719200000000003,0.009803333333333336
2022-02-17,Healthcare,0.18237928571428572,0.19719200000000003
2022-02-18,Healthcare,0.29963666666666666,0.18237928571428572
2022-02-22,Healthcare,0.1548404761904762,0.29963666666666666
2022-02-23,Healthcare,0.11588000000000001,0.1548404761904762
2022-02-24,Healthcare,0.22891000000000003,0.11588000000000001
2022-02-25,Healthcare,0.02640666666666667,0.22891000000000003
2022-02-28,Healthcare,0.09656833333333334,0.02640666666666667
2022-03-01,Healthcare,0.0911,0.09656833333333334
2022-03-02,Healthcare,0.07644499999999999,0.0911
2022-03-03,Healthcare,0.06972,0.07644499999999999
2022-03-04,Healthcare,0.12779,0.06972
2022-03-07,Healthcare,0.22324833333333335,0.12779
2022-03-08,Healthcare,-0.12390333333333332,0.22324833333333335
2022-03-09,Healthcare,0.14601399999999998,-0.12390333333333332
2022-03-10,Healthcare,-0.023761666666666674,0.14601399999999998
2022-03-11,Healthcare,0.23703249999999998,-0.023761666666666674
2022-03-14,Healthcare,0.19840666666666668,0.23703249999999998
2022-03-15,Healthcare,-0.07027000000000001,0.19840666666666668
2022-03-16,Healthcare,0.1096054761904762,-0.07027000000000001
2022-03-17,Healthcare,0.026322666666666668,0.1096054761904762
2022-03-18,Healthcare,0.11555333333333336,0.026322666666666668
2022-03-21,Healthcare,0.29270999999999997,0.11555333333333336
2022-03-22,Healthcare,-0.05853999999999998,0.29270999999999997
2022-03-23,Healthcare,0.058775,-0.05853999999999998
2022-03-24,Healthcare,0.177865,0.058775
2022-03-25,Healthcare,0.08639,0.177865
2022-03-28,Healthcare,0.003401666666666664,0.08639
2022-03-29,Healthcare,0.062294,0.003401666666666664
2022-03-30,Healthcare,0.16751333333333332,0.062294
2022-03-31,Healthcare,0.22299500000000005,0.16751333333333332
2022-04-01,Healthcare,0.35875999999999997,0.22299500000000005
2022-04-04,Healthcare,0.14789599999999997,0.35875999999999997
2022-04-05,Healthcare,0.17599466666666666,0.14789599999999997
2022-04-06,Healthcare,0.06852499999999999,0.17599466666666666
2022-04-07,Healthcare,0.08658,0.06852499999999999
2022-04-08,Healthcare,0.37652399999999997,0.08658
2022-04-11,Healthcare,0.11628833333333333,0.37652399999999997
2022-04-12,Healthcare,0.0889,0.11628833333333333
2022-04-13,Healthcare,0.10205666666666664,0.0889
2022-04-14,Healthcare,0.09082714285714286,0.10205666666666664
2022-04-18,Healthcare,0.15907333333333334,0.09082714285714286
2022-04-19,Healthcare,0.04640542857142858,0.15907333333333334
2022-04-20,Healthcare,0.25493,0.04640542857142858
2022-04-21,Healthcare,0.25527500000000003,0.25493
2022-04-22,Healthcare,0.3438,0.25527500000000003
2022-04-25,Healthcare,0.4181053333333333,0.3438
2022-04-26,Healthcare,0.06411035714285714,0.4181053333333333
2022-04-27,Healthcare,0.14131666666666665,0.06411035714285714
2022-04-28,Healthcare,0.18930885714285714,0.14131666666666665
2022-04-29,Healthcare,0.21189833333333336,0.18930885714285714
2022-05-02,Healthcare,0.37126699999999996,0.21189833333333336
2022-05-03,Healthcare,0.052890000000000006,0.37126699999999996
2022-05-04,Healthcare,0.133,0.052890000000000006
2022-05-05,Healthcare,0.2980733333333333,0.133
2022-05-06,Healthcare,0.07268666666666666,0.2980733333333333
2022-05-09,Healthcare,0.07981333333333333,0.07268666666666666
2022-05-10,Healthcare,0.16433466666666668,0.07981333333333333
2022-05-11,Healthcare,0.06517333333333333,0.16433466666666668
2022-05-12,Healthcare,0.002126666666666677,0.06517333333333333
2022-05-13,Healthcare,0.06643166666666668,0.002126666666666677
2022-05-16,Healthcare,0.13430833333333334,0.06643166666666668
2022-05-17,Healthcare,0.11514583333333332,0.13430833333333334
2022-05-18,Healthcare,0.19015500000000002,0.11514583333333332
2022-05-19,Healthcare,0.130055,0.19015500000000002
2022-05-20,Healthcare,-0.021893333333333338,0.130055
2022-05-23,Healthcare,0.26796166666666665,-0.021893333333333338
2022-05-24,Healthcare,0.05013066666666666,0.26796166666666665
2022-05-25,Healthcare,-0.01775833333333334,0.05013066666666666
2022-05-26,Healthcare,0.2718996190476191,-0.01775833333333334
2022-05-27,Healthcare,0.05799766666666668,0.2718996190476191
2022-05-31,Healthcare,0.4261333333333333,0.05799766666666668
2022-06-01,Healthcare,0.04932833333333333,0.4261333333333333
2022-06-02,Healthcare,-0.068616,0.04932833333333333
2022-06-03,Healthcare,0.13264,-0.068616
2022-06-06,Healthcare,0.1455687619047619,0.13264
2022-06-07,Healthcare,0.18109666666666666,0.1455687619047619
2022-06-08,Healthcare,0.31157999999999997,0.18109666666666666
2022-06-09,Healthcare,0.013486666666666666,0.31157999999999997
2022-06-10,Healthcare,0.07366866666666667,0.013486666666666666
2022-06-13,Healthcare,0.31984357142857145,0.07366866666666667
2022-06-14,Healthcare,-0.030830000000000003,0.31984357142857145
2022-06-15,Healthcare,0.114737,-0.030830000000000003
2022-06-16,Healthcare,0.24372000000000002,0.114737
2022-06-17,Healthcare,0.2629533333333333,0.24372000000000002
2022-06-21,Healthcare,0.30777190476190475,0.2629533333333333
2022-06-22,Healthcare,0.04917833333333334,0.30777190476190475
2022-06-23,Healthcare,0.09034166666666668,0.04917833333333334
2022-06-24,Healthcare,0.3708028571428571,0.09034166666666668
2022-06-27,Healthcare,0.26127057142857146,0.3708028571428571
2022-06-28,Healthcare,-0.062486666666666656,0.26127057142857146
2022-06-29,Healthcare,0.3350019047619048,-0.062486666666666656
2022-06-30,Healthcare,0.085225,0.3350019047619048
2022-07-01,Healthcare,0.10416700000000001,0.085225
2022-07-05,Healthcare,0.19911850000000003,0.10416700000000001
2022-07-06,Healthcare,0.18211250000000004,0.19911850000000003
2022-07-07,Healthcare,0.0008664285714285846,0.18211250000000004
2022-07-08,Healthcare,0.38171999999999995,0.0008664285714285846
2022-07-11,Healthcare,0.10173666666666666,0.38171999999999995
2022-07-12,Healthcare,-0.0064140476190476135,0.10173666666666666
2022-07-13,Healthcare,0.21926285714285712,-0.0064140476190476135
2022-07-14,Healthcare,-0.023530000000000002,0.21926285714285712
2022-07-15,Healthcare,0.197515,-0.023530000000000002
2022-07-18,Healthcare,0.18075485714285713,0.197515
2022-07-19,Healthcare,0.14066452380952382,0.18075485714285713
2022-07-20,Healthcare,0.30710521212121217,0.14066452380952382
2022-07-21,Healthcare,0.021672500000000004,0.30710521212121217
2022-07-22,Healthcare,0.29325266666666666,0.021672500000000004
2022-07-25,Healthcare,0.117416,0.29325266666666666
2022-07-26,Healthcare,0.2614033333333333,0.117416
2022-07-27,Healthcare,0.17957800000000002,0.2614033333333333
2022-07-28,Healthcare,0.269778,0.17957800000000002
2022-07-29,Healthcare,0.23265600000000003,0.269778
2022-08-01,Healthcare,0.26480333333333334,0.23265600000000003
2022-08-02,Healthcare,0.2327775,0.26480333333333334
2022-08-03,Healthcare,0.303185,0.2327775
2022-08-04,Healthcare,0.08059777777777777,0.303185
2022-08-05,Healthcare,0.18188833333333335,0.08059777777777777
2022-08-08,Healthcare,0.08840933333333333,0.18188833333333335
2022-08-09,Healthcare,0.000413333333333335,0.08840933333333333
2022-08-10,Healthcare,0.17596500000000004,0.000413333333333335
2022-08-11,Healthcare,0.07187800000000001,0.17596500000000004
2022-08-12,Healthcare,0.022827999999999998,0.07187800000000001
2022-08-15,Healthcare,0.10614000000000001,0.022827999999999998
2022-08-16,Healthcare,0.07068666666666665,0.10614000000000001
2022-08-17,Healthcare,0.01909,0.07068666666666665
2022-08-18,Healthcare,0.17896466666666672,0.01909
2022-08-19,Healthcare,-0.028659999999999998,0.17896466666666672
2022-08-22,Healthcare,0.2210466666666667,-0.028659999999999998
2022-08-23,Healthcare,0.37567666666666666,0.2210466666666667
2022-08-24,Healthcare,0.20919,0.37567666666666666
2022-08-25,Healthcare,0.10735238095238095,0.20919
2022-08-26,Healthcare,0.17633666666666667,0.10735238095238095
2022-08-29,Healthcare,0.2976633333333333,0.17633666666666667
2022-08-30,Healthcare,0.03273,0.2976633333333333
2022-08-31,Healthcare,-0.109805,0.03273
2022-09-01,Healthcare,0.19584333333333334,-0.109805
2022-09-02,Healthcare,0.11544666666666666,0.19584333333333334
2022-09-06,Healthcare,0.34288900000000005,0.11544666666666666
2022-09-07,Healthcare,0.07719066666666667,0.34288900000000005
2022-09-08,Healthcare,0.2294693333333333,0.07719066666666667
2022-09-09,Healthcare,0.01580666666666667,0.2294693333333333
2022-09-12,Healthcare,0.318798,0.01580666666666667
2022-09-13,Healthcare,0.19347666666666669,0.318798
2022-09-14,Healthcare,0.049170000000000005,0.19347666666666669
2022-09-15,Healthcare,0.068125,0.049170000000000005
2022-09-16,Healthcare,0.1499833333333333,0.068125
2022-09-19,Healthcare,0.031095809523809526,0.1499833333333333
2022-09-20,Healthcare,0.04466857142857142,0.031095809523809526
2022-09-21,Healthcare,0.06649999999999999,0.04466857142857142
2022-09-22,Healthcare,0.21760666666666664,0.06649999999999999
2022-09-23,Healthcare,0.09305999999999999,0.21760666666666664
2022-09-26,Healthcare,0.048071666666666665,0.09305999999999999
2022-09-27,Healthcare,0.19944166666666668,0.048071666666666665
2022-09-28,Healthcare,0.20283499999999996,0.19944166666666668
2022-09-29,Healthcare,0.28188,0.20283499999999996
2022-09-30,Healthcare,0.16473333333333331,0.28188
2022-10-03,Healthcare,0.1599283333333333,0.16473333333333331
2022-10-04,Healthcare,0.026890000000000004,0.1599283333333333
2022-10-05,Healthcare,0.17933333333333334,0.026890000000000004
2022-10-06,Healthcare,-0.1899,0.17933333333333334
2022-10-07,Healthcare,0.07916,-0.1899
2022-10-10,Healthcare,0.40156000000000003,0.07916
2022-10-11,Healthcare,0.26179057142857143,0.40156000000000003
2022-10-12,Healthcare,0.10337833333333335,0.26179057142857143
2022-10-13,Healthcare,-0.13354,0.10337833333333335
2022-10-14,Healthcare,0.16716666666666669,-0.13354
2022-10-17,Healthcare,0.336005,0.16716666666666669
2022-10-18,Healthcare,0.05717166666666666,0.336005
2022-10-19,Healthcare,0.04044428571428571,0.05717166666666666
2022-10-20,Healthcare,0.03644533333333333,0.04044428571428571
2022-10-21,Healthcare,0.261694,0.03644533333333333
2022-10-24,Healthcare,0.07869666666666666,0.261694
2022-10-25,Healthcare,0.1317566666666667,0.07869666666666666
2022-10-26,Healthcare,0.16670000000000001,0.1317566666666667
2022-10-27,Healthcare,0.15537876623376623,0.16670000000000001
2022-10-28,Healthcare,0.18612888888888887,0.15537876623376623
2022-10-31,Healthcare,0.18183,0.18612888888888887
2022-11-01,Healthcare,0.30828333333333335,0.18183
2022-11-02,Healthcare,0.10492666666666668,0.30828333333333335
2022-11-03,Healthcare,-0.089889,0.10492666666666668
2022-11-04,Healthcare,0.229345,-0.089889
2022-11-07,Healthcare,0.11810833333333334,0.229345
2022-11-08,Healthcare,0.03421355555555558,0.11810833333333334
2022-11-09,Healthcare,0.1809686666666667,0.03421355555555558
2022-11-10,Healthcare,0.35377000000000003,0.1809686666666667
2022-11-11,Healthcare,0.23315333333333332,0.35377000000000003
2022-11-14,Healthcare,0.26341933333333334,0.23315333333333332
2022-11-15,Healthcare,0.20039,0.26341933333333334
2022-11-16,Healthcare,0.17556666666666668,0.20039
2022-11-17,Healthcare,-0.02582,0.17556666666666668
2022-11-18,Healthcare,0.21347000000000005,-0.02582
2022-11-21,Healthcare,0.28338444444444444,0.21347000000000005
2022-11-22,Healthcare,0.2413922380952381,0.28338444444444444
2022-11-23,Healthcare,0.21849976190476195,0.2413922380952381
2022-11-25,Healthcare,0.15370999999999999,0.21849976190476195
2022-11-28,Healthcare,0.35958666666666667,0.15370999999999999
2022-11-29,Healthcare,0.21084999999999998,0.35958666666666667
2022-11-30,Healthcare,0.423774,0.21084999999999998
2022-12-01,Healthcare,0.18733666666666665,0.423774
2022-12-02,Healthcare,-0.05203,0.18733666666666665
2022-12-05,Healthcare,0.10236699999999999,-0.05203
2022-12-06,Healthcare,0.145194,0.10236699999999999
2022-12-07,Healthcare,-0.010377142857142833,0.145194
2022-12-08,Healthcare,0.15233166666666667,-0.010377142857142833
2022-12-09,Healthcare,0.21969999999999995,0.15233166666666667
2022-12-12,Healthcare,0.18836441102756893,0.21969999999999995
2022-12-13,Healthcare,0.20300628571428575,0.18836441102756893
2022-12-14,Healthcare,0.20149333333333336,0.20300628571428575
2022-12-15,Healthcare,0.22037849999999998,0.20149333333333336
2022-12-16,Healthcare,0.29856999999999995,0.22037849999999998
2022-12-19,Healthcare,0.09293600000000002,0.29856999999999995
2022-12-20,Healthcare,0.3515361111111111,0.09293600000000002
2022-12-21,Healthcare,0.20692499999999997,0.3515361111111111
2022-12-22,Healthcare,0.06672833333333333,0.20692499999999997
2022-12-23,Healthcare,-0.07241500000000001,0.06672833333333333
2022-12-27,Healthcare,0.2180036666666667,-0.07241500000000001
2022-12-28,Healthcare,0.19000599999999998,0.2180036666666667
2022-12-29,Healthcare,0.306163,0.19000599999999998
2022-12-30,Healthcare,0.033620000000000004,0.306163
2023-01-03,Healthcare,0.489785,0.033620000000000004
2023-01-04,Healthcare,0.17947600000000002,0.489785
2023-01-05,Healthcare,0.167365,0.17947600000000002
2023-01-06,Healthcare,0.14756999999999998,0.167365
2023-01-09,Healthcare,0.2663783333333334,0.14756999999999998
2023-01-10,Healthcare,0.04151928571428572,0.2663783333333334
2023-01-11,Healthcare,0.23758666666666667,0.04151928571428572
2023-01-12,Healthcare,0.12445999999999999,0.23758666666666667
2023-01-13,Healthcare,0.18771333333333332,0.12445999999999999
2023-01-17,Healthcare,0.2944966666666667,0.18771333333333332
2023-01-18,Healthcare,0.06547,0.2944966666666667
2023-01-19,Healthcare,-0.05002333333333333,0.06547
2023-01-20,Healthcare,0.11030133333333332,-0.05002333333333333
2023-01-23,Healthcare,0.29739499999999996,0.11030133333333332
2023-01-24,Healthcare,0.13457,0.29739499999999996
2023-01-25,Healthcare,0.05626907843137254,0.13457
2023-01-26,Healthcare,0.26240833333333335,0.05626907843137254
2023-01-27,Healthcare,0.16586666666666666,0.26240833333333335
2023-01-30,Healthcare,0.33415049999999996,0.16586666666666666
2023-01-31,Healthcare,0.11018649999999999,0.33415049999999996
2023-02-01,Healthcare,0.27757976190476186,0.11018649999999999
2023-02-02,Healthcare,0.2419175,0.27757976190476186
2023-02-03,Healthcare,-0.00018900000000000028,0.2419175
2023-02-06,Healthcare,0.15702533333333335,-0.00018900000000000028
2023-02-07,Healthcare,0.31013333333333337,0.15702533333333335
2023-02-08,Healthcare,0.302511,0.31013333333333337
2023-02-09,Healthcare,0.25553976190476185,0.302511
2023-02-10,Healthcare,0.11492,0.25553976190476185
2023-02-13,Healthcare,0.24913499999999997,0.11492
2023-02-14,Healthcare,0.25061599999999995,0.24913499999999997
2023-02-15,Healthcare,0.05600333333333333,0.25061599999999995
2023-02-16,Healthcare,0.19341477777777777,0.05600333333333333
2023-02-17,Healthcare,0.19401733333333332,0.19341477777777777
2023-02-21,Healthcare,0.159391,0.19401733333333332
2023-02-22,Healthcare,0.214582,0.159391
2023-02-23,Healthcare,0.037579999999999995,0.214582
2023-02-24,Healthcare,0.11639000000000002,0.037579999999999995
2023-02-27,Healthcare,0.22726285714285713,0.11639000000000002
2023-02-28,Healthcare,0.031520000000000006,0.22726285714285713
2023-03-01,Healthcare,0.028734000000000016,0.031520000000000006
2023-03-02,Healthcare,0.07690000000000001,0.028734000000000016
2023-03-03,Healthcare,0.25166999999999995,0.07690000000000001
2023-03-06,Healthcare,0.224381,0.25166999999999995
2023-03-07,Healthcare,0.18227000000000002,0.224381
2023-03-08,Healthcare,0.131293,0.18227000000000002
2023-03-09,Healthcare,0.31462399999999996,0.131293
2023-03-10,Healthcare,0.15874333333333332,0.31462399999999996
2023-03-13,Healthcare,0.17798785714285717,0.15874333333333332
2023-03-14,Healthcare,0.105544,0.17798785714285717
2023-03-15,Healthcare,0.052805333333333336,0.105544
2023-03-16,Healthcare,0.15382333333333334,0.052805333333333336
2023-03-17,Healthcare,0.08185,0.15382333333333334
2023-03-20,Healthcare,0.14595599999999997,0.08185
2023-03-21,Healthcare,0.239825,0.14595599999999997
2023-03-22,Healthcare,0.028255999999999996,0.239825
2023-03-23,Healthcare,0.15492500000000003,0.028255999999999996
2023-03-24,Healthcare,0.07010133333333332,0.15492500000000003
2023-03-27,Healthcare,0.15178733333333333,0.07010133333333332
2023-03-28,Healthcare,0.3296133333333334,0.15178733333333333
2023-03-29,Healthcare,0.05851666666666666,0.3296133333333334
2023-03-30,Healthcare,0.11668833333333335,0.05851666666666666
2023-03-31,Healthcare,0.13111,0.11668833333333335
2023-04-03,Healthcare,0.07399200000000003,0.13111
2023-04-04,Healthcare,0.2473322222222222,0.07399200000000003
2023-04-05,Healthcare,0.1755316666666666,0.2473322222222222
2023-04-06,Healthcare,0.1809103333333333,0.1755316666666666
2023-04-10,Healthcare,0.19875484848484848,0.1809103333333333
2023-04-11,Healthcare,0.10752666666666669,0.19875484848484848
2023-04-12,Healthcare,0.08056333333333333,0.10752666666666669
2023-04-13,Healthcare,-0.07161714285714285,0.08056333333333333
2023-04-14,Healthcare,0.138171,-0.07161714285714285
2023-04-17,Healthcare,0.34289749999999997,0.138171
2023-04-18,Healthcare,0.15563,0.34289749999999997
2023-04-19,Healthcare,0.22010915686274507,0.15563
2023-04-20,Healthcare,0.23700200000000002,0.22010915686274507
2023-04-21,Healthcare,0.157552,0.23700200000000002
2023-04-24,Healthcare,0.22835377777777782,0.157552
2023-04-25,Healthcare,0.3230232142857143,0.22835377777777782
2023-04-26,Healthcare,0.20286666666666667,0.3230232142857143
2023-04-27,Healthcare,0.14377940476190476,0.20286666666666667
2023-04-28,Healthcare,0.22553714285714288,0.14377940476190476
2023-05-01,Healthcare,0.20422209523809523,0.22553714285714288
2023-05-02,Healthcare,0.11099666666666667,0.20422209523809523
2023-05-03,Healthcare,-0.030164999999999997,0.11099666666666667
2023-05-04,Healthcare,0.1600633333333333,-0.030164999999999997
2023-05-05,Healthcare,0.30812,0.1600633333333333
2023-05-08,Healthcare,0.10498966666666668,0.30812
2023-05-09,Healthcare,0.10186333333333333,0.10498966666666668
2023-05-10,Healthcare,0.12618500000000002,0.10186333333333333
2023-05-11,Healthcare,0.17628666666666665,0.12618500000000002
2023-05-12,Healthcare,0.04404,0.17628666666666665
2023-05-15,Healthcare,0.12872285714285714,0.04404
2023-05-16,Healthcare,0.011495,0.12872285714285714
2023-05-17,Healthcare,-0.12150055555555554,0.011495
2023-05-18,Healthcare,0.12645416666666665,-0.12150055555555554
2023-05-19,Healthcare,0.08219166666666665,0.12645416666666665
2023-05-22,Healthcare,0.11964999999999999,0.08219166666666665
2023-05-23,Healthcare,0.13200333333333333,0.11964999999999999
2023-05-24,Healthcare,0.01459666666666667,0.13200333333333333
2023-05-25,Healthcare,0.153775,0.01459666666666667
2023-05-26,Healthcare,0.10569999999999999,0.153775
2023-05-30,Healthcare,0.31718999999999997,0.10569999999999999
2023-05-31,Healthcare,0.12081333333333336,0.31718999999999997
2023-06-01,Healthcare,-0.04812238095238095,0.12081333333333336
2023-06-02,Healthcare,0.18828857142857142,-0.04812238095238095
2023-06-05,Healthcare,0.14591066666666666,0.18828857142857142
2023-06-06,Healthcare,0.28865095238095234,0.14591066666666666
2023-06-07,Healthcare,0.26422500000000004,0.28865095238095234
2023-06-08,Healthcare,0.35272499999999996,0.26422500000000004
2023-06-09,Healthcare,0.140045,0.35272499999999996
2023-06-12,Healthcare,0.29835200000000006,0.140045
2023-06-13,Healthcare,0.10115333333333335,0.29835200000000006
2023-06-14,Healthcare,0.18026,0.10115333333333335
2023-06-15,Healthcare,-0.07498333333333332,0.18026
2023-06-16,Healthcare,0.051193,-0.07498333333333332
2023-06-20,Healthcare,0.11801857142857142,0.051193
2023-06-21,Healthcare,0.17697733333333332,0.11801857142857142
2023-06-22,Healthcare,0.1304283333333333,0.17697733333333332
2023-06-23,Healthcare,0.20824333333333334,0.1304283333333333
2023-06-26,Healthcare,0.13482216666666666,0.20824333333333334
2023-06-27,Healthcare,0.15309500000000004,0.13482216666666666
2023-06-28,Healthcare,0.14157000000000003,0.15309500000000004
2023-06-29,Healthcare,0.28333142857142857,0.14157000000000003
2023-06-30,Healthcare,0.006221666666666667,0.28333142857142857
2023-07-03,Healthcare,0.18415933333333334,0.006221666666666667
2023-07-05,Healthcare,0.2969366666666667,0.18415933333333334
2023-07-06,Healthcare,0.21828666666666668,0.2969366666666667
2023-07-07,Healthcare,0.154025,0.21828666666666668
2023-07-10,Healthcare,0.1211609523809524,0.154025
2023-07-11,Healthcare,-0.030826666666666662,0.1211609523809524
2023-07-12,Healthcare,0.325385,-0.030826666666666662
2023-07-13,Healthcare,0.19934833333333338,0.325385
2023-07-14,Healthcare,0.10390166666666664,0.19934833333333338
2023-07-17,Healthcare,0.13992000000000002,0.10390166666666664
2023-07-18,Healthcare,0.138545,0.13992000000000002
2023-07-19,Healthcare,0.07066000000000001,0.138545
2023-07-20,Healthcare,0.04355388888888889,0.07066000000000001
2023-07-21,Healthcare,0.06882848484848486,0.04355388888888889
2023-07-24,Healthcare,0.15463866666666665,0.06882848484848486
2023-07-25,Healthcare,0.17429283333333334,0.15463866666666665
2023-07-26,Healthcare,-0.0008319999999999966,0.17429283333333334
2023-07-27,Healthcare,0.2076790714285714,-0.0008319999999999966
2023-07-28,Healthcare,0.06714166666666668,0.2076790714285714
2023-07-31,Healthcare,0.28042888888888895,0.06714166666666668
2023-08-01,Healthcare,0.36018527777777776,0.28042888888888895
2023-08-02,Healthcare,0.12361785714285714,0.36018527777777776
2023-08-03,Healthcare,0.21757583333333336,0.12361785714285714
2023-08-04,Healthcare,0.1686113333333333,0.21757583333333336
2023-08-07,Healthcare,0.21026799999999998,0.1686113333333333
2023-08-08,Healthcare,0.33699999999999997,0.21026799999999998
2023-08-09,Healthcare,0.3439563333333333,0.33699999999999997
2023-08-10,Healthcare,0.258276,0.3439563333333333
2023-08-11,Healthcare,0.073555,0.258276
2023-08-14,Healthcare,0.30426366666666665,0.073555
2023-08-15,Healthcare,0.04118333333333335,0.30426366666666665
2023-08-16,Healthcare,-0.024089999999999993,0.04118333333333335
2023-08-17,Healthcare,0.06210000000000002,-0.024089999999999993
2023-08-18,Healthcare,0.076035,0.06210000000000002
2023-08-21,Healthcare,0.18689028571428573,0.076035
2023-08-22,Healthcare,0.000279999999999999,0.18689028571428573
2023-08-23,Healthcare,0.19449028571428573,0.000279999999999999
2023-08-24,Healthcare,0.13688000000000003,0.19449028571428573
2023-08-25,Healthcare,0.142252,0.13688000000000003
2023-08-28,Healthcare,0.1614197435897436,0.142252
2023-08-29,Healthcare,0.11789944444444445,0.1614197435897436
2023-08-30,Healthcare,0.08008500000000003,0.11789944444444445
2023-08-31,Healthcare,0.157885,0.08008500000000003
2023-09-01,Healthcare,0.129416,0.157885
2023-09-05,Healthcare,0.13809085714285713,0.129416
2023-09-06,Healthcare,0.25948,0.13809085714285713
2023-09-07,Healthcare,-0.14764,0.25948
2023-09-08,Healthcare,0.263652,-0.14764
2023-09-11,Healthcare,0.214838,0.263652
2023-09-12,Healthcare,0.08971333333333331,0.214838
2023-09-13,Healthcare,0.173355,0.08971333333333331
2023-09-14,Healthcare,0.2149583333333333,0.173355
2023-09-15,Healthcare,0.063968,0.2149583333333333
2023-09-18,Healthcare,0.14231266666666667,0.063968
2023-09-19,Healthcare,0.05233000000000002,0.14231266666666667
2023-09-20,Healthcare,-0.085695,0.05233000000000002
2023-09-21,Healthcare,0.22446000000000002,-0.085695
2023-09-22,Healthcare,-0.0160075,0.22446000000000002
2023-09-25,Healthcare,0.13023833333333337,-0.0160075
2023-09-26,Healthcare,0.14188095238095239,0.13023833333333337
2023-09-27,Healthcare,0.14411666666666667,0.14188095238095239
2023-09-28,Healthcare,0.24377999999999997,0.14411666666666667
2023-09-29,Healthcare,0.21185749999999998,0.24377999999999997
2023-10-02,Healthcare,0.20797333333333334,0.21185749999999998
2023-10-03,Healthcare,0.24158999999999997,0.20797333333333334
2023-10-04,Healthcare,0.27302,0.24158999999999997
2023-10-05,Healthcare,0.04492,0.27302
2023-10-06,Healthcare,0.19242266666666666,0.04492
2023-10-09,Healthcare,0.49307,0.19242266666666666
2023-10-10,Healthcare,0.09439333333333336,0.49307
2023-10-11,Healthcare,0.13637357142857143,0.09439333333333336
2023-10-12,Healthcare,0.15471714285714286,0.13637357142857143
2023-10-13,Healthcare,0.16362333333333332,0.15471714285714286
2023-10-16,Healthcare,0.27584333333333333,0.16362333333333332
2023-10-17,Healthcare,0.21964999999999998,0.27584333333333333
2023-10-18,Healthcare,0.10625590909090907,0.21964999999999998
2023-10-19,Healthcare,0.27393085714285714,0.10625590909090907
2023-10-20,Healthcare,0.15025928571428573,0.27393085714285714
2023-10-23,Healthcare,0.144988,0.15025928571428573
2023-10-24,Healthcare,0.17009999999999997,0.144988
2023-10-25,Healthcare,0.12300095238095236,0.17009999999999997
2023-10-26,Healthcare,0.22806466666666667,0.12300095238095236
2023-10-27,Healthcare,0.22028981818181817,0.22806466666666667
2023-10-30,Healthcare,0.15662333333333334,0.22028981818181817
2023-10-31,Healthcare,0.21720843859649125,0.15662333333333334
2023-11-01,Healthcare,0.02272333333333334,0.21720843859649125
2023-11-02,Healthcare,0.18120820512820515,0.02272333333333334
2023-11-03,Healthcare,0.14318999999999998,0.18120820512820515
2023-11-06,Healthcare,0.22958733333333337,0.14318999999999998
2023-11-07,Healthcare,0.1010722222222222,0.22958733333333337
2023-11-08,Healthcare,0.07547000000000001,0.1010722222222222
2023-11-09,Healthcare,0.16371430303030304,0.07547000000000001
2023-11-10,Healthcare,0.18854333333333334,0.16371430303030304
2023-11-13,Healthcare,0.15415111111111113,0.18854333333333334
2023-11-14,Healthcare,0.13372100000000003,0.15415111111111113
2023-11-15,Healthcare,0.1212,0.13372100000000003
2023-11-16,Healthcare,0.061040000000000004,0.1212
2023-11-17,Healthcare,0.07639333333333334,0.061040000000000004
2023-11-20,Healthcare,0.2419,0.07639333333333334
2023-11-21,Healthcare,0.13623733333333335,0.2419
2023-11-22,Healthcare,0.18041000000000001,0.13623733333333335
2023-11-24,Healthcare,0.11867000000000001,0.18041000000000001
2023-11-27,Healthcare,0.2742433333333333,0.11867000000000001
2023-11-28,Healthcare,0.15769333333333335,0.2742433333333333
2023-11-29,Healthcare,0.142245,0.15769333333333335
2023-11-30,Healthcare,0.13812166666666664,0.142245
2023-12-01,Healthcare,0.043326666666666666,0.13812166666666664
2023-12-04,Healthcare,0.124171,0.043326666666666666
2023-12-05,Healthcare,0.1757,0.124171
2023-12-06,Healthcare,0.1885325,0.1757
2023-12-07,Healthcare,0.199242,0.1885325
2023-12-08,Healthcare,0.09669399999999999,0.199242
2023-12-11,Healthcare,0.23926040404040405,0.09669399999999999
2023-12-12,Healthcare,0.11203433333333332,0.23926040404040405
2023-12-13,Healthcare,0.10774916666666665,0.11203433333333332
2023-12-14,Healthcare,0.11705000000000002,0.10774916666666665
2023-12-15,Healthcare,0.0,0.11705000000000002
2023-12-18,Healthcare,0.2053800512820513,0.0
2023-12-19,Healthcare,0.0,0.2053800512820513
2023-12-20,Healthcare,0.0,0.0
2023-12-21,Healthcare,0.0,0.0
2023-12-22,Healthcare,0.0,0.0
2023-12-26,Healthcare,0.0,0.0
2023-12-27,Healthcare,0.0,0.0
2023-12-28,Healthcare,0.0,0.0
2023-12-29,Healthcare,0.0,0.0
2020-01-02,Industrials,0.11195,
2020-01-03,Industrials,-0.12581,0.11195
2020-01-06,Industrials,0.04562833333333334,-0.12581
2020-01-07,Industrials,0.04422285714285714,0.04562833333333334
2020-01-08,Industrials,0.030928571428571427,0.04422285714285714
2020-01-09,Industrials,0.033716666666666666,0.030928571428571427
2020-01-10,Industrials,0.05552999999999999,0.033716666666666666
2020-01-13,Industrials,0.06394999999999999,0.05552999999999999
2020-01-14,Industrials,0.17468699999999998,0.06394999999999999
2020-01-15,Industrials,-0.019594999999999994,0.17468699999999998
2020-01-16,Industrials,0.14747333333333332,-0.019594999999999994
2020-01-17,Industrials,0.24865333333333334,0.14747333333333332
2020-01-21,Industrials,0.17084571428571427,0.24865333333333334
2020-01-22,Industrials,0.08974428571428572,0.17084571428571427
2020-01-23,Industrials,0.08506380952380951,0.08974428571428572
2020-01-24,Industrials,0.10126399999999999,0.08506380952380951
2020-01-27,Industrials,0.12974,0.10126399999999999
2020-01-28,Industrials,-0.009026666666666665,0.12974
2020-01-29,Industrials,0.010355333333333336,-0.009026666666666665
2020-01-30,Industrials,0.17538666666666666,0.010355333333333336
2020-01-31,Industrials,0.115465,0.17538666666666666
2020-02-03,Industrials,0.11771800000000002,0.115465
2020-02-04,Industrials,0.20527333333333334,0.11771800000000002
2020-02-05,Industrials,0.07978533333333333,0.20527333333333334
2020-02-06,Industrials,-0.03324666666666666,0.07978533333333333
2020-02-07,Industrials,0.034804,-0.03324666666666666
2020-02-10,Industrials,0.10947916666666666,0.034804
2020-02-11,Industrials,0.11702666666666668,0.10947916666666666
2020-02-12,Industrials,0.18253999999999998,0.11702666666666668
2020-02-13,Industrials,0.06963749999999999,0.18253999999999998
2020-02-14,Industrials,0.269,0.06963749999999999
2020-02-18,Industrials,0.02683,0.269
2020-02-19,Industrials,0.17815333333333333,0.02683
2020-02-20,Industrials,0.09839333333333333,0.17815333333333333
2020-02-21,Industrials,0.213,0.09839333333333333
2020-02-24,Industrials,0.13577133333333333,0.213
2020-02-25,Industrials,-0.03056333333333333,0.13577133333333333
2020-02-26,Industrials,0.04723666666666667,-0.03056333333333333
2020-02-27,Industrials,0.14439000000000002,0.04723666666666667
2020-02-28,Industrials,0.1251975,0.14439000000000002
2020-03-02,Industrials,0.10274000000000001,0.1251975
2020-03-03,Industrials,0.0439,0.10274000000000001
2020-03-04,Industrials,0.21387838095238093,0.0439
2020-03-05,Industrials,-0.015719333333333328,0.21387838095238093
2020-03-06,Industrials,0.12830666666666665,-0.015719333333333328
2020-03-09,Industrials,-0.12299699999999998,0.12830666666666665
2020-03-10,Industrials,-0.036932666666666655,-0.12299699999999998
2020-03-11,Industrials,0.13002952380952384,-0.036932666666666655
2020-03-12,Industrials,-0.21334999999999998,0.13002952380952384
2020-03-13,Industrials,0.16343333333333335,-0.21334999999999998
2020-03-16,Industrials,0.10068214285714286,0.16343333333333335
2020-03-17,Industrials,0.016664444444444444,0.10068214285714286
2020-03-18,Industrials,0.017611190476190468,0.016664444444444444
2020-03-19,Industrials,0.038266666666666664,0.017611190476190468
2020-03-20,Industrials,0.14402628571428572,0.038266666666666664
2020-03-23,Industrials,0.02442833333333333,0.14402628571428572
2020-03-24,Industrials,0.2574275555555555,0.02442833333333333
2020-03-25,Industrials,0.08686333333333333,0.2574275555555555
2020-03-26,Industrials,0.16098253968253967,0.08686333333333333
2020-03-27,Industrials,0.12495818181818182,0.16098253968253967
2020-03-30,Industrials,0.12608647619047617,0.12495818181818182
2020-03-31,Industrials,0.07707416666666665,0.12608647619047617
2020-04-01,Industrials,0.178344,0.07707416666666665
2020-04-02,Industrials,-0.0053601666666666685,0.178344
2020-04-03,Industrials,-0.19063023809523807,-0.0053601666666666685
2020-04-06,Industrials,0.11654866666666668,-0.19063023809523807
2020-04-07,Industrials,0.2883985,0.11654866666666668
2020-04-08,Industrials,0.20026904761904762,0.2883985
2020-04-09,Industrials,0.04367095238095237,0.20026904761904762
2020-04-13,Industrials,0.05684181818181818,0.04367095238095237
2020-04-14,Industrials,0.2266306666666667,0.05684181818181818
2020-04-15,Industrials,0.04074999999999999,0.2266306666666667
2020-04-16,Industrials,0.21464775757575758,0.04074999999999999
2020-04-17,Industrials,0.03657212121212121,0.21464775757575758
2020-04-20,Industrials,0.053146000000000006,0.03657212121212121
2020-04-21,Industrials,0.043859000000000016,0.053146000000000006
2020-04-22,Industrials,0.11970333333333334,0.043859000000000016
2020-04-23,Industrials,0.26947200000000004,0.11970333333333334
2020-04-24,Industrials,0.15743058823529413,0.26947200000000004
2020-04-27,Industrials,0.15518642424242424,0.15743058823529413
2020-04-28,Industrials,0.11423282456140349,0.15518642424242424
2020-04-29,Industrials,0.04124404232804233,0.11423282456140349
2020-04-30,Industrials,0.008890512820512819,0.04124404232804233
2020-05-01,Industrials,-0.05579269047619047,0.008890512820512819
2020-05-04,Industrials,0.1031047619047619,-0.05579269047619047
2020-05-05,Industrials,0.3082155555555556,0.1031047619047619
2020-05-06,Industrials,0.04648,0.3082155555555556
2020-05-07,Industrials,0.042619000000000004,0.04648
2020-05-08,Industrials,0.00227750000000001,0.042619000000000004
2020-05-11,Industrials,0.3032716666666667,0.00227750000000001
2020-05-12,Industrials,0.02477818181818182,0.3032716666666667
2020-05-13,Industrials,0.030638666666666675,0.02477818181818182
2020-05-14,Industrials,0.09392333333333332,0.030638666666666675
2020-05-15,Industrials,0.007491999999999999,0.09392333333333332
2020-05-18,Industrials,0.35862133333333335,0.007491999999999999
2020-05-19,Industrials,0.16089833333333334,0.35862133333333335
2020-05-20,Industrials,0.12612,0.16089833333333334
2020-05-21,Industrials,0.17509000000000002,0.12612
2020-05-22,Industrials,0.07255,0.17509000000000002
2020-05-26,Industrials,0.2807233333333333,0.07255
2020-05-27,Industrials,0.31767961904761904,0.2807233333333333
2020-05-28,Industrials,0.1994390476190476,0.31767961904761904
2020-05-29,Industrials,0.11731333333333334,0.1994390476190476
2020-06-01,Industrials,0.3184583333333333,0.11731333333333334
2020-06-02,Industrials,0.40301,0.3184583333333333
2020-06-03,Industrials,0.24983814492753625,0.40301
2020-06-04,Industrials,0.3080504761904762,0.24983814492753625
2020-06-05,Industrials,0.17936380952380954,0.3080504761904762
2020-06-08,Industrials,0.3496074509803922,0.17936380952380954
2020-06-09,Industrials,0.16451633333333332,0.3496074509803922
2020-06-10,Industrials,0.129672,0.16451633333333332
2020-06-11,Industrials,0.13245140350877194,0.129672
2020-06-12,Industrials,0.050808,0.13245140350877194
2020-06-15,Industrials,0.07675009523809524,0.050808
2020-06-16,Industrials,0.23802966666666664,0.07675009523809524
2020-06-17,Industrials,0.0,0.23802966666666664
2020-06-18,Industrials,-0.037181,0.0
2020-06-19,Industrials,0.1341,-0.037181
2020-06-22,Industrials,0.09906333333333332,0.1341
2020-06-23,Industrials,0.249632,0.09906333333333332
2020-06-24,Industrials,0.003136666666666665,0.249632
2020-06-25,Industrials,-0.05671529411764705,0.003136666666666665
2020-06-26,Industrials,0.01019888888888889,-0.05671529411764705
2020-06-29,Industrials,0.10162285714285715,0.01019888888888889
2020-06-30,Industrials,0.21119933333333335,0.10162285714285715
2020-07-01,Industrials,0.15603666666666666,0.21119933333333335
2020-07-02,Industrials,0.024232499999999997,0.15603666666666666
2020-07-06,Industrials,0.011335454545454546,0.024232499999999997
2020-07-07,Industrials,-0.01290571428571428,0.011335454545454546
2020-07-08,Industrials,0.142115,-0.01290571428571428
2020-07-09,Industrials,-0.013986666666666658,0.142115
2020-07-10,Industrials,-0.06056,-0.013986666666666658
2020-07-13,Industrials,0.21528,-0.06056
2020-07-14,Industrials,0.2438125,0.21528
2020-07-15,Industrials,0.22748999999999997,0.2438125
2020-07-16,Industrials,0.04112,0.22748999999999997
2020-07-17,Industrials,0.11465999999999998,0.04112
2020-07-20,Industrials,0.24978727272727275,0.11465999999999998
2020-07-21,Industrials,-0.005894285714285713,0.24978727272727275
2020-07-22,Industrials,-0.038239999999999996,-0.005894285714285713
2020-07-23,Industrials,0.37295249999999996,-0.038239999999999996
2020-07-24,Industrials,0.17677500000000002,0.37295249999999996
2020-07-27,Industrials,0.24864666666666668,0.17677500000000002
2020-07-28,Industrials,0.17739857894736843,0.24864666666666668
2020-07-29,Industrials,0.07880153846153846,0.17739857894736843
2020-07-30,Industrials,0.10535506715506715,0.07880153846153846
2020-07-31,Industrials,0.09106,0.10535506715506715
2020-08-03,Industrials,-0.03293951515151515,0.09106
2020-08-04,Industrials,0.03422666666666666,-0.03293951515151515
2020-08-05,Industrials,0.1670975,0.03422666666666666
2020-08-06,Industrials,0.20353333333333334,0.1670975
2020-08-07,Industrials,0.07349,0.20353333333333334
2020-08-10,Industrials,0.13757666666666665,0.07349
2020-08-11,Industrials,0.05011777777777778,0.13757666666666665
2020-08-12,Industrials,0.050095,0.05011777777777778
2020-08-13,Industrials,-0.034219999999999993,0.050095
2020-08-14,Industrials,0.06587499999999999,-0.034219999999999993
2020-08-17,Industrials,0.09288199999999999,0.06587499999999999
2020-08-18,Industrials,0.15483,0.09288199999999999
2020-08-19,Industrials,0.142368,0.15483
2020-08-20,Industrials,0.12941666666666665,0.142368
2020-08-21,Industrials,0.004899999999999993,0.12941666666666665
2020-08-24,Industrials,0.37137899999999996,0.004899999999999993
2020-08-25,Industrials,0.19068000000000002,0.37137899999999996
2020-08-26,Industrials,0.17021,0.19068000000000002
2020-08-27,Industrials,0.066305,0.17021
2020-08-28,Industrials,0.093112,0.066305
2020-08-31,Industrials,0.36478599999999994,0.093112
2020-09-01,Industrials,0.06967,0.36478599999999994
2020-09-02,Industrials,0.17296666666666666,0.06967
2020-09-03,Industrials,0.08002333333333334,0.17296666666666666
2020-09-04,Industrials,0.07224,0.08002333333333334
2020-09-08,Industrials,0.022462,0.07224
2020-09-09,Industrials,0.09780533333333333,0.022462
2020-09-10,Industrials,-0.003767999999999999,0.09780533333333333
2020-09-11,Industrials,0.09859199999999999,-0.003767999999999999
2020-09-14,Industrials,0.03974,0.09859199999999999
2020-09-15,Industrials,0.09407333333333333,0.03974
2020-09-16,Industrials,0.2612457575757576,0.09407333333333333
2020-09-17,Industrials,0.15764295454545457,0.2612457575757576
2020-09-18,Industrials,0.35381999999999997,0.15764295454545457
2020-09-21,Industrials,0.09805333333333333,0.35381999999999997
2020-09-22,Industrials,0.05484333333333331,0.09805333333333333
2020-09-23,Industrials,0.20204,0.05484333333333331
2020-09-24,Industrials,0.043433333333333324,0.20204
2020-09-25,Industrials,0.2132866666666667,0.043433333333333324
2020-09-28,Industrials,0.14914627450980394,0.2132866666666667
2020-09-29,Industrials,0.32826,0.14914627450980394
2020-09-30,Industrials,0.2785753333333333,0.32826
2020-10-01,Industrials,0.38968375,0.2785753333333333
2020-10-02,Industrials,0.06355,0.38968375
2020-10-05,Industrials,0.18188599999999996,0.06355
2020-10-06,Industrials,0.01385666666666667,0.18188599999999996
2020-10-07,Industrials,0.06741333333333333,0.01385666666666667
2020-10-08,Industrials,0.10055999999999998,0.06741333333333333
2020-10-09,Industrials,0.23700800000000002,0.10055999999999998
2020-10-12,Industrials,0.2336647619047619,0.23700800000000002
2020-10-13,Industrials,0.327022,0.2336647619047619
2020-10-14,Industrials,0.14747,0.327022
2020-10-15,Industrials,0.22221333333333332,0.14747
2020-10-16,Industrials,0.1126317948717949,0.22221333333333332
2020-10-19,Industrials,0.2626696666666667,0.1126317948717949
2020-10-20,Industrials,0.18731,0.2626696666666667
2020-10-21,Industrials,0.22987000000000002,0.18731
2020-10-22,Industrials,-0.041991428571428575,0.22987000000000002
2020-10-23,Industrials,0.32852,-0.041991428571428575
2020-10-26,Industrials,0.3346122222222222,0.32852
2020-10-27,Industrials,0.049534615384615385,0.3346122222222222
2020-10-28,Industrials,0.20740945454545456,0.049534615384615385
2020-10-29,Industrials,0.035069666666666666,0.20740945454545456
2020-10-30,Industrials,0.06155142857142857,0.035069666666666666
2020-11-02,Industrials,0.21890400000000004,0.06155142857142857
2020-11-03,Industrials,0.178088,0.21890400000000004
2020-11-04,Industrials,0.22702166666666668,0.178088
2020-11-05,Industrials,0.1507,0.22702166666666668
2020-11-06,Industrials,-0.02581142857142857,0.1507
2020-11-09,Industrials,0.3364606666666667,-0.02581142857142857
2020-11-10,Industrials,0.16607611111111112,0.3364606666666667
2020-11-11,Industrials,0.11664000000000001,0.16607611111111112
2020-11-12,Industrials,0.17939666666666665,0.11664000000000001
2020-11-13,Industrials,0.10894,0.17939666666666665
2020-11-16,Industrials,0.15062285714285714,0.10894
2020-11-17,Industrials,0.187635,0.15062285714285714
2020-11-18,Industrials,-0.02004333333333333,0.187635
2020-11-19,Industrials,0.08137857142857144,-0.02004333333333333
2020-11-20,Industrials,0.09558933333333333,0.08137857142857144
2020-11-23,Industrials,0.18778800000000004,0.09558933333333333
2020-11-24,Industrials,0.031414761904761904,0.18778800000000004
2020-11-25,Industrials,0.2904866666666666,0.031414761904761904
2020-11-27,Industrials,0.19663714285714287,0.2904866666666666
2020-11-30,Industrials,0.33290914285714285,0.19663714285714287
2020-12-01,Industrials,0.17090999999999998,0.33290914285714285
2020-12-02,Industrials,0.026303333333333335,0.17090999999999998
2020-12-03,Industrials,0.10289389355742298,0.026303333333333335
2020-12-04,Industrials,0.1352475,0.10289389355742298
2020-12-07,Industrials,0.07212,0.1352475
2020-12-08,Industrials,-0.003093333333333331,0.07212
2020-12-09,Industrials,0.07368555555555556,-0.003093333333333331
2020-12-10,Industrials,0.08961466666666666,0.07368555555555556
2020-12-11,Industrials,0.020429333333333334,0.08961466666666666
2020-12-14,Industrials,0.1586079761904762,0.020429333333333334
2020-12-15,Industrials,0.21925,0.1586079761904762
2020-12-16,Industrials,0.14377666666666666,0.21925
2020-12-17,Industrials,0.15100083333333333,0.14377666666666666
2020-12-18,Industrials,0.212335,0.15100083333333333
2020-12-21,Industrials,0.283263,0.212335
2020-12-22,Industrials,0.22139333333333333,0.283263
2020-12-23,Industrials,0.3112166666666667,0.22139333333333333
2020-12-24,Industrials,0.18359999999999999,0.3112166666666667
2020-12-28,Industrials,0.2028057142857143,0.18359999999999999
2020-12-29,Industrials,0.3094475,0.2028057142857143
2020-12-30,Industrials,0.11489,0.3094475
2020-12-31,Industrials,0.16373466666666664,0.11489
2021-01-04,Industrials,0.10628833333333332,0.16373466666666664
2021-01-05,Industrials,0.08487333333333333,0.10628833333333332
2021-01-06,Industrials,0.08864800000000002,0.08487333333333333
2021-01-07,Industrials,0.010416666666666666,0.08864800000000002
2021-01-08,Industrials,0.01598,0.010416666666666666
2021-01-11,Industrials,0.29847625,0.01598
2021-01-12,Industrials,0.03870666666666666,0.29847625
2021-01-13,Industrials,0.27523090909090914,0.03870666666666666
2021-01-14,Industrials,0.20321166666666665,0.27523090909090914
2021-01-15,Industrials,0.07137833333333335,0.20321166666666665
2021-01-19,Industrials,0.3416533333333333,0.07137833333333335
2021-01-20,Industrials,0.107636,0.3416533333333333
2021-01-21,Industrials,-0.0042200000000000015,0.107636
2021-01-22,Industrials,0.060809999999999996,-0.0042200000000000015
2021-01-25,Industrials,0.3302616666666667,0.060809999999999996
2021-01-26,Industrials,0.13319533834586467,0.3302616666666667
2021-01-27,Industrials,0.05647202898550725,0.13319533834586467
2021-01-28,Industrials,0.109851,0.05647202898550725
2021-01-29,Industrials,0.11666833333333333,0.109851
2021-02-01,Industrials,-0.01445314285714284,0.11666833333333333
2021-02-02,Industrials,0.06752615384615383,-0.01445314285714284
2021-02-03,Industrials,0.10385,0.06752615384615383
2021-02-04,Industrials,0.11922999999999999,0.10385
2021-02-05,Industrials,0.019480000000000004,0.11922999999999999
2021-02-08,Industrials,0.22079857142857146,0.019480000000000004
2021-02-09,Industrials,0.11725833333333333,0.22079857142857146
2021-02-10,Industrials,0.1273490476190476,0.11725833333333333
2021-02-11,Industrials,0.045023333333333346,0.1273490476190476
2021-02-12,Industrials,0.1904616666666667,0.045023333333333346
2021-02-16,Industrials,-0.10168428571428571,0.1904616666666667
2021-02-17,Industrials,0.029534285714285714,-0.10168428571428571
2021-02-18,Industrials,0.06731285714285713,0.029534285714285714
2021-02-19,Industrials,0.25331533333333334,0.06731285714285713
2021-02-22,Industrials,0.15652499999999997,0.25331533333333334
2021-02-23,Industrials,0.06263666666666667,0.15652499999999997
2021-02-24,Industrials,-0.008509000000000022,0.06263666666666667
2021-02-25,Industrials,0.17579,-0.008509000000000022
2021-02-26,Industrials,0.07517166666666668,0.17579
2021-03-01,Industrials,0.010543750000000008,0.07517166666666668
2021-03-02,Industrials,0.052879999999999996,0.010543750000000008
2021-03-03,Industrials,0.08928428571428572,0.052879999999999996
2021-03-04,Industrials,0.298685,0.08928428571428572
2021-03-05,Industrials,0.06544,0.298685
2021-03-08,Industrials,0.220875,0.06544
2021-03-09,Industrials,0.10764749999999998,0.220875
2021-03-10,Industrials,0.13157666666666668,0.10764749999999998
2021-03-11,Industrials,0.24876733333333334,0.13157666666666668
2021-03-12,Industrials,0.15049666666666667,0.24876733333333334
2021-03-15,Industrials,0.32786133333333334,0.15049666666666667
2021-03-16,Industrials,0.09632333333333333,0.32786133333333334
2021-03-17,Industrials,0.007609999999999994,0.09632333333333333
2021-03-18,Industrials,0.027359999999999995,0.007609999999999994
2021-03-19,Industrials,0.01046999999999999,0.027359999999999995
2021-03-22,Industrials,0.24113999999999997,0.01046999999999999
2021-03-23,Industrials,0.19185000000000002,0.24113999999999997
2021-03-24,Industrials,0.07091333333333331,0.19185000000000002
2021-03-25,Industrials,0.03365999999999999,0.07091333333333331
2021-03-26,Industrials,0.08336142857142856,0.03365999999999999
2021-03-29,Industrials,0.2342503333333333,0.08336142857142856
2021-03-30,Industrials,0.19468666666666665,0.2342503333333333
2021-03-31,Industrials,0.11413833333333331,0.19468666666666665
2021-04-01,Industrials,0.25529333333333337,0.11413833333333331
2021-04-05,Industrials,0.370814,0.25529333333333337
2021-04-06,Industrials,0.09400499999999999,0.370814
2021-04-07,Industrials,0.11485333333333334,0.09400499999999999
2021-04-08,Industrials,0.06529333333333333,0.11485333333333334
2021-04-09,Industrials,0.2999804761904762,0.06529333333333333
2021-04-12,Industrials,0.19491999999999998,0.2999804761904762
2021-04-13,Industrials,0.26882,0.19491999999999998
2021-04-14,Industrials,0.12480333333333331,0.26882
2021-04-15,Industrials,0.15460000000000002,0.12480333333333331
2021-04-16,Industrials,0.05387666666666666,0.15460000000000002
2021-04-19,Industrials,0.15718300000000002,0.05387666666666666
2021-04-20,Industrials,0.009983636363636372,0.15718300000000002
2021-04-21,Industrials,0.08579666666666666,0.009983636363636372
2021-04-22,Industrials,0.21136999999999997,0.08579666666666666
2021-04-23,Industrials,0.06476428571428573,0.21136999999999997
2021-04-26,Industrials,0.10071928571428572,0.06476428571428573
2021-04-27,Industrials,0.17929289682539684,0.10071928571428572
2021-04-28,Industrials,-0.015693894736842105,0.17929289682539684
2021-04-29,Industrials,0.012491923076923072,-0.015693894736842105
2021-04-30,Industrials,0.03963800000000002,0.012491923076923072
2021-05-03,Industrials,0.10835714285714286,0.03963800000000002
2021-05-04,Industrials,0.11366999999999998,0.10835714285714286
2021-05-05,Industrials,0.21591,0.11366999999999998
2021-05-06,Industrials,0.3133833333333333,0.21591
2021-05-07,Industrials,0.03610857142857143,0.3133833333333333
2021-05-10,Industrials,0.19173,0.03610857142857143
2021-05-11,Industrials,0.03551750000000001,0.19173
2021-05-12,Industrials,0.15444857142857144,0.03551750000000001
2021-05-13,Industrials,0.12469000000000001,0.15444857142857144
2021-05-14,Industrials,0.03503833333333333,0.12469000000000001
2021-05-17,Industrials,0.15174142857142858,0.03503833333333333
2021-05-18,Industrials,0.050024,0.15174142857142858
2021-05-19,Industrials,0.03383,0.050024
2021-05-20,Industrials,0.13894,0.03383
2021-05-21,Industrials,0.1421,0.13894
2021-05-24,Industrials,0.196185,0.1421
2021-05-25,Industrials,0.0,0.196185
2021-05-26,Industrials,0.14156,0.0
2021-05-27,Industrials,0.1356988888888889,0.14156
2021-05-28,Industrials,0.07224,0.1356988888888889
2021-06-01,Industrials,0.14304,0.07224
2021-06-02,Industrials,0.04078,0.14304
2021-06-03,Industrials,0.19584833333333332,0.04078
2021-06-04,Industrials,0.30632666666666664,0.19584833333333332
2021-06-07,Industrials,0.296465,0.30632666666666664
2021-06-08,Industrials,0.049949999999999994,0.296465
2021-06-09,Industrials,0.08654666666666669,0.049949999999999994
2021-06-10,Industrials,0.2464,0.08654666666666669
2021-06-11,Industrials,0.30788000000000004,0.2464
2021-06-14,Industrials,0.021909999999999995,0.30788000000000004
2021-06-15,Industrials,0.0021333333333333317,0.021909999999999995
2021-06-16,Industrials,0.23112,0.0021333333333333317
2021-06-17,Industrials,0.0,0.23112
2021-06-18,Industrials,0.11581999999999999,0.0
2021-06-21,Industrials,0.14265333333333333,0.11581999999999999
2021-06-22,Industrials,-0.12288999999999999,0.14265333333333333
2021-06-23,Industrials,0.06705,-0.12288999999999999
2021-06-24,Industrials,0.013486666666666666,0.06705
2021-06-25,Industrials,-0.04444333333333335,0.013486666666666666
2021-06-28,Industrials,0.148695,-0.04444333333333335
2021-06-29,Industrials,0.2131,0.148695
2021-06-30,Industrials,0.030506666666666665,0.2131
2021-07-01,Industrials,0.168675,0.030506666666666665
2021-07-02,Industrials,0.08144,0.168675
2021-07-06,Industrials,0.03178,0.08144
2021-07-07,Industrials,0.17512,0.03178
2021-07-08,Industrials,0.08714,0.17512
2021-07-09,Industrials,0.10158666666666667,0.08714
2021-07-12,Industrials,0.16555999999999998,0.10158666666666667
2021-07-13,Industrials,-0.08556,0.16555999999999998
2021-07-14,Industrials,0.08484,-0.08556
2021-07-15,Industrials,0.12498000000000001,0.08484
2021-07-16,Industrials,0.07506,0.12498000000000001
2021-07-19,Industrials,0.13214714285714285,0.07506
2021-07-20,Industrials,0.0,0.13214714285714285
2021-07-21,Industrials,0.09745999999999999,0.0
2021-07-22,Industrials,0.08158,0.09745999999999999
2021-07-23,Industrials,0.14518000000000003,0.08158
2021-07-26,Industrials,0.012683333333333342,0.14518000000000003
2021-07-27,Industrials,0.09624285714285714,0.012683333333333342
2021-07-28,Industrials,0.18802,0.09624285714285714
2021-07-29,Industrials,0.13943,0.18802
2021-07-30,Industrials,0.083785,0.13943
2021-08-02,Industrials,0.1175688888888889,0.083785
2021-08-03,Industrials,0.02023,0.1175688888888889
2021-08-04,Industrials,0.17114,0.02023
2021-08-05,Industrials,0.2563833333333333,0.17114
2021-08-06,Industrials,0.02631,0.2563833333333333
2021-08-09,Industrials,0.2201933333333333,0.02631
2021-08-10,Industrials,0.10350333333333332,0.2201933333333333
2021-08-11,Industrials,-0.08573800000000001,0.10350333333333332
2021-08-12,Industrials,0.01544,-0.08573800000000001
2021-08-13,Industrials,0.029599999999999998,0.01544
2021-08-16,Industrials,0.14547166666666667,0.029599999999999998
2021-08-17,Industrials,0.10116,0.14547166666666667
2021-08-18,Industrials,0.09976499999999999,0.10116
2021-08-19,Industrials,0.04215,0.09976499999999999
2021-08-20,Industrials,-0.13552,0.04215
2021-08-23,Industrials,0.10568333333333331,-0.13552
2021-08-24,Industrials,0.22973,0.10568333333333331
2021-08-25,Industrials,0.0363,0.22973
2021-08-26,Industrials,0.07636,0.0363
2021-08-27,Industrials,0.17278,0.07636
2021-08-30,Industrials,0.09594,0.17278
2021-08-31,Industrials,0.220445,0.09594
2021-09-01,Industrials,0.0,0.220445
2021-09-02,Industrials,0.08301,0.0
2021-09-03,Industrials,-0.02864666666666667,0.08301
2021-09-07,Industrials,0.2349133333333333,-0.02864666666666667
2021-09-08,Industrials,0.22938,0.2349133333333333
2021-09-09,Industrials,0.07636,0.22938
2021-09-10,Industrials,0.051649999999999995,0.07636
2021-09-13,Industrials,0.14171333333333336,0.051649999999999995
2021-09-14,Industrials,0.06799333333333332,0.14171333333333336
2021-09-15,Industrials,-0.02930000000000001,0.06799333333333332
2021-09-16,Industrials,0.06762,-0.02930000000000001
2021-09-17,Industrials,0.0,0.06762
2021-09-20,Industrials,0.022688333333333345,0.0
2021-09-21,Industrials,-0.02263,0.022688333333333345
2021-09-22,Industrials,0.047733333333333336,-0.02263
2021-09-23,Industrials,0.29721666666666663,0.047733333333333336
2021-09-24,Industrials,-0.013026666666666669,0.29721666666666663
2021-09-27,Industrials,0.169823,-0.013026666666666669
2021-09-28,Industrials,0.0659,0.169823
2021-09-29,Industrials,0.09457,0.0659
2021-09-30,Industrials,0.13208999999999999,0.09457
2021-10-01,Industrials,0.16065999999999997,0.13208999999999999
2021-10-04,Industrials,0.271914,0.16065999999999997
2021-10-05,Industrials,0.16796666666666665,0.271914
2021-10-06,Industrials,-0.118856,0.16796666666666665
2021-10-07,Industrials,0.07636,-0.118856
2021-10-08,Industrials,0.05331,0.07636
2021-10-11,Industrials,0.5146,0.05331
2021-10-12,Industrials,0.0,0.5146
2021-10-13,Industrials,0.21371,0.0
2021-10-14,Industrials,0.14743,0.21371
2021-10-15,Industrials,0.09616,0.14743
2021-10-18,Industrials,0.18847333333333335,0.09616
2021-10-19,Industrials,0.06774666666666666,0.18847333333333335
2021-10-20,Industrials,0.03995000000000002,0.06774666666666666
2021-10-21,Industrials,0.08517533333333334,0.03995000000000002
2021-10-22,Industrials,0.10109000000000001,0.08517533333333334
2021-10-25,Industrials,0.08183000000000001,0.10109000000000001
2021-10-26,Industrials,0.136636,0.08183000000000001
2021-10-27,Industrials,0.02647333333333334,0.136636
2021-10-28,Industrials,0.11437072727272728,0.02647333333333334
2021-10-29,Industrials,0.05168666666666666,0.11437072727272728
2021-11-01,Industrials,0.0633,0.05168666666666666
2021-11-02,Industrials,0.02459,0.0633
2021-11-03,Industrials,0.07222,0.02459
2021-11-04,Industrials,-0.020619999999999993,0.07222
2021-11-05,Industrials,0.1537133333333333,-0.020619999999999993
2021-11-08,Industrials,0.016713333333333337,0.1537133333333333
2021-11-09,Industrials,0.20467833333333335,0.016713333333333337
2021-11-10,Industrials,-0.06306916666666666,0.20467833333333335
2021-11-11,Industrials,0.23324499999999998,-0.06306916666666666
2021-11-12,Industrials,0.28603,0.23324499999999998
2021-11-15,Industrials,0.27111833333333335,0.28603
2021-11-16,Industrials,0.07581500000000001,0.27111833333333335
2021-11-17,Industrials,0.14013333333333336,0.07581500000000001
2021-11-18,Industrials,0.05469999999999999,0.14013333333333336
2021-11-19,Industrials,-0.02737,0.05469999999999999
2021-11-22,Industrials,0.16026500000000002,-0.02737
2021-11-23,Industrials,0.04576,0.16026500000000002
2021-11-24,Industrials,0.010280000000000001,0.04576
2021-11-26,Industrials,0.07766,0.010280000000000001
2021-11-29,Industrials,0.009940000000000001,0.07766
2021-11-30,Industrials,0.06447333333333333,0.009940000000000001
2021-12-01,Industrials,-0.08699,0.06447333333333333
2021-12-02,Industrials,-0.0025499999999999993,-0.08699
2021-12-03,Industrials,0.15434,-0.0025499999999999993
2021-12-06,Industrials,0.12379733333333334,0.15434
2021-12-07,Industrials,0.15608,0.12379733333333334
2021-12-08,Industrials,0.03084,0.15608
2021-12-09,Industrials,0.12252999999999999,0.03084
2021-12-10,Industrials,0.08498666666666667,0.12252999999999999
2021-12-13,Industrials,0.027868333333333335,0.08498666666666667
2021-12-14,Industrials,0.13813,0.027868333333333335
2021-12-15,Industrials,0.020216666666666668,0.13813
2021-12-16,Industrials,0.012609166666666663,0.020216666666666668
2021-12-17,Industrials,0.14855485714285716,0.012609166666666663
2021-12-20,Industrials,-0.022807500000000026,0.14855485714285716
2021-12-21,Industrials,0.19462333333333331,-0.022807500000000026
2021-12-22,Industrials,0.38944,0.19462333333333331
2021-12-23,Industrials,0.057172,0.38944
2021-12-27,Industrials,0.27462400000000003,0.057172
2021-12-28,Industrials,0.0909075,0.27462400000000003
2021-12-29,Industrials,0.17589000000000002,0.0909075
2021-12-30,Industrials,0.22877999999999998,0.17589000000000002
2021-12-31,Industrials,0.0866,0.22877999999999998
2022-01-03,Industrials,0.41073000000000004,0.0866
2022-01-04,Industrials,0.17906666666666665,0.41073000000000004
2022-01-05,Industrials,0.08213333333333334,0.17906666666666665
2022-01-06,Industrials,0.02023,0.08213333333333334
2022-01-07,Industrials,0.15577199999999997,0.02023
2022-01-10,Industrials,0.19301047619047618,0.15577199999999997
2022-01-11,Industrials,0.15827999999999998,0.19301047619047618
2022-01-12,Industrials,0.2912283333333333,0.15827999999999998
2022-01-13,Industrials,0.04769904761904761,0.2912283333333333
2022-01-14,Industrials,0.17361555555555558,0.04769904761904761
2022-01-18,Industrials,0.12987551282051282,0.17361555555555558
2022-01-19,Industrials,0.16453600000000002,0.12987551282051282
2022-01-20,Industrials,0.21682666666666664,0.16453600000000002
2022-01-21,Industrials,0.09991066666666668,0.21682666666666664
2022-01-24,Industrials,0.24718514285714283,0.09991066666666668
2022-01-25,Industrials,0.09877577677224736,0.24718514285714283
2022-01-26,Industrials,0.1454586956521739,0.09877577677224736
2022-01-27,Industrials,0.165101,0.1454586956521739
2022-01-28,Industrials,0.19709825,0.165101
2022-01-31,Industrials,0.35148541666666666,0.19709825
2022-02-01,Industrials,0.16321315789473684,0.35148541666666666
2022-02-02,Industrials,0.13474166666666668,0.16321315789473684
2022-02-03,Industrials,0.27350599999999997,0.13474166666666668
2022-02-04,Industrials,0.26304000000000005,0.27350599999999997
2022-02-07,Industrials,0.39515857142857136,0.26304000000000005
2022-02-08,Industrials,0.10015777777777779,0.39515857142857136
2022-02-09,Industrials,0.10840000000000001,0.10015777777777779
2022-02-10,Industrials,0.118842,0.10840000000000001
2022-02-11,Industrials,0.27690666666666663,0.118842
2022-02-14,Industrials,-0.02573499999999999,0.27690666666666663
2022-02-15,Industrials,0.12273666666666667,-0.02573499999999999
2022-02-16,Industrials,0.09423428571428571,0.12273666666666667
2022-02-17,Industrials,0.14677,0.09423428571428571
2022-02-18,Industrials,0.08048666666666665,0.14677
2022-02-22,Industrials,0.11400000000000002,0.08048666666666665
2022-02-23,Industrials,-0.07851999999999999,0.11400000000000002
2022-02-24,Industrials,0.03536666666666667,-0.07851999999999999
2022-02-25,Industrials,0.08526666666666667,0.03536666666666667
2022-02-28,Industrials,0.17391600000000002,0.08526666666666667
2022-03-01,Industrials,0.21189733333333333,0.17391600000000002
2022-03-02,Industrials,0.10385533333333333,0.21189733333333333
2022-03-03,Industrials,0.1467216666666667,0.10385533333333333
2022-03-04,Industrials,0.22988999999999998,0.1467216666666667
2022-03-07,Industrials,0.11288833333333333,0.22988999999999998
2022-03-08,Industrials,-0.07705,0.11288833333333333
2022-03-09,Industrials,0.2510038095238095,-0.07705
2022-03-10,Industrials,0.06641828571428572,0.2510038095238095
2022-03-11,Industrials,0.20445000000000002,0.06641828571428572
2022-03-14,Industrials,0.28638749999999996,0.20445000000000002
2022-03-15,Industrials,0.19786333333333334,0.28638749999999996
2022-03-16,Industrials,0.0035021428571428564,0.19786333333333334
2022-03-17,Industrials,0.15622818181818182,0.0035021428571428564
2022-03-18,Industrials,0.011467179487179489,0.15622818181818182
2022-03-21,Industrials,0.0021666666666666752,0.011467179487179489
2022-03-22,Industrials,-0.27912333333333333,0.0021666666666666752
2022-03-23,Industrials,0.058486666666666666,-0.27912333333333333
2022-03-24,Industrials,-0.02036,0.058486666666666666
2022-03-25,Industrials,0.21273166666666668,-0.02036
2022-03-28,Industrials,0.2371073333333334,0.21273166666666668
2022-03-29,Industrials,0.10893266666666665,0.2371073333333334
2022-03-30,Industrials,0.2982066666666666,0.10893266666666665
2022-03-31,Industrials,0.28858,0.2982066666666666
2022-04-01,Industrials,-0.018074000000000014,0.28858
2022-04-04,Industrials,0.198075,-0.018074000000000014
2022-04-05,Industrials,0.08041761904761904,0.198075
2022-04-06,Industrials,0.14916,0.08041761904761904
2022-04-07,Industrials,0.08793571428571427,0.14916
2022-04-08,Industrials,0.12573499999999999,0.08793571428571427
2022-04-11,Industrials,0.22336444444444442,0.12573499999999999
2022-04-12,Industrials,0.12471733333333335,0.22336444444444442
2022-04-13,Industrials,0.047060000000000005,0.12471733333333335
2022-04-14,Industrials,0.09394,0.047060000000000005
2022-04-18,Industrials,0.1903133333333333,0.09394
2022-04-19,Industrials,0.17387800000000003,0.1903133333333333
2022-04-20,Industrials,0.253052,0.17387800000000003
2022-04-21,Industrials,0.28403833333333334,0.253052
2022-04-22,Industrials,-0.06159333333333333,0.28403833333333334
2022-04-25,Industrials,0.29488357142857147,-0.06159333333333333
2022-04-26,Industrials,0.04123615151515152,0.29488357142857147
2022-04-27,Industrials,0.06336727272727272,0.04123615151515152
2022-04-28,Industrials,0.23658785714285716,0.06336727272727272
2022-04-29,Industrials,0.2515326666666667,0.23658785714285716
2022-05-02,Industrials,0.04886466666666666,0.2515326666666667
2022-05-03,Industrials,0.2955066666666667,0.04886466666666666
2022-05-04,Industrials,0.13329333333333332,0.2955066666666667
2022-05-05,Industrials,0.060616,0.13329333333333332
2022-05-06,Industrials,0.08014,0.060616
2022-05-09,Industrials,0.22568549999999998,0.08014
2022-05-10,Industrials,0.08189833333333332,0.22568549999999998
2022-05-11,Industrials,0.1109719047619048,0.08189833333333332
2022-05-12,Industrials,0.10562333333333333,0.1109719047619048
2022-05-13,Industrials,0.07224733333333333,0.10562333333333333
2022-05-16,Industrials,0.366465,0.07224733333333333
2022-05-17,Industrials,0.198478,0.366465
2022-05-18,Industrials,0.013172499999999998,0.198478
2022-05-19,Industrials,0.29507666666666665,0.013172499999999998
2022-05-20,Industrials,0.1379027777777778,0.29507666666666665
2022-05-23,Industrials,0.16710666666666668,0.1379027777777778
2022-05-24,Industrials,0.32192800000000005,0.16710666666666668
2022-05-25,Industrials,0.25795866666666667,0.32192800000000005
2022-05-26,Industrials,0.12991666666666665,0.25795866666666667
2022-05-27,Industrials,0.19511333333333333,0.12991666666666665
2022-05-31,Industrials,0.371966,0.19511333333333333
2022-06-01,Industrials,0.24026933333333336,0.371966
2022-06-02,Industrials,0.06356,0.24026933333333336
2022-06-03,Industrials,0.14978000000000002,0.06356
2022-06-06,Industrials,0.182749,0.14978000000000002
2022-06-07,Industrials,0.36747,0.182749
2022-06-08,Industrials,0.11504999999999999,0.36747
2022-06-09,Industrials,0.30702999999999997,0.11504999999999999
2022-06-10,Industrials,0.036575,0.30702999999999997
2022-06-13,Industrials,-0.09237166666666666,0.036575
2022-06-14,Industrials,0.185188,-0.09237166666666666
2022-06-15,Industrials,0.17860727272727273,0.185188
2022-06-16,Industrials,0.08936333333333334,0.17860727272727273
2022-06-17,Industrials,0.20850666666666667,0.08936333333333334
2022-06-21,Industrials,0.3445583333333333,0.20850666666666667
2022-06-22,Industrials,-0.03450166666666667,0.3445583333333333
2022-06-23,Industrials,0.180648,-0.03450166666666667
2022-06-24,Industrials,0.02100333333333333,0.180648
2022-06-27,Industrials,0.23509142857142856,0.02100333333333333
2022-06-28,Industrials,0.05397142857142857,0.23509142857142856
2022-06-29,Industrials,0.23078333333333334,0.05397142857142857
2022-06-30,Industrials,0.2192566666666667,0.23078333333333334
2022-07-01,Industrials,0.09197999999999999,0.2192566666666667
2022-07-05,Industrials,0.17209416666666666,0.09197999999999999
2022-07-06,Industrials,0.25154,0.17209416666666666
2022-07-07,Industrials,0.06207999999999999,0.25154
2022-07-08,Industrials,0.10183333333333333,0.06207999999999999
2022-07-11,Industrials,0.2032566666666667,0.10183333333333333
2022-07-12,Industrials,0.070338,0.2032566666666667
2022-07-13,Industrials,0.19647888888888887,0.070338
2022-07-14,Industrials,0.2301333333333333,0.19647888888888887
2022-07-15,Industrials,0.05360666666666667,0.2301333333333333
2022-07-18,Industrials,0.13376566666666667,0.05360666666666667
2022-07-19,Industrials,0.12387333333333335,0.13376566666666667
2022-07-20,Industrials,0.16588285714285714,0.12387333333333335
2022-07-21,Industrials,0.020970000000000003,0.16588285714285714
2022-07-22,Industrials,0.11329,0.020970000000000003
2022-07-25,Industrials,0.06658342857142857,0.11329
2022-07-26,Industrials,0.1624446626984127,0.06658342857142857
2022-07-27,Industrials,0.07636,0.1624446626984127
2022-07-28,Industrials,0.06174761904761905,0.07636
2022-07-29,Industrials,0.08038,0.06174761904761905
2022-08-01,Industrials,0.17483700000000002,0.08038
2022-08-02,Industrials,0.03244153846153846,0.17483700000000002
2022-08-03,Industrials,0.06384666666666666,0.03244153846153846
2022-08-04,Industrials,0.03612,0.06384666666666666
2022-08-05,Industrials,0.06664,0.03612
2022-08-08,Industrials,0.277872,0.06664
2022-08-09,Industrials,0.06042000000000001,0.277872
2022-08-10,Industrials,0.16287500000000002,0.06042000000000001
2022-08-11,Industrials,0.025480000000000003,0.16287500000000002
2022-08-12,Industrials,0.21046666666666666,0.025480000000000003
2022-08-15,Industrials,0.32334999999999997,0.21046666666666666
2022-08-16,Industrials,-0.07316,0.32334999999999997
2022-08-17,Industrials,0.017570000000000002,-0.07316
2022-08-18,Industrials,-0.060806666666666655,0.017570000000000002
2022-08-19,Industrials,0.05991,-0.060806666666666655
2022-08-22,Industrials,0.32885428571428565,0.05991
2022-08-23,Industrials,0.1721,0.32885428571428565
2022-08-24,Industrials,0.08745,0.1721
2022-08-25,Industrials,0.25264000000000003,0.08745
2022-08-26,Industrials,-0.02236333333333333,0.25264000000000003
2022-08-29,Industrials,0.041592000000000004,-0.02236333333333333
2022-08-30,Industrials,0.176225,0.041592000000000004
2022-08-31,Industrials,0.11480666666666665,0.176225
2022-09-01,Industrials,0.252335,0.11480666666666665
2022-09-02,Industrials,0.15115666666666666,0.252335
2022-09-06,Industrials,0.20138066666666665,0.15115666666666666
2022-09-07,Industrials,0.11088,0.20138066666666665
2022-09-08,Industrials,0.005136666666666678,0.11088
2022-09-09,Industrials,0.02851666666666668,0.005136666666666678
2022-09-12,Industrials,0.08255900000000001,0.02851666666666668
2022-09-13,Industrials,0.27725000000000005,0.08255900000000001
2022-09-14,Industrials,0.11924166666666669,0.27725000000000005
2022-09-15,Industrials,0.13912,0.11924166666666669
2022-09-16,Industrials,0.08147999999999998,0.13912
2022-09-19,Industrials,0.20256595238095237,0.08147999999999998
2022-09-20,Industrials,0.26244666666666666,0.20256595238095237
2022-09-21,Industrials,0.047420000000000004,0.26244666666666666
2022-09-22,Industrials,0.012756,0.047420000000000004
2022-09-23,Industrials,0.152928,0.012756
2022-09-26,Industrials,0.07657499999999999,0.152928
2022-09-27,Industrials,0.110975,0.07657499999999999
2022-09-28,Industrials,0.02662666666666667,0.110975
2022-09-29,Industrials,0.05628,0.02662666666666667
2022-09-30,Industrials,-0.04942,0.05628
2022-10-03,Industrials,0.158,-0.04942
2022-10-04,Industrials,0.17202999999999996,0.158
2022-10-05,Industrials,0.20259999999999997,0.17202999999999996
2022-10-06,Industrials,0.09483,0.20259999999999997
2022-10-07,Industrials,0.076555,0.09483
2022-10-10,Industrials,0.21832000000000001,0.076555
2022-10-11,Industrials,0.17761,0.21832000000000001
2022-10-12,Industrials,0.26004,0.17761
2022-10-13,Industrials,0.12929,0.26004
2022-10-14,Industrials,0.14877833333333332,0.12929
2022-10-17,Industrials,-0.06405,0.14877833333333332
2022-10-18,Industrials,0.11135166666666667,-0.06405
2022-10-19,Industrials,-0.09069333333333333,0.11135166666666667
2022-10-20,Industrials,0.3045933333333333,-0.09069333333333333
2022-10-21,Industrials,0.10062,0.3045933333333333
2022-10-24,Industrials,0.16038000000000002,0.10062
2022-10-25,Industrials,0.08197521367521368,0.16038000000000002
2022-10-26,Industrials,0.031798666666666676,0.08197521367521368
2022-10-27,Industrials,0.3730122222222222,0.031798666666666676
2022-10-28,Industrials,0.19380999999999998,0.3730122222222222
2022-10-31,Industrials,0.17027333333333333,0.19380999999999998
2022-11-01,Industrials,0.39068,0.17027333333333333
2022-11-02,Industrials,0.07636,0.39068
2022-11-03,Industrials,0.029790666666666667,0.07636
2022-11-04,Industrials,0.24488000000000004,0.029790666666666667
2022-11-07,Industrials,0.11546333333333333,0.24488000000000004
2022-11-08,Industrials,0.11166999999999998,0.11546333333333333
2022-11-09,Industrials,0.1349,0.11166999999999998
2022-11-10,Industrials,0.1377566666666667,0.1349
2022-11-11,Industrials,0.15827,0.1377566666666667
2022-11-14,Industrials,0.18925999999999998,0.15827
2022-11-15,Industrials,0.00479,0.18925999999999998
2022-11-16,Industrials,0.13452,0.00479
2022-11-17,Industrials,0.12932,0.13452
2022-11-18,Industrials,-0.008533333333333334,0.12932
2022-11-21,Industrials,0.09976666666666667,-0.008533333333333334
2022-11-22,Industrials,0.189452,0.09976666666666667
2022-11-23,Industrials,0.0,0.189452
2022-11-25,Industrials,0.04632000000000001,0.0
2022-11-28,Industrials,0.033116,0.04632000000000001
2022-11-29,Industrials,0.25944,0.033116
2022-11-30,Industrials,0.1849,0.25944
2022-12-01,Industrials,0.23421333333333333,0.1849
2022-12-02,Industrials,0.041288000000000005,0.23421333333333333
2022-12-05,Industrials,0.18309166666666668,0.041288000000000005
2022-12-06,Industrials,-0.17158,0.18309166666666668
2022-12-07,Industrials,0.04588,-0.17158
2022-12-08,Industrials,0.13025,0.04588
2022-12-09,Industrials,0.25694,0.13025
2022-12-12,Industrials,0.014926666666666666,0.25694
2022-12-13,Industrials,0.28763666666666665,0.014926666666666666
2022-12-14,Industrials,0.28428,0.28763666666666665
2022-12-15,Industrials,0.13827699999999998,0.28428
2022-12-16,Industrials,-0.029712,0.13827699999999998
2022-12-19,Industrials,0.24636166666666667,-0.029712
2022-12-20,Industrials,0.14591166666666666,0.24636166666666667
2022-12-21,Industrials,0.38085142857142856,0.14591166666666666
2022-12-22,Industrials,0.13571,0.38085142857142856
2022-12-23,Industrials,0.08531,0.13571
2022-12-27,Industrials,0.18637119047619047,0.08531
2022-12-28,Industrials,0.12137666666666669,0.18637119047619047
2022-12-29,Industrials,0.16107666666666667,0.12137666666666669
2022-12-30,Industrials,0.16039000000000003,0.16107666666666667
2023-01-03,Industrials,0.17960199999999998,0.16039000000000003
2023-01-04,Industrials,0.11277333333333335,0.17960199999999998
2023-01-05,Industrials,0.20772999999999997,0.11277333333333335
2023-01-06,Industrials,0.010115,0.20772999999999997
2023-01-09,Industrials,0.23668666666666666,0.010115
2023-01-10,Industrials,0.26115571428571427,0.23668666666666666
2023-01-11,Industrials,0.06496000000000002,0.26115571428571427
2023-01-12,Industrials,0.1752,0.06496000000000002
2023-01-13,Industrials,0.04868399999999999,0.1752
2023-01-17,Industrials,0.2883366666666667,0.04868399999999999
2023-01-18,Industrials,-0.0022199999999999998,0.2883366666666667
2023-01-19,Industrials,0.09917999999999999,-0.0022199999999999998
2023-01-20,Industrials,-0.003159999999999996,0.09917999999999999
2023-01-23,Industrials,0.2081895714285714,-0.003159999999999996
2023-01-24,Industrials,0.10310654545454545,0.2081895714285714
2023-01-25,Industrials,0.090445,0.10310654545454545
2023-01-26,Industrials,0.07930600000000002,0.090445
2023-01-27,Industrials,0.17388,0.07930600000000002
2023-01-30,Industrials,0.12765200000000002,0.17388
2023-01-31,Industrials,0.14612958823529412,0.12765200000000002
2023-02-01,Industrials,0.07608,0.14612958823529412
2023-02-02,Industrials,0.12769000000000003,0.07608
2023-02-03,Industrials,0.28495499999999996,0.12769000000000003
2023-02-06,Industrials,0.08089666666666666,0.28495499999999996
2023-02-07,Industrials,-0.017795,0.08089666666666666
2023-02-08,Industrials,0.14984666666666666,-0.017795
2023-02-09,Industrials,0.19409200000000001,0.14984666666666666
2023-02-10,Industrials,0.06705,0.19409200000000001
2023-02-13,Industrials,0.17026333333333335,0.06705
2023-02-14,Industrials,0.09924666666666666,0.17026333333333335
2023-02-15,Industrials,0.15052,0.09924666666666666
2023-02-16,Industrials,0.23208166666666666,0.15052
2023-02-17,Industrials,0.04646,0.23208166666666666
2023-02-21,Industrials,0.3043903333333334,0.04646
2023-02-22,Industrials,0.14448,0.3043903333333334
2023-02-23,Industrials,0.0836,0.14448
2023-02-24,Industrials,0.007313333333333333,0.0836
2023-02-27,Industrials,0.08537166666666665,0.007313333333333333
2023-02-28,Industrials,0.13311666666666666,0.08537166666666665
2023-03-01,Industrials,0.07174571428571427,0.13311666666666666
2023-03-02,Industrials,0.23378000000000002,0.07174571428571427
2023-03-03,Industrials,0.13770333333333334,0.23378000000000002
2023-03-06,Industrials,0.18619333333333335,0.13770333333333334
2023-03-07,Industrials,0.11762333333333333,0.18619333333333335
2023-03-08,Industrials,0.14807333333333333,0.11762333333333333
2023-03-09,Industrials,0.087842,0.14807333333333333
2023-03-10,Industrials,0.12936952380952382,0.087842
2023-03-13,Industrials,0.12860999999999997,0.12936952380952382
2023-03-14,Industrials,0.13593333333333332,0.12860999999999997
2023-03-15,Industrials,0.015150000000000002,0.13593333333333332
2023-03-16,Industrials,0.208115,0.015150000000000002
2023-03-17,Industrials,0.09096666666666667,0.208115
2023-03-20,Industrials,0.04976666666666667,0.09096666666666667
2023-03-21,Industrials,0.24172000000000002,0.04976666666666667
2023-03-22,Industrials,0.25671,0.24172000000000002
2023-03-23,Industrials,0.18942,0.25671
2023-03-24,Industrials,0.14916666666666667,0.18942
2023-03-27,Industrials,0.19340444444444443,0.14916666666666667
2023-03-28,Industrials,0.04354499999999999,0.19340444444444443
2023-03-29,Industrials,0.07526833333333334,0.04354499999999999
2023-03-30,Industrials,0.21977666666666665,0.07526833333333334
2023-03-31,Industrials,-0.029546666666666666,0.21977666666666665
2023-04-03,Industrials,0.169495,-0.029546666666666666
2023-04-04,Industrials,0.13050642857142858,0.169495
2023-04-05,Industrials,0.07344000000000002,0.13050642857142858
2023-04-06,Industrials,0.07452666666666666,0.07344000000000002
2023-04-10,Industrials,0.23028749999999998,0.07452666666666666
2023-04-11,Industrials,0.044506666666666674,0.23028749999999998
2023-04-12,Industrials,0.14502866666666664,0.044506666666666674
2023-04-13,Industrials,0.21082,0.14502866666666664
2023-04-14,Industrials,0.21213833333333332,0.21082
2023-04-17,Industrials,0.14885066666666666,0.21213833333333332
2023-04-18,Industrials,0.14639166666666664,0.14885066666666666
2023-04-19,Industrials,0.12046000000000001,0.14639166666666664
2023-04-20,Industrials,0.052908,0.12046000000000001
2023-04-21,Industrials,0.306942,0.052908
2023-04-24,Industrials,0.0710325,0.306942
2023-04-25,Industrials,0.07742697191697191,0.0710325
2023-04-26,Industrials,0.11840232142857143,0.07742697191697191
2023-04-27,Industrials,0.13654000000000002,0.11840232142857143
2023-04-28,Industrials,0.13270166666666666,0.13654000000000002
2023-05-01,Industrials,0.26938666666666666,0.13270166666666666
2023-05-02,Industrials,0.14088333333333333,0.26938666666666666
2023-05-03,Industrials,0.12331666666666666,0.14088333333333333
2023-05-04,Industrials,0.38169166666666665,0.12331666666666666
2023-05-05,Industrials,-0.09116,0.38169166666666665
2023-05-08,Industrials,0.037183333333333325,-0.09116
2023-05-09,Industrials,0.25983,0.037183333333333325
2023-05-10,Industrials,0.08543,0.25983
2023-05-11,Industrials,0.13638,0.08543
2023-05-12,Industrials,0.05514,0.13638
2023-05-15,Industrials,0.1666166666666667,0.05514
2023-05-16,Industrials,0.07343999999999999,0.1666166666666667
2023-05-17,Industrials,0.09238,0.07343999999999999
2023-05-18,Industrials,0.10736666666666665,0.09238
2023-05-19,Industrials,0.16253,0.10736666666666665
2023-05-22,Industrials,0.1573733333333333,0.16253
2023-05-23,Industrials,0.0843,0.1573733333333333
2023-05-24,Industrials,0.04682619047619047,0.0843
2023-05-25,Industrials,0.17484666666666668,0.04682619047619047
2023-05-26,Industrials,0.09680999999999998,0.17484666666666668
2023-05-30,Industrials,0.08421666666666666,0.09680999999999998
2023-05-31,Industrials,0.09251666666666666,0.08421666666666666
2023-06-01,Industrials,0.14135333333333333,0.09251666666666666
2023-06-02,Industrials,0.14507750000000003,0.14135333333333333
2023-06-05,Industrials,0.06555028571428571,0.14507750000000003
2023-06-06,Industrials,0.21066000000000001,0.06555028571428571
2023-06-07,Industrials,0.16736666666666666,0.21066000000000001
2023-06-08,Industrials,0.09481333333333333,0.16736666666666666
2023-06-09,Industrials,-0.013456666666666683,0.09481333333333333
2023-06-12,Industrials,0.121445,-0.013456666666666683
2023-06-13,Industrials,0.12487333333333332,0.121445
2023-06-14,Industrials,0.167572,0.12487333333333332
2023-06-15,Industrials,0.17307333333333333,0.167572
2023-06-16,Industrials,0.20936857142857143,0.17307333333333333
2023-06-20,Industrials,0.09533237662337664,0.20936857142857143
2023-06-21,Industrials,-0.03897352380952381,0.09533237662337664
2023-06-22,Industrials,0.06087499999999999,-0.03897352380952381
2023-06-23,Industrials,0.06646,0.06087499999999999
2023-06-26,Industrials,0.18016000000000001,0.06646
2023-06-27,Industrials,0.06036666666666668,0.18016000000000001
2023-06-28,Industrials,0.06435,0.06036666666666668
2023-06-29,Industrials,0.047670000000000004,0.06435
2023-06-30,Industrials,0.3030733333333333,0.047670000000000004
2023-07-03,Industrials,0.183813,0.3030733333333333
2023-07-05,Industrials,0.30357338461538463,0.183813
2023-07-06,Industrials,0.075936,0.30357338461538463
2023-07-07,Industrials,-0.02090999999999999,0.075936
2023-07-10,Industrials,0.07557809523809525,-0.02090999999999999
2023-07-11,Industrials,0.24861,0.07557809523809525
2023-07-12,Industrials,0.01605333333333334,0.24861
2023-07-13,Industrials,0.08498333333333333,0.01605333333333334
2023-07-14,Industrials,0.12714499999999998,0.08498333333333333
2023-07-17,Industrials,0.05407133333333334,0.12714499999999998
2023-07-18,Industrials,0.18919000000000002,0.05407133333333334
2023-07-19,Industrials,0.24798142857142857,0.18919000000000002
2023-07-20,Industrials,-0.07921,0.24798142857142857
2023-07-21,Industrials,0.05787166666666667,-0.07921
2023-07-24,Industrials,0.23142866666666664,0.05787166666666667
2023-07-25,Industrials,0.12431022141560799,0.23142866666666664
2023-07-26,Industrials,0.04574366666666669,0.12431022141560799
2023-07-27,Industrials,0.23524333333333333,0.04574366666666669
2023-07-28,Industrials,-0.02795285714285714,0.23524333333333333
2023-07-31,Industrials,0.12111536231884057,-0.02795285714285714
2023-08-01,Industrials,0.16374261538461538,0.12111536231884057
2023-08-02,Industrials,0.1012070588235294,0.16374261538461538
2023-08-03,Industrials,0.18058000000000002,0.1012070588235294
2023-08-04,Industrials,0.249355,0.18058000000000002
2023-08-07,Industrials,0.12160533333333332,0.249355
2023-08-08,Industrials,0.11190875,0.12160533333333332
2023-08-09,Industrials,0.10194733333333335,0.11190875
2023-08-10,Industrials,0.13386666666666666,0.10194733333333335
2023-08-11,Industrials,0.099873,0.13386666666666666
2023-08-14,Industrials,0.13252000000000003,0.099873
2023-08-15,Industrials,0.13792500000000002,0.13252000000000003
2023-08-16,Industrials,0.22773500000000002,0.13792500000000002
2023-08-17,Industrials,0.1427857142857143,0.22773500000000002
2023-08-18,Industrials,-0.04124000000000001,0.1427857142857143
2023-08-21,Industrials,0.15876400000000002,-0.04124000000000001
2023-08-22,Industrials,0.20171333333333333,0.15876400000000002
2023-08-23,Industrials,0.15049,0.20171333333333333
2023-08-24,Industrials,0.15173999999999999,0.15049
2023-08-25,Industrials,0.041956,0.15173999999999999
2023-08-28,Industrials,0.016566578947368422,0.041956
2023-08-29,Industrials,0.04902523809523809,0.016566578947368422
2023-08-30,Industrials,0.03355400000000001,0.04902523809523809
2023-08-31,Industrials,0.120702,0.03355400000000001
2023-09-01,Industrials,0.21128833333333336,0.120702
2023-09-05,Industrials,0.17788866666666667,0.21128833333333336
2023-09-06,Industrials,0.14338666666666666,0.17788866666666667
2023-09-07,Industrials,0.25017999999999996,0.14338666666666666
2023-09-08,Industrials,0.05507666666666666,0.25017999999999996
2023-09-11,Industrials,0.11791800000000001,0.05507666666666666
2023-09-12,Industrials,0.14962333333333336,0.11791800000000001
2023-09-13,Industrials,0.07992771428571428,0.14962333333333336
2023-09-14,Industrials,0.11526499999999999,0.07992771428571428
2023-09-15,Industrials,0.19604666666666665,0.11526499999999999
2023-09-18,Industrials,0.20523333333333332,0.19604666666666665
2023-09-19,Industrials,0.1497061904761905,0.20523333333333332
2023-09-20,Industrials,0.09772444444444446,0.1497061904761905
2023-09-21,Industrials,0.22150161904761906,0.09772444444444446
2023-09-22,Industrials,0.33033,0.22150161904761906
2023-09-25,Industrials,0.1927866666666667,0.33033
2023-09-26,Industrials,0.27762333333333333,0.1927866666666667
2023-09-27,Industrials,0.22674599999999998,0.27762333333333333
2023-09-28,Industrials,0.14709142857142857,0.22674599999999998
2023-09-29,Industrials,0.14310333333333333,0.14709142857142857
2023-10-02,Industrials,0.20316300000000004,0.14310333333333333
2023-10-03,Industrials,0.21655133333333332,0.20316300000000004
2023-10-04,Industrials,0.14815166666666665,0.21655133333333332
2023-10-05,Industrials,0.115455,0.14815166666666665
2023-10-06,Industrials,0.005796666666666672,0.115455
2023-10-09,Industrials,-0.011396666666666676,0.005796666666666672
2023-10-10,Industrials,0.12138539682539681,-0.011396666666666676
2023-10-11,Industrials,0.21197000000000005,0.12138539682539681
2023-10-12,Industrials,0.1373,0.21197000000000005
2023-10-13,Industrials,0.08287769230769232,0.1373
2023-10-16,Industrials,0.18869966666666665,0.08287769230769232
2023-10-17,Industrials,0.027243333333333335,0.18869966666666665
2023-10-18,Industrials,0.057272857142857146,0.027243333333333335
2023-10-19,Industrials,0.17387904761904763,0.057272857142857146
2023-10-20,Industrials,0.06275366666666668,0.17387904761904763
2023-10-23,Industrials,0.21612692307692302,0.06275366666666668
2023-10-24,Industrials,0.2859744782608696,0.21612692307692302
2023-10-25,Industrials,0.1655083333333333,0.2859744782608696
2023-10-26,Industrials,0.19098057142857142,0.1655083333333333
2023-10-27,Industrials,-0.016834666666666668,0.19098057142857142
2023-10-30,Industrials,0.18518217948717947,-0.016834666666666668
2023-10-31,Industrials,0.16075,0.18518217948717947
2023-11-01,Industrials,0.13348,0.16075
2023-11-02,Industrials,0.2625143333333333,0.13348
2023-11-03,Industrials,-0.06777333333333332,0.2625143333333333
2023-11-06,Industrials,0.190788,-0.06777333333333332
2023-11-07,Industrials,0.11056933333333333,0.190788
2023-11-08,Industrials,0.12731333333333333,0.11056933333333333
2023-11-09,Industrials,0.22085,0.12731333333333333
2023-11-10,Industrials,0.0604125,0.22085
2023-11-13,Industrials,0.01146833333333333,0.0604125
2023-11-14,Industrials,0.13234200000000002,0.01146833333333333
2023-11-15,Industrials,0.10552095238095238,0.13234200000000002
2023-11-16,Industrials,0.175343,0.10552095238095238
2023-11-17,Industrials,0.23347250000000003,0.175343
2023-11-20,Industrials,0.097645,0.23347250000000003
2023-11-21,Industrials,0.16668533333333335,0.097645
2023-11-22,Industrials,0.2520135714285714,0.16668533333333335
2023-11-24,Industrials,0.19749454545454545,0.2520135714285714
2023-11-27,Industrials,0.059862000000000005,0.19749454545454545
2023-11-28,Industrials,0.044255,0.059862000000000005
2023-11-29,Industrials,0.1175288888888889,0.044255
2023-11-30,Industrials,0.20862749999999997,0.1175288888888889
2023-12-01,Industrials,0.10359500000000002,0.20862749999999997
2023-12-04,Industrials,0.15667666666666666,0.10359500000000002
2023-12-05,Industrials,-0.030325,0.15667666666666666
2023-12-06,Industrials,0.09405000000000001,-0.030325
2023-12-07,Industrials,0.07006333333333334,0.09405000000000001
2023-12-08,Industrials,0.04731833333333334,0.07006333333333334
2023-12-11,Industrials,0.12609309523809525,0.04731833333333334
2023-12-12,Industrials,0.33412,0.12609309523809525
2023-12-13,Industrials,0.2474404761904762,0.33412
2023-12-14,Industrials,0.10600499999999999,0.2474404761904762
2023-12-15,Industrials,0.09323999999999999,0.10600499999999999
2023-12-18,Industrials,0.30223380952380957,0.09323999999999999
2023-12-19,Industrials,0.0,0.30223380952380957
2023-12-20,Industrials,0.0,0.0
2023-12-21,Industrials,0.0,0.0
2023-12-22,Industrials,0.0,0.0
2023-12-26,Industrials,0.0,0.0
2023-12-27,Industrials,0.0,0.0
2023-12-28,Industrials,0.0,0.0
2023-12-29,Industrials,0.0,0.0
2020-01-02,Materials,0.10974999999999999,
2020-01-03,Materials,0.020320000000000005,0.10974999999999999
2020-01-06,Materials,-0.0011119999999999962,0.020320000000000005
2020-01-07,Materials,0.1353,-0.0011119999999999962
2020-01-08,Materials,-0.05335000000000001,0.1353
2020-01-09,Materials,0.04953333333333333,-0.05335000000000001
2020-01-10,Materials,-0.06355999999999999,0.04953333333333333
2020-01-13,Materials,0.22872666666666666,-0.06355999999999999
2020-01-14,Materials,0.11182,0.22872666666666666
2020-01-15,Materials,0.06919333333333334,0.11182
2020-01-16,Materials,0.10212000000000002,0.06919333333333334
2020-01-17,Materials,0.18836,0.10212000000000002
2020-01-21,Materials,0.024533999999999997,0.18836
2020-01-22,Materials,-0.059199999999999996,0.024533999999999997
2020-01-23,Materials,0.1385,-0.059199999999999996
2020-01-24,Materials,0.12023199999999998,0.1385
2020-01-27,Materials,0.004181333333333334,0.12023199999999998
2020-01-28,Materials,0.20874333333333334,0.004181333333333334
2020-01-29,Materials,0.08163000000000001,0.20874333333333334
2020-01-30,Materials,-0.007479128205128205,0.08163000000000001
2020-01-31,Materials,0.04085833333333333,-0.007479128205128205
2020-02-03,Materials,0.21988333333333335,0.04085833333333333
2020-02-04,Materials,0.09143000000000001,0.21988333333333335
2020-02-05,Materials,0.10253999999999999,0.09143000000000001
2020-02-06,Materials,0.09924999999999999,0.10253999999999999
2020-02-07,Materials,0.09379333333333333,0.09924999999999999
2020-02-10,Materials,0.23231333333333332,0.09379333333333333
2020-02-11,Materials,0.11242,0.23231333333333332
2020-02-12,Materials,0.059199999999999996,0.11242
2020-02-13,Materials,0.08411333333333333,0.059199999999999996
2020-02-14,Materials,-0.0019749999999999933,0.08411333333333333
2020-02-18,Materials,0.12635555555555555,-0.0019749999999999933
2020-02-19,Materials,0.064715,0.12635555555555555
2020-02-20,Materials,0.06404363636363637,0.064715
2020-02-21,Materials,0.14036666666666667,0.06404363636363637
2020-02-24,Materials,0.10891750000000003,0.14036666666666667
2020-02-25,Materials,-0.006010000000000004,0.10891750000000003
2020-02-26,Materials,0.08509,-0.006010000000000004
2020-02-27,Materials,0.051707142857142854,0.08509
2020-02-28,Materials,-0.019295000000000007,0.051707142857142854
2020-03-02,Materials,0.08951166666666666,-0.019295000000000007
2020-03-03,Materials,0.278078,0.08951166666666666
2020-03-04,Materials,0.25775000000000003,0.278078
2020-03-05,Materials,0.09148,0.25775000000000003
2020-03-06,Materials,-0.01121333333333333,0.09148
2020-03-09,Materials,0.043978833333333335,-0.01121333333333333
2020-03-10,Materials,0.04349833333333334,0.043978833333333335
2020-03-11,Materials,0.10703555555555555,0.04349833333333334
2020-03-12,Materials,-0.074246,0.10703555555555555
2020-03-13,Materials,0.04478666666666667,-0.074246
2020-03-16,Materials,0.024365333333333322,0.04478666666666667
2020-03-17,Materials,0.13397833333333334,0.024365333333333322
2020-03-18,Materials,-0.014830000000000006,0.13397833333333334
2020-03-19,Materials,0.12368799999999999,-0.014830000000000006
2020-03-20,Materials,0.11415000000000002,0.12368799999999999
2020-03-23,Materials,0.20785142857142852,0.11415000000000002
2020-03-24,Materials,0.40515333333333337,0.20785142857142852
2020-03-25,Materials,0.24738,0.40515333333333337
2020-03-26,Materials,0.1662626666666667,0.24738
2020-03-27,Materials,0.12936999999999999,0.1662626666666667
2020-03-30,Materials,0.202041,0.12936999999999999
2020-03-31,Materials,0.370915,0.202041
2020-04-01,Materials,0.05327466666666667,0.370915
2020-04-02,Materials,0.058706666666666664,0.05327466666666667
2020-04-03,Materials,0.08113999999999999,0.058706666666666664
2020-04-06,Materials,0.06658,0.08113999999999999
2020-04-07,Materials,0.40512,0.06658
2020-04-08,Materials,0.29875999999999997,0.40512
2020-04-09,Materials,0.23101126984126985,0.29875999999999997
2020-04-13,Materials,0.16197023809523808,0.23101126984126985
2020-04-14,Materials,0.010080000000000002,0.16197023809523808
2020-04-15,Materials,-0.03395904761904761,0.010080000000000002
2020-04-16,Materials,0.31083,-0.03395904761904761
2020-04-17,Materials,0.24948,0.31083
2020-04-20,Materials,0.18397047619047618,0.24948
2020-04-21,Materials,-0.01003666666666666,0.18397047619047618
2020-04-22,Materials,0.20549499999999998,-0.01003666666666666
2020-04-23,Materials,0.15738228571428572,0.20549499999999998
2020-04-24,Materials,-0.010733333333333334,0.15738228571428572
2020-04-27,Materials,0.2824666666666667,-0.010733333333333334
2020-04-28,Materials,0.12487266666666667,0.2824666666666667
2020-04-29,Materials,0.3808714285714286,0.12487266666666667
2020-04-30,Materials,0.16698904761904765,0.3808714285714286
2020-05-01,Materials,0.13056833333333331,0.16698904761904765
2020-05-04,Materials,0.0008050000000000002,0.13056833333333331
2020-05-05,Materials,0.17173716666666666,0.0008050000000000002
2020-05-06,Materials,0.088194,0.17173716666666666
2020-05-07,Materials,0.170888,0.088194
2020-05-08,Materials,0.09992416666666666,0.170888
2020-05-11,Materials,0.192008,0.09992416666666666
2020-05-12,Materials,0.081426,0.192008
2020-05-13,Materials,0.16721714285714284,0.081426
2020-05-14,Materials,0.199275,0.16721714285714284
2020-05-15,Materials,0.19702777777777777,0.199275
2020-05-18,Materials,0.03632666666666667,0.19702777777777777
2020-05-19,Materials,0.1670066666666667,0.03632666666666667
2020-05-20,Materials,0.07385466666666667,0.1670066666666667
2020-05-21,Materials,0.18404833333333334,0.07385466666666667
2020-05-22,Materials,0.2844933333333334,0.18404833333333334
2020-05-26,Materials,0.062393333333333335,0.2844933333333334
2020-05-27,Materials,0.12982666666666667,0.062393333333333335
2020-05-28,Materials,0.09518,0.12982666666666667
2020-05-29,Materials,0.06724,0.09518
2020-06-01,Materials,0.131,0.06724
2020-06-02,Materials,0.20229333333333335,0.131
2020-06-03,Materials,0.08242,0.20229333333333335
2020-06-04,Materials,0.26824000000000003,0.08242
2020-06-05,Materials,0.059199999999999996,0.26824000000000003
2020-06-08,Materials,0.21084999999999998,0.059199999999999996
2020-06-09,Materials,0.16352,0.21084999999999998
2020-06-10,Materials,0.16040000000000001,0.16352
2020-06-11,Materials,0.10846,0.16040000000000001
2020-06-12,Materials,0.15597,0.10846
2020-06-15,Materials,0.05464,0.15597
2020-06-16,Materials,0.0,0.05464
2020-06-17,Materials,-0.12248,0.0
2020-06-18,Materials,0.0,-0.12248
2020-06-19,Materials,0.03558,0.0
2020-06-22,Materials,0.04751999999999999,0.03558
2020-06-23,Materials,0.04588,0.04751999999999999
2020-06-24,Materials,0.0,0.04588
2020-06-25,Materials,0.08038,0.0
2020-06-26,Materials,0.11988000000000001,0.08038
2020-06-29,Materials,0.12161999999999999,0.11988000000000001
2020-06-30,Materials,0.153,0.12161999999999999
2020-07-01,Materials,0.10533999999999999,0.153
2020-07-02,Materials,0.0,0.10533999999999999
2020-07-06,Materials,-0.055453333333333334,0.0
2020-07-07,Materials,0.0,-0.055453333333333334
2020-07-08,Materials,0.11438,0.0
2020-07-09,Materials,0.0,0.11438
2020-07-10,Materials,0.0,0.0
2020-07-13,Materials,0.0,0.0
2020-07-14,Materials,0.0,0.0
2020-07-15,Materials,0.0,0.0
2020-07-16,Materials,0.01032,0.0
2020-07-17,Materials,0.0,0.01032
2020-07-20,Materials,0.0,0.0
2020-07-21,Materials,0.0,0.0
2020-07-22,Materials,0.15158,0.0
2020-07-23,Materials,0.193408,0.15158
2020-07-24,Materials,0.15497,0.193408
2020-07-27,Materials,0.05117200000000001,0.15497
2020-07-28,Materials,0.13574,0.05117200000000001
2020-07-29,Materials,0.17350000000000002,0.13574
2020-07-30,Materials,0.10137,0.17350000000000002
2020-07-31,Materials,0.13616,0.10137
2020-08-03,Materials,0.29951999999999995,0.13616
2020-08-04,Materials,0.23435999999999998,0.29951999999999995
2020-08-05,Materials,0.10368,0.23435999999999998
2020-08-06,Materials,0.25076,0.10368
2020-08-07,Materials,0.0,0.25076
2020-08-10,Materials,0.2853133333333333,0.0
2020-08-11,Materials,0.0,0.2853133333333333
2020-08-12,Materials,0.0,0.0
2020-08-13,Materials,0.0,0.0
2020-08-14,Materials,0.18372000000000002,0.0
2020-08-17,Materials,0.239075,0.18372000000000002
2020-08-18,Materials,0.059199999999999996,0.239075
2020-08-19,Materials,0.0,0.059199999999999996
2020-08-20,Materials,0.0,0.0
2020-08-21,Materials,0.05464,0.0
2020-08-24,Materials,0.29042,0.05464
2020-08-25,Materials,-0.03558,0.29042
2020-08-26,Materials,0.059199999999999996,-0.03558
2020-08-27,Materials,0.07636,0.059199999999999996
2020-08-28,Materials,-0.015086666666666668,0.07636
2020-08-31,Materials,0.12498000000000001,-0.015086666666666668
2020-09-01,Materials,0.0,0.12498000000000001
2020-09-02,Materials,-0.017600000000000005,0.0
2020-09-03,Materials,0.02294,-0.017600000000000005
2020-09-04,Materials,0.06246999999999999,0.02294
2020-09-08,Materials,0.10846,0.06246999999999999
2020-09-09,Materials,0.0,0.10846
2020-09-10,Materials,0.14218,0.0
2020-09-11,Materials,-0.059199999999999996,0.14218
2020-09-14,Materials,-0.06567,-0.059199999999999996
2020-09-15,Materials,0.0,-0.06567
2020-09-16,Materials,0.07636,0.0
2020-09-17,Materials,0.105155,0.07636
2020-09-18,Materials,0.0,0.105155
2020-09-21,Materials,0.10805000000000001,0.0
2020-09-22,Materials,0.0,0.10805000000000001
2020-09-23,Materials,0.0,0.0
2020-09-24,Materials,0.12738,0.0
2020-09-25,Materials,0.059199999999999996,0.12738
2020-09-28,Materials,0.10191000000000001,0.059199999999999996
2020-09-29,Materials,0.0,0.10191000000000001
2020-09-30,Materials,0.0,0.0
2020-10-01,Materials,0.0,0.0
2020-10-02,Materials,0.0,0.0
2020-10-05,Materials,0.05786,0.0
2020-10-06,Materials,0.0,0.05786
2020-10-07,Materials,0.07636,0.0
2020-10-08,Materials,0.0,0.07636
2020-10-09,Materials,0.0,0.0
2020-10-12,Materials,0.16382999999999998,0.0
2020-10-13,Materials,0.0,0.16382999999999998
2020-10-14,Materials,0.12498000000000001,0.0
2020-10-15,Materials,0.22793999999999998,0.12498000000000001
2020-10-16,Materials,0.11124,0.22793999999999998
2020-10-19,Materials,0.28844000000000003,0.11124
2020-10-20,Materials,0.0,0.28844000000000003
2020-10-21,Materials,0.08979999999999999,0.0
2020-10-22,Materials,0.11984333333333334,0.08979999999999999
2020-10-23,Materials,0.05574,0.11984333333333334
2020-10-26,Materials,0.01544,0.05574
2020-10-27,Materials,0.045840000000000006,0.01544
2020-10-28,Materials,0.0,0.045840000000000006
2020-10-29,Materials,0.12163399999999999,0.0
2020-10-30,Materials,0.0,0.12163399999999999
2020-11-02,Materials,0.18571999999999997,0.0
2020-11-03,Materials,0.09152,0.18571999999999997
2020-11-04,Materials,0.03182,0.09152
2020-11-05,Materials,0.0,0.03182
2020-11-06,Materials,0.07832,0.0
2020-11-09,Materials,0.0,0.07832
2020-11-10,Materials,0.01032,0.0
2020-11-11,Materials,0.049333333333333326,0.01032
2020-11-12,Materials,0.07096,0.049333333333333326
2020-11-13,Materials,0.25986,0.07096
2020-11-16,Materials,0.16361,0.25986
2020-11-17,Materials,0.28568,0.16361
2020-11-18,Materials,0.0,0.28568
2020-11-19,Materials,0.08252000000000001,0.0
2020-11-20,Materials,0.0,0.08252000000000001
2020-11-23,Materials,0.12896000000000002,0.0
2020-11-24,Materials,0.08808,0.12896000000000002
2020-11-25,Materials,0.10717333333333331,0.08808
2020-11-27,Materials,0.11148,0.10717333333333331
2020-11-30,Materials,0.04046,0.11148
2020-12-01,Materials,0.153,0.04046
2020-12-02,Materials,0.09152,0.153
2020-12-03,Materials,0.0,0.09152
2020-12-04,Materials,0.0,0.0
2020-12-07,Materials,0.0,0.0
2020-12-08,Materials,0.043,0.0
2020-12-09,Materials,0.12261333333333332,0.043
2020-12-10,Materials,0.059199999999999996,0.12261333333333332
2020-12-11,Materials,0.0,0.059199999999999996
2020-12-14,Materials,0.0,0.0
2020-12-15,Materials,0.0,0.0
2020-12-16,Materials,0.18784,0.0
2020-12-17,Materials,0.20724,0.18784
2020-12-18,Materials,0.11615333333333333,0.20724
2020-12-21,Materials,0.21499000000000001,0.11615333333333333
2020-12-22,Materials,0.0,0.21499000000000001
2020-12-23,Materials,0.0,0.0
2020-12-24,Materials,0.0,0.0
2020-12-28,Materials,0.07224,0.0
2020-12-29,Materials,0.13194,0.07224
2020-12-30,Materials,0.11988000000000001,0.13194
2020-12-31,Materials,0.08038,0.11988000000000001
2021-01-04,Materials,0.26042,0.08038
2021-01-05,Materials,0.12264,0.26042
2021-01-06,Materials,0.0843,0.12264
2021-01-07,Materials,-0.06824,0.0843
2021-01-08,Materials,0.010928,-0.06824
2021-01-11,Materials,0.2690933333333333,0.010928
2021-01-12,Materials,0.0,0.2690933333333333
2021-01-13,Materials,0.0,0.0
2021-01-14,Materials,0.0,0.0
2021-01-15,Materials,0.0,0.0
2021-01-19,Materials,-0.17012,0.0
2021-01-20,Materials,0.11148,-0.17012
2021-01-21,Materials,0.11565999999999999,0.11148
2021-01-22,Materials,0.01544,0.11565999999999999
2021-01-25,Materials,-0.0448,0.01544
2021-01-26,Materials,-0.008533333333333334,-0.0448
2021-01-27,Materials,0.023160000000000004,-0.008533333333333334
2021-01-28,Materials,0.19020333333333334,0.023160000000000004
2021-01-29,Materials,0.11438,0.19020333333333334
2021-02-01,Materials,0.20522800000000002,0.11438
2021-02-02,Materials,0.0,0.20522800000000002
2021-02-03,Materials,0.02064,0.0
2021-02-04,Materials,0.0,0.02064
2021-02-05,Materials,0.0,0.0
2021-02-08,Materials,0.09474,0.0
2021-02-09,Materials,0.15892,0.09474
2021-02-10,Materials,0.04588,0.15892
2021-02-11,Materials,0.0,0.04588
2021-02-12,Materials,0.0,0.0
2021-02-16,Materials,0.15926,0.0
2021-02-17,Materials,0.13833,0.15926
2021-02-18,Materials,0.1766716666666667,0.13833
2021-02-19,Materials,0.16625,0.1766716666666667
2021-02-22,Materials,0.23512,0.16625
2021-02-23,Materials,0.06531,0.23512
2021-02-24,Materials,0.0,0.06531
2021-02-25,Materials,0.0,0.0
2021-02-26,Materials,0.025,0.0
2021-03-01,Materials,0.07039999999999999,0.025
2021-03-02,Materials,0.11148,0.07039999999999999
2021-03-03,Materials,0.0,0.11148
2021-03-04,Materials,0.059199999999999996,0.0
2021-03-05,Materials,0.068,0.059199999999999996
2021-03-08,Materials,0.13229333333333332,0.068
2021-03-09,Materials,0.0,0.13229333333333332
2021-03-10,Materials,0.05319,0.0
2021-03-11,Materials,0.12827,0.05319
2021-03-12,Materials,0.059199999999999996,0.12827
2021-03-15,Materials,0.03818,0.059199999999999996
2021-03-16,Materials,0.01544,0.03818
2021-03-17,Materials,0.02732,0.01544
2021-03-18,Materials,0.0,0.02732
2021-03-19,Materials,0.11988000000000001,0.0
2021-03-22,Materials,0.11682,0.11988000000000001
2021-03-23,Materials,-0.05,0.11682
2021-03-24,Materials,0.05464,-0.05
2021-03-25,Materials,0.11339000000000002,0.05464
2021-03-26,Materials,-0.11839999999999999,0.11339000000000002
2021-03-29,Materials,0.0,-0.11839999999999999
2021-03-30,Materials,0.0,0.0
2021-03-31,Materials,0.059199999999999996,0.0
2021-04-01,Materials,0.07636,0.059199999999999996
2021-04-05,Materials,0.13345,0.07636
2021-04-06,Materials,0.04046,0.13345
2021-04-07,Materials,-0.06364,0.04046
2021-04-08,Materials,0.13013999999999998,-0.06364
2021-04-09,Materials,0.0,0.13013999999999998
2021-04-12,Materials,0.18169999999999997,0.0
2021-04-13,Materials,0.0,0.18169999999999997
2021-04-14,Materials,0.20275999999999997,0.0
2021-04-15,Materials,0.0,0.20275999999999997
2021-04-16,Materials,0.0,0.0
2021-04-19,Materials,0.2318,0.0
2021-04-20,Materials,-0.00516,0.2318
2021-04-21,Materials,0.19538000000000003,-0.00516
2021-04-22,Materials,0.05847,0.19538000000000003
2021-04-23,Materials,0.08016000000000001,0.05847
2021-04-26,Materials,0.01544,0.08016000000000001
2021-04-27,Materials,0.09565333333333334,0.01544
2021-04-28,Materials,0.11148,0.09565333333333334
2021-04-29,Materials,0.02488,0.11148
2021-04-30,Materials,0.01544,0.02488
2021-05-03,Materials,0.03504,0.01544
2021-05-04,Materials,0.0004724999999999993,0.03504
2021-05-05,Materials,0.17182,0.0004724999999999993
2021-05-06,Materials,0.19899,0.17182
2021-05-07,Materials,0.0,0.19899
2021-05-10,Materials,0.18126,0.0
2021-05-11,Materials,0.062490000000000004,0.18126
2021-05-12,Materials,0.09878,0.062490000000000004
2021-05-13,Materials,0.03612,0.09878
2021-05-14,Materials,0.11717999999999999,0.03612
2021-05-17,Materials,0.16466399999999998,0.11717999999999999
2021-05-18,Materials,0.07304666666666666,0.16466399999999998
2021-05-19,Materials,-0.07636,0.07304666666666666
2021-05-20,Materials,0.0,-0.07636
2021-05-21,Materials,0.03182,0.0
2021-05-24,Materials,0.23722,0.03182
2021-05-25,Materials,0.08038,0.23722
2021-05-26,Materials,0.0,0.08038
2021-05-27,Materials,0.1711,0.0
2021-05-28,Materials,0.11617999999999999,0.1711
2021-06-01,Materials,0.09546666666666667,0.11617999999999999
2021-06-02,Materials,0.0,0.09546666666666667
2021-06-03,Materials,0.23712,0.0
2021-06-04,Materials,0.03818,0.23712
2021-06-07,Materials,0.11242999999999999,0.03818
2021-06-08,Materials,0.11216,0.11242999999999999
2021-06-09,Materials,0.0,0.11216
2021-06-10,Materials,0.0,0.0
2021-06-11,Materials,0.07224,0.0
2021-06-14,Materials,0.26114,0.07224
2021-06-15,Materials,0.07636,0.26114
2021-06-16,Materials,0.0,0.07636
2021-06-17,Materials,0.09545200000000001,0.0
2021-06-18,Materials,0.08879999999999999,0.09545200000000001
2021-06-21,Materials,0.026973333333333332,0.08879999999999999
2021-06-22,Materials,0.013269999999999999,0.026973333333333332
2021-06-23,Materials,0.0,0.013269999999999999
2021-06-24,Materials,0.07894,0.0
2021-06-25,Materials,0.05689333333333333,0.07894
2021-06-28,Materials,0.0,0.05689333333333333
2021-06-29,Materials,0.00516,0.0
2021-06-30,Materials,0.0,0.00516
2021-07-01,Materials,0.04046,0.0
2021-07-02,Materials,0.059199999999999996,0.04046
2021-07-06,Materials,0.17983999999999997,0.059199999999999996
2021-07-07,Materials,0.0,0.17983999999999997
2021-07-08,Materials,-0.04887999999999999,0.0
2021-07-09,Materials,0.0,-0.04887999999999999
2021-07-12,Materials,0.07636,0.0
2021-07-13,Materials,0.0,0.07636
2021-07-14,Materials,0.0,0.0
2021-07-15,Materials,0.08038,0.0
2021-07-16,Materials,0.11988000000000001,0.08038
2021-07-19,Materials,-0.013630000000000003,0.11988000000000001
2021-07-20,Materials,0.03494,-0.013630000000000003
2021-07-21,Materials,0.024166666666666666,0.03494
2021-07-22,Materials,0.14629066666666668,0.024166666666666666
2021-07-23,Materials,0.11148,0.14629066666666668
2021-07-26,Materials,0.11706000000000001,0.11148
2021-07-27,Materials,0.09407333333333333,0.11706000000000001
2021-07-28,Materials,0.0,0.09407333333333333
2021-07-29,Materials,0.20673,0.0
2021-07-30,Materials,0.059199999999999996,0.20673
2021-08-02,Materials,0.01544,0.059199999999999996
2021-08-03,Materials,0.13180666666666666,0.01544
2021-08-04,Materials,0.07636,0.13180666666666666
2021-08-05,Materials,0.0,0.07636
2021-08-06,Materials,0.07636,0.0
2021-08-09,Materials,0.018633333333333335,0.07636
2021-08-10,Materials,0.01366,0.018633333333333335
2021-08-11,Materials,-0.10673111111111111,0.01366
2021-08-12,Materials,0.09581999999999999,-0.10673111111111111
2021-08-13,Materials,0.11148,0.09581999999999999
2021-08-16,Materials,0.13816,0.11148
2021-08-17,Materials,0.14350000000000002,0.13816
2021-08-18,Materials,0.15122,0.14350000000000002
2021-08-19,Materials,0.022869999999999994,0.15122
2021-08-20,Materials,0.008139999999999991,0.022869999999999994
2021-08-23,Materials,0.04198666666666666,0.008139999999999991
2021-08-24,Materials,0.0,0.04198666666666666
2021-08-25,Materials,0.0,0.0
2021-08-26,Materials,0.059199999999999996,0.0
2021-08-27,Materials,0.09878,0.059199999999999996
2021-08-30,Materials,0.18784,0.09878
2021-08-31,Materials,0.07597999999999999,0.18784
2021-09-01,Materials,0.0,0.07597999999999999
2021-09-02,Materials,0.0,0.0
2021-09-03,Materials,0.0,0.0
2021-09-07,Materials,0.042460000000000005,0.0
2021-09-08,Materials,-0.08198666666666667,0.042460000000000005
2021-09-09,Materials,0.021100000000000008,-0.08198666666666667
2021-09-10,Materials,0.0,0.021100000000000008
2021-09-13,Materials,0.17172,0.0
2021-09-14,Materials,-0.007940000000000003,0.17172
2021-09-15,Materials,0.0,-0.007940000000000003
2021-09-16,Materials,0.07004,0.0
2021-09-17,Materials,0.17751333333333336,0.07004
2021-09-20,Materials,0.19554666666666667,0.17751333333333336
2021-09-21,Materials,-0.10846,0.19554666666666667
2021-09-22,Materials,0.07294,-0.10846
2021-09-23,Materials,0.07636,0.07294
2021-09-24,Materials,0.03818,0.07636
2021-09-27,Materials,0.06369,0.03818
2021-09-28,Materials,0.02054,0.06369
2021-09-29,Materials,0.0,0.02054
2021-09-30,Materials,0.14764666666666665,0.0
2021-10-01,Materials,-0.059199999999999996,0.14764666666666665
2021-10-04,Materials,0.0,-0.059199999999999996
2021-10-05,Materials,-0.00411999999999999,0.0
2021-10-06,Materials,0.11879190476190478,-0.00411999999999999
2021-10-07,Materials,0.15566,0.11879190476190478
2021-10-08,Materials,0.148,0.15566
2021-10-11,Materials,0.20400999999999997,0.148
2021-10-12,Materials,-0.04526,0.20400999999999997
2021-10-13,Materials,0.028535000000000005,-0.04526
2021-10-14,Materials,-0.030929999999999996,0.028535000000000005
2021-10-15,Materials,0.059199999999999996,-0.030929999999999996
2021-10-18,Materials,0.1681,0.059199999999999996
2021-10-19,Materials,0.0,0.1681
2021-10-20,Materials,0.0053700000000000015,0.0
2021-10-21,Materials,0.19430333333333333,0.0053700000000000015
2021-10-22,Materials,0.08038,0.19430333333333333
2021-10-25,Materials,0.08259000000000001,0.08038
2021-10-26,Materials,0.02137000000000001,0.08259000000000001
2021-10-27,Materials,0.10533999999999999,0.02137000000000001
2021-10-28,Materials,0.014293333333333333,0.10533999999999999
2021-10-29,Materials,0.0,0.014293333333333333
2021-11-01,Materials,0.09176,0.0
2021-11-02,Materials,-0.023897272727272743,0.09176
2021-11-03,Materials,0.0,-0.023897272727272743
2021-11-04,Materials,0.0,0.0
2021-11-05,Materials,0.0,0.0
2021-11-08,Materials,0.105616,0.0
2021-11-09,Materials,0.059199999999999996,0.105616
2021-11-10,Materials,0.09322,0.059199999999999996
2021-11-11,Materials,-0.029599999999999998,0.09322
2021-11-12,Materials,0.27146666666666663,-0.029599999999999998
2021-11-15,Materials,0.15566,0.27146666666666663
2021-11-16,Materials,0.14933999999999997,0.15566
2021-11-17,Materials,-0.02044,0.14933999999999997
2021-11-18,Materials,0.0,-0.02044
2021-11-19,Materials,0.0,0.0
2021-11-22,Materials,0.217315,0.0
2021-11-23,Materials,-0.03968,0.217315
2021-11-24,Materials,0.0,-0.03968
2021-11-26,Materials,0.0,0.0
2021-11-29,Materials,0.0,0.0
2021-11-30,Materials,0.14553,0.0
2021-12-01,Materials,-0.043239999999999994,0.14553
2021-12-02,Materials,-0.14220666666666668,-0.043239999999999994
2021-12-03,Materials,0.0149,-0.14220666666666668
2021-12-06,Materials,0.14032,0.0149
2021-12-07,Materials,0.0,0.14032
2021-12-08,Materials,0.08038,0.0
2021-12-09,Materials,0.20651000000000003,0.08038
2021-12-10,Materials,0.068,0.20651000000000003
2021-12-13,Materials,0.0,0.068
2021-12-14,Materials,0.150065,0.0
2021-12-15,Materials,0.210615,0.150065
2021-12-16,Materials,0.020080000000000004,0.210615
2021-12-17,Materials,0.0,0.020080000000000004
2021-12-20,Materials,0.03256,0.0
2021-12-21,Materials,0.0,0.03256
2021-12-22,Materials,0.0,0.0
2021-12-23,Materials,0.17589,0.0
2021-12-27,Materials,0.05464,0.17589
2021-12-28,Materials,0.1854,0.05464
2021-12-29,Materials,0.15566,0.1854
2021-12-30,Materials,0.04019,0.15566
2021-12-31,Materials,0.0,0.04019
2022-01-03,Materials,0.14192,0.0
2022-01-04,Materials,0.03818,0.14192
2022-01-05,Materials,0.018213333333333335,0.03818
2022-01-06,Materials,0.16914666666666667,0.018213333333333335
2022-01-07,Materials,0.04019,0.16914666666666667
2022-01-10,Materials,0.059199999999999996,0.04019
2022-01-11,Materials,0.0,0.059199999999999996
2022-01-12,Materials,0.0,0.0
2022-01-13,Materials,0.11804,0.0
2022-01-14,Materials,0.10600666666666667,0.11804
2022-01-18,Materials,0.015201333333333322,0.10600666666666667
2022-01-19,Materials,0.10779333333333332,0.015201333333333322
2022-01-20,Materials,0.049909999999999996,0.10779333333333332
2022-01-21,Materials,0.14069333333333334,0.049909999999999996
2022-01-24,Materials,0.17466857142857142,0.14069333333333334
2022-01-25,Materials,0.19745000000000001,0.17466857142857142
2022-01-26,Materials,0.09224,0.19745000000000001
2022-01-27,Materials,0.14042000000000002,0.09224
2022-01-28,Materials,0.0,0.14042000000000002
2022-01-31,Materials,-0.029059999999999996,0.0
2022-02-01,Materials,0.2817666666666666,-0.029059999999999996
2022-02-02,Materials,0.11731,0.2817666666666666
2022-02-03,Materials,-0.08808,0.11731
2022-02-04,Materials,0.05994000000000001,-0.08808
2022-02-07,Materials,0.07908,0.05994000000000001
2022-02-08,Materials,0.13669454545454549,0.07908
2022-02-09,Materials,0.09534000000000001,0.13669454545454549
2022-02-10,Materials,0.09581999999999999,0.09534000000000001
2022-02-11,Materials,0.13058999999999998,0.09581999999999999
2022-02-14,Materials,0.068,0.13058999999999998
2022-02-15,Materials,0.01544,0.068
2022-02-16,Materials,0.03512,0.01544
2022-02-17,Materials,0.17082,0.03512
2022-02-18,Materials,-0.14773399999999998,0.17082
2022-02-22,Materials,0.28275666666666666,-0.14773399999999998
2022-02-23,Materials,0.1516,0.28275666666666666
2022-02-24,Materials,0.02939,0.1516
2022-02-25,Materials,0.0,0.02939
2022-02-28,Materials,-0.01032,0.0
2022-03-01,Materials,0.24558,-0.01032
2022-03-02,Materials,0.07998999999999999,0.24558
2022-03-03,Materials,0.0,0.07998999999999999
2022-03-04,Materials,-0.0041799999999999945,0.0
2022-03-07,Materials,0.17024,-0.0041799999999999945
2022-03-08,Materials,0.12445999999999999,0.17024
2022-03-09,Materials,0.055900000000000005,0.12445999999999999
2022-03-10,Materials,0.18407,0.055900000000000005
2022-03-11,Materials,0.12244666666666668,0.18407
2022-03-14,Materials,0.05,0.12244666666666668
2022-03-15,Materials,0.11204,0.05
2022-03-16,Materials,0.16867000000000001,0.11204
2022-03-17,Materials,0.02086,0.16867000000000001
2022-03-18,Materials,0.11517000000000002,0.02086
2022-03-21,Materials,0.10754000000000001,0.11517000000000002
2022-03-22,Materials,0.15674,0.10754000000000001
2022-03-23,Materials,0.0,0.15674
2022-03-24,Materials,0.05935,0.0
2022-03-25,Materials,0.13312666666666667,0.05935
2022-03-28,Materials,0.03615333333333333,0.13312666666666667
2022-03-29,Materials,0.0392,0.03615333333333333
2022-03-30,Materials,0.09862000000000001,0.0392
2022-03-31,Materials,0.23381,0.09862000000000001
2022-04-01,Materials,0.19083999999999998,0.23381
2022-04-04,Materials,0.12725,0.19083999999999998
2022-04-05,Materials,0.15927666666666665,0.12725
2022-04-06,Materials,0.2300233333333333,0.15927666666666665
2022-04-07,Materials,0.059199999999999996,0.2300233333333333
2022-04-08,Materials,0.01779,0.059199999999999996
2022-04-11,Materials,0.17826,0.01779
2022-04-12,Materials,0.20111500000000002,0.17826
2022-04-13,Materials,0.31335666666666667,0.20111500000000002
2022-04-14,Materials,0.22765666666666667,0.31335666666666667
2022-04-18,Materials,0.296065,0.22765666666666667
2022-04-19,Materials,0.09703,0.296065
2022-04-20,Materials,0.07430266666666667,0.09703
2022-04-21,Materials,0.143952,0.07430266666666667
2022-04-22,Materials,0.12255288888888889,0.143952
2022-04-25,Materials,0.24786000000000002,0.12255288888888889
2022-04-26,Materials,0.0665225,0.24786000000000002
2022-04-27,Materials,0.02054,0.0665225
2022-04-28,Materials,0.047756666666666656,0.02054
2022-04-29,Materials,0.01544,0.047756666666666656
2022-05-02,Materials,0.01544,0.01544
2022-05-03,Materials,-0.0028977777777777795,0.01544
2022-05-04,Materials,0.09404,-0.0028977777777777795
2022-05-05,Materials,0.15694,0.09404
2022-05-06,Materials,0.05696,0.15694
2022-05-09,Materials,0.0,0.05696
2022-05-10,Materials,0.24813999999999997,0.0
2022-05-11,Materials,0.0,0.24813999999999997
2022-05-12,Materials,0.26960666666666666,0.0
2022-05-13,Materials,0.08402,0.26960666666666666
2022-05-16,Materials,0.07159499999999999,0.08402
2022-05-17,Materials,0.130895,0.07159499999999999
2022-05-18,Materials,0.059199999999999996,0.130895
2022-05-19,Materials,0.15002,0.059199999999999996
2022-05-20,Materials,0.18984,0.15002
2022-05-23,Materials,0.18779,0.18984
2022-05-24,Materials,-0.0568,0.18779
2022-05-25,Materials,0.11528666666666668,-0.0568
2022-05-26,Materials,0.15111999999999998,0.11528666666666668
2022-05-27,Materials,-0.07432,0.15111999999999998
2022-05-31,Materials,0.14281,-0.07432
2022-06-01,Materials,0.05737333333333333,0.14281
2022-06-02,Materials,0.0206,0.05737333333333333
2022-06-03,Materials,0.09176,0.0206
2022-06-06,Materials,0.10873,0.09176
2022-06-07,Materials,0.013760000000000005,0.10873
2022-06-08,Materials,0.08757,0.013760000000000005
2022-06-09,Materials,0.09740000000000001,0.08757
2022-06-10,Materials,-0.024893333333333333,0.09740000000000001
2022-06-13,Materials,0.08576,-0.024893333333333333
2022-06-14,Materials,0.17820666666666668,0.08576
2022-06-15,Materials,0.17794400000000002,0.17820666666666668
2022-06-16,Materials,0.0857,0.17794400000000002
2022-06-17,Materials,-0.010079999999999997,0.0857
2022-06-21,Materials,0.08520000000000001,-0.010079999999999997
2022-06-22,Materials,0.08328333333333333,0.08520000000000001
2022-06-23,Materials,0.14923999999999998,0.08328333333333333
2022-06-24,Materials,0.04887999999999999,0.14923999999999998
2022-06-27,Materials,0.2694026666666667,0.04887999999999999
2022-06-28,Materials,0.26514,0.2694026666666667
2022-06-29,Materials,0.034,0.26514
2022-06-30,Materials,0.06065,0.034
2022-07-01,Materials,0.15262,0.06065
2022-07-05,Materials,0.21460666666666667,0.15262
2022-07-06,Materials,0.32648,0.21460666666666667
2022-07-07,Materials,0.008130000000000004,0.32648
2022-07-08,Materials,0.10414999999999999,0.008130000000000004
2022-07-11,Materials,0.07096,0.10414999999999999
2022-07-12,Materials,0.0,0.07096
2022-07-13,Materials,0.07476000000000001,0.0
2022-07-14,Materials,0.04917666666666666,0.07476000000000001
2022-07-15,Materials,-0.10846,0.04917666666666666
2022-07-18,Materials,0.07388,-0.10846
2022-07-19,Materials,0.0918,0.07388
2022-07-20,Materials,0.10683333333333334,0.0918
2022-07-21,Materials,0.1696404761904762,0.10683333333333334
2022-07-22,Materials,-0.002149999999999999,0.1696404761904762
2022-07-25,Materials,0.13094745098039215,-0.002149999999999999
2022-07-26,Materials,0.06559999999999999,0.13094745098039215
2022-07-27,Materials,0.08323714285714286,0.06559999999999999
2022-07-28,Materials,0.23825,0.08323714285714286
2022-07-29,Materials,0.0,0.23825
2022-08-01,Materials,0.0,0.0
2022-08-02,Materials,0.06883399999999999,0.0
2022-08-03,Materials,0.09638,0.06883399999999999
2022-08-04,Materials,0.20647000000000001,0.09638
2022-08-05,Materials,0.09534000000000001,0.20647000000000001
2022-08-08,Materials,0.16444,0.09534000000000001
2022-08-09,Materials,0.0,0.16444
2022-08-10,Materials,0.08038,0.0
2022-08-11,Materials,0.0,0.08038
2022-08-12,Materials,0.0,0.0
2022-08-15,Materials,0.03615333333333333,0.0
2022-08-16,Materials,0.10836000000000001,0.03615333333333333
2022-08-17,Materials,0.10768,0.10836000000000001
2022-08-18,Materials,0.09899,0.10768
2022-08-19,Materials,0.0,0.09899
2022-08-22,Materials,0.08017,0.0
2022-08-23,Materials,0.05578000000000001,0.08017
2022-08-24,Materials,0.01544,0.05578000000000001
2022-08-25,Materials,0.00258,0.01544
2022-08-26,Materials,0.08652,0.00258
2022-08-29,Materials,-0.038145,0.08652
2022-08-30,Materials,0.02278,-0.038145
2022-08-31,Materials,-0.068,0.02278
2022-09-01,Materials,0.08595,-0.068
2022-09-02,Materials,0.09152,0.08595
2022-09-06,Materials,0.0,0.09152
2022-09-07,Materials,0.07885,0.0
2022-09-08,Materials,0.16276,0.07885
2022-09-09,Materials,0.10533999999999999,0.16276
2022-09-12,Materials,-0.07253,0.10533999999999999
2022-09-13,Materials,0.01544,-0.07253
2022-09-14,Materials,0.10938666666666667,0.01544
2022-09-15,Materials,0.03555333333333333,0.10938666666666667
2022-09-16,Materials,0.0,0.03555333333333333
2022-09-19,Materials,-0.07439000000000001,0.0
2022-09-20,Materials,0.0,-0.07439000000000001
2022-09-21,Materials,0.08048000000000001,0.0
2022-09-22,Materials,0.19475666666666666,0.08048000000000001
2022-09-23,Materials,0.2616266666666666,0.19475666666666666
2022-09-26,Materials,0.06921999999999999,0.2616266666666666
2022-09-27,Materials,0.1042,0.06921999999999999
2022-09-28,Materials,-0.00992666666666667,0.1042
2022-09-29,Materials,0.0,-0.00992666666666667
2022-09-30,Materials,0.09341333333333332,0.0
2022-10-03,Materials,0.07085,0.09341333333333332
2022-10-04,Materials,0.16756,0.07085
2022-10-05,Materials,0.17016,0.16756
2022-10-06,Materials,-0.029599999999999998,0.17016
2022-10-07,Materials,0.10347999999999999,-0.029599999999999998
2022-10-10,Materials,0.29564,0.10347999999999999
2022-10-11,Materials,0.11589999999999998,0.29564
2022-10-12,Materials,0.068,0.11589999999999998
2022-10-13,Materials,0.026029999999999987,0.068
2022-10-14,Materials,0.0,0.026029999999999987
2022-10-17,Materials,-0.0735,0.0
2022-10-18,Materials,0.07789333333333333,-0.0735
2022-10-19,Materials,0.07111999999999999,0.07789333333333333
2022-10-20,Materials,0.16838333333333333,0.07111999999999999
2022-10-21,Materials,0.19779,0.16838333333333333
2022-10-24,Materials,0.16447333333333333,0.19779
2022-10-25,Materials,0.07326666666666667,0.16447333333333333
2022-10-26,Materials,0.08668,0.07326666666666667
2022-10-27,Materials,0.09326,0.08668
2022-10-28,Materials,0.0,0.09326
2022-10-31,Materials,0.12498000000000001,0.0
2022-11-01,Materials,-0.06586,0.12498000000000001
2022-11-02,Materials,-0.017853333333333332,-0.06586
2022-11-03,Materials,0.10300000000000001,-0.017853333333333332
2022-11-04,Materials,0.0,0.10300000000000001
2022-11-07,Materials,0.053459999999999994,0.0
2022-11-08,Materials,0.06490571428571429,0.053459999999999994
2022-11-09,Materials,0.11177999999999999,0.06490571428571429
2022-11-10,Materials,0.09948,0.11177999999999999
2022-11-11,Materials,0.07350999999999999,0.09948
2022-11-14,Materials,0.10212000000000002,0.07350999999999999
2022-11-15,Materials,0.32432999999999995,0.10212000000000002
2022-11-16,Materials,0.0,0.32432999999999995
2022-11-17,Materials,0.14192,0.0
2022-11-18,Materials,0.19400666666666666,0.14192
2022-11-21,Materials,0.08212,0.19400666666666666
2022-11-22,Materials,0.0,0.08212
2022-11-23,Materials,0.029599999999999998,0.0
2022-11-25,Materials,0.03088,0.029599999999999998
2022-11-28,Materials,0.10533999999999999,0.03088
2022-11-29,Materials,0.03715,0.10533999999999999
2022-11-30,Materials,0.28415999999999997,0.03715
2022-12-01,Materials,0.15249333333333331,0.28415999999999997
2022-12-02,Materials,0.01032,0.15249333333333331
2022-12-05,Materials,0.12498000000000001,0.01032
2022-12-06,Materials,0.07167333333333334,0.12498000000000001
2022-12-07,Materials,0.0,0.07167333333333334
2022-12-08,Materials,0.08344,0.0
2022-12-09,Materials,0.07783,0.08344
2022-12-12,Materials,-0.07432,0.07783
2022-12-13,Materials,0.12334,-0.07432
2022-12-14,Materials,0.10010000000000001,0.12334
2022-12-15,Materials,0.043840000000000004,0.10010000000000001
2022-12-16,Materials,-0.11717999999999999,0.043840000000000004
2022-12-19,Materials,0.04398,-0.11717999999999999
2022-12-20,Materials,0.21188333333333334,0.04398
2022-12-21,Materials,0.10184,0.21188333333333334
2022-12-22,Materials,0.0,0.10184
2022-12-23,Materials,0.0,0.0
2022-12-27,Materials,0.17012,0.0
2022-12-28,Materials,0.02732,0.17012
2022-12-29,Materials,0.12972999999999998,0.02732
2022-12-30,Materials,0.00516,0.12972999999999998
2023-01-03,Materials,0.08808,0.00516
2023-01-04,Materials,0.04404,0.08808
2023-01-05,Materials,0.13296,0.04404
2023-01-06,Materials,0.025453333333333335,0.13296
2023-01-09,Materials,0.17252499999999998,0.025453333333333335
2023-01-10,Materials,0.12972,0.17252499999999998
2023-01-11,Materials,0.19741499999999998,0.12972
2023-01-12,Materials,0.20146999999999998,0.19741499999999998
2023-01-13,Materials,0.33494333333333337,0.20146999999999998
2023-01-17,Materials,0.16074000000000002,0.33494333333333337
2023-01-18,Materials,0.10169500000000001,0.16074000000000002
2023-01-19,Materials,0.12120833333333333,0.10169500000000001
2023-01-20,Materials,0.10766,0.12120833333333333
2023-01-23,Materials,0.11431,0.10766
2023-01-24,Materials,0.08560000000000001,0.11431
2023-01-25,Materials,-0.07082266666666667,0.08560000000000001
2023-01-26,Materials,0.15639857142857144,-0.07082266666666667
2023-01-27,Materials,0.22379,0.15639857142857144
2023-01-30,Materials,0.150385,0.22379
2023-01-31,Materials,0.020640000000000002,0.150385
2023-02-01,Materials,0.0,0.020640000000000002
2023-02-02,Materials,0.078835,0.0
2023-02-03,Materials,0.024848000000000002,0.078835
2023-02-06,Materials,0.09591142857142856,0.024848000000000002
2023-02-07,Materials,-0.07098166666666667,0.09591142857142856
2023-02-08,Materials,0.08038,-0.07098166666666667
2023-02-09,Materials,-0.011585000000000002,0.08038
2023-02-10,Materials,0.04404,-0.011585000000000002
2023-02-13,Materials,0.20513000000000003,0.04404
2023-02-14,Materials,0.04526,0.20513000000000003
2023-02-15,Materials,0.11887904761904762,0.04526
2023-02-16,Materials,0.21863000000000002,0.11887904761904762
2023-02-17,Materials,0.003760000000000002,0.21863000000000002
2023-02-21,Materials,0.020645000000000004,0.003760000000000002
2023-02-22,Materials,0.08607666666666666,0.020645000000000004
2023-02-23,Materials,0.06881333333333334,0.08607666666666666
2023-02-24,Materials,0.15471000000000001,0.06881333333333334
2023-02-27,Materials,0.2454,0.15471000000000001
2023-02-28,Materials,0.10212000000000002,0.2454
2023-03-01,Materials,0.14342400000000002,0.10212000000000002
2023-03-02,Materials,-0.05569999999999999,0.14342400000000002
2023-03-03,Materials,0.033727999999999994,-0.05569999999999999
2023-03-06,Materials,0.14648,0.033727999999999994
2023-03-07,Materials,0.047670000000000004,0.14648
2023-03-08,Materials,0.1518,0.047670000000000004
2023-03-09,Materials,-0.015263333333333334,0.1518
2023-03-10,Materials,0.084,-0.015263333333333334
2023-03-13,Materials,0.17087,0.084
2023-03-14,Materials,0.10910500000000001,0.17087
2023-03-15,Materials,0.17451636363636364,0.10910500000000001
2023-03-16,Materials,0.14201999999999998,0.17451636363636364
2023-03-17,Materials,0.059803571428571435,0.14201999999999998
2023-03-20,Materials,0.17158333333333334,0.059803571428571435
2023-03-21,Materials,0.217963,0.17158333333333334
2023-03-22,Materials,0.07476666666666668,0.217963
2023-03-23,Materials,0.07224833333333333,0.07476666666666668
2023-03-24,Materials,0.0,0.07224833333333333
2023-03-27,Materials,0.06130666666666666,0.0
2023-03-28,Materials,0.14676,0.06130666666666666
2023-03-29,Materials,0.18298,0.14676
2023-03-30,Materials,0.14155666666666666,0.18298
2023-03-31,Materials,0.09348999999999998,0.14155666666666666
2023-04-03,Materials,-0.06705,0.09348999999999998
2023-04-04,Materials,0.09518,-0.06705
2023-04-05,Materials,0.17040000000000002,0.09518
2023-04-06,Materials,0.16118000000000002,0.17040000000000002
2023-04-10,Materials,0.19613714285714284,0.16118000000000002
2023-04-11,Materials,0.039083809523809535,0.19613714285714284
2023-04-12,Materials,0.0,0.039083809523809535
2023-04-13,Materials,0.0468,0.0
2023-04-14,Materials,0.05203,0.0468
2023-04-17,Materials,0.17472000000000001,0.05203
2023-04-18,Materials,0.17268,0.17472000000000001
2023-04-19,Materials,0.05838,0.17268
2023-04-20,Materials,0.15001914285714285,0.05838
2023-04-21,Materials,0.13169333333333336,0.15001914285714285
2023-04-24,Materials,0.06841,0.13169333333333336
2023-04-25,Materials,0.1535795238095238,0.06841
2023-04-26,Materials,0.061873,0.1535795238095238
2023-04-27,Materials,0.08545,0.061873
2023-04-28,Materials,0.20086999999999997,0.08545
2023-05-01,Materials,0.10209000000000001,0.20086999999999997
2023-05-02,Materials,0.134012,0.10209000000000001
2023-05-03,Materials,-0.07568799999999999,0.134012
2023-05-04,Materials,-0.01255666666666667,-0.07568799999999999
2023-05-05,Materials,0.0,-0.01255666666666667
2023-05-08,Materials,0.158435,0.0
2023-05-09,Materials,0.0,0.158435
2023-05-10,Materials,0.04046,0.0
2023-05-11,Materials,0.19445666666666667,0.04046
2023-05-12,Materials,0.08879999999999999,0.19445666666666667
2023-05-15,Materials,0.059309999999999995,0.08879999999999999
2023-05-16,Materials,0.09106666666666667,0.059309999999999995
2023-05-17,Materials,0.07579,0.09106666666666667
2023-05-18,Materials,0.044905,0.07579
2023-05-19,Materials,0.06943333333333332,0.044905
2023-05-22,Materials,0.075642,0.06943333333333332
2023-05-23,Materials,0.0752,0.075642
2023-05-24,Materials,-0.059199999999999996,0.0752
2023-05-25,Materials,0.059709333333333336,-0.059199999999999996
2023-05-26,Materials,0.03947333333333334,0.059709333333333336
2023-05-30,Materials,0.17825066666666664,0.03947333333333334
2023-05-31,Materials,0.08766,0.17825066666666664
2023-06-01,Materials,-0.025118333333333333,0.08766
2023-06-02,Materials,0.10699285714285715,-0.025118333333333333
2023-06-05,Materials,0.11270666666666666,0.10699285714285715
2023-06-06,Materials,0.11318000000000002,0.11270666666666666
2023-06-07,Materials,0.0986,0.11318000000000002
2023-06-08,Materials,0.06051333333333333,0.0986
2023-06-09,Materials,0.068,0.06051333333333333
2023-06-12,Materials,0.08292000000000001,0.068
2023-06-13,Materials,0.22511,0.08292000000000001
2023-06-14,Materials,0.24758,0.22511
2023-06-15,Materials,0.098885,0.24758
2023-06-16,Materials,0.14159,0.098885
2023-06-20,Materials,0.040645,0.14159
2023-06-21,Materials,0.19569,0.040645
2023-06-22,Materials,0.055499999999999994,0.19569
2023-06-23,Materials,0.029294999999999998,0.055499999999999994
2023-06-26,Materials,0.03612,0.029294999999999998
2023-06-27,Materials,0.19488,0.03612
2023-06-28,Materials,0.19827,0.19488
2023-06-29,Materials,0.03507333333333334,0.19827
2023-06-30,Materials,-0.07432,0.03507333333333334
2023-07-03,Materials,0.04812,-0.07432
2023-07-05,Materials,0.19926,0.04812
2023-07-06,Materials,0.059199999999999996,0.19926
2023-07-07,Materials,0.149028,0.059199999999999996
2023-07-10,Materials,0.19685999999999998,0.149028
2023-07-11,Materials,0.0911,0.19685999999999998
2023-07-12,Materials,0.09655,0.0911
2023-07-13,Materials,0.0,0.09655
2023-07-14,Materials,0.0,0.0
2023-07-17,Materials,0.11594000000000002,0.0
2023-07-18,Materials,0.10053000000000001,0.11594000000000002
2023-07-19,Materials,-0.014159999999999997,0.10053000000000001
2023-07-20,Materials,0.08796166666666667,-0.014159999999999997
2023-07-21,Materials,0.055979999999999995,0.08796166666666667
2023-07-24,Materials,0.18067357142857143,0.055979999999999995
2023-07-25,Materials,0.1430825974025974,0.18067357142857143
2023-07-26,Materials,0.094672,0.1430825974025974
2023-07-27,Materials,0.05068166666666667,0.094672
2023-07-28,Materials,0.05464,0.05068166666666667
2023-07-31,Materials,0.0,0.05464
2023-08-01,Materials,0.29762000000000005,0.0
2023-08-02,Materials,0.0037673333333333335,0.29762000000000005
2023-08-03,Materials,0.076335,0.0037673333333333335
2023-08-04,Materials,0.0,0.076335
2023-08-07,Materials,0.13616,0.0
2023-08-08,Materials,0.01032,0.13616
2023-08-09,Materials,0.13411,0.01032
2023-08-10,Materials,0.12162999999999999,0.13411
2023-08-11,Materials,0.08353333333333333,0.12162999999999999
2023-08-14,Materials,0.18285999999999997,0.08353333333333333
2023-08-15,Materials,0.06708499999999999,0.18285999999999997
2023-08-16,Materials,0.0,0.06708499999999999
2023-08-17,Materials,0.12098499999999998,0.0
2023-08-18,Materials,0.06226,0.12098499999999998
2023-08-21,Materials,-0.009070476190476184,0.06226
2023-08-22,Materials,0.035563333333333336,-0.009070476190476184
2023-08-23,Materials,0.09179999999999999,0.035563333333333336
2023-08-24,Materials,0.08408,0.09179999999999999
2023-08-25,Materials,0.19323333333333334,0.08408
2023-08-28,Materials,0.20557999999999996,0.19323333333333334
2023-08-29,Materials,0.0,0.20557999999999996
2023-08-30,Materials,0.19148,0.0
2023-08-31,Materials,0.17987999999999998,0.19148
2023-09-01,Materials,0.39156,0.17987999999999998
2023-09-05,Materials,0.09263,0.39156
2023-09-06,Materials,0.12696000000000002,0.09263
2023-09-07,Materials,0.12667,0.12696000000000002
2023-09-08,Materials,0.13513333333333333,0.12667
2023-09-11,Materials,0.16076,0.13513333333333333
2023-09-12,Materials,0.04019,0.16076
2023-09-13,Materials,0.018690000000000002,0.04019
2023-09-14,Materials,-0.011380000000000001,0.018690000000000002
2023-09-15,Materials,-0.0080675,-0.011380000000000001
2023-09-18,Materials,0.116388,-0.0080675
2023-09-19,Materials,0.01027,0.116388
2023-09-20,Materials,0.02023,0.01027
2023-09-21,Materials,0.09804666666666667,0.02023
2023-09-22,Materials,0.04019,0.09804666666666667
2023-09-25,Materials,0.006469999999999998,0.04019
2023-09-26,Materials,0.02732,0.006469999999999998
2023-09-27,Materials,0.10535333333333333,0.02732
2023-09-28,Materials,0.1423,0.10535333333333333
2023-09-29,Materials,-0.01032,0.1423
2023-10-02,Materials,0.20576,-0.01032
2023-10-03,Materials,0.1991342857142857,0.20576
2023-10-04,Materials,0.04750666666666667,0.1991342857142857
2023-10-05,Materials,0.1606,0.04750666666666667
2023-10-06,Materials,0.11296999999999999,0.1606
2023-10-09,Materials,0.010519999999999996,0.11296999999999999
2023-10-10,Materials,0.0,0.010519999999999996
2023-10-11,Materials,0.19592,0.0
2023-10-12,Materials,0.19771999999999998,0.19592
2023-10-13,Materials,0.21855666666666668,0.19771999999999998
2023-10-16,Materials,0.12770499999999999,0.21855666666666668
2023-10-17,Materials,0.29645666666666665,0.12770499999999999
2023-10-18,Materials,0.013633333333333341,0.29645666666666665
2023-10-19,Materials,0.20249999999999999,0.013633333333333341
2023-10-20,Materials,-0.08602,0.20249999999999999
2023-10-23,Materials,0.1585888888888889,-0.08602
2023-10-24,Materials,0.17402571428571428,0.1585888888888889
2023-10-25,Materials,0.12833999999999998,0.17402571428571428
2023-10-26,Materials,0.16962833333333333,0.12833999999999998
2023-10-27,Materials,-0.00258,0.16962833333333333
2023-10-30,Materials,0.367,-0.00258
2023-10-31,Materials,0.01544,0.367
2023-11-01,Materials,0.281182,0.01544
2023-11-02,Materials,0.11022000000000001,0.281182
2023-11-03,Materials,0.20589999999999997,0.11022000000000001
2023-11-06,Materials,0.28331,0.20589999999999997
2023-11-07,Materials,0.06548666666666667,0.28331
2023-11-08,Materials,-0.068,0.06548666666666667
2023-11-09,Materials,0.02038,-0.068
2023-11-10,Materials,0.06369999999999999,0.02038
2023-11-13,Materials,0.31184666666666666,0.06369999999999999
2023-11-14,Materials,0.11532,0.31184666666666666
2023-11-15,Materials,0.18733999999999998,0.11532
2023-11-16,Materials,0.04019,0.18733999999999998
2023-11-17,Materials,0.2407,0.04019
2023-11-20,Materials,0.22839,0.2407
2023-11-21,Materials,0.052669999999999995,0.22839
2023-11-22,Materials,0.11868666666666665,0.052669999999999995
2023-11-24,Materials,0.039195,0.11868666666666665
2023-11-27,Materials,0.07518,0.039195
2023-11-28,Materials,0.17746666666666666,0.07518
2023-11-29,Materials,0.08942666666666665,0.17746666666666666
2023-11-30,Materials,0.08038,0.08942666666666665
2023-12-01,Materials,0.13135,0.08038
2023-12-04,Materials,0.0,0.13135
2023-12-05,Materials,0.0,0.0
2023-12-06,Materials,0.08038,0.0
2023-12-07,Materials,0.028068333333333317,0.08038
2023-12-08,Materials,0.20347999999999997,0.028068333333333317
2023-12-11,Materials,0.16240000000000002,0.20347999999999997
2023-12-12,Materials,0.08668,0.16240000000000002
2023-12-13,Materials,0.37976666666666664,0.08668
2023-12-14,Materials,0.07224,0.37976666666666664
2023-12-15,Materials,-0.05464,0.07224
2023-12-18,Materials,-0.08535999999999999,-0.05464
2023-12-19,Materials,0.0,-0.08535999999999999
2023-12-20,Materials,0.0,0.0
2023-12-21,Materials,0.0,0.0
2023-12-22,Materials,0.0,0.0
2023-12-26,Materials,0.0,0.0
2023-12-27,Materials,0.0,0.0
2023-12-28,Materials,0.0,0.0
2023-12-29,Materials,0.0,0.0
2020-01-02,RealEstate,0.0766,
2020-01-03,RealEstate,0.04050666666666667,0.0766
2020-01-06,RealEstate,0.08879999999999999,0.04050666666666667
2020-01-07,RealEstate,0.10533999999999999,0.08879999999999999
2020-01-08,RealEstate,-0.040319999999999995,0.10533999999999999
2020-01-09,RealEstate,0.0,-0.040319999999999995
2020-01-10,RealEstate,0.0628,0.0
2020-01-13,RealEstate,0.08028666666666666,0.0628
2020-01-14,RealEstate,0.029599999999999998,0.08028666666666666
2020-01-15,RealEstate,0.065325,0.029599999999999998
2020-01-16,RealEstate,0.164,0.065325
2020-01-17,RealEstate,0.20978,0.164
2020-01-21,RealEstate,0.15518,0.20978
2020-01-22,RealEstate,0.059935,0.15518
2020-01-23,RealEstate,0.18839999999999998,0.059935
2020-01-24,RealEstate,0.03612,0.18839999999999998
2020-01-27,RealEstate,0.09058000000000001,0.03612
2020-01-28,RealEstate,0.13540000000000002,0.09058000000000001
2020-01-29,RealEstate,0.09878,0.13540000000000002
2020-01-30,RealEstate,0.14064000000000002,0.09878
2020-01-31,RealEstate,0.19994,0.14064000000000002
2020-02-03,RealEstate,0.034,0.19994
2020-02-04,RealEstate,0.10312000000000002,0.034
2020-02-05,RealEstate,0.0,0.10312000000000002
2020-02-06,RealEstate,0.24698000000000003,0.0
2020-02-07,RealEstate,0.0,0.24698000000000003
2020-02-10,RealEstate,0.09832666666666666,0.0
2020-02-11,RealEstate,0.13981666666666667,0.09832666666666666
2020-02-12,RealEstate,0.15639333333333333,0.13981666666666667
2020-02-13,RealEstate,0.15002,0.15639333333333333
2020-02-14,RealEstate,0.09284800000000001,0.15002
2020-02-18,RealEstate,0.19054333333333334,0.09284800000000001
2020-02-19,RealEstate,0.18235666666666667,0.19054333333333334
2020-02-20,RealEstate,0.11043499999999998,0.18235666666666667
2020-02-21,RealEstate,0.12935000000000002,0.11043499999999998
2020-02-24,RealEstate,0.048205000000000005,0.12935000000000002
2020-02-25,RealEstate,0.04440178571428572,0.048205000000000005
2020-02-26,RealEstate,0.06930499999999999,0.04440178571428572
2020-02-27,RealEstate,0.090033,0.06930499999999999
2020-02-28,RealEstate,-0.006185000000000007,0.090033
2020-03-02,RealEstate,0.10802866666666666,-0.006185000000000007
2020-03-03,RealEstate,0.07216,0.10802866666666666
2020-03-04,RealEstate,0.310145,0.07216
2020-03-05,RealEstate,0.22342,0.310145
2020-03-06,RealEstate,0.048089999999999994,0.22342
2020-03-09,RealEstate,0.07235333333333334,0.048089999999999994
2020-03-10,RealEstate,0.04887999999999999,0.07235333333333334
2020-03-11,RealEstate,0.34345,0.04887999999999999
2020-03-12,RealEstate,-0.053099999999999994,0.34345
2020-03-13,RealEstate,-0.09115999999999999,-0.053099999999999994
2020-03-16,RealEstate,-0.043599166666666675,-0.09115999999999999
2020-03-17,RealEstate,0.10024999999999999,-0.043599166666666675
2020-03-18,RealEstate,0.07224,0.10024999999999999
2020-03-19,RealEstate,0.13015333333333334,0.07224
2020-03-20,RealEstate,0.07004499999999998,0.13015333333333334
2020-03-23,RealEstate,0.12211000000000001,0.07004499999999998
2020-03-24,RealEstate,0.12328000000000001,0.12211000000000001
2020-03-25,RealEstate,0.18878,0.12328000000000001
2020-03-26,RealEstate,0.4101166666666667,0.18878
2020-03-27,RealEstate,0.33867,0.4101166666666667
2020-03-30,RealEstate,0.29678666666666664,0.33867
2020-03-31,RealEstate,-0.09132499999999999,0.29678666666666664
2020-04-01,RealEstate,-0.02206666666666667,-0.09132499999999999
2020-04-02,RealEstate,0.10638999999999998,-0.02206666666666667
2020-04-03,RealEstate,0.08339,0.10638999999999998
2020-04-06,RealEstate,0.06944666666666668,0.08339
2020-04-07,RealEstate,0.1493666666666667,0.06944666666666668
2020-04-08,RealEstate,0.49560999999999994,0.1493666666666667
2020-04-09,RealEstate,0.31025857142857144,0.49560999999999994
2020-04-13,RealEstate,-0.0435,0.31025857142857144
2020-04-14,RealEstate,0.38725333333333334,-0.0435
2020-04-15,RealEstate,-0.129125,0.38725333333333334
2020-04-16,RealEstate,-0.02732,-0.129125
2020-04-17,RealEstate,0.36167333333333335,-0.02732
2020-04-20,RealEstate,0.01779,0.36167333333333335
2020-04-21,RealEstate,0.17281,0.01779
2020-04-22,RealEstate,0.17059,0.17281
2020-04-23,RealEstate,0.12498000000000001,0.17059
2020-04-24,RealEstate,0.07111500000000001,0.12498000000000001
2020-04-27,RealEstate,0.15395,0.07111500000000001
2020-04-28,RealEstate,0.05790000000000001,0.15395
2020-04-29,RealEstate,0.10907939393939395,0.05790000000000001
2020-04-30,RealEstate,0.09837333333333333,0.10907939393939395
2020-05-01,RealEstate,0.27767200000000003,0.09837333333333333
2020-05-04,RealEstate,0.29993333333333333,0.27767200000000003
2020-05-05,RealEstate,0.043239999999999994,0.29993333333333333
2020-05-06,RealEstate,0.09502,0.043239999999999994
2020-05-07,RealEstate,0.195292,0.09502
2020-05-08,RealEstate,0.18456,0.195292
2020-05-11,RealEstate,0.019935,0.18456
2020-05-12,RealEstate,0.10225000000000002,0.019935
2020-05-13,RealEstate,-0.13054,0.10225000000000002
2020-05-14,RealEstate,0.15836666666666666,-0.13054
2020-05-15,RealEstate,0.02023,0.15836666666666666
2020-05-18,RealEstate,0.12766666666666665,0.02023
2020-05-19,RealEstate,0.37873333333333337,0.12766666666666665
2020-05-20,RealEstate,0.11395,0.37873333333333337
2020-05-21,RealEstate,-0.01032,0.11395
2020-05-22,RealEstate,-0.00516,-0.01032
2020-05-26,RealEstate,0.18936,-0.00516
2020-05-27,RealEstate,0.1852,0.18936
2020-05-28,RealEstate,0.26728,0.1852
2020-05-29,RealEstate,0.10962999999999998,0.26728
2020-06-01,RealEstate,0.08158000000000001,0.10962999999999998
2020-06-02,RealEstate,0.135875,0.08158000000000001
2020-06-03,RealEstate,0.0,0.135875
2020-06-04,RealEstate,0.1472,0.0
2020-06-05,RealEstate,0.0,0.1472
2020-06-08,RealEstate,0.20126,0.0
2020-06-09,RealEstate,0.08152,0.20126
2020-06-10,RealEstate,0.09866666666666667,0.08152
2020-06-11,RealEstate,0.15145,0.09866666666666667
2020-06-12,RealEstate,0.12046000000000001,0.15145
2020-06-15,RealEstate,0.06486,0.12046000000000001
2020-06-16,RealEstate,0.11782,0.06486
2020-06-17,RealEstate,-0.018460000000000004,0.11782
2020-06-18,RealEstate,0.23471999999999998,-0.018460000000000004
2020-06-19,RealEstate,0.0,0.23471999999999998
2020-06-22,RealEstate,0.0,0.0
2020-06-23,RealEstate,0.0,0.0
2020-06-24,RealEstate,0.068,0.0
2020-06-25,RealEstate,0.0,0.068
2020-06-26,RealEstate,0.0038199999999999996,0.0
2020-06-29,RealEstate,0.068,0.0038199999999999996
2020-06-30,RealEstate,0.16065999999999997,0.068
2020-07-01,RealEstate,0.0,0.16065999999999997
2020-07-02,RealEstate,0.05,0.0
2020-07-06,RealEstate,-0.06364,0.05
2020-07-07,RealEstate,0.09677,-0.06364
2020-07-08,RealEstate,-0.11717999999999999,0.09677
2020-07-09,RealEstate,0.0,-0.11717999999999999
2020-07-10,RealEstate,0.01544,0.0
2020-07-13,RealEstate,0.07636,0.01544
2020-07-14,RealEstate,0.07224,0.07636
2020-07-15,RealEstate,0.10358,0.07224
2020-07-16,RealEstate,0.0,0.10358
2020-07-17,RealEstate,0.0,0.0
2020-07-20,RealEstate,0.00772,0.0
2020-07-21,RealEstate,0.05486,0.00772
2020-07-22,RealEstate,0.046189999999999995,0.05486
2020-07-23,RealEstate,0.059199999999999996,0.046189999999999995
2020-07-24,RealEstate,0.0,0.059199999999999996
2020-07-27,RealEstate,0.12968,0.0
2020-07-28,RealEstate,0.0,0.12968
2020-07-29,RealEstate,0.16624,0.0
2020-07-30,RealEstate,0.062429999999999986,0.16624
2020-07-31,RealEstate,0.13269999999999998,0.062429999999999986
2020-08-03,RealEstate,0.10132,0.13269999999999998
2020-08-04,RealEstate,-0.058589999999999996,0.10132
2020-08-05,RealEstate,0.10641,-0.058589999999999996
2020-08-06,RealEstate,0.09179999999999999,0.10641
2020-08-07,RealEstate,0.32849,0.09179999999999999
2020-08-10,RealEstate,0.0,0.32849
2020-08-11,RealEstate,0.12738,0.0
2020-08-12,RealEstate,0.0,0.12738
2020-08-13,RealEstate,0.0,0.0
2020-08-14,RealEstate,0.07636,0.0
2020-08-17,RealEstate,0.15566,0.07636
2020-08-18,RealEstate,0.12656,0.15566
2020-08-19,RealEstate,0.1486,0.12656
2020-08-20,RealEstate,0.0,0.1486
2020-08-21,RealEstate,0.03374666666666666,0.0
2020-08-24,RealEstate,0.23936000000000002,0.03374666666666666
2020-08-25,RealEstate,0.10846,0.23936000000000002
2020-08-26,RealEstate,0.09176,0.10846
2020-08-27,RealEstate,0.22049000000000002,0.09176
2020-08-28,RealEstate,0.0,0.22049000000000002
2020-08-31,RealEstate,0.2744,0.0
2020-09-01,RealEstate,0.15247000000000002,0.2744
2020-09-02,RealEstate,0.0,0.15247000000000002
2020-09-03,RealEstate,0.10846,0.0
2020-09-04,RealEstate,0.17378666666666667,0.10846
2020-09-08,RealEstate,0.11499999999999999,0.17378666666666667
2020-09-09,RealEstate,-0.12498000000000001,0.11499999999999999
2020-09-10,RealEstate,0.0,-0.12498000000000001
2020-09-11,RealEstate,0.0,0.0
2020-09-14,RealEstate,0.12618000000000001,0.0
2020-09-15,RealEstate,0.05838,0.12618000000000001
2020-09-16,RealEstate,0.0,0.05838
2020-09-17,RealEstate,-0.035120000000000005,0.0
2020-09-18,RealEstate,0.15811999999999998,-0.035120000000000005
2020-09-21,RealEstate,0.0,0.15811999999999998
2020-09-22,RealEstate,0.06364,0.0
2020-09-23,RealEstate,0.0,0.06364
2020-09-24,RealEstate,0.0,0.0
2020-09-25,RealEstate,0.0,0.0
2020-09-28,RealEstate,0.17012,0.0
2020-09-29,RealEstate,0.0,0.17012
2020-09-30,RealEstate,0.07636,0.0
2020-10-01,RealEstate,0.0,0.07636
2020-10-02,RealEstate,0.0,0.0
2020-10-05,RealEstate,0.23936000000000002,0.0
2020-10-06,RealEstate,0.1341,0.23936000000000002
2020-10-07,RealEstate,0.0,0.1341
2020-10-08,RealEstate,0.0,0.0
2020-10-09,RealEstate,0.0,0.0
2020-10-12,RealEstate,0.0,0.0
2020-10-13,RealEstate,0.0,0.0
2020-10-14,RealEstate,0.10913999999999999,0.0
2020-10-15,RealEstate,0.0,0.10913999999999999
2020-10-16,RealEstate,0.0,0.0
2020-10-19,RealEstate,0.01544,0.0
2020-10-20,RealEstate,0.20135333333333333,0.01544
2020-10-21,RealEstate,0.043840000000000004,0.20135333333333333
2020-10-22,RealEstate,-0.10173999999999998,0.043840000000000004
2020-10-23,RealEstate,0.07224,-0.10173999999999998
2020-10-26,RealEstate,0.29528,0.07224
2020-10-27,RealEstate,0.0,0.29528
2020-10-28,RealEstate,0.10696000000000001,0.0
2020-10-29,RealEstate,0.01544,0.10696000000000001
2020-10-30,RealEstate,0.01544,0.01544
2020-11-02,RealEstate,0.12591000000000002,0.01544
2020-11-03,RealEstate,0.01544,0.12591000000000002
2020-11-04,RealEstate,0.03088,0.01544
2020-11-05,RealEstate,0.07257333333333334,0.03088
2020-11-06,RealEstate,0.17998,0.07257333333333334
2020-11-09,RealEstate,0.14476,0.17998
2020-11-10,RealEstate,0.0,0.14476
2020-11-11,RealEstate,0.09471,0.0
2020-11-12,RealEstate,0.0,0.09471
2020-11-13,RealEstate,0.10533999999999999,0.0
2020-11-16,RealEstate,0.0,0.10533999999999999
2020-11-17,RealEstate,0.0,0.0
2020-11-18,RealEstate,0.1341,0.0
2020-11-19,RealEstate,0.0,0.1341
2020-11-20,RealEstate,0.0,0.0
2020-11-23,RealEstate,0.12498000000000001,0.0
2020-11-24,RealEstate,0.0951,0.12498000000000001
2020-11-25,RealEstate,0.0,0.0951
2020-11-27,RealEstate,0.00506,0.0
2020-11-30,RealEstate,0.24580000000000002,0.00506
2020-12-01,RealEstate,0.068,0.24580000000000002
2020-12-02,RealEstate,0.07636,0.068
2020-12-03,RealEstate,0.20356000000000002,0.07636
2020-12-04,RealEstate,0.07224,0.20356000000000002
2020-12-07,RealEstate,0.13194,0.07224
2020-12-08,RealEstate,0.0,0.13194
2020-12-09,RealEstate,0.0743,0.0
2020-12-10,RealEstate,0.0,0.0743
2020-12-11,RealEstate,0.0,0.0
2020-12-14,RealEstate,0.015271999999999999,0.0
2020-12-15,RealEstate,0.14468,0.015271999999999999
2020-12-16,RealEstate,0.18137,0.14468
2020-12-17,RealEstate,0.0,0.18137
2020-12-18,RealEstate,0.049850000000000005,0.0
2020-12-21,RealEstate,0.02732,0.049850000000000005
2020-12-22,RealEstate,0.0,0.02732
2020-12-23,RealEstate,0.0,0.0
2020-12-24,RealEstate,0.13194,0.0
2020-12-28,RealEstate,-0.02054,0.13194
2020-12-29,RealEstate,0.07636,-0.02054
2020-12-30,RealEstate,0.0,0.07636
2020-12-31,RealEstate,0.09138666666666667,0.0
2021-01-04,RealEstate,0.12243,0.09138666666666667
2021-01-05,RealEstate,0.012379999999999999,0.12243
2021-01-06,RealEstate,0.025,0.012379999999999999
2021-01-07,RealEstate,0.0,0.025
2021-01-08,RealEstate,0.05464,0.0
2021-01-11,RealEstate,0.28754,0.05464
2021-01-12,RealEstate,0.015253333333333332,0.28754
2021-01-13,RealEstate,0.13527999999999998,0.015253333333333332
2021-01-14,RealEstate,0.05464,0.13527999999999998
2021-01-15,RealEstate,0.29981,0.05464
2021-01-19,RealEstate,0.1486,0.29981
2021-01-20,RealEstate,0.0025499999999999967,0.1486
2021-01-21,RealEstate,0.0,0.0025499999999999967
2021-01-22,RealEstate,0.0,0.0
2021-01-25,RealEstate,0.16397333333333333,0.0
2021-01-26,RealEstate,0.03437333333333334,0.16397333333333333
2021-01-27,RealEstate,0.15978,0.03437333333333334
2021-01-28,RealEstate,0.0025600000000000006,0.15978
2021-01-29,RealEstate,0.086,0.0025600000000000006
2021-02-01,RealEstate,0.2307,0.086
2021-02-02,RealEstate,0.2247866666666667,0.2307
2021-02-03,RealEstate,0.08041333333333334,0.2247866666666667
2021-02-04,RealEstate,0.04108,0.08041333333333334
2021-02-05,RealEstate,0.07350999999999999,0.04108
2021-02-08,RealEstate,0.26854,0.07350999999999999
2021-02-09,RealEstate,0.0256,0.26854
2021-02-10,RealEstate,0.0,0.0256
2021-02-11,RealEstate,0.08808,0.0
2021-02-12,RealEstate,0.42962,0.08808
2021-02-16,RealEstate,0.13599999999999998,0.42962
2021-02-17,RealEstate,0.07636,0.13599999999999998
2021-02-18,RealEstate,0.0,0.07636
2021-02-19,RealEstate,0.14236,0.0
2021-02-22,RealEstate,0.13194,0.14236
2021-02-23,RealEstate,0.10212000000000002,0.13194
2021-02-24,RealEstate,0.1751933333333333,0.10212000000000002
2021-02-25,RealEstate,0.052544,0.1751933333333333
2021-02-26,RealEstate,0.09694,0.052544
2021-03-01,RealEstate,0.49529999999999996,0.09694
2021-03-02,RealEstate,0.0,0.49529999999999996
2021-03-03,RealEstate,0.00172,0.0
2021-03-04,RealEstate,0.11148,0.00172
2021-03-05,RealEstate,0.1486,0.11148
2021-03-08,RealEstate,0.25188,0.1486
2021-03-09,RealEstate,0.0,0.25188
2021-03-10,RealEstate,0.03558,0.0
2021-03-11,RealEstate,0.0,0.03558
2021-03-12,RealEstate,0.13792000000000001,0.0
2021-03-15,RealEstate,0.3266866666666667,0.13792000000000001
2021-03-16,RealEstate,0.19945333333333332,0.3266866666666667
2021-03-17,RealEstate,0.026529999999999998,0.19945333333333332
2021-03-18,RealEstate,0.32328,0.026529999999999998
2021-03-19,RealEstate,0.0,0.32328
2021-03-22,RealEstate,0.0,0.0
2021-03-23,RealEstate,0.0,0.0
2021-03-24,RealEstate,0.0,0.0
2021-03-25,RealEstate,0.22637000000000002,0.0
2021-03-26,RealEstate,0.0,0.22637000000000002
2021-03-29,RealEstate,0.08216,0.0
2021-03-30,RealEstate,0.12498000000000001,0.08216
2021-03-31,RealEstate,0.0,0.12498000000000001
2021-04-01,RealEstate,0.04962,0.0
2021-04-05,RealEstate,-0.04327333333333334,0.04962
2021-04-06,RealEstate,0.09534000000000001,-0.04327333333333334
2021-04-07,RealEstate,0.08038,0.09534000000000001
2021-04-08,RealEstate,0.0,0.08038
2021-04-09,RealEstate,0.0,0.0
2021-04-12,RealEstate,0.2496,0.0
2021-04-13,RealEstate,0.0,0.2496
2021-04-14,RealEstate,0.07224,0.0
2021-04-15,RealEstate,0.09176,0.07224
2021-04-16,RealEstate,0.01544,0.09176
2021-04-19,RealEstate,0.13716,0.01544
2021-04-20,RealEstate,0.0,0.13716
2021-04-21,RealEstate,0.07369,0.0
2021-04-22,RealEstate,0.09581999999999999,0.07369
2021-04-23,RealEstate,0.15566,0.09581999999999999
2021-04-26,RealEstate,0.10178000000000001,0.15566
2021-04-27,RealEstate,0.0,0.10178000000000001
2021-04-28,RealEstate,0.20958666666666667,0.0
2021-04-29,RealEstate,0.19798600000000002,0.20958666666666667
2021-04-30,RealEstate,0.28416,0.19798600000000002
2021-05-03,RealEstate,0.30997,0.28416
2021-05-04,RealEstate,0.0,0.30997
2021-05-05,RealEstate,0.03075,0.0
2021-05-06,RealEstate,-0.0121,0.03075
2021-05-07,RealEstate,0.0,-0.0121
2021-05-10,RealEstate,0.0,0.0
2021-05-11,RealEstate,0.05,0.0
2021-05-12,RealEstate,0.13038,0.05
2021-05-13,RealEstate,0.03062,0.13038
2021-05-14,RealEstate,0.0,0.03062
2021-05-17,RealEstate,0.0,0.0
2021-05-18,RealEstate,0.0,0.0
2021-05-19,RealEstate,0.07224,0.0
2021-05-20,RealEstate,0.0,0.07224
2021-05-21,RealEstate,0.0,0.0
2021-05-24,RealEstate,0.10777,0.0
2021-05-25,RealEstate,0.29169,0.10777
2021-05-26,RealEstate,0.07636,0.29169
2021-05-27,RealEstate,-0.01027,0.07636
2021-05-28,RealEstate,0.20112000000000002,-0.01027
2021-06-01,RealEstate,0.11052999999999999,0.20112000000000002
2021-06-02,RealEstate,0.14701999999999998,0.11052999999999999
2021-06-03,RealEstate,0.10102,0.14701999999999998
2021-06-04,RealEstate,0.14006000000000002,0.10102
2021-06-07,RealEstate,0.14786000000000002,0.14006000000000002
2021-06-08,RealEstate,0.0,0.14786000000000002
2021-06-09,RealEstate,0.0,0.0
2021-06-10,RealEstate,0.17250000000000001,0.0
2021-06-11,RealEstate,0.0,0.17250000000000001
2021-06-14,RealEstate,-0.0843,0.0
2021-06-15,RealEstate,-0.059199999999999996,-0.0843
2021-06-16,RealEstate,0.15117333333333333,-0.059199999999999996
2021-06-17,RealEstate,0.13616,0.15117333333333333
2021-06-18,RealEstate,0.10582,0.13616
2021-06-21,RealEstate,0.0,0.10582
2021-06-22,RealEstate,0.10212000000000002,0.0
2021-06-23,RealEstate,0.0,0.10212000000000002
2021-06-24,RealEstate,0.017159999999999998,0.0
2021-06-25,RealEstate,0.07717,0.017159999999999998
2021-06-28,RealEstate,0.012886666666666666,0.07717
2021-06-29,RealEstate,0.0,0.012886666666666666
2021-06-30,RealEstate,0.03612,0.0
2021-07-01,RealEstate,0.28426,0.03612
2021-07-02,RealEstate,0.24289999999999998,0.28426
2021-07-06,RealEstate,0.17759999999999998,0.24289999999999998
2021-07-07,RealEstate,0.17292000000000002,0.17759999999999998
2021-07-08,RealEstate,0.0,0.17292000000000002
2021-07-09,RealEstate,-0.02732,0.0
2021-07-12,RealEstate,0.0,-0.02732
2021-07-13,RealEstate,0.07636,0.0
2021-07-14,RealEstate,0.10191999999999998,0.07636
2021-07-15,RealEstate,0.0,0.10191999999999998
2021-07-16,RealEstate,0.01544,0.0
2021-07-19,RealEstate,0.11693,0.01544
2021-07-20,RealEstate,0.0,0.11693
2021-07-21,RealEstate,0.01544,0.0
2021-07-22,RealEstate,0.06305999999999999,0.01544
2021-07-23,RealEstate,0.0,0.06305999999999999
2021-07-26,RealEstate,0.11972000000000001,0.0
2021-07-27,RealEstate,0.0,0.11972000000000001
2021-07-28,RealEstate,0.12161999999999999,0.0
2021-07-29,RealEstate,-0.013726666666666665,0.12161999999999999
2021-07-30,RealEstate,0.0,-0.013726666666666665
2021-08-02,RealEstate,0.14857666666666666,0.0
2021-08-03,RealEstate,0.08175,0.14857666666666666
2021-08-04,RealEstate,0.01544,0.08175
2021-08-05,RealEstate,0.0,0.01544
2021-08-06,RealEstate,0.18996,0.0
2021-08-09,RealEstate,0.030215,0.18996
2021-08-10,RealEstate,0.20894000000000004,0.030215
2021-08-11,RealEstate,0.17572000000000002,0.20894000000000004
2021-08-12,RealEstate,0.059199999999999996,0.17572000000000002
2021-08-13,RealEstate,0.0,0.059199999999999996
2021-08-16,RealEstate,0.18597999999999998,0.0
2021-08-17,RealEstate,0.059199999999999996,0.18597999999999998
2021-08-18,RealEstate,0.34914999999999996,0.059199999999999996
2021-08-19,RealEstate,0.10846,0.34914999999999996
2021-08-20,RealEstate,0.059199999999999996,0.10846
2021-08-23,RealEstate,-0.02054,0.059199999999999996
2021-08-24,RealEstate,0.11717999999999999,-0.02054
2021-08-25,RealEstate,0.07006,0.11717999999999999
2021-08-26,RealEstate,0.0,0.07006
2021-08-27,RealEstate,0.05106000000000001,0.0
2021-08-30,RealEstate,-0.0070599999999999994,0.05106000000000001
2021-08-31,RealEstate,0.12498000000000001,-0.0070599999999999994
2021-09-01,RealEstate,0.153,0.12498000000000001
2021-09-02,RealEstate,0.0,0.153
2021-09-03,RealEstate,0.01032,0.0
2021-09-07,RealEstate,0.25129,0.01032
2021-09-08,RealEstate,0.12398,0.25129
2021-09-09,RealEstate,-0.01032,0.12398
2021-09-10,RealEstate,0.10618666666666668,-0.01032
2021-09-13,RealEstate,0.034390000000000004,0.10618666666666668
2021-09-14,RealEstate,0.24218,0.034390000000000004
2021-09-15,RealEstate,0.07224,0.24218
2021-09-16,RealEstate,0.07576,0.07224
2021-09-17,RealEstate,0.15066,0.07576
2021-09-20,RealEstate,0.09677,0.15066
2021-09-21,RealEstate,0.026280000000000005,0.09677
2021-09-22,RealEstate,0.15800999999999998,0.026280000000000005
2021-09-23,RealEstate,0.0,0.15800999999999998
2021-09-24,RealEstate,0.0,0.0
2021-09-27,RealEstate,0.17121,0.0
2021-09-28,RealEstate,0.08808,0.17121
2021-09-29,RealEstate,0.0,0.08808
2021-09-30,RealEstate,0.12083999999999999,0.0
2021-10-01,RealEstate,0.0,0.12083999999999999
2021-10-04,RealEstate,0.0,0.0
2021-10-05,RealEstate,0.07224,0.0
2021-10-06,RealEstate,0.16732999999999998,0.07224
2021-10-07,RealEstate,0.0,0.16732999999999998
2021-10-08,RealEstate,0.24242,0.0
2021-10-11,RealEstate,0.16555999999999998,0.24242
2021-10-12,RealEstate,0.07636,0.16555999999999998
2021-10-13,RealEstate,0.26893,0.07636
2021-10-14,RealEstate,0.10067666666666668,0.26893
2021-10-15,RealEstate,0.15306000000000003,0.10067666666666668
2021-10-18,RealEstate,0.07636,0.15306000000000003
2021-10-19,RealEstate,0.12498000000000001,0.07636
2021-10-20,RealEstate,0.046060000000000004,0.12498000000000001
2021-10-21,RealEstate,0.11384000000000001,0.046060000000000004
2021-10-22,RealEstate,0.16352,0.11384000000000001
2021-10-25,RealEstate,0.05106000000000001,0.16352
2021-10-26,RealEstate,0.20622,0.05106000000000001
2021-10-27,RealEstate,0.06841,0.20622
2021-10-28,RealEstate,0.13527,0.06841
2021-10-29,RealEstate,0.16395333333333334,0.13527
2021-11-01,RealEstate,0.07141333333333333,0.16395333333333334
2021-11-02,RealEstate,0.022153333333333337,0.07141333333333333
2021-11-03,RealEstate,0.00772,0.022153333333333337
2021-11-04,RealEstate,0.0765,0.00772
2021-11-05,RealEstate,0.0,0.0765
2021-11-08,RealEstate,0.09568999999999998,0.0
2021-11-09,RealEstate,0.14182999999999998,0.09568999999999998
2021-11-10,RealEstate,0.0,0.14182999999999998
2021-11-11,RealEstate,0.33419999999999994,0.0
2021-11-12,RealEstate,0.1341,0.33419999999999994
2021-11-15,RealEstate,0.1386973333333333,0.1341
2021-11-16,RealEstate,0.01531,0.1386973333333333
2021-11-17,RealEstate,0.046235000000000005,0.01531
2021-11-18,RealEstate,0.34778,0.046235000000000005
2021-11-19,RealEstate,0.0,0.34778
2021-11-22,RealEstate,0.38332,0.0
2021-11-23,RealEstate,0.0,0.38332
2021-11-24,RealEstate,0.059199999999999996,0.0
2021-11-26,RealEstate,0.06369,0.059199999999999996
2021-11-29,RealEstate,0.06432666666666667,0.06369
2021-11-30,RealEstate,0.0,0.06432666666666667
2021-12-01,RealEstate,0.16576,0.0
2021-12-02,RealEstate,0.18272000000000002,0.16576
2021-12-03,RealEstate,-0.08423999999999998,0.18272000000000002
2021-12-06,RealEstate,0.09659,-0.08423999999999998
2021-12-07,RealEstate,0.11454,0.09659
2021-12-08,RealEstate,0.0,0.11454
2021-12-09,RealEstate,0.12972,0.0
2021-12-10,RealEstate,0.14504,0.12972
2021-12-13,RealEstate,-0.15474000000000002,0.14504
2021-12-14,RealEstate,0.34164,-0.15474000000000002
2021-12-15,RealEstate,0.26335,0.34164
2021-12-16,RealEstate,0.12054000000000001,0.26335
2021-12-17,RealEstate,0.046799999999999994,0.12054000000000001
2021-12-20,RealEstate,0.05799,0.046799999999999994
2021-12-21,RealEstate,0.35766,0.05799
2021-12-22,RealEstate,0.0,0.35766
2021-12-23,RealEstate,0.11988000000000001,0.0
2021-12-27,RealEstate,0.17639,0.11988000000000001
2021-12-28,RealEstate,-0.05464,0.17639
2021-12-29,RealEstate,0.11914,-0.05464
2021-12-30,RealEstate,0.21452999999999997,0.11914
2021-12-31,RealEstate,0.09966,0.21452999999999997
2022-01-03,RealEstate,0.11204,0.09966
2022-01-04,RealEstate,0.18256999999999998,0.11204
2022-01-05,RealEstate,0.13194,0.18256999999999998
2022-01-06,RealEstate,0.17759,0.13194
2022-01-07,RealEstate,0.1486,0.17759
2022-01-10,RealEstate,0.17038,0.1486
2022-01-11,RealEstate,-0.08425000000000002,0.17038
2022-01-12,RealEstate,-0.005324999999999991,-0.08425000000000002
2022-01-13,RealEstate,0.068,-0.005324999999999991
2022-01-14,RealEstate,0.08383,0.068
2022-01-18,RealEstate,0.12482,0.08383
2022-01-19,RealEstate,0.18283500000000003,0.12482
2022-01-20,RealEstate,0.45786,0.18283500000000003
2022-01-21,RealEstate,0.26715,0.45786
2022-01-24,RealEstate,0.23754,0.26715
2022-01-25,RealEstate,0.22621000000000002,0.23754
2022-01-26,RealEstate,0.04151333333333333,0.22621000000000002
2022-01-27,RealEstate,0.4426566666666667,0.04151333333333333
2022-01-28,RealEstate,0.027140000000000008,0.4426566666666667
2022-01-31,RealEstate,0.5423,0.027140000000000008
2022-02-01,RealEstate,0.05719,0.5423
2022-02-02,RealEstate,0.20681,0.05719
2022-02-03,RealEstate,0.0546,0.20681
2022-02-04,RealEstate,0.0,0.0546
2022-02-07,RealEstate,0.17497,0.0
2022-02-08,RealEstate,0.1649,0.17497
2022-02-09,RealEstate,0.11699999999999999,0.1649
2022-02-10,RealEstate,0.16803,0.11699999999999999
2022-02-11,RealEstate,-0.01027,0.16803
2022-02-14,RealEstate,0.4273299999999999,-0.01027
2022-02-15,RealEstate,0.18434,0.4273299999999999
2022-02-16,RealEstate,0.21119000000000004,0.18434
2022-02-17,RealEstate,0.07787333333333332,0.21119000000000004
2022-02-18,RealEstate,0.002930000000000002,0.07787333333333332
2022-02-22,RealEstate,0.17713600000000002,0.002930000000000002
2022-02-23,RealEstate,0.17457666666666666,0.17713600000000002
2022-02-24,RealEstate,0.20994000000000002,0.17457666666666666
2022-02-25,RealEstate,0.34354666666666667,0.20994000000000002
2022-02-28,RealEstate,0.23703000000000002,0.34354666666666667
2022-03-01,RealEstate,0.12925999999999999,0.23703000000000002
2022-03-02,RealEstate,0.09997,0.12925999999999999
2022-03-03,RealEstate,0.22577000000000003,0.09997
2022-03-04,RealEstate,0.23689666666666667,0.22577000000000003
2022-03-07,RealEstate,0.12672999999999998,0.23689666666666667
2022-03-08,RealEstate,0.068,0.12672999999999998
2022-03-09,RealEstate,0.03838000000000001,0.068
2022-03-10,RealEstate,0.034,0.03838000000000001
2022-03-11,RealEstate,0.14976,0.034
2022-03-14,RealEstate,0.20846,0.14976
2022-03-15,RealEstate,0.29047,0.20846
2022-03-16,RealEstate,0.18960666666666665,0.29047
2022-03-17,RealEstate,0.0,0.18960666666666665
2022-03-18,RealEstate,0.04081,0.0
2022-03-21,RealEstate,0.060721666666666674,0.04081
2022-03-22,RealEstate,0.03683,0.060721666666666674
2022-03-23,RealEstate,0.1341,0.03683
2022-03-24,RealEstate,0.23040666666666665,0.1341
2022-03-25,RealEstate,0.17419,0.23040666666666665
2022-03-28,RealEstate,0.04861000000000001,0.17419
2022-03-29,RealEstate,0.20559333333333335,0.04861000000000001
2022-03-30,RealEstate,0.29847999999999997,0.20559333333333335
2022-03-31,RealEstate,-0.06846999999999999,0.29847999999999997
2022-04-01,RealEstate,0.23837999999999998,-0.06846999999999999
2022-04-04,RealEstate,0.21239500000000003,0.23837999999999998
2022-04-05,RealEstate,0.22293866666666667,0.21239500000000003
2022-04-06,RealEstate,0.11327333333333334,0.22293866666666667
2022-04-07,RealEstate,0.14540000000000003,0.11327333333333334
2022-04-08,RealEstate,0.21191999999999997,0.14540000000000003
2022-04-11,RealEstate,0.08736333333333333,0.21191999999999997
2022-04-12,RealEstate,0.33734,0.08736333333333333
2022-04-13,RealEstate,0.09921333333333333,0.33734
2022-04-14,RealEstate,0.20151,0.09921333333333333
2022-04-18,RealEstate,0.089275,0.20151
2022-04-19,RealEstate,-0.09191999999999999,0.089275
2022-04-20,RealEstate,-0.010650000000000001,-0.09191999999999999
2022-04-21,RealEstate,0.054935,-0.010650000000000001
2022-04-22,RealEstate,0.055900000000000005,0.054935
2022-04-25,RealEstate,0.09054,0.055900000000000005
2022-04-26,RealEstate,0.03088,0.09054
2022-04-27,RealEstate,0.098615,0.03088
2022-04-28,RealEstate,0.16341999999999998,0.098615
2022-04-29,RealEstate,0.15187,0.16341999999999998
2022-05-02,RealEstate,0.11617999999999999,0.15187
2022-05-03,RealEstate,0.05502,0.11617999999999999
2022-05-04,RealEstate,0.028536666666666672,0.05502
2022-05-05,RealEstate,0.028199999999999996,0.028536666666666672
2022-05-06,RealEstate,0.030973333333333332,0.028199999999999996
2022-05-09,RealEstate,0.13037,0.030973333333333332
2022-05-10,RealEstate,0.21237666666666666,0.13037
2022-05-11,RealEstate,0.07913,0.21237666666666666
2022-05-12,RealEstate,0.25895999999999997,0.07913
2022-05-13,RealEstate,0.43033,0.25895999999999997
2022-05-16,RealEstate,0.19527,0.43033
2022-05-17,RealEstate,0.3623166666666667,0.19527
2022-05-18,RealEstate,0.11259999999999999,0.3623166666666667
2022-05-19,RealEstate,0.15950000000000003,0.11259999999999999
2022-05-20,RealEstate,0.10391199999999998,0.15950000000000003
2022-05-23,RealEstate,0.2566273333333333,0.10391199999999998
2022-05-24,RealEstate,0.24391000000000002,0.2566273333333333
2022-05-25,RealEstate,0.41608,0.24391000000000002
2022-05-26,RealEstate,0.23154,0.41608
2022-05-27,RealEstate,0.20711,0.23154
2022-05-31,RealEstate,0.197235,0.20711
2022-06-01,RealEstate,0.14387999999999998,0.197235
2022-06-02,RealEstate,0.15804,0.14387999999999998
2022-06-03,RealEstate,0.19696999999999998,0.15804
2022-06-06,RealEstate,0.06483466666666668,0.19696999999999998
2022-06-07,RealEstate,-0.057593333333333344,0.06483466666666668
2022-06-08,RealEstate,0.13616999999999999,-0.057593333333333344
2022-06-09,RealEstate,0.15410666666666667,0.13616999999999999
2022-06-10,RealEstate,0.234205,0.15410666666666667
2022-06-13,RealEstate,0.210976,0.234205
2022-06-14,RealEstate,0.28403,0.210976
2022-06-15,RealEstate,0.013710000000000005,0.28403
2022-06-16,RealEstate,0.08519,0.013710000000000005
2022-06-17,RealEstate,0.230894,0.08519
2022-06-21,RealEstate,0.3056233333333333,0.230894
2022-06-22,RealEstate,0.21495333333333333,0.3056233333333333
2022-06-23,RealEstate,0.27354,0.21495333333333333
2022-06-24,RealEstate,-0.05725,0.27354
2022-06-27,RealEstate,0.14232999999999998,-0.05725
2022-06-28,RealEstate,-0.05621999999999998,0.14232999999999998
2022-06-29,RealEstate,0.20071666666666665,-0.05621999999999998
2022-06-30,RealEstate,0.034,0.20071666666666665
2022-07-01,RealEstate,0.09706,0.034
2022-07-05,RealEstate,0.15881333333333333,0.09706
2022-07-06,RealEstate,0.08472666666666666,0.15881333333333333
2022-07-07,RealEstate,0.18872333333333335,0.08472666666666666
2022-07-08,RealEstate,0.20856,0.18872333333333335
2022-07-11,RealEstate,0.3764833333333334,0.20856
2022-07-12,RealEstate,-0.00516,0.3764833333333334
2022-07-13,RealEstate,0.26576,-0.00516
2022-07-14,RealEstate,0.07390666666666666,0.26576
2022-07-15,RealEstate,-0.164594,0.07390666666666666
2022-07-18,RealEstate,0.24005749999999998,-0.164594
2022-07-19,RealEstate,-0.04751,0.24005749999999998
2022-07-20,RealEstate,0.28642666666666666,-0.04751
2022-07-21,RealEstate,0.18138666666666664,0.28642666666666666
2022-07-22,RealEstate,0.27774,0.18138666666666664
2022-07-25,RealEstate,0.23848333333333338,0.27774
2022-07-26,RealEstate,0.21676,0.23848333333333338
2022-07-27,RealEstate,0.33813400000000005,0.21676
2022-07-28,RealEstate,0.12822333333333333,0.33813400000000005
2022-07-29,RealEstate,0.3069733333333334,0.12822333333333333
2022-08-01,RealEstate,0.24228,0.3069733333333334
2022-08-02,RealEstate,0.09899,0.24228
2022-08-03,RealEstate,0.0044366666666666695,0.09899
2022-08-04,RealEstate,0.3682266666666667,0.0044366666666666695
2022-08-05,RealEstate,0.2392,0.3682266666666667
2022-08-08,RealEstate,0.24703333333333335,0.2392
2022-08-09,RealEstate,0.17924,0.24703333333333335
2022-08-10,RealEstate,0.1807,0.17924
2022-08-11,RealEstate,0.2995566666666667,0.1807
2022-08-12,RealEstate,0.22442,0.2995566666666667
2022-08-15,RealEstate,0.10493,0.22442
2022-08-16,RealEstate,0.17912,0.10493
2022-08-17,RealEstate,0.27234166666666665,0.17912
2022-08-18,RealEstate,0.02054,0.27234166666666665
2022-08-19,RealEstate,0.33834,0.02054
2022-08-22,RealEstate,0.286725,0.33834
2022-08-23,RealEstate,0.04019,0.286725
2022-08-24,RealEstate,0.40442,0.04019
2022-08-25,RealEstate,0.22532999999999997,0.40442
2022-08-26,RealEstate,0.1406,0.22532999999999997
2022-08-29,RealEstate,0.12161,0.1406
2022-08-30,RealEstate,0.14538,0.12161
2022-08-31,RealEstate,0.28758999999999996,0.14538
2022-09-01,RealEstate,0.0843,0.28758999999999996
2022-09-02,RealEstate,0.05245333333333334,0.0843
2022-09-06,RealEstate,0.36588,0.05245333333333334
2022-09-07,RealEstate,0.11513333333333334,0.36588
2022-09-08,RealEstate,0.26505999999999996,0.11513333333333334
2022-09-09,RealEstate,0.56128,0.26505999999999996
2022-09-12,RealEstate,0.27114000000000005,0.56128
2022-09-13,RealEstate,0.13793666666666668,0.27114000000000005
2022-09-14,RealEstate,0.17761,0.13793666666666668
2022-09-15,RealEstate,0.25329999999999997,0.17761
2022-09-16,RealEstate,0.20857200000000004,0.25329999999999997
2022-09-19,RealEstate,0.190432,0.20857200000000004
2022-09-20,RealEstate,0.17067166666666664,0.190432
2022-09-21,RealEstate,0.15979333333333334,0.17067166666666664
2022-09-22,RealEstate,0.11914999999999998,0.15979333333333334
2022-09-23,RealEstate,0.09269333333333334,0.11914999999999998
2022-09-26,RealEstate,0.03455000000000001,0.09269333333333334
2022-09-27,RealEstate,0.36259,0.03455000000000001
2022-09-28,RealEstate,0.010070000000000013,0.36259
2022-09-29,RealEstate,0.03062,0.010070000000000013
2022-09-30,RealEstate,0.16138000000000002,0.03062
2022-10-03,RealEstate,0.14398,0.16138000000000002
2022-10-04,RealEstate,0.36597,0.14398
2022-10-05,RealEstate,0.16770666666666667,0.36597
2022-10-06,RealEstate,0.07224,0.16770666666666667
2022-10-07,RealEstate,0.08596499999999999,0.07224
2022-10-10,RealEstate,0.09165500000000001,0.08596499999999999
2022-10-11,RealEstate,-0.06376,0.09165500000000001
2022-10-12,RealEstate,0.09861,-0.06376
2022-10-13,RealEstate,0.0,0.09861
2022-10-14,RealEstate,0.14024,0.0
2022-10-17,RealEstate,0.13908,0.14024
2022-10-18,RealEstate,0.040995000000000004,0.13908
2022-10-19,RealEstate,0.11780666666666666,0.040995000000000004
2022-10-20,RealEstate,0.18998666666666666,0.11780666666666666
2022-10-21,RealEstate,0.432895,0.18998666666666666
2022-10-24,RealEstate,0.39583666666666667,0.432895
2022-10-25,RealEstate,0.22304,0.39583666666666667
2022-10-26,RealEstate,0.17544500000000002,0.22304
2022-10-27,RealEstate,0.054075,0.17544500000000002
2022-10-28,RealEstate,0.01544,0.054075
2022-10-31,RealEstate,0.21549857142857146,0.01544
2022-11-01,RealEstate,0.2878366666666667,0.21549857142857146
2022-11-02,RealEstate,0.08716333333333333,0.2878366666666667
2022-11-03,RealEstate,0.17249333333333333,0.08716333333333333
2022-11-04,RealEstate,-0.05464,0.17249333333333333
2022-11-07,RealEstate,0.133155,-0.05464
2022-11-08,RealEstate,0.17964,0.133155
2022-11-09,RealEstate,0.07658000000000001,0.17964
2022-11-10,RealEstate,0.09906,0.07658000000000001
2022-11-11,RealEstate,0.3085,0.09906
2022-11-14,RealEstate,0.28093333333333337,0.3085
2022-11-15,RealEstate,0.16148,0.28093333333333337
2022-11-16,RealEstate,0.18688666666666667,0.16148
2022-11-17,RealEstate,0.0,0.18688666666666667
2022-11-18,RealEstate,0.07116,0.0
2022-11-21,RealEstate,0.20233333333333334,0.07116
2022-11-22,RealEstate,-0.18883999999999998,0.20233333333333334
2022-11-23,RealEstate,0.20115,-0.18883999999999998
2022-11-25,RealEstate,0.25354,0.20115
2022-11-28,RealEstate,0.1783,0.25354
2022-11-29,RealEstate,0.0,0.1783
2022-11-30,RealEstate,0.16534999999999997,0.0
2022-12-01,RealEstate,0.21154,0.16534999999999997
2022-12-02,RealEstate,0.15306,0.21154
2022-12-05,RealEstate,0.15434,0.15306
2022-12-06,RealEstate,0.10178000000000001,0.15434
2022-12-07,RealEstate,0.29630000000000006,0.10178000000000001
2022-12-08,RealEstate,0.07224,0.29630000000000006
2022-12-09,RealEstate,0.37042,0.07224
2022-12-12,RealEstate,0.10533999999999999,0.37042
2022-12-13,RealEstate,0.08038,0.10533999999999999
2022-12-14,RealEstate,0.11828000000000001,0.08038
2022-12-15,RealEstate,0.05559333333333334,0.11828000000000001
2022-12-16,RealEstate,0.20566,0.05559333333333334
2022-12-19,RealEstate,0.291635,0.20566
2022-12-20,RealEstate,0.022615000000000003,0.291635
2022-12-21,RealEstate,-0.00198666666666667,0.022615000000000003
2022-12-22,RealEstate,0.0,-0.00198666666666667
2022-12-23,RealEstate,0.0,0.0
2022-12-27,RealEstate,0.36614500000000005,0.0
2022-12-28,RealEstate,0.22610666666666668,0.36614500000000005
2022-12-29,RealEstate,0.08092,0.22610666666666668
2022-12-30,RealEstate,0.05994000000000001,0.08092
2023-01-03,RealEstate,0.3409833333333333,0.05994000000000001
2023-01-04,RealEstate,0.12248,0.3409833333333333
2023-01-05,RealEstate,0.18680666666666665,0.12248
2023-01-06,RealEstate,0.06931000000000001,0.18680666666666665
2023-01-09,RealEstate,0.021540000000000004,0.06931000000000001
2023-01-10,RealEstate,0.17636000000000002,0.021540000000000004
2023-01-11,RealEstate,0.22084,0.17636000000000002
2023-01-12,RealEstate,0.03626,0.22084
2023-01-13,RealEstate,0.052669999999999995,0.03626
2023-01-17,RealEstate,0.27779,0.052669999999999995
2023-01-18,RealEstate,0.07878,0.27779
2023-01-19,RealEstate,0.10693333333333332,0.07878
2023-01-20,RealEstate,0.14360166666666666,0.10693333333333332
2023-01-23,RealEstate,0.11829333333333332,0.14360166666666666
2023-01-24,RealEstate,0.30372999999999994,0.11829333333333332
2023-01-25,RealEstate,0.12164000000000001,0.30372999999999994
2023-01-26,RealEstate,0.05955999999999999,0.12164000000000001
2023-01-27,RealEstate,0.12264,0.05955999999999999
2023-01-30,RealEstate,0.2722583333333333,0.12264
2023-01-31,RealEstate,0.15416000000000002,0.2722583333333333
2023-02-01,RealEstate,0.29246999999999995,0.15416000000000002
2023-02-02,RealEstate,0.25603000000000004,0.29246999999999995
2023-02-03,RealEstate,0.2470233333333333,0.25603000000000004
2023-02-06,RealEstate,0.27936952380952385,0.2470233333333333
2023-02-07,RealEstate,0.08755333333333333,0.27936952380952385
2023-02-08,RealEstate,0.15826,0.08755333333333333
2023-02-09,RealEstate,0.2547466666666667,0.15826
2023-02-10,RealEstate,0.31729,0.2547466666666667
2023-02-13,RealEstate,0.42888000000000004,0.31729
2023-02-14,RealEstate,0.22052,0.42888000000000004
2023-02-15,RealEstate,0.2045533333333333,0.22052
2023-02-16,RealEstate,0.09830333333333334,0.2045533333333333
2023-02-17,RealEstate,0.0193,0.09830333333333334
2023-02-21,RealEstate,0.24526044444444445,0.0193
2023-02-22,RealEstate,0.12567333333333336,0.24526044444444445
2023-02-23,RealEstate,0.06585500000000001,0.12567333333333336
2023-02-24,RealEstate,0.05521,0.06585500000000001
2023-02-27,RealEstate,0.35319,0.05521
2023-02-28,RealEstate,0.13806000000000002,0.35319
2023-03-01,RealEstate,0.15419,0.13806000000000002
2023-03-02,RealEstate,0.19777333333333333,0.15419
2023-03-03,RealEstate,0.025715,0.19777333333333333
2023-03-06,RealEstate,0.21254,0.025715
2023-03-07,RealEstate,0.07905999999999999,0.21254
2023-03-08,RealEstate,0.25905999999999996,0.07905999999999999
2023-03-09,RealEstate,0.16316999999999998,0.25905999999999996
2023-03-10,RealEstate,0.4204366666666667,0.16316999999999998
2023-03-13,RealEstate,0.09764666666666666,0.4204366666666667
2023-03-14,RealEstate,0.39022,0.09764666666666666
2023-03-15,RealEstate,0.324272,0.39022
2023-03-16,RealEstate,0.331155,0.324272
2023-03-17,RealEstate,0.19051,0.331155
2023-03-20,RealEstate,0.11539000000000002,0.19051
2023-03-21,RealEstate,0.36695,0.11539000000000002
2023-03-22,RealEstate,0.1683,0.36695
2023-03-23,RealEstate,0.11544000000000001,0.1683
2023-03-24,RealEstate,0.11988000000000001,0.11544000000000001
2023-03-27,RealEstate,0.16761399999999999,0.11988000000000001
2023-03-28,RealEstate,0.05,0.16761399999999999
2023-03-29,RealEstate,0.21679333333333334,0.05
2023-03-30,RealEstate,0.08185,0.21679333333333334
2023-03-31,RealEstate,0.24816000000000002,0.08185
2023-04-03,RealEstate,0.324232,0.24816000000000002
2023-04-04,RealEstate,0.22139000000000003,0.324232
2023-04-05,RealEstate,0.04864857142857142,0.22139000000000003
2023-04-06,RealEstate,0.28506,0.04864857142857142
2023-04-10,RealEstate,0.17697261904761902,0.28506
2023-04-11,RealEstate,0.35245000000000004,0.17697261904761902
2023-04-12,RealEstate,0.11321999999999999,0.35245000000000004
2023-04-13,RealEstate,0.02585,0.11321999999999999
2023-04-14,RealEstate,0.10546,0.02585
2023-04-17,RealEstate,0.02860333333333333,0.10546
2023-04-18,RealEstate,0.2516091666666667,0.02860333333333333
2023-04-19,RealEstate,0.16814666666666667,0.2516091666666667
2023-04-20,RealEstate,0.11086166666666666,0.16814666666666667
2023-04-21,RealEstate,0.25082499999999996,0.11086166666666666
2023-04-24,RealEstate,0.2673,0.25082499999999996
2023-04-25,RealEstate,0.15339,0.2673
2023-04-26,RealEstate,-0.0014100000000000002,0.15339
2023-04-27,RealEstate,0.055835,-0.0014100000000000002
2023-04-28,RealEstate,0.26138,0.055835
2023-05-01,RealEstate,0.25590666666666667,0.26138
2023-05-02,RealEstate,0.19392800000000002,0.25590666666666667
2023-05-03,RealEstate,0.03479999999999999,0.19392800000000002
2023-05-04,RealEstate,0.102546,0.03479999999999999
2023-05-05,RealEstate,0.10737333333333335,0.102546
2023-05-08,RealEstate,0.1915,0.10737333333333335
2023-05-09,RealEstate,0.10212000000000002,0.1915
2023-05-10,RealEstate,0.13185333333333332,0.10212000000000002
2023-05-11,RealEstate,0.08718000000000001,0.13185333333333332
2023-05-12,RealEstate,0.12131,0.08718000000000001
2023-05-15,RealEstate,0.32167666666666667,0.12131
2023-05-16,RealEstate,0.058750000000000004,0.32167666666666667
2023-05-17,RealEstate,0.26436000000000004,0.058750000000000004
2023-05-18,RealEstate,0.08687166666666665,0.26436000000000004
2023-05-19,RealEstate,-0.009199999999999996,0.08687166666666665
2023-05-22,RealEstate,0.28256000000000003,-0.009199999999999996
2023-05-23,RealEstate,0.05424,0.28256000000000003
2023-05-24,RealEstate,0.11588000000000001,0.05424
2023-05-25,RealEstate,0.16881200000000002,0.11588000000000001
2023-05-26,RealEstate,0.03612,0.16881200000000002
2023-05-30,RealEstate,0.17583333333333334,0.03612
2023-05-31,RealEstate,0.18464,0.17583333333333334
2023-06-01,RealEstate,0.13954,0.18464
2023-06-02,RealEstate,0.19756,0.13954
2023-06-05,RealEstate,0.13245999999999997,0.19756
2023-06-06,RealEstate,0.17564000000000002,0.13245999999999997
2023-06-07,RealEstate,0.15689999999999998,0.17564000000000002
2023-06-08,RealEstate,0.078245,0.15689999999999998
2023-06-09,RealEstate,0.17293,0.078245
2023-06-12,RealEstate,0.17919999999999997,0.17293
2023-06-13,RealEstate,0.03818,0.17919999999999997
2023-06-14,RealEstate,0.08715999999999999,0.03818
2023-06-15,RealEstate,0.21585000000000001,0.08715999999999999
2023-06-16,RealEstate,-0.006506666666666666,0.21585000000000001
2023-06-20,RealEstate,0.17126666666666668,-0.006506666666666666
2023-06-21,RealEstate,0.0,0.17126666666666668
2023-06-22,RealEstate,0.13941,0.0
2023-06-23,RealEstate,0.18757666666666667,0.13941
2023-06-26,RealEstate,0.19026,0.18757666666666667
2023-06-27,RealEstate,0.27077999999999997,0.19026
2023-06-28,RealEstate,0.22688199999999997,0.27077999999999997
2023-06-29,RealEstate,0.36627,0.22688199999999997
2023-06-30,RealEstate,0.07599,0.36627
2023-07-03,RealEstate,0.392265,0.07599
2023-07-05,RealEstate,0.23183333333333334,0.392265
2023-07-06,RealEstate,0.14523333333333333,0.23183333333333334
2023-07-07,RealEstate,0.16721,0.14523333333333333
2023-07-10,RealEstate,0.292,0.16721
2023-07-11,RealEstate,0.03818,0.292
2023-07-12,RealEstate,0.29096333333333335,0.03818
2023-07-13,RealEstate,0.17065333333333332,0.29096333333333335
2023-07-14,RealEstate,0.056510000000000005,0.17065333333333332
2023-07-17,RealEstate,0.37319,0.056510000000000005
2023-07-18,RealEstate,0.15246600000000002,0.37319
2023-07-19,RealEstate,0.26699799999999996,0.15246600000000002
2023-07-20,RealEstate,0.13160266666666667,0.26699799999999996
2023-07-21,RealEstate,0.14847000000000002,0.13160266666666667
2023-07-24,RealEstate,0.42791000000000007,0.14847000000000002
2023-07-25,RealEstate,0.25805,0.42791000000000007
2023-07-26,RealEstate,0.06636666666666666,0.25805
2023-07-27,RealEstate,0.17820333333333332,0.06636666666666666
2023-07-28,RealEstate,0.5187933333333333,0.17820333333333332
2023-07-31,RealEstate,0.259455,0.5187933333333333
2023-08-01,RealEstate,0.27902,0.259455
2023-08-02,RealEstate,0.24024666666666664,0.27902
2023-08-03,RealEstate,-0.03557666666666666,0.24024666666666664
2023-08-04,RealEstate,0.05068,-0.03557666666666666
2023-08-07,RealEstate,0.2122066666666667,0.05068
2023-08-08,RealEstate,0.025453333333333335,0.2122066666666667
2023-08-09,RealEstate,0.15262,0.025453333333333335
2023-08-10,RealEstate,0.487115,0.15262
2023-08-11,RealEstate,0.24848999999999996,0.487115
2023-08-14,RealEstate,0.09803333333333333,0.24848999999999996
2023-08-15,RealEstate,0.35028,0.09803333333333333
2023-08-16,RealEstate,0.21756000000000003,0.35028
2023-08-17,RealEstate,0.37508500000000006,0.21756000000000003
2023-08-18,RealEstate,0.14307,0.37508500000000006
2023-08-21,RealEstate,0.24771,0.14307
2023-08-22,RealEstate,0.31456999999999996,0.24771
2023-08-23,RealEstate,0.05994000000000001,0.31456999999999996
2023-08-24,RealEstate,0.12501,0.05994000000000001
2023-08-25,RealEstate,0.3156933333333333,0.12501
2023-08-28,RealEstate,0.32427,0.3156933333333333
2023-08-29,RealEstate,0.255505,0.32427
2023-08-30,RealEstate,0.14272,0.255505
2023-08-31,RealEstate,0.26762600000000003,0.14272
2023-09-01,RealEstate,0.29526399999999997,0.26762600000000003
2023-09-05,RealEstate,0.1793013333333333,0.29526399999999997
2023-09-06,RealEstate,0.32194,0.1793013333333333
2023-09-07,RealEstate,0.02266666666666667,0.32194
2023-09-08,RealEstate,0.25848000000000004,0.02266666666666667
2023-09-11,RealEstate,0.45156599999999997,0.25848000000000004
2023-09-12,RealEstate,-0.08853,0.45156599999999997
2023-09-13,RealEstate,0.24416666666666664,-0.08853
2023-09-14,RealEstate,0.10904,0.24416666666666664
2023-09-15,RealEstate,0.3278766666666667,0.10904
2023-09-18,RealEstate,0.159695,0.3278766666666667
2023-09-19,RealEstate,0.41376999999999997,0.159695
2023-09-20,RealEstate,0.46657000000000004,0.41376999999999997
2023-09-21,RealEstate,0.23091166666666668,0.46657000000000004
2023-09-22,RealEstate,0.11921999999999999,0.23091166666666668
2023-09-25,RealEstate,0.10902333333333333,0.11921999999999999
2023-09-26,RealEstate,0.06947,0.10902333333333333
2023-09-27,RealEstate,0.22893466666666668,0.06947
2023-09-28,RealEstate,0.337305,0.22893466666666668
2023-09-29,RealEstate,0.33388999999999996,0.337305
2023-10-02,RealEstate,0.373855,0.33388999999999996
2023-10-03,RealEstate,0.28079,0.373855
2023-10-04,RealEstate,0.088955,0.28079
2023-10-05,RealEstate,0.18952,0.088955
2023-10-06,RealEstate,0.21505999999999997,0.18952
2023-10-09,RealEstate,0.18199666666666664,0.21505999999999997
2023-10-10,RealEstate,0.22756000000000004,0.18199666666666664
2023-10-11,RealEstate,0.07224,0.22756000000000004
2023-10-12,RealEstate,0.40529666666666664,0.07224
2023-10-13,RealEstate,0.14368,0.40529666666666664
2023-10-16,RealEstate,0.23802333333333334,0.14368
2023-10-17,RealEstate,0.14464499999999997,0.23802333333333334
2023-10-18,RealEstate,0.2005142857142857,0.14464499999999997
2023-10-19,RealEstate,0.06999257142857143,0.2005142857142857
2023-10-20,RealEstate,0.27067499999999994,0.06999257142857143
2023-10-23,RealEstate,0.2872733333333333,0.27067499999999994
2023-10-24,RealEstate,0.38134,0.2872733333333333
2023-10-25,RealEstate,0.183365,0.38134
2023-10-26,RealEstate,0.18032750000000003,0.183365
2023-10-27,RealEstate,0.178685,0.18032750000000003
2023-10-30,RealEstate,0.30031236363636366,0.178685
2023-10-31,RealEstate,0.1679,0.30031236363636366
2023-11-01,RealEstate,0.08201333333333334,0.1679
2023-11-02,RealEstate,0.2366213333333333,0.08201333333333334
2023-11-03,RealEstate,0.38173,0.2366213333333333
2023-11-06,RealEstate,0.228925,0.38173
2023-11-07,RealEstate,0.18994666666666665,0.228925
2023-11-08,RealEstate,-0.014500000000000002,0.18994666666666665
2023-11-09,RealEstate,0.344585,-0.014500000000000002
2023-11-10,RealEstate,-0.03698,0.344585
2023-11-13,RealEstate,0.253035,-0.03698
2023-11-14,RealEstate,0.13798,0.253035
2023-11-15,RealEstate,0.23828,0.13798
2023-11-16,RealEstate,0.089208,0.23828
2023-11-17,RealEstate,0.011035,0.089208
2023-11-20,RealEstate,0.21332,0.011035
2023-11-21,RealEstate,0.26199000000000006,0.21332
2023-11-22,RealEstate,0.05263333333333333,0.26199000000000006
2023-11-24,RealEstate,0.13271,0.05263333333333333
2023-11-27,RealEstate,0.01434692307692308,0.13271
2023-11-28,RealEstate,0.13563666666666668,0.01434692307692308
2023-11-29,RealEstate,0.18038666666666667,0.13563666666666668
2023-11-30,RealEstate,0.11272000000000001,0.18038666666666667
2023-12-01,RealEstate,0.28062,0.11272000000000001
2023-12-04,RealEstate,0.282366,0.28062
2023-12-05,RealEstate,0.24295,0.282366
2023-12-06,RealEstate,0.141845,0.24295
2023-12-07,RealEstate,0.134726,0.141845
2023-12-08,RealEstate,0.059199999999999996,0.134726
2023-12-11,RealEstate,0.19827,0.059199999999999996
2023-12-12,RealEstate,0.22576166666666664,0.19827
2023-12-13,RealEstate,0.30727666666666664,0.22576166666666664
2023-12-14,RealEstate,0.075732,0.30727666666666664
2023-12-15,RealEstate,0.12811,0.075732
2023-12-18,RealEstate,0.15651500000000002,0.12811
2023-12-19,RealEstate,0.0,0.15651500000000002
2023-12-20,RealEstate,0.0,0.0
2023-12-21,RealEstate,0.0,0.0
2023-12-22,RealEstate,0.0,0.0
2023-12-26,RealEstate,0.0,0.0
2023-12-27,RealEstate,0.0,0.0
2023-12-28,RealEstate,0.0,0.0
2023-12-29,RealEstate,0.0,0.0
2020-01-02,Tech,0.09006251282051282,
2020-01-03,Tech,0.09799107142857143,0.09006251282051282
2020-01-06,Tech,0.07433666666666668,0.09799107142857143
2020-01-07,Tech,0.046928214285714275,0.07433666666666668
2020-01-08,Tech,0.174708,0.046928214285714275
2020-01-09,Tech,0.19336933333333334,0.174708
2020-01-10,Tech,0.2859176666666666,0.19336933333333334
2020-01-13,Tech,0.2375855,0.2859176666666666
2020-01-14,Tech,0.154096,0.2375855
2020-01-15,Tech,0.13682866666666668,0.154096
2020-01-16,Tech,0.1544922222222222,0.13682866666666668
2020-01-17,Tech,0.14700879287379287,0.1544922222222222
2020-01-21,Tech,0.10873666666666666,0.14700879287379287
2020-01-22,Tech,0.20752800000000002,0.10873666666666666
2020-01-23,Tech,0.14093666666666665,0.20752800000000002
2020-01-24,Tech,0.16999309139784946,0.14093666666666665
2020-01-27,Tech,-0.12216833333333332,0.16999309139784946
2020-01-28,Tech,0.06542999999999999,-0.12216833333333332
2020-01-29,Tech,0.17708555555555555,0.06542999999999999
2020-01-30,Tech,0.041921666666666677,0.17708555555555555
2020-01-31,Tech,0.18370666666666668,0.041921666666666677
2020-02-03,Tech,0.07579666666666666,0.18370666666666668
2020-02-04,Tech,0.039253,0.07579666666666666
2020-02-05,Tech,0.13482875,0.039253
2020-02-06,Tech,0.33919083333333333,0.13482875
2020-02-07,Tech,0.22842285714285718,0.33919083333333333
2020-02-10,Tech,0.32847666666666664,0.22842285714285718
2020-02-11,Tech,0.1201184935064935,0.32847666666666664
2020-02-12,Tech,0.059182999999999986,0.1201184935064935
2020-02-13,Tech,0.027566666666666663,0.059182999999999986
2020-02-14,Tech,0.12718408602150538,0.027566666666666663
2020-02-18,Tech,0.0023569047619047766,0.12718408602150538
2020-02-19,Tech,0.09190896825396824,0.0023569047619047766
2020-02-20,Tech,0.10313857142857141,0.09190896825396824
2020-02-21,Tech,-0.2408954285714286,0.10313857142857141
2020-02-24,Tech,0.08534530303030302,-0.2408954285714286
2020-02-25,Tech,0.058940000000000006,0.08534530303030302
2020-02-26,Tech,0.21759916666666665,0.058940000000000006
2020-02-27,Tech,-0.15499366666666667,0.21759916666666665
2020-02-28,Tech,0.08490933333333332,-0.15499366666666667
2020-03-02,Tech,0.084412,0.08490933333333332
2020-03-03,Tech,0.09927266666666665,0.084412
2020-03-04,Tech,0.4625559523809524,0.09927266666666665
2020-03-05,Tech,0.050439666666666674,0.4625559523809524
2020-03-06,Tech,0.10805953846153846,0.050439666666666674
2020-03-09,Tech,-0.11118866666666667,0.10805953846153846
2020-03-10,Tech,0.058720000000000015,-0.11118866666666667
2020-03-11,Tech,0.12190333333333334,0.058720000000000015
2020-03-12,Tech,-0.08874571428571428,0.12190333333333334
2020-03-13,Tech,-0.0728844642857143,-0.08874571428571428
2020-03-16,Tech,-0.0703309090909091,-0.0728844642857143
2020-03-17,Tech,0.30313816666666665,-0.0703309090909091
2020-03-18,Tech,-0.11614761904761903,0.30313816666666665
2020-03-19,Tech,0.05057666666666666,-0.11614761904761903
2020-03-20,Tech,0.28069333333333335,0.05057666666666666
2020-03-23,Tech,0.3588166666666667,0.28069333333333335
2020-03-24,Tech,0.4066858333333333,0.3588166666666667
2020-03-25,Tech,0.180674,0.4066858333333333
2020-03-26,Tech,0.36688666666666664,0.180674
2020-03-27,Tech,0.3966633333333333,0.36688666666666664
2020-03-30,Tech,0.4375333333333334,0.3966633333333333
2020-03-31,Tech,0.057941999999999994,0.4375333333333334
2020-04-01,Tech,0.4921399999999999,0.057941999999999994
2020-04-02,Tech,0.13770500000000002,0.4921399999999999
2020-04-03,Tech,-0.11773666666666667,0.13770500000000002
2020-04-06,Tech,0.3428189393939395,-0.11773666666666667
2020-04-07,Tech,0.26747399999999993,0.3428189393939395
2020-04-08,Tech,0.28736114285714287,0.26747399999999993
2020-04-09,Tech,0.13387,0.28736114285714287
2020-04-13,Tech,0.3195454901960785,0.13387
2020-04-14,Tech,0.623239619047619,0.3195454901960785
2020-04-15,Tech,0.10683500000000001,0.623239619047619
2020-04-16,Tech,0.32740655555555553,0.10683500000000001
2020-04-17,Tech,0.18506707142857143,0.32740655555555553
2020-04-20,Tech,0.2880391666666667,0.18506707142857143
2020-04-21,Tech,-0.267,0.2880391666666667
2020-04-22,Tech,0.3257338095238095,-0.267
2020-04-23,Tech,0.3184345238095238,0.3257338095238095
2020-04-24,Tech,0.08528838709677419,0.3184345238095238
2020-04-27,Tech,0.2638174285714286,0.08528838709677419
2020-04-28,Tech,0.2424815873015873,0.2638174285714286
2020-04-29,Tech,0.24246228571428574,0.2424815873015873
2020-04-30,Tech,0.129993,0.24246228571428574
2020-05-01,Tech,-0.04067976190476189,0.129993
2020-05-04,Tech,0.3709488235294118,-0.04067976190476189
2020-05-05,Tech,0.21457500000000002,0.3709488235294118
2020-05-06,Tech,0.18457899999999997,0.21457500000000002
2020-05-07,Tech,0.3709886666666667,0.18457899999999997
2020-05-08,Tech,0.46512914285714285,0.3709886666666667
2020-05-11,Tech,0.14314277777777779,0.46512914285714285
2020-05-12,Tech,-0.0034263333333333394,0.14314277777777779
2020-05-13,Tech,0.19303666666666666,-0.0034263333333333394
2020-05-14,Tech,0.2599432380952381,0.19303666666666666
2020-05-15,Tech,0.07272224561403509,0.2599432380952381
2020-05-18,Tech,0.09198619047619049,0.07272224561403509
2020-05-19,Tech,0.20718466666666666,0.09198619047619049
2020-05-20,Tech,0.16364833333333334,0.20718466666666666
2020-05-21,Tech,0.13260722222222224,0.16364833333333334
2020-05-22,Tech,-0.11188100000000001,0.13260722222222224
2020-05-26,Tech,0.20147219047619047,-0.11188100000000001
2020-05-27,Tech,-0.09416333333333332,0.20147219047619047
2020-05-28,Tech,0.18489049999999999,-0.09416333333333332
2020-05-29,Tech,0.07169333333333333,0.18489049999999999
2020-06-01,Tech,0.14392333333333335,0.07169333333333333
2020-06-02,Tech,0.28796,0.14392333333333335
2020-06-03,Tech,0.180135,0.28796
2020-06-04,Tech,0.17272500000000002,0.180135
2020-06-05,Tech,0.06317999999999999,0.17272500000000002
2020-06-08,Tech,0.181361,0.06317999999999999
2020-06-09,Tech,0.15885047619047618,0.181361
2020-06-10,Tech,0.16522171428571428,0.15885047619047618
2020-06-11,Tech,0.2848133333333333,0.16522171428571428
2020-06-12,Tech,0.09422666666666668,0.2848133333333333
2020-06-15,Tech,0.14678666666666668,0.09422666666666668
2020-06-16,Tech,0.18201000000000003,0.14678666666666668
2020-06-17,Tech,0.042510000000000006,0.18201000000000003
2020-06-18,Tech,0.16694,0.042510000000000006
2020-06-19,Tech,-0.14884,0.16694
2020-06-22,Tech,0.12632971428571427,-0.14884
2020-06-23,Tech,0.06274133333333334,0.12632971428571427
2020-06-24,Tech,-0.30643666666666664,0.06274133333333334
2020-06-25,Tech,-0.25697,-0.30643666666666664
2020-06-26,Tech,0.02826,-0.25697
2020-06-29,Tech,0.09094000000000001,0.02826
2020-06-30,Tech,0.186033,0.09094000000000001
2020-07-01,Tech,0.15203,0.186033
2020-07-02,Tech,0.16407,0.15203
2020-07-06,Tech,0.1930342857142857,0.16407
2020-07-07,Tech,0.14006000000000002,0.1930342857142857
2020-07-08,Tech,0.047200000000000006,0.14006000000000002
2020-07-09,Tech,0.10877428571428571,0.047200000000000006
2020-07-10,Tech,0.1434733333333333,0.10877428571428571
2020-07-13,Tech,0.38027,0.1434733333333333
2020-07-14,Tech,0.138048,0.38027
2020-07-15,Tech,0.20061,0.138048
2020-07-16,Tech,0.10235666666666665,0.20061
2020-07-17,Tech,0.03654,0.10235666666666665
2020-07-20,Tech,0.2054043076923077,0.03654
2020-07-21,Tech,0.228308,0.2054043076923077
2020-07-22,Tech,0.15865,0.228308
2020-07-23,Tech,0.2000711111111111,0.15865
2020-07-24,Tech,0.13147580952380952,0.2000711111111111
2020-07-27,Tech,0.24628190476190476,0.13147580952380952
2020-07-28,Tech,0.056747500000000006,0.24628190476190476
2020-07-29,Tech,0.2613959683794466,0.056747500000000006
2020-07-30,Tech,0.057092626262626255,0.2613959683794466
2020-07-31,Tech,0.10533999999999999,0.057092626262626255
2020-08-03,Tech,0.13018533333333332,0.10533999999999999
2020-08-04,Tech,0.1111827272727273,0.13018533333333332
2020-08-05,Tech,0.11889785714285714,0.1111827272727273
2020-08-06,Tech,0.220795,0.11889785714285714
2020-08-07,Tech,0.15566,0.220795
2020-08-10,Tech,0.15863999999999998,0.15566
2020-08-11,Tech,0.172804,0.15863999999999998
2020-08-12,Tech,-0.03567571428571429,0.172804
2020-08-13,Tech,0.10134571428571429,-0.03567571428571429
2020-08-14,Tech,0.30195666666666665,0.10134571428571429
2020-08-17,Tech,-0.004139333333333347,0.30195666666666665
2020-08-18,Tech,0.03415833333333333,-0.004139333333333347
2020-08-19,Tech,0.04611,0.03415833333333333
2020-08-20,Tech,-0.06421111111111112,0.04611
2020-08-21,Tech,0.10689599999999999,-0.06421111111111112
2020-08-24,Tech,0.05611166666666667,0.10689599999999999
2020-08-25,Tech,0.091865,0.05611166666666667
2020-08-26,Tech,0.13458333333333333,0.091865
2020-08-27,Tech,0.15445166666666668,0.13458333333333333
2020-08-28,Tech,0.2057866666666667,0.15445166666666668
2020-08-31,Tech,0.1571647619047619,0.2057866666666667
2020-09-01,Tech,0.09254833333333333,0.1571647619047619
2020-09-02,Tech,0.22047809523809522,0.09254833333333333
2020-09-03,Tech,0.125095,0.22047809523809522
2020-09-04,Tech,0.23402000000000003,0.125095
2020-09-08,Tech,0.155225,0.23402000000000003
2020-09-09,Tech,0.20721833333333334,0.155225
2020-09-10,Tech,0.09523333333333334,0.20721833333333334
2020-09-11,Tech,0.15956,0.09523333333333334
2020-09-14,Tech,0.1212865,0.15956
2020-09-15,Tech,-0.03128533333333333,0.1212865
2020-09-16,Tech,0.263385,-0.03128533333333333
2020-09-17,Tech,0.21478190476190476,0.263385
2020-09-18,Tech,0.01027,0.21478190476190476
2020-09-21,Tech,0.10181333333333334,0.01027
2020-09-22,Tech,0.11143333333333331,0.10181333333333334
2020-09-23,Tech,-0.02054,0.11143333333333331
2020-09-24,Tech,0.15426,-0.02054
2020-09-25,Tech,-0.03720333333333333,0.15426
2020-09-28,Tech,0.25732666666666665,-0.03720333333333333
2020-09-29,Tech,0.22670333333333334,0.25732666666666665
2020-09-30,Tech,0.15270666666666668,0.22670333333333334
2020-10-01,Tech,-0.09878,0.15270666666666668
2020-10-02,Tech,0.09430666666666668,-0.09878
2020-10-05,Tech,0.10325200000000001,0.09430666666666668
2020-10-06,Tech,0.04329999999999999,0.10325200000000001
2020-10-07,Tech,0.3193133333333333,0.04329999999999999
2020-10-08,Tech,0.13785428571428573,0.3193133333333333
2020-10-09,Tech,0.23482666666666666,0.13785428571428573
2020-10-12,Tech,0.19317666666666666,0.23482666666666666
2020-10-13,Tech,0.04447333333333333,0.19317666666666666
2020-10-14,Tech,0.029753333333333333,0.04447333333333333
2020-10-15,Tech,0.22210666666666667,0.029753333333333333
2020-10-16,Tech,0.12946,0.22210666666666667
2020-10-19,Tech,0.14274499999999998,0.12946
2020-10-20,Tech,0.10274999999999998,0.14274499999999998
2020-10-21,Tech,0.19704,0.10274999999999998
2020-10-22,Tech,0.030012499999999998,0.19704
2020-10-23,Tech,0.12298636363636364,0.030012499999999998
2020-10-26,Tech,0.08757607142857143,0.12298636363636364
2020-10-27,Tech,0.2267057142857143,0.08757607142857143
2020-10-28,Tech,0.09254833333333332,0.2267057142857143
2020-10-29,Tech,0.25434,0.09254833333333332
2020-10-30,Tech,0.1321,0.25434
2020-11-02,Tech,0.149385,0.1321
2020-11-03,Tech,0.08595,0.149385
2020-11-04,Tech,0.088896,0.08595
2020-11-05,Tech,0.18516,0.088896
2020-11-06,Tech,0.12655,0.18516
2020-11-09,Tech,0.08606,0.12655
2020-11-10,Tech,-0.00918866666666667,0.08606
2020-11-11,Tech,0.1759047619047619,-0.00918866666666667
2020-11-12,Tech,0.23088666666666668,0.1759047619047619
2020-11-13,Tech,-0.040210666666666665,0.23088666666666668
2020-11-16,Tech,0.30154666666666663,-0.040210666666666665
2020-11-17,Tech,0.2818833333333333,0.30154666666666663
2020-11-18,Tech,0.26616,0.2818833333333333
2020-11-19,Tech,0.27276999999999996,0.26616
2020-11-20,Tech,0.13829333333333332,0.27276999999999996
2020-11-23,Tech,0.18773999999999996,0.13829333333333332
2020-11-24,Tech,0.01544,0.18773999999999996
2020-11-25,Tech,0.17391666666666666,0.01544
2020-11-27,Tech,0.16755,0.17391666666666666
2020-11-30,Tech,0.03130166666666666,0.16755
2020-12-01,Tech,0.06065,0.03130166666666666
2020-12-02,Tech,0.25805500000000003,0.06065
2020-12-03,Tech,0.05621666666666666,0.25805500000000003
2020-12-04,Tech,0.2109,0.05621666666666666
2020-12-07,Tech,0.1536222222222222,0.2109
2020-12-08,Tech,0.16426000000000002,0.1536222222222222
2020-12-09,Tech,0.24402333333333334,0.16426000000000002
2020-12-10,Tech,0.29223333333333334,0.24402333333333334
2020-12-11,Tech,0.16859100000000002,0.29223333333333334
2020-12-14,Tech,0.097452,0.16859100000000002
2020-12-15,Tech,0.078792,0.097452
2020-12-16,Tech,0.06591333333333334,0.078792
2020-12-17,Tech,0.2327142857142857,0.06591333333333334
2020-12-18,Tech,0.19258000000000003,0.2327142857142857
2020-12-21,Tech,0.17884342857142857,0.19258000000000003
2020-12-22,Tech,0.24584999999999999,0.17884342857142857
2020-12-23,Tech,0.15419,0.24584999999999999
2020-12-24,Tech,0.12838333333333335,0.15419
2020-12-28,Tech,0.20967083333333333,0.12838333333333335
2020-12-29,Tech,0.016244500000000002,0.20967083333333333
2020-12-30,Tech,0.217145,0.016244500000000002
2020-12-31,Tech,0.15505,0.217145
2021-01-04,Tech,0.170914,0.15505
2021-01-05,Tech,0.053544999999999995,0.170914
2021-01-06,Tech,0.10880266666666667,0.053544999999999995
2021-01-07,Tech,0.026082000000000004,0.10880266666666667
2021-01-08,Tech,0.14843333333333333,0.026082000000000004
2021-01-11,Tech,0.26618033333333335,0.14843333333333333
2021-01-12,Tech,0.048383333333333334,0.26618033333333335
2021-01-13,Tech,0.10069024844720498,0.048383333333333334
2021-01-14,Tech,0.14540000000000003,0.10069024844720498
2021-01-15,Tech,0.072673,0.14540000000000003
2021-01-19,Tech,0.145784,0.072673
2021-01-20,Tech,0.20355999999999996,0.145784
2021-01-21,Tech,0.2891,0.20355999999999996
2021-01-22,Tech,0.12557933333333332,0.2891
2021-01-25,Tech,0.1523837606837607,0.12557933333333332
2021-01-26,Tech,0.24219866666666667,0.1523837606837607
2021-01-27,Tech,0.2419,0.24219866666666667
2021-01-28,Tech,-0.052321111111111096,0.2419
2021-01-29,Tech,0.105405,-0.052321111111111096
2021-02-01,Tech,0.28517314285714285,0.105405
2021-02-02,Tech,0.40825999999999996,0.28517314285714285
2021-02-03,Tech,0.14937,0.40825999999999996
2021-02-04,Tech,0.13927445887445888,0.14937
2021-02-05,Tech,0.21013333333333334,0.13927445887445888
2021-02-08,Tech,0.072955,0.21013333333333334
2021-02-09,Tech,0.11035999999999999,0.072955
2021-02-10,Tech,-0.011450000000000002,0.11035999999999999
2021-02-11,Tech,0.061510999999999996,-0.011450000000000002
2021-02-12,Tech,0.07566666666666665,0.061510999999999996
2021-02-16,Tech,0.019670000000000003,0.07566666666666665
2021-02-17,Tech,0.2554706666666667,0.019670000000000003
2021-02-18,Tech,0.14190666666666668,0.2554706666666667
2021-02-19,Tech,0.17712333333333335,0.14190666666666668
2021-02-22,Tech,0.22670200000000001,0.17712333333333335
2021-02-23,Tech,0.21101333333333336,0.22670200000000001
2021-02-24,Tech,0.26453333333333334,0.21101333333333336
2021-02-25,Tech,0.06704,0.26453333333333334
2021-02-26,Tech,0.13908166666666666,0.06704
2021-03-01,Tech,0.17612333333333335,0.13908166666666666
2021-03-02,Tech,0.021660000000000002,0.17612333333333335
2021-03-03,Tech,0.1341,0.021660000000000002
2021-03-04,Tech,0.07288,0.1341
2021-03-05,Tech,0.11018666666666668,0.07288
2021-03-08,Tech,0.257098,0.11018666666666668
2021-03-09,Tech,0.028075,0.257098
2021-03-10,Tech,0.20134,0.028075
2021-03-11,Tech,0.189884,0.20134
2021-03-12,Tech,0.14107,0.189884
2021-03-15,Tech,0.08536133333333333,0.14107
2021-03-16,Tech,-0.0077040000000000025,0.08536133333333333
2021-03-17,Tech,0.1967,-0.0077040000000000025
2021-03-18,Tech,0.26136666666666664,0.1967
2021-03-19,Tech,0.11717999999999999,0.26136666666666664
2021-03-22,Tech,0.08249900000000002,0.11717999999999999
2021-03-23,Tech,0.21357166666666666,0.08249900000000002
2021-03-24,Tech,0.016476176470588234,0.21357166666666666
2021-03-25,Tech,0.08255333333333334,0.016476176470588234
2021-03-26,Tech,0.26241166666666665,0.08255333333333334
2021-03-29,Tech,0.31706500000000004,0.26241166666666665
2021-03-30,Tech,0.20987333333333336,0.31706500000000004
2021-03-31,Tech,0.08184666666666666,0.20987333333333336
2021-04-01,Tech,0.025068,0.08184666666666666
2021-04-05,Tech,0.16258846153846154,0.025068
2021-04-06,Tech,-0.04551066666666667,0.16258846153846154
2021-04-07,Tech,0.07943,-0.04551066666666667
2021-04-08,Tech,0.07521,0.07943
2021-04-09,Tech,0.20982333333333333,0.07521
2021-04-12,Tech,0.07915166666666666,0.20982333333333333
2021-04-13,Tech,0.08958333333333333,0.07915166666666666
2021-04-14,Tech,0.18026666666666666,0.08958333333333333
2021-04-15,Tech,0.23224,0.18026666666666666
2021-04-16,Tech,0.056354,0.23224
2021-04-19,Tech,0.13873171428571426,0.056354
2021-04-20,Tech,0.1541225,0.13873171428571426
2021-04-21,Tech,0.04113333333333334,0.1541225
2021-04-22,Tech,0.27195,0.04113333333333334
2021-04-23,Tech,0.10317410256410256,0.27195
2021-04-26,Tech,0.12897111111111112,0.10317410256410256
2021-04-27,Tech,0.189868,0.12897111111111112
2021-04-28,Tech,0.15309766233766234,0.189868
2021-04-29,Tech,0.20737047619047616,0.15309766233766234
2021-04-30,Tech,0.014783333333333334,0.20737047619047616
2021-05-03,Tech,0.07460333333333333,0.014783333333333334
2021-05-04,Tech,0.045264999999999986,0.07460333333333333
2021-05-05,Tech,0.15269,0.045264999999999986
2021-05-06,Tech,0.11095,0.15269
2021-05-07,Tech,0.20373333333333332,0.11095
2021-05-10,Tech,0.1012,0.20373333333333332
2021-05-11,Tech,0.03899999999999999,0.1012
2021-05-12,Tech,0.13913999999999999,0.03899999999999999
2021-05-13,Tech,0.017949999999999994,0.13913999999999999
2021-05-14,Tech,0.09960666666666666,0.017949999999999994
2021-05-17,Tech,0.030506666666666665,0.09960666666666666
2021-05-18,Tech,0.22955,0.030506666666666665
2021-05-19,Tech,-0.09893142857142859,0.22955
2021-05-20,Tech,0.24870333333333333,-0.09893142857142859
2021-05-21,Tech,0.36496000000000006,0.24870333333333333
2021-05-24,Tech,0.17851,0.36496000000000006
2021-05-25,Tech,-0.01215,0.17851
2021-05-26,Tech,0.41967,-0.01215
2021-05-27,Tech,0.17043599999999998,0.41967
2021-05-28,Tech,0.16812999999999997,0.17043599999999998
2021-06-01,Tech,0.056664000000000006,0.16812999999999997
2021-06-02,Tech,0.11646666666666668,0.056664000000000006
2021-06-03,Tech,0.07645666666666666,0.11646666666666668
2021-06-04,Tech,0.17877800000000002,0.07645666666666666
2021-06-07,Tech,0.3495155,0.17877800000000002
2021-06-08,Tech,0.15052000000000001,0.3495155
2021-06-09,Tech,0.1739,0.15052000000000001
2021-06-10,Tech,0.175035,0.1739
2021-06-11,Tech,0.057925000000000004,0.175035
2021-06-14,Tech,0.149119,0.057925000000000004
2021-06-15,Tech,0.04108,0.149119
2021-06-16,Tech,0.15672999999999998,0.04108
2021-06-17,Tech,-0.0039064444444444485,0.15672999999999998
2021-06-18,Tech,0.10825199999999999,-0.0039064444444444485
2021-06-21,Tech,0.13070857142857145,0.10825199999999999
2021-06-22,Tech,0.05965800000000001,0.13070857142857145
2021-06-23,Tech,0.07946600000000001,0.05965800000000001
2021-06-24,Tech,0.26342999999999994,0.07946600000000001
2021-06-25,Tech,0.40551000000000004,0.26342999999999994
2021-06-28,Tech,0.09216733333333334,0.40551000000000004
2021-06-29,Tech,0.2970716666666667,0.09216733333333334
2021-06-30,Tech,0.08263133333333335,0.2970716666666667
2021-07-01,Tech,0.12336666666666667,0.08263133333333335
2021-07-02,Tech,-0.04346,0.12336666666666667
2021-07-06,Tech,0.16248,-0.04346
2021-07-07,Tech,0.27256,0.16248
2021-07-08,Tech,0.15394000000000002,0.27256
2021-07-09,Tech,0.161205,0.15394000000000002
2021-07-12,Tech,0.22746333333333335,0.161205
2021-07-13,Tech,0.21642,0.22746333333333335
2021-07-14,Tech,0.035748,0.21642
2021-07-15,Tech,0.03344742857142857,0.035748
2021-07-16,Tech,0.08317815384615385,0.03344742857142857
2021-07-19,Tech,0.03510023809523809,0.08317815384615385
2021-07-20,Tech,0.11856,0.03510023809523809
2021-07-21,Tech,0.16960142857142857,0.11856
2021-07-22,Tech,0.08023166666666667,0.16960142857142857
2021-07-23,Tech,-0.018436666666666664,0.08023166666666667
2021-07-26,Tech,0.10696480769230769,-0.018436666666666664
2021-07-27,Tech,0.053544525252525246,0.10696480769230769
2021-07-28,Tech,0.12629,0.053544525252525246
2021-07-29,Tech,0.18179499999999998,0.12629
2021-07-30,Tech,0.19635,0.18179499999999998
2021-08-02,Tech,0.12160920634920633,0.19635
2021-08-03,Tech,0.07809333333333333,0.12160920634920633
2021-08-04,Tech,0.028627499999999993,0.07809333333333333
2021-08-05,Tech,0.17183690476190475,0.028627499999999993
2021-08-06,Tech,0.04358,0.17183690476190475
2021-08-09,Tech,0.228545,0.04358
2021-08-10,Tech,0.045675999999999994,0.228545
2021-08-11,Tech,0.0,0.045675999999999994
2021-08-12,Tech,0.18009333333333336,0.0
2021-08-13,Tech,0.061935,0.18009333333333336
2021-08-16,Tech,0.052878,0.061935
2021-08-17,Tech,0.023246666666666665,0.052878
2021-08-18,Tech,0.4271085,0.023246666666666665
2021-08-19,Tech,0.10289523809523808,0.4271085
2021-08-20,Tech,0.033784,0.10289523809523808
2021-08-23,Tech,0.10040727272727272,0.033784
2021-08-24,Tech,0.06099444444444445,0.10040727272727272
2021-08-25,Tech,0.04759777777777778,0.06099444444444445
2021-08-26,Tech,0.207061,0.04759777777777778
2021-08-27,Tech,-0.019726,0.207061
2021-08-30,Tech,0.32152933333333333,-0.019726
2021-08-31,Tech,0.028034999999999994,0.32152933333333333
2021-09-01,Tech,-0.006173333333333331,0.028034999999999994
2021-09-02,Tech,0.34577,-0.006173333333333331
2021-09-03,Tech,0.24761666666666668,0.34577
2021-09-07,Tech,0.30963523809523813,0.24761666666666668
2021-09-08,Tech,0.12815857142857143,0.30963523809523813
2021-09-09,Tech,0.25752166666666665,0.12815857142857143
2021-09-10,Tech,-0.06666416666666668,0.25752166666666665
2021-09-13,Tech,0.09629266666666667,-0.06666416666666668
2021-09-14,Tech,0.29075333333333336,0.09629266666666667
2021-09-15,Tech,0.11375142857142857,0.29075333333333336
2021-09-16,Tech,0.26668333333333333,0.11375142857142857
2021-09-17,Tech,0.06427000000000002,0.26668333333333333
2021-09-20,Tech,0.36395833333333333,0.06427000000000002
2021-09-21,Tech,0.14829892857142857,0.36395833333333333
2021-09-22,Tech,0.197448,0.14829892857142857
2021-09-23,Tech,0.06136500000000002,0.197448
2021-09-24,Tech,0.261545,0.06136500000000002
2021-09-27,Tech,0.20558933333333335,0.261545
2021-09-28,Tech,0.155625,0.20558933333333335
2021-09-29,Tech,0.167932,0.155625
2021-09-30,Tech,0.2071416666666667,0.167932
2021-10-01,Tech,-0.09786000000000002,0.2071416666666667
2021-10-04,Tech,0.3277775,-0.09786000000000002
2021-10-05,Tech,0.14882666666666666,0.3277775
2021-10-06,Tech,0.14890916666666668,0.14882666666666666
2021-10-07,Tech,0.16663,0.14890916666666668
2021-10-08,Tech,0.20237,0.16663
2021-10-11,Tech,0.087,0.20237
2021-10-12,Tech,0.28850122222222224,0.087
2021-10-13,Tech,0.1853725,0.28850122222222224
2021-10-14,Tech,0.2120693333333333,0.1853725
2021-10-15,Tech,0.16132,0.2120693333333333
2021-10-18,Tech,0.16928042857142858,0.16132
2021-10-19,Tech,0.402705,0.16928042857142858
2021-10-20,Tech,0.40896999999999994,0.402705
2021-10-21,Tech,0.1298993333333333,0.40896999999999994
2021-10-22,Tech,0.17081000000000002,0.1298993333333333
2021-10-25,Tech,0.04178166666666667,0.17081000000000002
2021-10-26,Tech,0.14362285714285714,0.04178166666666667
2021-10-27,Tech,0.09878566666666667,0.14362285714285714
2021-10-28,Tech,0.32395999999999997,0.09878566666666667
2021-10-29,Tech,0.195204,0.32395999999999997
2021-11-01,Tech,0.36346333333333336,0.195204
2021-11-02,Tech,0.2582190476190476,0.36346333333333336
2021-11-03,Tech,0.36362666666666665,0.2582190476190476
2021-11-04,Tech,0.30857683390293916,0.36362666666666665
2021-11-05,Tech,0.19421333333333338,0.30857683390293916
2021-11-08,Tech,0.128668,0.19421333333333338
2021-11-09,Tech,0.17612266666666665,0.128668
2021-11-10,Tech,0.14076833333333333,0.17612266666666665
2021-11-11,Tech,0.2596569696969697,0.14076833333333333
2021-11-12,Tech,0.171585,0.2596569696969697
2021-11-15,Tech,0.25142333333333333,0.171585
2021-11-16,Tech,0.08511469696969695,0.25142333333333333
2021-11-17,Tech,0.12337098039215685,0.08511469696969695
2021-11-18,Tech,0.06445320197044334,0.12337098039215685
2021-11-19,Tech,0.15252736842105263,0.06445320197044334
2021-11-22,Tech,0.31643048484848485,0.15252736842105263
2021-11-23,Tech,0.40545400000000004,0.31643048484848485
2021-11-24,Tech,0.11134555555555559,0.40545400000000004
2021-11-26,Tech,-0.003926000000000008,0.11134555555555559
2021-11-29,Tech,0.2346027186147186,-0.003926000000000008
2021-11-30,Tech,0.07076677777777776,0.2346027186147186
2021-12-01,Tech,-0.06689999999999999,0.07076677777777776
2021-12-02,Tech,0.24867181818181816,-0.06689999999999999
2021-12-03,Tech,0.20746446428571427,0.24867181818181816
2021-12-06,Tech,0.17833212626262626,0.20746446428571427
2021-12-07,Tech,0.3348271794871795,0.17833212626262626
2021-12-08,Tech,0.06590190476190476,0.3348271794871795
2021-12-09,Tech,0.22986457575757577,0.06590190476190476
2021-12-10,Tech,0.08319863636363636,0.22986457575757577
2021-12-13,Tech,0.16951327272727273,0.08319863636363636
2021-12-14,Tech,0.04317833333333333,0.16951327272727273
2021-12-15,Tech,0.2319216507936508,0.04317833333333333
2021-12-16,Tech,0.09799041666666668,0.2319216507936508
2021-12-17,Tech,-0.0285852380952381,0.09799041666666668
2021-12-20,Tech,0.03521233333333333,-0.0285852380952381
2021-12-21,Tech,-0.14068666666666668,0.03521233333333333
2021-12-22,Tech,0.5669366666666666,-0.14068666666666668
2021-12-23,Tech,0.15048333333333336,0.5669366666666666
2021-12-27,Tech,0.1456105,0.15048333333333336
2021-12-28,Tech,0.2896003181818182,0.1456105
2021-12-29,Tech,0.06989566666666666,0.2896003181818182
2021-12-30,Tech,0.05459699999999999,0.06989566666666666
2021-12-31,Tech,0.2515552857142857,0.05459699999999999
2022-01-03,Tech,0.33418380952380955,0.2515552857142857
2022-01-04,Tech,0.08775529411764706,0.33418380952380955
2022-01-05,Tech,0.1227686212121212,0.08775529411764706
2022-01-06,Tech,0.2218653333333333,0.1227686212121212
2022-01-07,Tech,0.037378,0.2218653333333333
2022-01-10,Tech,0.1507225,0.037378
2022-01-11,Tech,0.16912222222222223,0.1507225
2022-01-12,Tech,0.216389,0.16912222222222223
2022-01-13,Tech,0.2938595238095238,0.216389
2022-01-14,Tech,0.2752080952380952,0.2938595238095238
2022-01-18,Tech,0.2014977619047619,0.2752080952380952
2022-01-19,Tech,0.16584752380952378,0.2014977619047619
2022-01-20,Tech,0.29593930952380954,0.16584752380952378
2022-01-21,Tech,0.07038886363636364,0.29593930952380954
2022-01-24,Tech,0.14007970862470862,0.07038886363636364
2022-01-25,Tech,0.11619933333333332,0.14007970862470862
2022-01-26,Tech,0.22168370015948963,0.11619933333333332
2022-01-27,Tech,0.1442113106060606,0.22168370015948963
2022-01-28,Tech,0.27166085714285715,0.1442113106060606
2022-01-31,Tech,0.1829978333333333,0.27166085714285715
2022-02-01,Tech,0.29140307407407406,0.1829978333333333
2022-02-02,Tech,0.20643315165331125,0.29140307407407406
2022-02-03,Tech,0.3139854285714286,0.20643315165331125
2022-02-04,Tech,0.05357666666666666,0.3139854285714286
2022-02-07,Tech,0.1653990476190476,0.05357666666666666
2022-02-08,Tech,0.2899710714285714,0.1653990476190476
2022-02-09,Tech,0.27558092307692306,0.2899710714285714
2022-02-10,Tech,0.090455,0.27558092307692306
2022-02-11,Tech,0.13466444444444442,0.090455
2022-02-14,Tech,0.10379044871794871,0.13466444444444442
2022-02-15,Tech,0.1618573202614379,0.10379044871794871
2022-02-16,Tech,0.19297941176470587,0.1618573202614379
2022-02-17,Tech,0.21056591111111111,0.19297941176470587
2022-02-18,Tech,0.2569033333333333,0.21056591111111111
2022-02-22,Tech,0.2022220595238095,0.2569033333333333
2022-02-23,Tech,0.2902033333333333,0.2022220595238095
2022-02-24,Tech,0.18895166666666668,0.2902033333333333
2022-02-25,Tech,-0.04094380952380952,0.18895166666666668
2022-02-28,Tech,0.23639318181818184,-0.04094380952380952
2022-03-01,Tech,0.18878333333333333,0.23639318181818184
2022-03-02,Tech,0.249925,0.18878333333333333
2022-03-03,Tech,0.14582515151515152,0.249925
2022-03-04,Tech,0.14411319047619048,0.14582515151515152
2022-03-07,Tech,0.09050899999999999,0.14411319047619048
2022-03-08,Tech,0.1330510606060606,0.09050899999999999
2022-03-09,Tech,0.1154842857142857,0.1330510606060606
2022-03-10,Tech,0.3322477435897436,0.1154842857142857
2022-03-11,Tech,0.100284,0.3322477435897436
2022-03-14,Tech,0.3147957777777778,0.100284
2022-03-15,Tech,0.1501760346320346,0.3147957777777778
2022-03-16,Tech,0.16784415584415585,0.1501760346320346
2022-03-17,Tech,0.13282716666666666,0.16784415584415585
2022-03-18,Tech,0.23751333333333333,0.13282716666666666
2022-03-21,Tech,0.262822,0.23751333333333333
2022-03-22,Tech,0.1670335238095238,0.262822
2022-03-23,Tech,0.14529255303030303,0.1670335238095238
2022-03-24,Tech,0.19935947785547786,0.14529255303030303
2022-03-25,Tech,0.16515041666666663,0.19935947785547786
2022-03-28,Tech,0.31071190476190474,0.16515041666666663
2022-03-29,Tech,0.16263714285714287,0.31071190476190474
2022-03-30,Tech,0.20538183333333335,0.16263714285714287
2022-03-31,Tech,0.20397912698412698,0.20538183333333335
2022-04-01,Tech,0.1483655571095571,0.20397912698412698
2022-04-04,Tech,0.23575092230576442,0.1483655571095571
2022-04-05,Tech,0.05354651282051283,0.23575092230576442
2022-04-06,Tech,0.16134547619047618,0.05354651282051283
2022-04-07,Tech,0.2805732857142857,0.16134547619047618
2022-04-08,Tech,0.40723066666666663,0.2805732857142857
2022-04-11,Tech,0.31364684615384614,0.40723066666666663
2022-04-12,Tech,0.24691238095238094,0.31364684615384614
2022-04-13,Tech,0.20728333333333335,0.24691238095238094
2022-04-14,Tech,0.12137433333333333,0.20728333333333335
2022-04-18,Tech,0.1470333333333333,0.12137433333333333
2022-04-19,Tech,0.25799266666666665,0.1470333333333333
2022-04-20,Tech,0.23862500000000003,0.25799266666666665
2022-04-21,Tech,0.2595710476190476,0.23862500000000003
2022-04-22,Tech,0.03684999999999999,0.2595710476190476
2022-04-25,Tech,0.20802188095238097,0.03684999999999999
2022-04-26,Tech,0.16790133333333335,0.20802188095238097
2022-04-27,Tech,0.2136884444444444,0.16790133333333335
2022-04-28,Tech,0.13370738636363638,0.2136884444444444
2022-04-29,Tech,0.019049610389610387,0.13370738636363638
2022-05-02,Tech,0.10203268398268399,0.019049610389610387
2022-05-03,Tech,0.0364563492063492,0.10203268398268399
2022-05-04,Tech,0.10930923076923078,0.0364563492063492
2022-05-05,Tech,0.3549081666666667,0.10930923076923078
2022-05-06,Tech,0.14236714285714286,0.3549081666666667
2022-05-09,Tech,0.14270758974358977,0.14236714285714286
2022-05-10,Tech,0.2672769230769231,0.14270758974358977
2022-05-11,Tech,0.19132035714285717,0.2672769230769231
2022-05-12,Tech,0.06598452380952383,0.19132035714285717
2022-05-13,Tech,0.1666960606060606,0.06598452380952383
2022-05-16,Tech,0.028362888888888882,0.1666960606060606
2022-05-17,Tech,0.18085421245421246,0.028362888888888882
2022-05-18,Tech,0.32093249999999995,0.18085421245421246
2022-05-19,Tech,0.16899954545454546,0.32093249999999995
2022-05-20,Tech,0.3599391666666667,0.16899954545454546
2022-05-23,Tech,0.31480378947368415,0.3599391666666667
2022-05-24,Tech,0.44627999999999995,0.31480378947368415
2022-05-25,Tech,0.13570525252525253,0.44627999999999995
2022-05-26,Tech,0.38461070175438594,0.13570525252525253
2022-05-27,Tech,0.015536666666666666,0.38461070175438594
2022-05-31,Tech,0.40920555555555554,0.015536666666666666
2022-06-01,Tech,0.2340383333333333,0.40920555555555554
2022-06-02,Tech,0.2608519047619048,0.2340383333333333
2022-06-03,Tech,0.1772952380952381,0.2608519047619048
2022-06-06,Tech,0.11251833333333335,0.1772952380952381
2022-06-07,Tech,0.11716849999999998,0.11251833333333335
2022-06-08,Tech,0.08161825,0.11716849999999998
2022-06-09,Tech,0.02398200000000001,0.08161825
2022-06-10,Tech,0.12640916666666666,0.02398200000000001
2022-06-13,Tech,0.19924407936507937,0.12640916666666666
2022-06-14,Tech,0.18741333333333335,0.19924407936507937
2022-06-15,Tech,0.420173,0.18741333333333335
2022-06-16,Tech,0.16707947186147187,0.420173
2022-06-17,Tech,0.17959733333333333,0.16707947186147187
2022-06-21,Tech,0.1944142948717949,0.17959733333333333
2022-06-22,Tech,0.3520571428571429,0.1944142948717949
2022-06-23,Tech,0.17488333333333334,0.3520571428571429
2022-06-24,Tech,0.07048399999999998,0.17488333333333334
2022-06-27,Tech,0.2763615714285714,0.07048399999999998
2022-06-28,Tech,0.08990678571428572,0.2763615714285714
2022-06-29,Tech,0.23090666666666665,0.08990678571428572
2022-06-30,Tech,0.14946755555555555,0.23090666666666665
2022-07-01,Tech,0.20902321428571424,0.14946755555555555
2022-07-05,Tech,0.16048116666666667,0.20902321428571424
2022-07-06,Tech,0.13542400000000002,0.16048116666666667
2022-07-07,Tech,0.08804025396825396,0.13542400000000002
2022-07-08,Tech,0.12332933333333333,0.08804025396825396
2022-07-11,Tech,0.33773733333333333,0.12332933333333333
2022-07-12,Tech,0.27782238095238093,0.33773733333333333
2022-07-13,Tech,0.05308999999999999,0.27782238095238093
2022-07-14,Tech,0.16159642857142856,0.05308999999999999
2022-07-15,Tech,0.2633957142857143,0.16159642857142856
2022-07-18,Tech,0.26843814285714285,0.2633957142857143
2022-07-19,Tech,0.05965,0.26843814285714285
2022-07-20,Tech,0.17612642857142857,0.05965
2022-07-21,Tech,0.17031285714285713,0.17612642857142857
2022-07-22,Tech,0.23767111111111108,0.17031285714285713
2022-07-25,Tech,0.13293945454545456,0.23767111111111108
2022-07-26,Tech,0.044910000000000005,0.13293945454545456
2022-07-27,Tech,0.16921935064935062,0.044910000000000005
2022-07-28,Tech,0.046633439393939394,0.16921935064935062
2022-07-29,Tech,0.33141807017543856,0.046633439393939394
2022-08-01,Tech,0.28105083333333336,0.33141807017543856
2022-08-02,Tech,-0.00011785714285715843,0.28105083333333336
2022-08-03,Tech,0.16307209523809524,-0.00011785714285715843
2022-08-04,Tech,0.0484875,0.16307209523809524
2022-08-05,Tech,0.11319133333333334,0.0484875
2022-08-08,Tech,0.10818774074074074,0.11319133333333334
2022-08-09,Tech,0.0654125641025641,0.10818774074074074
2022-08-10,Tech,0.1666392857142857,0.0654125641025641
2022-08-11,Tech,0.14469214285714285,0.1666392857142857
2022-08-12,Tech,0.33494766666666664,0.14469214285714285
2022-08-15,Tech,0.2241110476190476,0.33494766666666664
2022-08-16,Tech,0.23144533333333328,0.2241110476190476
2022-08-17,Tech,0.03165333333333333,0.23144533333333328
2022-08-18,Tech,0.17295600000000003,0.03165333333333333
2022-08-19,Tech,0.17643333333333336,0.17295600000000003
2022-08-22,Tech,0.3228324285714286,0.17643333333333336
2022-08-23,Tech,0.238709,0.3228324285714286
2022-08-24,Tech,0.22351630252100838,0.238709
2022-08-25,Tech,0.18897733333333333,0.22351630252100838
2022-08-26,Tech,0.18203752380952382,0.18897733333333333
2022-08-29,Tech,0.15810219047619048,0.18203752380952382
2022-08-30,Tech,0.17653,0.15810219047619048
2022-08-31,Tech,0.10637416666666666,0.17653
2022-09-01,Tech,0.072544418767507,0.10637416666666666
2022-09-02,Tech,0.26885085714285717,0.072544418767507
2022-09-06,Tech,0.11303942028985507,0.26885085714285717
2022-09-07,Tech,0.23706,0.11303942028985507
2022-09-08,Tech,0.04820416666666667,0.23706
2022-09-09,Tech,0.22921399999999997,0.04820416666666667
2022-09-12,Tech,0.03305699999999999,0.22921399999999997
2022-09-13,Tech,0.04252666666666665,0.03305699999999999
2022-09-14,Tech,0.12496750000000001,0.04252666666666665
2022-09-15,Tech,0.032394260869565226,0.12496750000000001
2022-09-16,Tech,0.12642542857142858,0.032394260869565226
2022-09-19,Tech,0.13187722222222223,0.12642542857142858
2022-09-20,Tech,0.10085523809523808,0.13187722222222223
2022-09-21,Tech,0.023865897435897464,0.10085523809523808
2022-09-22,Tech,0.14966157142857145,0.023865897435897464
2022-09-23,Tech,0.051176,0.14966157142857145
2022-09-26,Tech,0.1408695238095238,0.051176
2022-09-27,Tech,0.2487064444444444,0.1408695238095238
2022-09-28,Tech,0.00845749999999999,0.2487064444444444
2022-09-29,Tech,0.18459907575757575,0.00845749999999999
2022-09-30,Tech,-0.08902333333333336,0.18459907575757575
2022-10-03,Tech,0.2869585714285714,-0.08902333333333336
2022-10-04,Tech,0.3068249783549784,0.2869585714285714
2022-10-05,Tech,0.15942461111111111,0.3068249783549784
2022-10-06,Tech,-0.11357466666666667,0.15942461111111111
2022-10-07,Tech,0.056261244019138755,-0.11357466666666667
2022-10-10,Tech,0.12335048484848485,0.056261244019138755
2022-10-11,Tech,0.02656833333333334,0.12335048484848485
2022-10-12,Tech,-0.014176111111111122,0.02656833333333334
2022-10-13,Tech,0.06255964285714286,-0.014176111111111122
2022-10-14,Tech,0.12774333333333332,0.06255964285714286
2022-10-17,Tech,0.11777600000000002,0.12774333333333332
2022-10-18,Tech,0.19080233333333335,0.11777600000000002
2022-10-19,Tech,-0.06967,0.19080233333333335
2022-10-20,Tech,0.28211250000000004,-0.06967
2022-10-21,Tech,0.016616000000000002,0.28211250000000004
2022-10-24,Tech,0.040954999999999984,0.016616000000000002
2022-10-25,Tech,0.05884933333333333,0.040954999999999984
2022-10-26,Tech,0.3860266666666667,0.05884933333333333
2022-10-27,Tech,0.03693466666666667,0.3860266666666667
2022-10-28,Tech,0.12435242424242424,0.03693466666666667
2022-10-31,Tech,0.14958883333333334,0.12435242424242424
2022-11-01,Tech,0.180492,0.14958883333333334
2022-11-02,Tech,0.20142977777777776,0.180492
2022-11-03,Tech,0.11678095238095239,0.20142977777777776
2022-11-04,Tech,0.082345,0.11678095238095239
2022-11-07,Tech,0.20726819047619047,0.082345
2022-11-08,Tech,0.18031552380952381,0.20726819047619047
2022-11-09,Tech,0.16711666666666666,0.18031552380952381
2022-11-10,Tech,0.1838585128205128,0.16711666666666666
2022-11-11,Tech,0.15949285714285713,0.1838585128205128
2022-11-14,Tech,0.11728285714285713,0.15949285714285713
2022-11-15,Tech,0.12518716666666668,0.11728285714285713
2022-11-16,Tech,0.04966244444444444,0.12518716666666668
2022-11-17,Tech,0.08592599999999999,0.04966244444444444
2022-11-18,Tech,0.25426166666666666,0.08592599999999999
2022-11-21,Tech,0.22885399999999997,0.25426166666666666
2022-11-22,Tech,0.08182166666666665,0.22885399999999997
2022-11-23,Tech,0.17086800000000002,0.08182166666666665
2022-11-25,Tech,-0.005951999999999988,0.17086800000000002
2022-11-28,Tech,0.1640725,-0.005951999999999988
2022-11-29,Tech,0.03406666666666665,0.1640725
2022-11-30,Tech,0.09625999999999998,0.03406666666666665
2022-12-01,Tech,0.2938925,0.09625999999999998
2022-12-02,Tech,0.19689583333333333,0.2938925
2022-12-05,Tech,0.21046428571428571,0.19689583333333333
2022-12-06,Tech,0.08325066666666665,0.21046428571428571
2022-12-07,Tech,0.2275421904761905,0.08325066666666665
2022-12-08,Tech,0.10026049999999997,0.2275421904761905
2022-12-09,Tech,0.1937525,0.10026049999999997
2022-12-12,Tech,0.19851404761904762,0.1937525
2022-12-13,Tech,0.1510685714285714,0.19851404761904762
2022-12-14,Tech,0.13433666666666663,0.1510685714285714
2022-12-15,Tech,-0.01684047619047619,0.13433666666666663
2022-12-16,Tech,0.1526475833333333,-0.01684047619047619
2022-12-19,Tech,0.05980733333333332,0.1526475833333333
2022-12-20,Tech,0.21171166666666666,0.05980733333333332
2022-12-21,Tech,0.2287445714285714,0.21171166666666666
2022-12-22,Tech,-0.06862928571428574,0.2287445714285714
2022-12-23,Tech,0.0812285,-0.06862928571428574
2022-12-27,Tech,0.02780206926406926,0.0812285
2022-12-28,Tech,0.141198,0.02780206926406926
2022-12-29,Tech,0.2661133333333333,0.141198
2022-12-30,Tech,0.11179142857142857,0.2661133333333333
2023-01-03,Tech,0.2445246757164404,0.11179142857142857
2023-01-04,Tech,0.050271285714285706,0.2445246757164404
2023-01-05,Tech,0.2671053333333333,0.050271285714285706
2023-01-06,Tech,0.38406071428571426,0.2671053333333333
2023-01-09,Tech,0.14386428571428572,0.38406071428571426
2023-01-10,Tech,0.2662819047619048,0.14386428571428572
2023-01-11,Tech,0.09117666666666667,0.2662819047619048
2023-01-12,Tech,0.09243833333333332,0.09117666666666667
2023-01-13,Tech,0.140185,0.09243833333333332
2023-01-17,Tech,0.32904314285714287,0.140185
2023-01-18,Tech,0.3410694285714285,0.32904314285714287
2023-01-19,Tech,0.02722,0.3410694285714285
2023-01-20,Tech,0.11663266666666668,0.02722
2023-01-23,Tech,0.23609721804511277,0.11663266666666668
2023-01-24,Tech,0.16385733333333333,0.23609721804511277
2023-01-25,Tech,0.21749785714285713,0.16385733333333333
2023-01-26,Tech,0.08003076190476191,0.21749785714285713
2023-01-27,Tech,0.037251818181818185,0.08003076190476191
2023-01-30,Tech,0.12807888888888888,0.037251818181818185
2023-01-31,Tech,0.02430013636363637,0.12807888888888888
2023-02-01,Tech,-0.014958893974065612,0.02430013636363637
2023-02-02,Tech,0.2712358333333333,-0.014958893974065612
2023-02-03,Tech,0.05447333333333333,0.2712358333333333
2023-02-06,Tech,0.30245416666666664,0.05447333333333333
2023-02-07,Tech,0.21787066666666668,0.30245416666666664
2023-02-08,Tech,0.10676185714285716,0.21787066666666668
2023-02-09,Tech,0.28598966666666664,0.10676185714285716
2023-02-10,Tech,0.05544777777777778,0.28598966666666664
2023-02-13,Tech,0.2950157535014006,0.05544777777777778
2023-02-14,Tech,0.25381060606060607,0.2950157535014006
2023-02-15,Tech,0.077716,0.25381060606060607
2023-02-16,Tech,0.28228698701298705,0.077716
2023-02-17,Tech,0.14805878787878785,0.28228698701298705
2023-02-21,Tech,0.2079131818181818,0.14805878787878785
2023-02-22,Tech,0.2048455,0.2079131818181818
2023-02-23,Tech,0.1070216849593496,0.2048455
2023-02-24,Tech,0.07642783333333333,0.1070216849593496
2023-02-27,Tech,0.11582134920634919,0.07642783333333333
2023-02-28,Tech,0.26651,0.11582134920634919
2023-03-01,Tech,0.24871714285714286,0.26651
2023-03-02,Tech,0.10378261904761905,0.24871714285714286
2023-03-03,Tech,0.25780488888888886,0.10378261904761905
2023-03-06,Tech,0.13283958974358975,0.25780488888888886
2023-03-07,Tech,0.15474777777777776,0.13283958974358975
2023-03-08,Tech,0.10555833333333334,0.15474777777777776
2023-03-09,Tech,0.23071742424242422,0.10555833333333334
2023-03-10,Tech,0.04030550000000001,0.23071742424242422
2023-03-13,Tech,0.12007766666666667,0.04030550000000001
2023-03-14,Tech,0.17216916666666665,0.12007766666666667
2023-03-15,Tech,0.06385714285714286,0.17216916666666665
2023-03-16,Tech,0.18345761363636362,0.06385714285714286
2023-03-17,Tech,0.12105758333333334,0.18345761363636362
2023-03-20,Tech,0.19072366666666668,0.12105758333333334
2023-03-21,Tech,0.08578966666666668,0.19072366666666668
2023-03-22,Tech,0.06709785714285713,0.08578966666666668
2023-03-23,Tech,0.22987619047619048,0.06709785714285713
2023-03-24,Tech,0.07553880952380954,0.22987619047619048
2023-03-27,Tech,0.1900362307692308,0.07553880952380954
2023-03-28,Tech,0.14265555555555556,0.1900362307692308
2023-03-29,Tech,0.17961555555555556,0.14265555555555556
2023-03-30,Tech,0.23372514285714288,0.17961555555555556
2023-03-31,Tech,0.1553881666666667,0.23372514285714288
2023-04-03,Tech,0.2553967140905072,0.1553881666666667
2023-04-04,Tech,0.16619786363636363,0.2553967140905072
2023-04-05,Tech,0.10073105263157896,0.16619786363636363
2023-04-06,Tech,0.3285076923076923,0.10073105263157896
2023-04-10,Tech,0.2687858301523038,0.3285076923076923
2023-04-11,Tech,0.10801400000000001,0.2687858301523038
2023-04-12,Tech,0.23025,0.10801400000000001
2023-04-13,Tech,0.09638119444444444,0.23025
2023-04-14,Tech,0.24992200000000003,0.09638119444444444
2023-04-17,Tech,0.16992159523809525,0.24992200000000003
2023-04-18,Tech,0.2676054761904762,0.16992159523809525
2023-04-19,Tech,0.07653666666666666,0.2676054761904762
2023-04-20,Tech,0.05882099999999998,0.07653666666666666
2023-04-21,Tech,0.15204885714285715,0.05882099999999998
2023-04-24,Tech,0.31671422222222223,0.15204885714285715
2023-04-25,Tech,0.3061161904761905,0.31671422222222223
2023-04-26,Tech,0.14757033333333333,0.3061161904761905
2023-04-27,Tech,0.1673585714285714,0.14757033333333333
2023-04-28,Tech,0.1316245238095238,0.1673585714285714
2023-05-01,Tech,0.22292682539682537,0.1316245238095238
2023-05-02,Tech,0.11087875,0.22292682539682537
2023-05-03,Tech,0.1716779712934125,0.11087875
2023-05-04,Tech,0.14042914285714284,0.1716779712934125
2023-05-05,Tech,0.0888304761904762,0.14042914285714284
2023-05-08,Tech,0.2594505714285714,0.0888304761904762
2023-05-09,Tech,0.01026553846153846,0.2594505714285714
2023-05-10,Tech,0.183509,0.01026553846153846
2023-05-11,Tech,0.08469659090909092,0.183509
2023-05-12,Tech,0.09167666666666667,0.08469659090909092
2023-05-15,Tech,0.2417890909090909,0.09167666666666667
2023-05-16,Tech,0.12265333333333332,0.2417890909090909
2023-05-17,Tech,0.19883130303030302,0.12265333333333332
2023-05-18,Tech,0.10985666666666667,0.19883130303030302
2023-05-19,Tech,0.3064336274509804,0.10985666666666667
2023-05-22,Tech,0.028743926739926734,0.3064336274509804
2023-05-23,Tech,0.29975000000000007,0.028743926739926734
2023-05-24,Tech,0.07796177777777778,0.29975000000000007
2023-05-25,Tech,0.35128603304496925,0.07796177777777778
2023-05-26,Tech,0.1174348292682927,0.35128603304496925
2023-05-30,Tech,0.15479099069643806,0.1174348292682927
2023-05-31,Tech,0.14197116722408026,0.15479099069643806
2023-06-01,Tech,0.2696522372372372,0.14197116722408026
2023-06-02,Tech,0.12637428571428572,0.2696522372372372
2023-06-05,Tech,0.13406214935064933,0.12637428571428572
2023-06-06,Tech,0.06945009523809523,0.13406214935064933
2023-06-07,Tech,0.21298311111111112,0.06945009523809523
2023-06-08,Tech,0.1755092380952381,0.21298311111111112
2023-06-09,Tech,0.08693356140350877,0.1755092380952381
2023-06-12,Tech,0.2335158333333333,0.08693356140350877
2023-06-13,Tech,0.239522162464986,0.2335158333333333
2023-06-14,Tech,0.24845638213180007,0.239522162464986
2023-06-15,Tech,0.22656809907834102,0.24845638213180007
2023-06-16,Tech,0.17071895652173913,0.22656809907834102
2023-06-20,Tech,0.15759547872340426,0.17071895652173913
2023-06-21,Tech,0.10787306666666667,0.15759547872340426
2023-06-22,Tech,0.2112288888888889,0.10787306666666667
2023-06-23,Tech,0.19278158730158731,0.2112288888888889
2023-06-26,Tech,0.24565710822510822,0.19278158730158731
2023-06-27,Tech,0.15346833333333335,0.24565710822510822
2023-06-28,Tech,0.05287237892666874,0.15346833333333335
2023-06-29,Tech,0.16404321428571428,0.05287237892666874
2023-06-30,Tech,0.1211174623655914,0.16404321428571428
2023-07-03,Tech,0.3606661904761905,0.1211174623655914
2023-07-05,Tech,0.20381742857142857,0.3606661904761905
2023-07-06,Tech,0.06935183150183151,0.20381742857142857
2023-07-07,Tech,0.06531166666666666,0.06935183150183151
2023-07-10,Tech,0.14252066932482724,0.06531166666666666
2023-07-11,Tech,0.14015835164835164,0.14252066932482724
2023-07-12,Tech,0.1648761693121693,0.14015835164835164
2023-07-13,Tech,0.18596222222222222,0.1648761693121693
2023-07-14,Tech,0.17728502564102563,0.18596222222222222
2023-07-17,Tech,0.16226074725274725,0.17728502564102563
2023-07-18,Tech,0.305754768115942,0.16226074725274725
2023-07-19,Tech,0.2835695833333334,0.305754768115942
2023-07-20,Tech,0.1401018916083916,0.2835695833333334
2023-07-21,Tech,0.11723648484848485,0.1401018916083916
2023-07-24,Tech,0.22857284848484852,0.11723648484848485
2023-07-25,Tech,0.11595838095238094,0.22857284848484852
2023-07-26,Tech,0.20378147668997668,0.11595838095238094
2023-07-27,Tech,0.2326426149834045,0.20378147668997668
2023-07-28,Tech,0.3168056554160125,0.2326426149834045
2023-07-31,Tech,0.2684424398148148,0.3168056554160125
2023-08-01,Tech,0.2751216078431372,0.2684424398148148
2023-08-02,Tech,0.0725656809970365,0.2751216078431372
2023-08-03,Tech,0.12835103655603655,0.0725656809970365
2023-08-04,Tech,0.2004913333333333,0.12835103655603655
2023-08-07,Tech,0.11261571428571429,0.2004913333333333
2023-08-08,Tech,0.20447023809523807,0.11261571428571429
2023-08-09,Tech,0.21086083333333336,0.20447023809523807
2023-08-10,Tech,0.049857882352941175,0.21086083333333336
2023-08-11,Tech,0.18350296296296295,0.049857882352941175
2023-08-14,Tech,0.23266535353535356,0.18350296296296295
2023-08-15,Tech,0.2270332857142857,0.23266535353535356
2023-08-16,Tech,0.0783941414141414,0.2270332857142857
2023-08-17,Tech,0.1863143264143264,0.0783941414141414
2023-08-18,Tech,0.22248566666666666,0.1863143264143264
2023-08-21,Tech,0.12573460212201593,0.22248566666666666
2023-08-22,Tech,0.15385385714285715,0.12573460212201593
2023-08-23,Tech,0.28140725541125544,0.15385385714285715
2023-08-24,Tech,0.21343203657694962,0.28140725541125544
2023-08-25,Tech,0.12325832624113475,0.21343203657694962
2023-08-28,Tech,0.26913580326056924,0.12325832624113475
2023-08-29,Tech,0.23725709523809524,0.26913580326056924
2023-08-30,Tech,0.16360982259570495,0.23725709523809524
2023-08-31,Tech,0.1521534761904762,0.16360982259570495
2023-09-01,Tech,0.27742428571428573,0.1521534761904762
2023-09-05,Tech,0.3470599952380952,0.27742428571428573
2023-09-06,Tech,0.16679593333333334,0.3470599952380952
2023-09-07,Tech,0.171881125,0.16679593333333334
2023-09-08,Tech,0.09107369852369852,0.171881125
2023-09-11,Tech,0.2940417701863354,0.09107369852369852
2023-09-12,Tech,0.1663608,0.2940417701863354
2023-09-13,Tech,0.40347904761904757,0.1663608
2023-09-14,Tech,0.27785313888888885,0.40347904761904757
2023-09-15,Tech,0.12529649865591397,0.27785313888888885
2023-09-18,Tech,0.20571544917151813,0.12529649865591397
2023-09-19,Tech,0.10141979166666668,0.20571544917151813
2023-09-20,Tech,0.04137379365079364,0.10141979166666668
2023-09-21,Tech,0.187571375,0.04137379365079364
2023-09-22,Tech,0.09923492063492065,0.187571375
2023-09-25,Tech,0.1495418437118437,0.09923492063492065
2023-09-26,Tech,0.027496190476190445,0.1495418437118437
2023-09-27,Tech,0.13568639999999998,0.027496190476190445
2023-09-28,Tech,0.11671117948717949,0.13568639999999998
2023-09-29,Tech,0.08952435064935065,0.11671117948717949
2023-10-02,Tech,0.2464703786213786,0.08952435064935065
2023-10-03,Tech,0.32001495726495727,0.2464703786213786
2023-10-04,Tech,0.15101147692307695,0.32001495726495727
2023-10-05,Tech,0.2892126495726496,0.15101147692307695
2023-10-06,Tech,0.0778124175824176,0.2892126495726496
2023-10-09,Tech,0.17321975757575758,0.0778124175824176
2023-10-10,Tech,0.18743967032967032,0.17321975757575758
2023-10-11,Tech,0.2301127426647427,0.18743967032967032
2023-10-12,Tech,0.10415176666666667,0.2301127426647427
2023-10-13,Tech,0.18415378571428573,0.10415176666666667
2023-10-16,Tech,0.21911361904761906,0.18415378571428573
2023-10-17,Tech,0.1156032882071489,0.21911361904761906
2023-10-18,Tech,0.07973605843768634,0.1156032882071489
2023-10-19,Tech,0.2262447435897436,0.07973605843768634
2023-10-20,Tech,0.14886917874396138,0.2262447435897436
2023-10-23,Tech,0.1691555787037037,0.14886917874396138
2023-10-24,Tech,0.1851857042957043,0.1691555787037037
2023-10-25,Tech,0.20438347953216374,0.1851857042957043
2023-10-26,Tech,0.1601257142857143,0.20438347953216374
2023-10-27,Tech,0.20806158083296014,0.1601257142857143
2023-10-30,Tech,0.10350423776223776,0.20806158083296014
2023-10-31,Tech,0.20306850474383303,0.10350423776223776
2023-11-01,Tech,0.15305024844720497,0.20306850474383303
2023-11-02,Tech,0.2843060888888889,0.15305024844720497
2023-11-03,Tech,0.218867,0.2843060888888889
2023-11-06,Tech,0.2876663896103896,0.218867
2023-11-07,Tech,0.4485966666666667,0.2876663896103896
2023-11-08,Tech,0.08164478571428571,0.4485966666666667
2023-11-09,Tech,0.34910057142857137,0.08164478571428571
2023-11-10,Tech,0.31921614492753625,0.34910057142857137
2023-11-13,Tech,0.23486397883597884,0.31921614492753625
2023-11-14,Tech,0.3315581912225705,0.23486397883597884
2023-11-15,Tech,0.11619584415584414,0.3315581912225705
2023-11-16,Tech,0.11898035714285715,0.11619584415584414
2023-11-17,Tech,0.20243640000000002,0.11898035714285715
2023-11-20,Tech,0.2567969621749409,0.20243640000000002
2023-11-21,Tech,0.22339735380116962,0.2567969621749409
2023-11-22,Tech,0.1947177843137255,0.22339735380116962
2023-11-24,Tech,0.14063584175084173,0.1947177843137255
2023-11-27,Tech,0.23820238562091506,0.14063584175084173
2023-11-28,Tech,0.21700726190476188,0.23820238562091506
2023-11-29,Tech,0.27447488095238093,0.21700726190476188
2023-11-30,Tech,0.1562979523809524,0.27447488095238093
2023-12-01,Tech,0.13092486274509801,0.1562979523809524
2023-12-04,Tech,0.26205273109243693,0.13092486274509801
2023-12-05,Tech,0.16059769607843138,0.26205273109243693
2023-12-06,Tech,0.2242697777777778,0.16059769607843138
2023-12-07,Tech,0.17391019047619047,0.2242697777777778
2023-12-08,Tech,0.2475476114369502,0.17391019047619047
2023-12-11,Tech,0.16600619047619047,0.2475476114369502
2023-12-12,Tech,0.15995209523809523,0.16600619047619047
2023-12-13,Tech,0.21328950980392158,0.15995209523809523
2023-12-14,Tech,0.18133525,0.21328950980392158
2023-12-15,Tech,0.17264147474747474,0.18133525
2023-12-18,Tech,0.17558626700680274,0.17264147474747474
2023-12-19,Tech,0.034276666666666664,0.17558626700680274
2023-12-20,Tech,0.012684,0.034276666666666664
2023-12-21,Tech,0.0387125,0.012684
2023-12-22,Tech,0.0502,0.0387125
2023-12-26,Tech,0.072048,0.0502
2023-12-27,Tech,0.04704,0.072048
2023-12-28,Tech,0.024036,0.04704
2023-12-29,Tech,0.05134999999999999,0.024036
2020-01-02,Utilities,0.15434,
2020-01-03,Utilities,0.19628666666666666,0.15434
2020-01-06,Utilities,0.08129000000000002,0.19628666666666666
2020-01-07,Utilities,0.15434,0.08129000000000002
2020-01-08,Utilities,0.16784000000000002,0.15434
2020-01-09,Utilities,0.1486,0.16784000000000002
2020-01-10,Utilities,0.23019666666666666,0.1486
2020-01-13,Utilities,0.03827333333333333,0.23019666666666666
2020-01-14,Utilities,0.17563,0.03827333333333333
2020-01-15,Utilities,0.12501,0.17563
2020-01-16,Utilities,0.1339533333333333,0.12501
2020-01-17,Utilities,0.19057022222222225,0.1339533333333333
2020-01-21,Utilities,0.2535266666666667,0.19057022222222225
2020-01-22,Utilities,0.149885,0.2535266666666667
2020-01-23,Utilities,0.011859999999999999,0.149885
2020-01-24,Utilities,0.25476164705882354,0.011859999999999999
2020-01-27,Utilities,-0.021820952380952382,0.25476164705882354
2020-01-28,Utilities,0.14044600000000002,-0.021820952380952382
2020-01-29,Utilities,0.16288000000000002,0.14044600000000002
2020-01-30,Utilities,0.21925733333333333,0.16288000000000002
2020-01-31,Utilities,0.12922666666666666,0.21925733333333333
2020-02-03,Utilities,0.2523616666666667,0.12922666666666666
2020-02-04,Utilities,0.19551,0.2523616666666667
2020-02-05,Utilities,0.13662333333333335,0.19551
2020-02-06,Utilities,0.23434,0.13662333333333335
2020-02-07,Utilities,0.15337166666666666,0.23434
2020-02-10,Utilities,0.20213166666666668,0.15337166666666666
2020-02-11,Utilities,0.14495142857142856,0.20213166666666668
2020-02-12,Utilities,0.34453666666666666,0.14495142857142856
2020-02-13,Utilities,0.214968,0.34453666666666666
2020-02-14,Utilities,0.1958385,0.214968
2020-02-18,Utilities,0.23056527777777774,0.1958385
2020-02-19,Utilities,0.09125090909090909,0.23056527777777774
2020-02-20,Utilities,0.07021969230769232,0.09125090909090909
2020-02-21,Utilities,0.202544,0.07021969230769232
2020-02-24,Utilities,0.07085866666666667,0.202544
2020-02-25,Utilities,0.28208666666666665,0.07085866666666667
2020-02-26,Utilities,0.20356666666666662,0.28208666666666665
2020-02-27,Utilities,0.35159666666666667,0.20356666666666662
2020-02-28,Utilities,-0.22736000000000006,0.35159666666666667
2020-03-02,Utilities,0.2932133333333334,-0.22736000000000006
2020-03-03,Utilities,0.071365,0.2932133333333334
2020-03-04,Utilities,0.5105186666666667,0.071365
2020-03-05,Utilities,0.19025333333333333,0.5105186666666667
2020-03-06,Utilities,0.153265,0.19025333333333333
2020-03-09,Utilities,-0.1316483333333333,0.153265
2020-03-10,Utilities,0.25561,-0.1316483333333333
2020-03-11,Utilities,0.03367333333333333,0.25561
2020-03-12,Utilities,-0.016110095238095236,0.03367333333333333
2020-03-13,Utilities,0.25497000000000003,-0.016110095238095236
2020-03-16,Utilities,0.2402678095238095,0.25497000000000003
2020-03-17,Utilities,-0.030506666666666665,0.2402678095238095
2020-03-18,Utilities,0.24911,-0.030506666666666665
2020-03-19,Utilities,0.19881,0.24911
2020-03-20,Utilities,0.101485,0.19881
2020-03-23,Utilities,0.11665914285714285,0.101485
2020-03-24,Utilities,0.1847,0.11665914285714285
2020-03-25,Utilities,0.33460999999999996,0.1847
2020-03-26,Utilities,0.2798116666666667,0.33460999999999996
2020-03-27,Utilities,0.3063516666666667,0.2798116666666667
2020-03-30,Utilities,0.30630428571428575,0.3063516666666667
2020-03-31,Utilities,-0.14087500000000003,0.30630428571428575
2020-04-01,Utilities,-0.04101666666666665,-0.14087500000000003
2020-04-02,Utilities,0.12130999999999999,-0.04101666666666665
2020-04-03,Utilities,0.2184,0.12130999999999999
2020-04-06,Utilities,0.4114766666666666,0.2184
2020-04-07,Utilities,0.18243966666666667,0.4114766666666666
2020-04-08,Utilities,0.06064666666666667,0.18243966666666667
2020-04-09,Utilities,0.43173000000000006,0.06064666666666667
2020-04-13,Utilities,0.06887309523809523,0.43173000000000006
2020-04-14,Utilities,0.20234514285714286,0.06887309523809523
2020-04-15,Utilities,0.004591000000000009,0.20234514285714286
2020-04-16,Utilities,0.25710333333333335,0.004591000000000009
2020-04-17,Utilities,0.3157378571428572,0.25710333333333335
2020-04-20,Utilities,0.07706933333333332,0.3157378571428572
2020-04-21,Utilities,-0.07453,0.07706933333333332
2020-04-22,Utilities,0.028125256410256417,-0.07453
2020-04-23,Utilities,0.15880100000000003,0.028125256410256417
2020-04-24,Utilities,-0.026670000000000006,0.15880100000000003
2020-04-27,Utilities,0.23901222222222224,-0.026670000000000006
2020-04-28,Utilities,0.17675666666666667,0.23901222222222224
2020-04-29,Utilities,0.09144,0.17675666666666667
2020-04-30,Utilities,0.1203,0.09144
2020-05-01,Utilities,0.11176250000000001,0.1203
2020-05-04,Utilities,0.25151500000000004,0.11176250000000001
2020-05-05,Utilities,0.16646650000000002,0.25151500000000004
2020-05-06,Utilities,0.13508066666666668,0.16646650000000002
2020-05-07,Utilities,0.20473333333333335,0.13508066666666668
2020-05-08,Utilities,0.07707127272727272,0.20473333333333335
2020-05-11,Utilities,0.2023716666666667,0.07707127272727272
2020-05-12,Utilities,0.15719055555555556,0.2023716666666667
2020-05-13,Utilities,0.23119,0.15719055555555556
2020-05-14,Utilities,0.156695,0.23119
2020-05-15,Utilities,0.30547500000000005,0.156695
2020-05-18,Utilities,0.04844833333333335,0.30547500000000005
2020-05-19,Utilities,0.5635,0.04844833333333335
2020-05-20,Utilities,-0.10212000000000002,0.5635
2020-05-21,Utilities,0.34734933333333334,-0.10212000000000002
2020-05-22,Utilities,0.029864999999999996,0.34734933333333334
2020-05-26,Utilities,0.22288000000000002,0.029864999999999996
2020-05-27,Utilities,0.13377,0.22288000000000002
2020-05-28,Utilities,0.1964,0.13377
2020-05-29,Utilities,0.18510833333333335,0.1964
2020-06-01,Utilities,0.16931333333333334,0.18510833333333335
2020-06-02,Utilities,0.131285,0.16931333333333334
2020-06-03,Utilities,0.0,0.131285
2020-06-04,Utilities,0.043308,0.0
2020-06-05,Utilities,0.10482666666666667,0.043308
2020-06-08,Utilities,0.11438,0.10482666666666667
2020-06-09,Utilities,0.31623999999999997,0.11438
2020-06-10,Utilities,0.21314000000000002,0.31623999999999997
2020-06-11,Utilities,0.0,0.21314000000000002
2020-06-12,Utilities,0.15265,0.0
2020-06-15,Utilities,0.21602000000000002,0.15265
2020-06-16,Utilities,0.08196,0.21602000000000002
2020-06-17,Utilities,0.0,0.08196
2020-06-18,Utilities,0.10782,0.0
2020-06-19,Utilities,0.23406000000000002,0.10782
2020-06-22,Utilities,0.00532999999999999,0.23406000000000002
2020-06-23,Utilities,0.11438,0.00532999999999999
2020-06-24,Utilities,0.05464,0.11438
2020-06-25,Utilities,0.032940000000000004,0.05464
2020-06-26,Utilities,0.18854,0.032940000000000004
2020-06-29,Utilities,0.07636,0.18854
2020-06-30,Utilities,0.06124,0.07636
2020-07-01,Utilities,0.21481,0.06124
2020-07-02,Utilities,0.32296,0.21481
2020-07-06,Utilities,0.20072304347826084,0.32296
2020-07-07,Utilities,0.00040000000000000034,0.20072304347826084
2020-07-08,Utilities,-0.04246166666666666,0.00040000000000000034
2020-07-09,Utilities,0.10533999999999999,-0.04246166666666666
2020-07-10,Utilities,0.19329999999999997,0.10533999999999999
2020-07-13,Utilities,0.041653333333333334,0.19329999999999997
2020-07-14,Utilities,0.22876,0.041653333333333334
2020-07-15,Utilities,0.39543,0.22876
2020-07-16,Utilities,0.33792,0.39543
2020-07-17,Utilities,0.207,0.33792
2020-07-20,Utilities,0.03195666666666666,0.207
2020-07-21,Utilities,0.15653,0.03195666666666666
2020-07-22,Utilities,0.0,0.15653
2020-07-23,Utilities,0.06905000000000001,0.0
2020-07-24,Utilities,0.18163999999999997,0.06905000000000001
2020-07-27,Utilities,-0.064065,0.18163999999999997
2020-07-28,Utilities,0.04404,-0.064065
2020-07-29,Utilities,0.12298,0.04404
2020-07-30,Utilities,0.21044000000000002,0.12298
2020-07-31,Utilities,0.11187,0.21044000000000002
2020-08-03,Utilities,0.1932333333333333,0.11187
2020-08-04,Utilities,0.29548,0.1932333333333333
2020-08-05,Utilities,0.062360000000000006,0.29548
2020-08-06,Utilities,0.040025,0.062360000000000006
2020-08-07,Utilities,0.01544,0.040025
2020-08-10,Utilities,0.028753333333333353,0.01544
2020-08-11,Utilities,0.18658,0.028753333333333353
2020-08-12,Utilities,0.13879999999999998,0.18658
2020-08-13,Utilities,0.0,0.13879999999999998
2020-08-14,Utilities,0.31132,0.0
2020-08-17,Utilities,0.25804,0.31132
2020-08-18,Utilities,0.09152,0.25804
2020-08-19,Utilities,0.0,0.09152
2020-08-20,Utilities,0.18508,0.0
2020-08-21,Utilities,0.16932,0.18508
2020-08-24,Utilities,0.1196,0.16932
2020-08-25,Utilities,0.20134,0.1196
2020-08-26,Utilities,0.343244,0.20134
2020-08-27,Utilities,0.11148,0.343244
2020-08-28,Utilities,0.0,0.11148
2020-08-31,Utilities,0.29624666666666666,0.0
2020-09-01,Utilities,0.0,0.29624666666666666
2020-09-02,Utilities,0.3973,0.0
2020-09-03,Utilities,0.13553,0.3973
2020-09-04,Utilities,0.14192,0.13553
2020-09-08,Utilities,-0.13331428571428572,0.14192
2020-09-09,Utilities,0.1486,-0.13331428571428572
2020-09-10,Utilities,0.0,0.1486
2020-09-11,Utilities,0.11148,0.0
2020-09-14,Utilities,0.17780500000000002,0.11148
2020-09-15,Utilities,-0.000633333333333334,0.17780500000000002
2020-09-16,Utilities,0.047685,-0.000633333333333334
2020-09-17,Utilities,0.0,0.047685
2020-09-18,Utilities,0.0,0.0
2020-09-21,Utilities,0.11148,0.0
2020-09-22,Utilities,0.13194,0.11148
2020-09-23,Utilities,0.22908,0.13194
2020-09-24,Utilities,0.0,0.22908
2020-09-25,Utilities,0.0,0.0
2020-09-28,Utilities,0.17452,0.0
2020-09-29,Utilities,0.05464,0.17452
2020-09-30,Utilities,0.27227,0.05464
2020-10-01,Utilities,0.17616,0.27227
2020-10-02,Utilities,0.33690000000000003,0.17616
2020-10-05,Utilities,0.285885,0.33690000000000003
2020-10-06,Utilities,0.20806,0.285885
2020-10-07,Utilities,0.1366,0.20806
2020-10-08,Utilities,0.15272,0.1366
2020-10-09,Utilities,0.08092,0.15272
2020-10-12,Utilities,0.19068000000000002,0.08092
2020-10-13,Utilities,0.04637999999999999,0.19068000000000002
2020-10-14,Utilities,0.16392,0.04637999999999999
2020-10-15,Utilities,0.1486,0.16392
2020-10-16,Utilities,0.0,0.1486
2020-10-19,Utilities,0.11070500000000001,0.0
2020-10-20,Utilities,0.12226,0.11070500000000001
2020-10-21,Utilities,0.18916333333333332,0.12226
2020-10-22,Utilities,0.18792000000000003,0.18916333333333332
2020-10-23,Utilities,0.10575000000000001,0.18792000000000003
2020-10-26,Utilities,0.07932499999999998,0.10575000000000001
2020-10-27,Utilities,0.10782,0.07932499999999998
2020-10-28,Utilities,0.03088,0.10782
2020-10-29,Utilities,0.11667000000000001,0.03088
2020-10-30,Utilities,0.22519,0.11667000000000001
2020-11-02,Utilities,0.04891749999999999,0.22519
2020-11-03,Utilities,0.05719,0.04891749999999999
2020-11-04,Utilities,0.078835,0.05719
2020-11-05,Utilities,0.36818,0.078835
2020-11-06,Utilities,0.187,0.36818
2020-11-09,Utilities,0.08498,0.187
2020-11-10,Utilities,0.05464,0.08498
2020-11-11,Utilities,0.1355,0.05464
2020-11-12,Utilities,0.18313000000000001,0.1355
2020-11-13,Utilities,0.0,0.18313000000000001
2020-11-16,Utilities,-0.004743333333333333,0.0
2020-11-17,Utilities,0.0,-0.004743333333333333
2020-11-18,Utilities,0.12498000000000001,0.0
2020-11-19,Utilities,0.10028,0.12498000000000001
2020-11-20,Utilities,0.06541333333333334,0.10028
2020-11-23,Utilities,0.14633333333333334,0.06541333333333334
2020-11-24,Utilities,0.10212000000000002,0.14633333333333334
2020-11-25,Utilities,0.21875999999999998,0.10212000000000002
2020-11-27,Utilities,0.14192,0.21875999999999998
2020-11-30,Utilities,0.15329666666666666,0.14192
2020-12-01,Utilities,0.05464,0.15329666666666666
2020-12-02,Utilities,0.251945,0.05464
2020-12-03,Utilities,0.0,0.251945
2020-12-04,Utilities,0.29492,0.0
2020-12-07,Utilities,0.10846,0.29492
2020-12-08,Utilities,0.20324,0.10846
2020-12-09,Utilities,0.22949999999999998,0.20324
2020-12-10,Utilities,0.09278,0.22949999999999998
2020-12-11,Utilities,0.028099999999999997,0.09278
2020-12-14,Utilities,0.07998999999999999,0.028099999999999997
2020-12-15,Utilities,0.0,0.07998999999999999
2020-12-16,Utilities,0.01544,0.0
2020-12-17,Utilities,0.16616999999999998,0.01544
2020-12-18,Utilities,0.05464,0.16616999999999998
2020-12-21,Utilities,0.35297,0.05464
2020-12-22,Utilities,0.058589999999999996,0.35297
2020-12-23,Utilities,0.19074,0.058589999999999996
2020-12-24,Utilities,0.0,0.19074
2020-12-28,Utilities,0.36072,0.0
2020-12-29,Utilities,0.0,0.36072
2020-12-30,Utilities,0.0,0.0
2020-12-31,Utilities,0.1341,0.0
2021-01-04,Utilities,0.10507499999999999,0.1341
2021-01-05,Utilities,0.19962,0.10507499999999999
2021-01-06,Utilities,0.0,0.19962
2021-01-07,Utilities,0.05464,0.0
2021-01-08,Utilities,0.10117000000000001,0.05464
2021-01-11,Utilities,0.17634,0.10117000000000001
2021-01-12,Utilities,0.32016999999999995,0.17634
2021-01-13,Utilities,0.17880000000000001,0.32016999999999995
2021-01-14,Utilities,-0.07636,0.17880000000000001
2021-01-15,Utilities,0.08808,-0.07636
2021-01-19,Utilities,0.02732,0.08808
2021-01-20,Utilities,0.10341,0.02732
2021-01-21,Utilities,0.07636,0.10341
2021-01-22,Utilities,0.16454,0.07636
2021-01-25,Utilities,0.1520166666666667,0.16454
2021-01-26,Utilities,0.056142500000000005,0.1520166666666667
2021-01-27,Utilities,0.31386000000000003,0.056142500000000005
2021-01-28,Utilities,0.31540666666666667,0.31386000000000003
2021-01-29,Utilities,0.21391999999999997,0.31540666666666667
2021-02-01,Utilities,0.10162,0.21391999999999997
2021-02-02,Utilities,0.11438,0.10162
2021-02-03,Utilities,0.09159666666666667,0.11438
2021-02-04,Utilities,0.0847,0.09159666666666667
2021-02-05,Utilities,0.06764,0.0847
2021-02-08,Utilities,0.11713,0.06764
2021-02-09,Utilities,0.05464,0.11713
2021-02-10,Utilities,0.1861,0.05464
2021-02-11,Utilities,0.05619999999999999,0.1861
2021-02-12,Utilities,0.1123,0.05619999999999999
2021-02-16,Utilities,0.38767599999999997,0.1123
2021-02-17,Utilities,0.3033,0.38767599999999997
2021-02-18,Utilities,0.24495333333333336,0.3033
2021-02-19,Utilities,0.24744000000000002,0.24495333333333336
2021-02-22,Utilities,0.2834,0.24744000000000002
2021-02-23,Utilities,0.18406,0.2834
2021-02-24,Utilities,-0.016439999999999996,0.18406
2021-02-25,Utilities,0.01544,-0.016439999999999996
2021-02-26,Utilities,-0.06714,0.01544
2021-03-01,Utilities,-0.04637999999999999,-0.06714
2021-03-02,Utilities,-0.05671999999999998,-0.04637999999999999
2021-03-03,Utilities,0.04046,-0.05671999999999998
2021-03-04,Utilities,0.11126,0.04046
2021-03-05,Utilities,0.038939999999999995,0.11126
2021-03-08,Utilities,0.12110000000000001,0.038939999999999995
2021-03-09,Utilities,-0.03412,0.12110000000000001
2021-03-10,Utilities,0.14272,-0.03412
2021-03-11,Utilities,0.0,0.14272
2021-03-12,Utilities,0.22460000000000005,0.0
2021-03-15,Utilities,0.14944,0.22460000000000005
2021-03-16,Utilities,0.11835333333333334,0.14944
2021-03-17,Utilities,0.0,0.11835333333333334
2021-03-18,Utilities,0.14436,0.0
2021-03-19,Utilities,0.0,0.14436
2021-03-22,Utilities,0.0,0.0
2021-03-23,Utilities,0.05719,0.0
2021-03-24,Utilities,0.0,0.05719
2021-03-25,Utilities,0.23901333333333336,0.0
2021-03-26,Utilities,0.059199999999999996,0.23901333333333336
2021-03-29,Utilities,0.254845,0.059199999999999996
2021-03-30,Utilities,0.06364,0.254845
2021-03-31,Utilities,0.05464,0.06364
2021-04-01,Utilities,0.06774666666666666,0.05464
2021-04-05,Utilities,0.12506666666666666,0.06774666666666666
2021-04-06,Utilities,0.07636,0.12506666666666666
2021-04-07,Utilities,0.05464,0.07636
2021-04-08,Utilities,0.23976000000000003,0.05464
2021-04-09,Utilities,0.05464,0.23976000000000003
2021-04-12,Utilities,0.38654,0.05464
2021-04-13,Utilities,0.052213333333333334,0.38654
2021-04-14,Utilities,0.37895,0.052213333333333334
2021-04-15,Utilities,0.07200999999999999,0.37895
2021-04-16,Utilities,0.0,0.07200999999999999
2021-04-19,Utilities,0.047752,0.0
2021-04-20,Utilities,0.21200000000000002,0.047752
2021-04-21,Utilities,0.16493714285714287,0.21200000000000002
2021-04-22,Utilities,0.18591000000000002,0.16493714285714287
2021-04-23,Utilities,0.05464,0.18591000000000002
2021-04-26,Utilities,0.15765,0.05464
2021-04-27,Utilities,0.11706000000000003,0.15765
2021-04-28,Utilities,0.17009000000000002,0.11706000000000003
2021-04-29,Utilities,0.06597,0.17009000000000002
2021-04-30,Utilities,0.231135,0.06597
2021-05-03,Utilities,0.14498,0.231135
2021-05-04,Utilities,0.26417999999999997,0.14498
2021-05-05,Utilities,0.057600000000000005,0.26417999999999997
2021-05-06,Utilities,0.0,0.057600000000000005
2021-05-07,Utilities,0.15768,0.0
2021-05-10,Utilities,0.3590942857142857,0.15768
2021-05-11,Utilities,0.0,0.3590942857142857
2021-05-12,Utilities,0.27146,0.0
2021-05-13,Utilities,0.12498000000000001,0.27146
2021-05-14,Utilities,0.09534000000000001,0.12498000000000001
2021-05-17,Utilities,0.05464,0.09534000000000001
2021-05-18,Utilities,0.07636,0.05464
2021-05-19,Utilities,0.13816,0.07636
2021-05-20,Utilities,0.23391,0.13816
2021-05-21,Utilities,0.2279,0.23391
2021-05-24,Utilities,0.15954000000000002,0.2279
2021-05-25,Utilities,0.05464,0.15954000000000002
2021-05-26,Utilities,0.0743,0.05464
2021-05-27,Utilities,0.16541999999999998,0.0743
2021-05-28,Utilities,0.05464,0.16541999999999998
2021-06-01,Utilities,0.15461,0.05464
2021-06-02,Utilities,0.29341999999999996,0.15461
2021-06-03,Utilities,0.0,0.29341999999999996
2021-06-04,Utilities,0.14018999999999998,0.0
2021-06-07,Utilities,0.0,0.14018999999999998
2021-06-08,Utilities,0.12498000000000001,0.0
2021-06-09,Utilities,0.11438,0.12498000000000001
2021-06-10,Utilities,0.0,0.11438
2021-06-11,Utilities,0.0,0.0
2021-06-14,Utilities,0.15336,0.0
2021-06-15,Utilities,0.12498000000000001,0.15336
2021-06-16,Utilities,0.0,0.12498000000000001
2021-06-17,Utilities,0.08038,0.0
2021-06-18,Utilities,0.0,0.08038
2021-06-21,Utilities,0.07150500000000001,0.0
2021-06-22,Utilities,0.0,0.07150500000000001
2021-06-23,Utilities,-0.05519,0.0
2021-06-24,Utilities,0.21954,-0.05519
2021-06-25,Utilities,0.14192,0.21954
2021-06-28,Utilities,0.28651,0.14192
2021-06-29,Utilities,0.1775,0.28651
2021-06-30,Utilities,0.08074,0.1775
2021-07-01,Utilities,0.02732,0.08074
2021-07-02,Utilities,0.11438,0.02732
2021-07-06,Utilities,0.08856,0.11438
2021-07-07,Utilities,0.05,0.08856
2021-07-08,Utilities,0.13626999999999997,0.05
2021-07-09,Utilities,0.02732,0.13626999999999997
2021-07-12,Utilities,0.12561333333333333,0.02732
2021-07-13,Utilities,0.06878000000000001,0.12561333333333333
2021-07-14,Utilities,0.068,0.06878000000000001
2021-07-15,Utilities,-0.06364,0.068
2021-07-16,Utilities,0.19391,-0.06364
2021-07-19,Utilities,0.0341,0.19391
2021-07-20,Utilities,0.12688000000000002,0.0341
2021-07-21,Utilities,-0.03442,0.12688000000000002
2021-07-22,Utilities,0.07539,-0.03442
2021-07-23,Utilities,0.2178466666666667,0.07539
2021-07-26,Utilities,0.4188033333333333,0.2178466666666667
2021-07-27,Utilities,0.0,0.4188033333333333
2021-07-28,Utilities,0.01544,0.0
2021-07-29,Utilities,0.21375000000000002,0.01544
2021-07-30,Utilities,0.08768000000000001,0.21375000000000002
2021-08-02,Utilities,-0.042920000000000014,0.08768000000000001
2021-08-03,Utilities,0.07224,-0.042920000000000014
2021-08-04,Utilities,0.06346,0.07224
2021-08-05,Utilities,0.32303333333333334,0.06346
2021-08-06,Utilities,0.079605,0.32303333333333334
2021-08-09,Utilities,0.16801,0.079605
2021-08-10,Utilities,0.14616,0.16801
2021-08-11,Utilities,0.02732,0.14616
2021-08-12,Utilities,0.02411,0.02732
2021-08-13,Utilities,0.14579999999999999,0.02411
2021-08-16,Utilities,0.2541566666666667,0.14579999999999999
2021-08-17,Utilities,0.05,0.2541566666666667
2021-08-18,Utilities,0.0,0.05
2021-08-19,Utilities,0.0,0.0
2021-08-20,Utilities,0.28542,0.0
2021-08-23,Utilities,-0.04614666666666667,0.28542
2021-08-24,Utilities,0.059853333333333335,-0.04614666666666667
2021-08-25,Utilities,0.00464,0.059853333333333335
2021-08-26,Utilities,0.0,0.00464
2021-08-27,Utilities,0.0,0.0
2021-08-30,Utilities,0.22732000000000002,0.0
2021-08-31,Utilities,-0.08424,0.22732000000000002
2021-09-01,Utilities,0.10398,-0.08424
2021-09-02,Utilities,0.11827999999999998,0.10398
2021-09-03,Utilities,0.0,0.11827999999999998
2021-09-07,Utilities,0.14462333333333333,0.0
2021-09-08,Utilities,0.0,0.14462333333333333
2021-09-09,Utilities,0.0,0.0
2021-09-10,Utilities,0.15230000000000002,0.0
2021-09-13,Utilities,0.11816666666666667,0.15230000000000002
2021-09-14,Utilities,0.05574,0.11816666666666667
2021-09-15,Utilities,0.43908,0.05574
2021-09-16,Utilities,0.12266000000000002,0.43908
2021-09-17,Utilities,-0.06364,0.12266000000000002
2021-09-20,Utilities,0.10401,-0.06364
2021-09-21,Utilities,0.08481,0.10401
2021-09-22,Utilities,0.14956999999999998,0.08481
2021-09-23,Utilities,0.13747,0.14956999999999998
2021-09-24,Utilities,0.0,0.13747
2021-09-27,Utilities,0.28730999999999995,0.0
2021-09-28,Utilities,0.018109999999999998,0.28730999999999995
2021-09-29,Utilities,0.04404,0.018109999999999998
2021-09-30,Utilities,-0.08214999999999999,0.04404
2021-10-01,Utilities,0.0,-0.08214999999999999
2021-10-04,Utilities,-0.018786666666666663,0.0
2021-10-05,Utilities,-0.032725000000000004,-0.018786666666666663
2021-10-06,Utilities,0.0,-0.032725000000000004
2021-10-07,Utilities,0.14006000000000002,0.0
2021-10-08,Utilities,0.0,0.14006000000000002
2021-10-11,Utilities,0.1703,0.0
2021-10-12,Utilities,0.0,0.1703
2021-10-13,Utilities,-0.05075999999999999,0.0
2021-10-14,Utilities,-0.008579999999999999,-0.05075999999999999
2021-10-15,Utilities,0.24838,-0.008579999999999999
2021-10-18,Utilities,0.10550000000000001,0.24838
2021-10-19,Utilities,0.1238,0.10550000000000001
2021-10-20,Utilities,0.20867200000000002,0.1238
2021-10-21,Utilities,0.0,0.20867200000000002
2021-10-22,Utilities,0.08120000000000001,0.0
2021-10-25,Utilities,0.15300666666666668,0.08120000000000001
2021-10-26,Utilities,-0.02966,0.15300666666666668
2021-10-27,Utilities,0.04404,-0.02966
2021-10-28,Utilities,-0.07002,0.04404
2021-10-29,Utilities,0.12248,-0.07002
2021-11-01,Utilities,0.17616,0.12248
2021-11-02,Utilities,0.0,0.17616
2021-11-03,Utilities,0.04175000000000001,0.0
2021-11-04,Utilities,0.180825,0.04175000000000001
2021-11-05,Utilities,0.12372000000000001,0.180825
2021-11-08,Utilities,0.06132,0.12372000000000001
2021-11-09,Utilities,-0.0126,0.06132
2021-11-10,Utilities,0.0,-0.0126
2021-11-11,Utilities,0.0,0.0
2021-11-12,Utilities,0.0843,0.0
2021-11-15,Utilities,0.34392999999999996,0.0843
2021-11-16,Utilities,0.04526,0.34392999999999996
2021-11-17,Utilities,0.15434,0.04526
2021-11-18,Utilities,0.059199999999999996,0.15434
2021-11-19,Utilities,0.11717999999999999,0.059199999999999996
2021-11-22,Utilities,0.17191666666666666,0.11717999999999999
2021-11-23,Utilities,0.0,0.17191666666666666
2021-11-24,Utilities,0.068,0.0
2021-11-26,Utilities,0.0,0.068
2021-11-29,Utilities,0.045625,0.0
2021-11-30,Utilities,0.11488000000000001,0.045625
2021-12-01,Utilities,0.02732,0.11488000000000001
2021-12-02,Utilities,0.02054,0.02732
2021-12-03,Utilities,0.16612,0.02054
2021-12-06,Utilities,0.31107999999999997,0.16612
2021-12-07,Utilities,0.17989000000000002,0.31107999999999997
2021-12-08,Utilities,-0.07224,0.17989000000000002
2021-12-09,Utilities,0.0,-0.07224
2021-12-10,Utilities,0.059199999999999996,0.0
2021-12-13,Utilities,0.16740666666666665,0.059199999999999996
2021-12-14,Utilities,0.1089,0.16740666666666665
2021-12-15,Utilities,0.05464,0.1089
2021-12-16,Utilities,0.01544,0.05464
2021-12-17,Utilities,0.068,0.01544
2021-12-20,Utilities,0.18813,0.068
2021-12-21,Utilities,0.2414,0.18813
2021-12-22,Utilities,0.07636,0.2414
2021-12-23,Utilities,0.09152,0.07636
2021-12-27,Utilities,-0.02023,0.09152
2021-12-28,Utilities,0.0033400000000000096,-0.02023
2021-12-29,Utilities,0.11313000000000002,0.0033400000000000096
2021-12-30,Utilities,0.1963,0.11313000000000002
2021-12-31,Utilities,0.131,0.1963
2022-01-03,Utilities,0.09412000000000001,0.131
2022-01-04,Utilities,0.2264,0.09412000000000001
2022-01-05,Utilities,0.08158000000000001,0.2264
2022-01-06,Utilities,0.059199999999999996,0.08158000000000001
2022-01-07,Utilities,0.08928,0.059199999999999996
2022-01-10,Utilities,0.33099,0.08928
2022-01-11,Utilities,0.059199999999999996,0.33099
2022-01-12,Utilities,0.0,0.059199999999999996
2022-01-13,Utilities,0.15829,0.0
2022-01-14,Utilities,0.13261,0.15829
2022-01-18,Utilities,0.42301333333333335,0.13261
2022-01-19,Utilities,0.23961666666666667,0.42301333333333335
2022-01-20,Utilities,0.35563,0.23961666666666667
2022-01-21,Utilities,0.24174333333333337,0.35563
2022-01-24,Utilities,0.13407,0.24174333333333337
2022-01-25,Utilities,0.2599166666666667,0.13407
2022-01-26,Utilities,0.20448,0.2599166666666667
2022-01-27,Utilities,0.42357666666666666,0.20448
2022-01-28,Utilities,0.24048666666666668,0.42357666666666666
2022-01-31,Utilities,0.2144,0.24048666666666668
2022-02-01,Utilities,0.3554233333333333,0.2144
2022-02-02,Utilities,0.15202,0.3554233333333333
2022-02-03,Utilities,0.31748,0.15202
2022-02-04,Utilities,0.35331666666666667,0.31748
2022-02-07,Utilities,0.14993333333333334,0.35331666666666667
2022-02-08,Utilities,0.19848,0.14993333333333334
2022-02-09,Utilities,0.23398000000000002,0.19848
2022-02-10,Utilities,0.230706,0.23398000000000002
2022-02-11,Utilities,0.15034,0.230706
2022-02-14,Utilities,0.33710999999999997,0.15034
2022-02-15,Utilities,0.35068,0.33710999999999997
2022-02-16,Utilities,0.17849333333333334,0.35068
2022-02-17,Utilities,0.1780516666666667,0.17849333333333334
2022-02-18,Utilities,0.077595,0.1780516666666667
2022-02-22,Utilities,0.10440733333333332,0.077595
2022-02-23,Utilities,0.09251333333333334,0.10440733333333332
2022-02-24,Utilities,0.028713333333333334,0.09251333333333334
2022-02-25,Utilities,0.07224,0.028713333333333334
2022-02-28,Utilities,0.16931333333333334,0.07224
2022-03-01,Utilities,0.28402333333333335,0.16931333333333334
2022-03-02,Utilities,0.0,0.28402333333333335
2022-03-03,Utilities,0.059199999999999996,0.0
2022-03-04,Utilities,0.14701,0.059199999999999996
2022-03-07,Utilities,0.15858,0.14701
2022-03-08,Utilities,0.023079999999999996,0.15858
2022-03-09,Utilities,0.04755,0.023079999999999996
2022-03-10,Utilities,0.062360000000000006,0.04755
2022-03-11,Utilities,0.11148,0.062360000000000006
2022-03-14,Utilities,0.061453333333333325,0.11148
2022-03-15,Utilities,0.0951,0.061453333333333325
2022-03-16,Utilities,0.12000000000000002,0.0951
2022-03-17,Utilities,0.03066,0.12000000000000002
2022-03-18,Utilities,0.08038,0.03066
2022-03-21,Utilities,0.2310833333333333,0.08038
2022-03-22,Utilities,0.21862999999999996,0.2310833333333333
2022-03-23,Utilities,0.05464,0.21862999999999996
2022-03-24,Utilities,0.10928,0.05464
2022-03-25,Utilities,0.03749,0.10928
2022-03-28,Utilities,0.30094,0.03749
2022-03-29,Utilities,0.026860000000000002,0.30094
2022-03-30,Utilities,0.3404,0.026860000000000002
2022-03-31,Utilities,0.27389,0.3404
2022-04-01,Utilities,0.09861333333333334,0.27389
2022-04-04,Utilities,0.10533999999999999,0.09861333333333334
2022-04-05,Utilities,0.10846,0.10533999999999999
2022-04-06,Utilities,0.23135,0.10846
2022-04-07,Utilities,0.09579333333333333,0.23135
2022-04-08,Utilities,0.0,0.09579333333333333
2022-04-11,Utilities,0.15318,0.0
2022-04-12,Utilities,0.35287999999999997,0.15318
2022-04-13,Utilities,0.13194,0.35287999999999997
2022-04-14,Utilities,0.15806,0.13194
2022-04-18,Utilities,0.10976,0.15806
2022-04-19,Utilities,0.22904,0.10976
2022-04-20,Utilities,-0.0392,0.22904
2022-04-21,Utilities,0.25341,-0.0392
2022-04-22,Utilities,0.20039599999999996,0.25341
2022-04-25,Utilities,0.3619866666666667,0.20039599999999996
2022-04-26,Utilities,0.36479999999999996,0.3619866666666667
2022-04-27,Utilities,0.06675333333333333,0.36479999999999996
2022-04-28,Utilities,0.34629666666666664,0.06675333333333333
2022-04-29,Utilities,0.2125,0.34629666666666664
2022-05-02,Utilities,0.18146299999999999,0.2125
2022-05-03,Utilities,0.4327566666666667,0.18146299999999999
2022-05-04,Utilities,0.22541333333333333,0.4327566666666667
2022-05-05,Utilities,0.27923,0.22541333333333333
2022-05-06,Utilities,0.08900966666666668,0.27923
2022-05-09,Utilities,0.21462333333333333,0.08900966666666668
2022-05-10,Utilities,0.0,0.21462333333333333
2022-05-11,Utilities,0.059199999999999996,0.0
2022-05-12,Utilities,0.096225,0.059199999999999996
2022-05-13,Utilities,0.18054,0.096225
2022-05-16,Utilities,0.16902,0.18054
2022-05-17,Utilities,0.26898,0.16902
2022-05-18,Utilities,0.0,0.26898
2022-05-19,Utilities,0.13648,0.0
2022-05-20,Utilities,0.039828333333333334,0.13648
2022-05-23,Utilities,0.23145,0.039828333333333334
2022-05-24,Utilities,0.106285,0.23145
2022-05-25,Utilities,0.024980000000000002,0.106285
2022-05-26,Utilities,0.13266,0.024980000000000002
2022-05-27,Utilities,0.12498000000000001,0.13266
2022-05-31,Utilities,0.3237383333333333,0.12498000000000001
2022-06-01,Utilities,0.34697,0.3237383333333333
2022-06-02,Utilities,0.15402,0.34697
2022-06-03,Utilities,0.11659000000000001,0.15402
2022-06-06,Utilities,0.10962000000000001,0.11659000000000001
2022-06-07,Utilities,0.14994999999999997,0.10962000000000001
2022-06-08,Utilities,0.19480000000000003,0.14994999999999997
2022-06-09,Utilities,0.10564,0.19480000000000003
2022-06-10,Utilities,0.23681666666666668,0.10564
2022-06-13,Utilities,0.128585,0.23681666666666668
2022-06-14,Utilities,0.10939999999999998,0.128585
2022-06-15,Utilities,0.0,0.10939999999999998
2022-06-16,Utilities,0.05796,0.0
2022-06-17,Utilities,0.1525,0.05796
2022-06-21,Utilities,0.12957999999999997,0.1525
2022-06-22,Utilities,0.45913000000000004,0.12957999999999997
2022-06-23,Utilities,0.23083,0.45913000000000004
2022-06-24,Utilities,0.06364,0.23083
2022-06-27,Utilities,0.07794000000000001,0.06364
2022-06-28,Utilities,0.23811,0.07794000000000001
2022-06-29,Utilities,0.23959999999999998,0.23811
2022-06-30,Utilities,0.14246,0.23959999999999998
2022-07-01,Utilities,-0.02881999999999999,0.14246
2022-07-05,Utilities,0.19197,-0.02881999999999999
2022-07-06,Utilities,0.24192,0.19197
2022-07-07,Utilities,0.28981,0.24192
2022-07-08,Utilities,0.13102666666666668,0.28981
2022-07-11,Utilities,0.1512,0.13102666666666668
2022-07-12,Utilities,0.0,0.1512
2022-07-13,Utilities,0.08038000000000001,0.0
2022-07-14,Utilities,0.10151000000000002,0.08038000000000001
2022-07-15,Utilities,0.192836,0.10151000000000002
2022-07-18,Utilities,0.2526506666666667,0.192836
2022-07-19,Utilities,0.28050333333333327,0.2526506666666667
2022-07-20,Utilities,0.16333,0.28050333333333327
2022-07-21,Utilities,0.11436000000000002,0.16333
2022-07-22,Utilities,0.39285500000000007,0.11436000000000002
2022-07-25,Utilities,0.16470999999999997,0.39285500000000007
2022-07-26,Utilities,0.278222,0.16470999999999997
2022-07-27,Utilities,0.387365,0.278222
2022-07-28,Utilities,0.3477871428571429,0.387365
2022-07-29,Utilities,0.3958566666666667,0.3477871428571429
2022-08-01,Utilities,0.13937666666666668,0.3958566666666667
2022-08-02,Utilities,0.09519,0.13937666666666668
2022-08-03,Utilities,0.28563900000000003,0.09519
2022-08-04,Utilities,0.4332661904761904,0.28563900000000003
2022-08-05,Utilities,0.29134000000000004,0.4332661904761904
2022-08-08,Utilities,0.311979,0.29134000000000004
2022-08-09,Utilities,0.13117800000000002,0.311979
2022-08-10,Utilities,0.31310666666666664,0.13117800000000002
2022-08-11,Utilities,0.01839333333333333,0.31310666666666664
2022-08-12,Utilities,0.13613,0.01839333333333333
2022-08-15,Utilities,0.18015,0.13613
2022-08-16,Utilities,0.10225500000000001,0.18015
2022-08-17,Utilities,0.2988,0.10225500000000001
2022-08-18,Utilities,0.22579000000000002,0.2988
2022-08-19,Utilities,0.07726666666666668,0.22579000000000002
2022-08-22,Utilities,0.2433533333333333,0.07726666666666668
2022-08-23,Utilities,0.04542999999999999,0.2433533333333333
2022-08-24,Utilities,0.15559,0.04542999999999999
2022-08-25,Utilities,0.09844800000000001,0.15559
2022-08-26,Utilities,0.08196,0.09844800000000001
2022-08-29,Utilities,0.28388,0.08196
2022-08-30,Utilities,0.05508499999999998,0.28388
2022-08-31,Utilities,0.13264,0.05508499999999998
2022-09-01,Utilities,0.11444000000000001,0.13264
2022-09-02,Utilities,0.13034666666666667,0.11444000000000001
2022-09-06,Utilities,0.24803499999999995,0.13034666666666667
2022-09-07,Utilities,0.1791566666666667,0.24803499999999995
2022-09-08,Utilities,0.18131666666666668,0.1791566666666667
2022-09-09,Utilities,0.24855,0.18131666666666668
2022-09-12,Utilities,0.20472833333333335,0.24855
2022-09-13,Utilities,0.00516,0.20472833333333335
2022-09-14,Utilities,0.28979,0.00516
2022-09-15,Utilities,0.28799416666666666,0.28979
2022-09-16,Utilities,0.42500333333333334,0.28799416666666666
2022-09-19,Utilities,0.225108,0.42500333333333334
2022-09-20,Utilities,0.09239,0.225108
2022-09-21,Utilities,0.23052,0.09239
2022-09-22,Utilities,0.11502166666666666,0.23052
2022-09-23,Utilities,0.11891,0.11502166666666666
2022-09-26,Utilities,0.5822240000000001,0.11891
2022-09-27,Utilities,0.15523333333333333,0.5822240000000001
2022-09-28,Utilities,-0.06093666666666666,0.15523333333333333
2022-09-29,Utilities,0.12498000000000001,-0.06093666666666666
2022-09-30,Utilities,0.018213333333333335,0.12498000000000001
2022-10-03,Utilities,0.10189999999999999,0.018213333333333335
2022-10-04,Utilities,0.08204,0.10189999999999999
2022-10-05,Utilities,0.24003333333333332,0.08204
2022-10-06,Utilities,0.05715,0.24003333333333332
2022-10-07,Utilities,0.4175566666666667,0.05715
2022-10-10,Utilities,0.19038,0.4175566666666667
2022-10-11,Utilities,0.15608,0.19038
2022-10-12,Utilities,0.01366,0.15608
2022-10-13,Utilities,0.05464,0.01366
2022-10-14,Utilities,0.24013999999999996,0.05464
2022-10-17,Utilities,-0.09354,0.24013999999999996
2022-10-18,Utilities,0.27993999999999997,-0.09354
2022-10-19,Utilities,0.09259333333333333,0.27993999999999997
2022-10-20,Utilities,0.16984666666666667,0.09259333333333333
2022-10-21,Utilities,0.25029500000000005,0.16984666666666667
2022-10-24,Utilities,0.25032,0.25029500000000005
2022-10-25,Utilities,0.23314,0.25032
2022-10-26,Utilities,0.19578666666666666,0.23314
2022-10-27,Utilities,-0.059216000000000005,0.19578666666666666
2022-10-28,Utilities,0.12376666666666669,-0.059216000000000005
2022-10-31,Utilities,0.47608666666666666,0.12376666666666669
2022-11-01,Utilities,0.2778,0.47608666666666666
2022-11-02,Utilities,0.31789000000000006,0.2778
2022-11-03,Utilities,0.2871716666666667,0.31789000000000006
2022-11-04,Utilities,0.359752,0.2871716666666667
2022-11-07,Utilities,-0.05495666666666667,0.359752
2022-11-08,Utilities,0.11383999999999998,-0.05495666666666667
2022-11-09,Utilities,0.20662000000000003,0.11383999999999998
2022-11-10,Utilities,0.20555000000000004,0.20662000000000003
2022-11-11,Utilities,0.18835000000000002,0.20555000000000004
2022-11-14,Utilities,0.08050500000000001,0.18835000000000002
2022-11-15,Utilities,0.0551,0.08050500000000001
2022-11-16,Utilities,0.17726999999999998,0.0551
2022-11-17,Utilities,0.0,0.17726999999999998
2022-11-18,Utilities,0.074505,0.0
2022-11-21,Utilities,0.20311500000000002,0.074505
2022-11-22,Utilities,0.03612,0.20311500000000002
2022-11-23,Utilities,0.26399999999999996,0.03612
2022-11-25,Utilities,0.21757999999999997,0.26399999999999996
2022-11-28,Utilities,0.09534000000000001,0.21757999999999997
2022-11-29,Utilities,0.1702,0.09534000000000001
2022-11-30,Utilities,0.14316,0.1702
2022-12-01,Utilities,0.21270000000000003,0.14316
2022-12-02,Utilities,0.22505999999999998,0.21270000000000003
2022-12-05,Utilities,0.19519999999999998,0.22505999999999998
2022-12-06,Utilities,0.06317999999999999,0.19519999999999998
2022-12-07,Utilities,0.21692,0.06317999999999999
2022-12-08,Utilities,-0.04526,0.21692
2022-12-09,Utilities,0.07700666666666667,-0.04526
2022-12-12,Utilities,0.29481999999999997,0.07700666666666667
2022-12-13,Utilities,0.14562499999999998,0.29481999999999997
2022-12-14,Utilities,0.0,0.14562499999999998
2022-12-15,Utilities,0.3445,0.0
2022-12-16,Utilities,0.15345999999999999,0.3445
2022-12-19,Utilities,0.1895166666666667,0.15345999999999999
2022-12-20,Utilities,0.34900666666666663,0.1895166666666667
2022-12-21,Utilities,0.22502,0.34900666666666663
2022-12-22,Utilities,0.0,0.22502
2022-12-23,Utilities,0.22949999999999998,0.0
2022-12-27,Utilities,0.14258666666666667,0.22949999999999998
2022-12-28,Utilities,0.08196,0.14258666666666667
2022-12-29,Utilities,0.05539999999999999,0.08196
2022-12-30,Utilities,0.2426,0.05539999999999999
2023-01-03,Utilities,0.10846,0.2426
2023-01-04,Utilities,0.21495999999999998,0.10846
2023-01-05,Utilities,0.16031333333333334,0.21495999999999998
2023-01-06,Utilities,0.009000000000000003,0.16031333333333334
2023-01-09,Utilities,0.15184999999999998,0.009000000000000003
2023-01-10,Utilities,-0.025,0.15184999999999998
2023-01-11,Utilities,0.11190000000000003,-0.025
2023-01-12,Utilities,0.13546666666666668,0.11190000000000003
2023-01-13,Utilities,0.20666,0.13546666666666668
2023-01-17,Utilities,0.17660499999999998,0.20666
2023-01-18,Utilities,0.2563,0.17660499999999998
2023-01-19,Utilities,0.16392,0.2563
2023-01-20,Utilities,0.09038333333333333,0.16392
2023-01-23,Utilities,0.2896033333333333,0.09038333333333333
2023-01-24,Utilities,0.25849,0.2896033333333333
2023-01-25,Utilities,0.355904,0.25849
2023-01-26,Utilities,0.22873333333333337,0.355904
2023-01-27,Utilities,0.2757266666666666,0.22873333333333337
2023-01-30,Utilities,0.13465,0.2757266666666666
2023-01-31,Utilities,0.22826333333333335,0.13465
2023-02-01,Utilities,-0.016599999999999993,0.22826333333333335
2023-02-02,Utilities,0.3116333333333333,-0.016599999999999993
2023-02-03,Utilities,0.33205999999999997,0.3116333333333333
2023-02-06,Utilities,0.18399000000000001,0.33205999999999997
2023-02-07,Utilities,0.20860333333333334,0.18399000000000001
2023-02-08,Utilities,0.19882060606060606,0.20860333333333334
2023-02-09,Utilities,0.2513675,0.19882060606060606
2023-02-10,Utilities,0.09237,0.2513675
2023-02-13,Utilities,0.20597500000000002,0.09237
2023-02-14,Utilities,0.305228,0.20597500000000002
2023-02-15,Utilities,0.25517,0.305228
2023-02-16,Utilities,0.2901441666666667,0.25517
2023-02-17,Utilities,0.22898666666666667,0.2901441666666667
2023-02-21,Utilities,0.19164666666666666,0.22898666666666667
2023-02-22,Utilities,0.14354333333333333,0.19164666666666666
2023-02-23,Utilities,0.28868133333333335,0.14354333333333333
2023-02-24,Utilities,0.20067399999999996,0.28868133333333335
2023-02-27,Utilities,0.30935100000000004,0.20067399999999996
2023-02-28,Utilities,0.22268,0.30935100000000004
2023-03-01,Utilities,0.22881999999999997,0.22268
2023-03-02,Utilities,0.05464,0.22881999999999997
2023-03-03,Utilities,0.02078000000000001,0.05464
2023-03-06,Utilities,0.19342666666666666,0.02078000000000001
2023-03-07,Utilities,0.09688333333333335,0.19342666666666666
2023-03-08,Utilities,0.146895,0.09688333333333335
2023-03-09,Utilities,0.05994000000000001,0.146895
2023-03-10,Utilities,0.31460999999999995,0.05994000000000001
2023-03-13,Utilities,0.18527500000000002,0.31460999999999995
2023-03-14,Utilities,-0.002426666666666666,0.18527500000000002
2023-03-15,Utilities,0.25117,-0.002426666666666666
2023-03-16,Utilities,0.14590000000000003,0.25117
2023-03-17,Utilities,0.2289816666666667,0.14590000000000003
2023-03-20,Utilities,0.13009333333333334,0.2289816666666667
2023-03-21,Utilities,0.12075,0.13009333333333334
2023-03-22,Utilities,0.03642666666666667,0.12075
2023-03-23,Utilities,0.08886000000000001,0.03642666666666667
2023-03-24,Utilities,0.14538,0.08886000000000001
2023-03-27,Utilities,0.349295,0.14538
2023-03-28,Utilities,0.327355,0.349295
2023-03-29,Utilities,0.0917366666666667,0.327355
2023-03-30,Utilities,0.27153,0.0917366666666667
2023-03-31,Utilities,0.08556666666666667,0.27153
2023-04-03,Utilities,0.144725,0.08556666666666667
2023-04-04,Utilities,0.1689766666666667,0.144725
2023-04-05,Utilities,0.09038333333333333,0.1689766666666667
2023-04-06,Utilities,0.42851999999999996,0.09038333333333333
2023-04-10,Utilities,0.231352,0.42851999999999996
2023-04-11,Utilities,0.16030000000000003,0.231352
2023-04-12,Utilities,0.1857066666666667,0.16030000000000003
2023-04-13,Utilities,0.15689799999999998,0.1857066666666667
2023-04-14,Utilities,0.20983000000000002,0.15689799999999998
2023-04-17,Utilities,0.198155,0.20983000000000002
2023-04-18,Utilities,0.2733106666666667,0.198155
2023-04-19,Utilities,0.3806,0.2733106666666667
2023-04-20,Utilities,0.13998000000000002,0.3806
2023-04-21,Utilities,0.03450666666666667,0.13998000000000002
2023-04-24,Utilities,0.08914307692307692,0.03450666666666667
2023-04-25,Utilities,0.16738,0.08914307692307692
2023-04-26,Utilities,0.3525995238095238,0.16738
2023-04-27,Utilities,0.2306353333333333,0.3525995238095238
2023-04-28,Utilities,0.24074,0.2306353333333333
2023-05-01,Utilities,0.07408000000000001,0.24074
2023-05-02,Utilities,0.17978666666666668,0.07408000000000001
2023-05-03,Utilities,0.33065666666666665,0.17978666666666668
2023-05-04,Utilities,0.13638333333333336,0.33065666666666665
2023-05-05,Utilities,0.25325,0.13638333333333336
2023-05-08,Utilities,0.36578999999999995,0.25325
2023-05-09,Utilities,0.13674714285714287,0.36578999999999995
2023-05-10,Utilities,0.25397333333333333,0.13674714285714287
2023-05-11,Utilities,0.28106000000000003,0.25397333333333333
2023-05-12,Utilities,0.175555,0.28106000000000003
2023-05-15,Utilities,0.18368666666666664,0.175555
2023-05-16,Utilities,0.21292,0.18368666666666664
2023-05-17,Utilities,0.049895,0.21292
2023-05-18,Utilities,0.08808,0.049895
2023-05-19,Utilities,0.14532,0.08808
2023-05-22,Utilities,0.211592,0.14532
2023-05-23,Utilities,0.07224,0.211592
2023-05-24,Utilities,0.13824,0.07224
2023-05-25,Utilities,0.07656,0.13824
2023-05-26,Utilities,0.1376,0.07656
2023-05-30,Utilities,0.12451333333333334,0.1376
2023-05-31,Utilities,0.0845,0.12451333333333334
2023-06-01,Utilities,0.20193000000000003,0.0845
2023-06-02,Utilities,0.18417999999999998,0.20193000000000003
2023-06-05,Utilities,0.14101999999999998,0.18417999999999998
2023-06-06,Utilities,0.0,0.14101999999999998
2023-06-07,Utilities,0.26004,0.0
2023-06-08,Utilities,0.27125200000000005,0.26004
2023-06-09,Utilities,0.31867666666666666,0.27125200000000005
2023-06-12,Utilities,0.10581666666666667,0.31867666666666666
2023-06-13,Utilities,0.062261333333333335,0.10581666666666667
2023-06-14,Utilities,0.17165333333333332,0.062261333333333335
2023-06-15,Utilities,-0.025,0.17165333333333332
2023-06-16,Utilities,0.25682,-0.025
2023-06-20,Utilities,-0.044704999999999995,0.25682
2023-06-21,Utilities,0.17075500000000002,-0.044704999999999995
2023-06-22,Utilities,0.23977333333333334,0.17075500000000002
2023-06-23,Utilities,0.10273666666666666,0.23977333333333334
2023-06-26,Utilities,0.24714399999999997,0.10273666666666666
2023-06-27,Utilities,0.24491000000000002,0.24714399999999997
2023-06-28,Utilities,0.04366666666666667,0.24491000000000002
2023-06-29,Utilities,0.19465,0.04366666666666667
2023-06-30,Utilities,0.28413,0.19465
2023-07-03,Utilities,0.15685,0.28413
2023-07-05,Utilities,0.12647999999999998,0.15685
2023-07-06,Utilities,0.33399066666666666,0.12647999999999998
2023-07-07,Utilities,0.22535999999999995,0.33399066666666666
2023-07-10,Utilities,0.23466399999999998,0.22535999999999995
2023-07-11,Utilities,0.22635333333333332,0.23466399999999998
2023-07-12,Utilities,0.05464,0.22635333333333332
2023-07-13,Utilities,0.08742000000000001,0.05464
2023-07-14,Utilities,0.11593,0.08742000000000001
2023-07-17,Utilities,0.05243,0.11593
2023-07-18,Utilities,0.231408,0.05243
2023-07-19,Utilities,0.12134,0.231408
2023-07-20,Utilities,0.2388066666666667,0.12134
2023-07-21,Utilities,0.061030000000000015,0.2388066666666667
2023-07-24,Utilities,0.32171000000000005,0.061030000000000015
2023-07-25,Utilities,0.22320266666666666,0.32171000000000005
2023-07-26,Utilities,0.36276,0.22320266666666666
2023-07-27,Utilities,0.057792857142857146,0.36276
2023-07-28,Utilities,0.20668000000000003,0.057792857142857146
2023-07-31,Utilities,0.37756,0.20668000000000003
2023-08-01,Utilities,0.10043200000000001,0.37756
2023-08-02,Utilities,0.11242,0.10043200000000001
2023-08-03,Utilities,0.230355,0.11242
2023-08-04,Utilities,-0.03685033333333333,0.230355
2023-08-07,Utilities,0.36700999999999995,-0.03685033333333333
2023-08-08,Utilities,-0.02793111111111111,0.36700999999999995
2023-08-09,Utilities,0.17228,-0.02793111111111111
2023-08-10,Utilities,0.04880500000000001,0.17228
2023-08-11,Utilities,0.12215000000000001,0.04880500000000001
2023-08-14,Utilities,0.23506,0.12215000000000001
2023-08-15,Utilities,0.04620666666666666,0.23506
2023-08-16,Utilities,0.11617999999999999,0.04620666666666666
2023-08-17,Utilities,0.2660133333333333,0.11617999999999999
2023-08-18,Utilities,0.1574866666666667,0.2660133333333333
2023-08-21,Utilities,-0.05106666666666666,0.1574866666666667
2023-08-22,Utilities,0.12248,-0.05106666666666666
2023-08-23,Utilities,0.24274,0.12248
2023-08-24,Utilities,0.12611500000000003,0.24274
2023-08-25,Utilities,0.2649,0.12611500000000003
2023-08-28,Utilities,0.11103666666666667,0.2649
2023-08-29,Utilities,0.248805,0.11103666666666667
2023-08-30,Utilities,0.17346,0.248805
2023-08-31,Utilities,0.15858,0.17346
2023-09-01,Utilities,0.32011,0.15858
2023-09-05,Utilities,0.305025,0.32011
2023-09-06,Utilities,0.36061818181818184,0.305025
2023-09-07,Utilities,0.39768499999999996,0.36061818181818184
2023-09-08,Utilities,0.29322666666666664,0.39768499999999996
2023-09-11,Utilities,0.01857333333333335,0.29322666666666664
2023-09-12,Utilities,-0.022530000000000005,0.01857333333333335
2023-09-13,Utilities,0.15723333333333334,-0.022530000000000005
2023-09-14,Utilities,0.36948,0.15723333333333334
2023-09-15,Utilities,0.27832999999999997,0.36948
2023-09-18,Utilities,0.25383333333333336,0.27832999999999997
2023-09-19,Utilities,0.22108,0.25383333333333336
2023-09-20,Utilities,0.06931666666666667,0.22108
2023-09-21,Utilities,0.14989333333333332,0.06931666666666667
2023-09-22,Utilities,0.08718000000000001,0.14989333333333332
2023-09-25,Utilities,0.18456,0.08718000000000001
2023-09-26,Utilities,0.2015133333333333,0.18456
2023-09-27,Utilities,0.192054,0.2015133333333333
2023-09-28,Utilities,0.005702222222222203,0.192054
2023-09-29,Utilities,0.491678,0.005702222222222203
2023-10-02,Utilities,0.32426666666666665,0.491678
2023-10-03,Utilities,0.34856499999999996,0.32426666666666665
2023-10-04,Utilities,0.22582,0.34856499999999996
2023-10-05,Utilities,0.24038666666666667,0.22582
2023-10-06,Utilities,0.150696,0.24038666666666667
2023-10-09,Utilities,-0.005739999999999995,0.150696
2023-10-10,Utilities,0.19678,-0.005739999999999995
2023-10-11,Utilities,0.043239999999999994,0.19678
2023-10-12,Utilities,0.20041000000000003,0.043239999999999994
2023-10-13,Utilities,0.56484,0.20041000000000003
2023-10-16,Utilities,0.11752833333333332,0.56484
2023-10-17,Utilities,0.16703333333333334,0.11752833333333332
2023-10-18,Utilities,0.089105,0.16703333333333334
2023-10-19,Utilities,0.15286,0.089105
2023-10-20,Utilities,0.07499,0.15286
2023-10-23,Utilities,-0.084475,0.07499
2023-10-24,Utilities,0.172315,-0.084475
2023-10-25,Utilities,0.10165333333333333,0.172315
2023-10-26,Utilities,0.3280857142857143,0.10165333333333333
2023-10-27,Utilities,0.19336380952380952,0.3280857142857143
2023-10-30,Utilities,0.051815,0.19336380952380952
2023-10-31,Utilities,0.12896800000000003,0.051815
2023-11-01,Utilities,0.23313333333333333,0.12896800000000003
2023-11-02,Utilities,0.27400755555555556,0.23313333333333333
2023-11-03,Utilities,0.053928571428571416,0.27400755555555556
2023-11-06,Utilities,0.20955,0.053928571428571416
2023-11-07,Utilities,0.2565,0.20955
2023-11-08,Utilities,0.11055999999999999,0.2565
2023-11-09,Utilities,0.224275,0.11055999999999999
2023-11-10,Utilities,0.171795,0.224275
2023-11-13,Utilities,0.13510000000000003,0.171795
2023-11-14,Utilities,0.16435,0.13510000000000003
2023-11-15,Utilities,0.07224,0.16435
2023-11-16,Utilities,0.36009,0.07224
2023-11-17,Utilities,0.26415333333333335,0.36009
2023-11-20,Utilities,0.02732,0.26415333333333335
2023-11-21,Utilities,0.12933,0.02732
2023-11-22,Utilities,0.271644,0.12933
2023-11-24,Utilities,0.14116666666666666,0.271644
2023-11-27,Utilities,0.10906500000000001,0.14116666666666666
2023-11-28,Utilities,0.05464,0.10906500000000001
2023-11-29,Utilities,0.125035,0.05464
2023-11-30,Utilities,0.20907333333333336,0.125035
2023-12-01,Utilities,0.32059,0.20907333333333336
2023-12-04,Utilities,0.32372999999999996,0.32059
2023-12-05,Utilities,0.153,0.32372999999999996
2023-12-06,Utilities,0.23048000000000002,0.153
2023-12-07,Utilities,0.197915,0.23048000000000002
2023-12-08,Utilities,0.13355,0.197915
2023-12-11,Utilities,0.23134933333333332,0.13355
2023-12-12,Utilities,0.25232333333333334,0.23134933333333332
2023-12-13,Utilities,0.210955,0.25232333333333334
2023-12-14,Utilities,0.173932,0.210955
2023-12-15,Utilities,0.14004,0.173932
2023-12-18,Utilities,0.30854,0.14004
2023-12-19,Utilities,0.0,0.30854
2023-12-20,Utilities,0.0,0.0
2023-12-21,Utilities,0.0,0.0
2023-12-22,Utilities,0.0,0.0
2023-12-26,Utilities,0.0,0.0
2023-12-27,Utilities,0.0,0.0
2023-12-28,Utilities,0.0,0.0
2023-12-29,Utilities,0.0,0.0
